2026-05-27 10:43:42.960 +07:00 [INF] Executed DbCommand (44ms) [Parameters=[], CommandType='"Text"', CommandTimeout='30']
SELECT 1
2026-05-27 10:43:43.087 +07:00 [INF] Executed DbCommand (33ms) [Parameters=[], CommandType='"Text"', CommandTimeout='30']
SELECT OBJECT_ID(N'[__EFMigrationsHistory]');
2026-05-27 10:43:43.092 +07:00 [INF] Executed DbCommand (1ms) [Parameters=[], CommandType='"Text"', CommandTimeout='30']
SELECT 1
2026-05-27 10:43:43.095 +07:00 [INF] Executed DbCommand (1ms) [Parameters=[], CommandType='"Text"', CommandTimeout='30']
SELECT OBJECT_ID(N'[__EFMigrationsHistory]');
2026-05-27 10:43:43.125 +07:00 [INF] Executed DbCommand (7ms) [Parameters=[], CommandType='"Text"', CommandTimeout='30']
SELECT [MigrationId], [ProductVersion]
FROM [__EFMigrationsHistory]
ORDER BY [MigrationId];
2026-05-27 10:43:43.152 +07:00 [INF] No migrations were applied. The database is already up to date.
2026-05-27 10:43:43.468 +07:00 [INF] Executed DbCommand (5ms) [Parameters=[], CommandType='"Text"', CommandTimeout='30']
SELECT CASE
    WHEN EXISTS (
        SELECT 1
        FROM [Users] AS [u]
        WHERE [u].[Email] = N'admin@auracinema.vn') THEN CAST(1 AS bit)
    ELSE CAST(0 AS bit)
END
2026-05-27 10:43:43.476 +07:00 [INF] Executed DbCommand (2ms) [Parameters=[], CommandType='"Text"', CommandTimeout='30']
SELECT CASE
    WHEN EXISTS (
        SELECT 1
        FROM [Users] AS [u]
        WHERE [u].[Email] = N'staff@auracinema.vn') THEN CAST(1 AS bit)
    ELSE CAST(0 AS bit)
END
2026-05-27 10:43:43.481 +07:00 [INF] Executed DbCommand (2ms) [Parameters=[], CommandType='"Text"', CommandTimeout='30']
SELECT CASE
    WHEN EXISTS (
        SELECT 1
        FROM [Users] AS [u]
        WHERE [u].[Email] = N'customer@gmail.com') THEN CAST(1 AS bit)
    ELSE CAST(0 AS bit)
END
2026-05-27 10:43:43.580 +07:00 [INF] Executed DbCommand (3ms) [Parameters=[], CommandType='"Text"', CommandTimeout='30']
SELECT [u].[UserID], [u].[Email], [u].[FullName], [u].[OtpCode], [u].[OtpExpiry], [u].[Password], [u].[Phone], [u].[Role], [u].[Status], [u].[UserCode]
FROM [Users] AS [u]
WHERE [u].[UserCode] LIKE N''
2026-05-27 10:43:43.589 +07:00 [INF] Executed DbCommand (2ms) [Parameters=[], CommandType='"Text"', CommandTimeout='30']
SELECT CASE
    WHEN EXISTS (
        SELECT 1
        FROM [Rooms] AS [r]) THEN CAST(1 AS bit)
    ELSE CAST(0 AS bit)
END
2026-05-27 10:43:43.595 +07:00 [INF] Executed DbCommand (3ms) [Parameters=[], CommandType='"Text"', CommandTimeout='30']
SELECT CASE
    WHEN EXISTS (
        SELECT 1
        FROM [PriceConfigs] AS [p]) THEN CAST(1 AS bit)
    ELSE CAST(0 AS bit)
END
2026-05-27 10:43:43.602 +07:00 [INF] Executed DbCommand (3ms) [Parameters=[], CommandType='"Text"', CommandTimeout='30']
SELECT CASE
    WHEN EXISTS (
        SELECT 1
        FROM [Movies] AS [m]) THEN CAST(1 AS bit)
    ELSE CAST(0 AS bit)
END
2026-05-27 10:43:43.607 +07:00 [INF] Executed DbCommand (2ms) [Parameters=[], CommandType='"Text"', CommandTimeout='30']
SELECT CASE
    WHEN EXISTS (
        SELECT 1
        FROM [Services] AS [s]) THEN CAST(1 AS bit)
    ELSE CAST(0 AS bit)
END
2026-05-27 10:43:43.611 +07:00 [INF] Executed DbCommand (1ms) [Parameters=[], CommandType='"Text"', CommandTimeout='30']
SELECT CASE
    WHEN EXISTS (
        SELECT 1
        FROM [Promotions] AS [p]) THEN CAST(1 AS bit)
    ELSE CAST(0 AS bit)
END
2026-05-27 10:43:43.617 +07:00 [INF] Executed DbCommand (2ms) [Parameters=[], CommandType='"Text"', CommandTimeout='30']
SELECT CASE
    WHEN EXISTS (
        SELECT 1
        FROM [Showtimes] AS [s]) THEN CAST(1 AS bit)
    ELSE CAST(0 AS bit)
END
2026-05-27 10:43:43.634 +07:00 [INF] Executed DbCommand (3ms) [Parameters=[], CommandType='"Text"', CommandTimeout='30']
SELECT CASE
    WHEN EXISTS (
        SELECT 1
        FROM [Orders] AS [o]
        WHERE [o].[Status] IN (N'Da thanh toan', N'Đã thanh toán')) THEN CAST(1 AS bit)
    ELSE CAST(0 AS bit)
END
2026-05-27 10:43:43.846 +07:00 [INF] Executed DbCommand (160ms) [Parameters=[@__startDate_0='?' (DbType = DateTime2), @__AddDays_1='?' (DbType = DateTime2)], CommandType='"Text"', CommandTimeout='30']
SELECT COUNT(*)
FROM [Showtimes] AS [s]
WHERE [s].[StartTime] >= @__startDate_0 AND [s].[StartTime] <= @__AddDays_1
2026-05-27 10:43:44.299 +07:00 [INF] User profile is available. Using 'C:\Users\lqhie\AppData\Local\ASP.NET\DataProtection-Keys' as key repository and Windows DPAPI to encrypt keys at rest.
2026-05-27 10:43:44.383 +07:00 [INF] Booking Cleanup Service is starting.
2026-05-27 10:43:44.419 +07:00 [INF] Executed DbCommand (2ms) [Parameters=[], CommandType='"Text"', CommandTimeout='30']
SELECT [o].[OrderID], [o].[CheckInTime], [o].[FinalAmount], [o].[HoldExpiryTime], [o].[OrderCode], [o].[PayOSTransID], [o].[PromoID], [o].[QrCode], [o].[ShowtimeID], [o].[Status], [o].[TotalAmount], [o].[UserID]
FROM [Orders] AS [o]
WHERE [o].[Status] = N'Chờ thanh toán' AND [o].[HoldExpiryTime] <= GETDATE()
2026-05-27 10:43:44.484 +07:00 [INF] Now listening on: http://localhost:5231
2026-05-27 10:43:44.485 +07:00 [INF] Application started. Press Ctrl+C to shut down.
2026-05-27 10:43:44.486 +07:00 [INF] Hosting environment: Development
2026-05-27 10:43:44.486 +07:00 [INF] Content root path: D:\AURACINEMA\AuraCinema.Web
2026-05-27 10:43:44.507 +07:00 [INF] Executed DbCommand (2ms) [Parameters=[@__maxSellingDate_0='?' (DbType = DateTime2), @__now_1='?' (DbType = DateTime2)], CommandType='"Text"', CommandTimeout='30']
SELECT [s].[ShowtimeID], [s].[EndTime], [s].[MovieID], [s].[RoomID], [s].[ShowtimeCode], [s].[StartTime], [s].[Status]
FROM [Showtimes] AS [s]
WHERE [s].[Status] IN (N'Đã lên lịch', N'Sap chieu') AND CONVERT(date, [s].[StartTime]) <= @__maxSellingDate_0 AND [s].[StartTime] > @__now_1
2026-05-27 10:43:44.632 +07:00 [INF] Executed DbCommand (3ms) [Parameters=[@__now_0='?' (DbType = DateTime2)], CommandType='"Text"', CommandTimeout='30']
SELECT [s].[ShowtimeID], [s].[EndTime], [s].[MovieID], [s].[RoomID], [s].[ShowtimeCode], [s].[StartTime], [s].[Status]
FROM [Showtimes] AS [s]
WHERE [s].[Status] IN (N'Đã lên lịch', N'Đang mở bán', N'Sap chieu') AND [s].[StartTime] <= @__now_0 AND [s].[EndTime] > @__now_0
2026-05-27 10:43:44.641 +07:00 [INF] Executed DbCommand (2ms) [Parameters=[@__now_0='?' (DbType = DateTime2)], CommandType='"Text"', CommandTimeout='30']
SELECT [s].[ShowtimeID], [s].[EndTime], [s].[MovieID], [s].[RoomID], [s].[ShowtimeCode], [s].[StartTime], [s].[Status]
FROM [Showtimes] AS [s]
WHERE [s].[Status] IN (N'Đã lên lịch', N'Đang mở bán', N'Đang chiếu', N'Sap chieu', N'Dang dien ra') AND [s].[EndTime] <= @__now_0
2026-05-27 10:43:44.642 +07:00 [INF] Updated showtime status: 4 → Đang mở bán, 0 → Đang chiếu, 0 → Đã kết thúc.
2026-05-27 10:43:44.809 +07:00 [INF] Executed DbCommand (9ms) [Parameters=[@p1='?' (DbType = Int32), @p0='?' (Size = 4000), @p3='?' (DbType = Int32), @p2='?' (Size = 4000), @p5='?' (DbType = Int32), @p4='?' (Size = 4000), @p7='?' (DbType = Int32), @p6='?' (Size = 4000)], CommandType='"Text"', CommandTimeout='30']
SET NOCOUNT ON;
UPDATE [Showtimes] SET [Status] = @p0
OUTPUT 1
WHERE [ShowtimeID] = @p1;
UPDATE [Showtimes] SET [Status] = @p2
OUTPUT 1
WHERE [ShowtimeID] = @p3;
UPDATE [Showtimes] SET [Status] = @p4
OUTPUT 1
WHERE [ShowtimeID] = @p5;
UPDATE [Showtimes] SET [Status] = @p6
OUTPUT 1
WHERE [ShowtimeID] = @p7;
2026-05-27 10:43:44.856 +07:00 [INF] Executed DbCommand (3ms) [Parameters=[@__today_0='?' (DbType = Date)], CommandType='"Text"', CommandTimeout='30']
SELECT [m].[MovieID], [m].[Actors], [m].[Description], [m].[Director], [m].[Duration], [m].[Genre], [m].[MovieCode], [m].[Poster], [m].[ReleaseDate], [m].[Status], [m].[Title], [m].[Trailer]
FROM [Movies] AS [m]
WHERE [m].[Status] = N'Sap chieu' AND [m].[ReleaseDate] <= @__today_0
2026-05-27 10:44:44.865 +07:00 [INF] Executed DbCommand (1ms) [Parameters=[], CommandType='"Text"', CommandTimeout='30']
SELECT [o].[OrderID], [o].[CheckInTime], [o].[FinalAmount], [o].[HoldExpiryTime], [o].[OrderCode], [o].[PayOSTransID], [o].[PromoID], [o].[QrCode], [o].[ShowtimeID], [o].[Status], [o].[TotalAmount], [o].[UserID]
FROM [Orders] AS [o]
WHERE [o].[Status] = N'Chờ thanh toán' AND [o].[HoldExpiryTime] <= GETDATE()
2026-05-27 10:44:44.868 +07:00 [INF] Executed DbCommand (1ms) [Parameters=[@__maxSellingDate_0='?' (DbType = DateTime2), @__now_1='?' (DbType = DateTime2)], CommandType='"Text"', CommandTimeout='30']
SELECT [s].[ShowtimeID], [s].[EndTime], [s].[MovieID], [s].[RoomID], [s].[ShowtimeCode], [s].[StartTime], [s].[Status]
FROM [Showtimes] AS [s]
WHERE [s].[Status] IN (N'Đã lên lịch', N'Sap chieu') AND CONVERT(date, [s].[StartTime]) <= @__maxSellingDate_0 AND [s].[StartTime] > @__now_1
2026-05-27 10:44:44.869 +07:00 [INF] Executed DbCommand (1ms) [Parameters=[@__now_0='?' (DbType = DateTime2)], CommandType='"Text"', CommandTimeout='30']
SELECT [s].[ShowtimeID], [s].[EndTime], [s].[MovieID], [s].[RoomID], [s].[ShowtimeCode], [s].[StartTime], [s].[Status]
FROM [Showtimes] AS [s]
WHERE [s].[Status] IN (N'Đã lên lịch', N'Đang mở bán', N'Sap chieu') AND [s].[StartTime] <= @__now_0 AND [s].[EndTime] > @__now_0
2026-05-27 10:44:44.870 +07:00 [INF] Executed DbCommand (1ms) [Parameters=[@__now_0='?' (DbType = DateTime2)], CommandType='"Text"', CommandTimeout='30']
SELECT [s].[ShowtimeID], [s].[EndTime], [s].[MovieID], [s].[RoomID], [s].[ShowtimeCode], [s].[StartTime], [s].[Status]
FROM [Showtimes] AS [s]
WHERE [s].[Status] IN (N'Đã lên lịch', N'Đang mở bán', N'Đang chiếu', N'Sap chieu', N'Dang dien ra') AND [s].[EndTime] <= @__now_0
2026-05-27 10:44:44.872 +07:00 [INF] Executed DbCommand (1ms) [Parameters=[@__today_0='?' (DbType = Date)], CommandType='"Text"', CommandTimeout='30']
SELECT [m].[MovieID], [m].[Actors], [m].[Description], [m].[Director], [m].[Duration], [m].[Genre], [m].[MovieCode], [m].[Poster], [m].[ReleaseDate], [m].[Status], [m].[Title], [m].[Trailer]
FROM [Movies] AS [m]
WHERE [m].[Status] = N'Sap chieu' AND [m].[ReleaseDate] <= @__today_0
2026-05-27 10:45:27.529 +07:00 [INF] Request starting HTTP/1.1 GET http://localhost:5231/ - null null
2026-05-27 10:45:27.532 +07:00 [WRN] Failed to determine the https port for redirect.
2026-05-27 10:45:27.571 +07:00 [INF] Executing endpoint 'AuraCinema.Web.Controllers.HomeController.Index (AuraCinema.Web)'
2026-05-27 10:45:27.613 +07:00 [INF] Route matched with {action = "Index", controller = "Home", area = ""}. Executing controller action with signature System.Threading.Tasks.Task`1[Microsoft.AspNetCore.Mvc.IActionResult] Index() on controller AuraCinema.Web.Controllers.HomeController (AuraCinema.Web).
2026-05-27 10:45:27.659 +07:00 [INF] Executed DbCommand (3ms) [Parameters=[], CommandType='"Text"', CommandTimeout='30']
SELECT [m].[MovieID], [m].[Title], [m].[Genre], [m].[Poster], [m].[Duration], [m].[Status], [m].[ReleaseDate], [m].[Director]
FROM [Movies] AS [m]
WHERE [m].[Status] IN (N'Dang chieu', N'Sap chieu')
ORDER BY [m].[ReleaseDate] DESC
2026-05-27 10:45:27.690 +07:00 [INF] Executing ViewResult, running view Index.
2026-05-27 10:45:28.009 +07:00 [INF] Executed ViewResult - view Index executed in 319.4014ms.
2026-05-27 10:45:28.015 +07:00 [INF] Executed action AuraCinema.Web.Controllers.HomeController.Index (AuraCinema.Web) in 400.22ms
2026-05-27 10:45:28.015 +07:00 [INF] Executed endpoint 'AuraCinema.Web.Controllers.HomeController.Index (AuraCinema.Web)'
2026-05-27 10:45:28.023 +07:00 [INF] Request finished HTTP/1.1 GET http://localhost:5231/ - 200 null text/html; charset=utf-8 495.9659ms
2026-05-27 10:45:28.026 +07:00 [INF] Request starting HTTP/1.1 GET http://localhost:5231/css/site.css?v=wrQ1MeiVPg32MAFeAWGszcMS6avuWDFaL-8-z0i5gfo - null null
2026-05-27 10:45:28.027 +07:00 [INF] Request starting HTTP/1.1 GET http://localhost:5231/uploads/posters/8b2e5431-0ed9-4d57-ac9c-913323af0cbc_350x495-sheep.jpg - null null
2026-05-27 10:45:28.032 +07:00 [INF] The file /css/site.css was not modified
2026-05-27 10:45:28.032 +07:00 [INF] The file /uploads/posters/8b2e5431-0ed9-4d57-ac9c-913323af0cbc_350x495-sheep.jpg was not modified
2026-05-27 10:45:28.033 +07:00 [INF] Request starting HTTP/1.1 GET http://localhost:5231/js/site.js?v=BT5GhsMUSx2o4e2RIUFHoeFaxCDdCu2dT7NlF8pnyfA - null null
2026-05-27 10:45:28.034 +07:00 [INF] Request finished HTTP/1.1 GET http://localhost:5231/css/site.css?v=wrQ1MeiVPg32MAFeAWGszcMS6avuWDFaL-8-z0i5gfo - 304 null text/css 7.6352ms
2026-05-27 10:45:28.034 +07:00 [INF] The file /js/site.js was not modified
2026-05-27 10:45:28.034 +07:00 [INF] Request finished HTTP/1.1 GET http://localhost:5231/uploads/posters/8b2e5431-0ed9-4d57-ac9c-913323af0cbc_350x495-sheep.jpg - 304 null image/jpeg 6.2156ms
2026-05-27 10:45:28.034 +07:00 [INF] Request finished HTTP/1.1 GET http://localhost:5231/js/site.js?v=BT5GhsMUSx2o4e2RIUFHoeFaxCDdCu2dT7NlF8pnyfA - 304 null text/javascript 0.5587ms
2026-05-27 10:45:28.039 +07:00 [INF] Request starting HTTP/1.1 GET http://localhost:5231/css/chat-widget.css - null null
2026-05-27 10:45:28.040 +07:00 [INF] The file /css/chat-widget.css was not modified
2026-05-27 10:45:28.040 +07:00 [INF] Request finished HTTP/1.1 GET http://localhost:5231/css/chat-widget.css - 304 null text/css 0.7775ms
2026-05-27 10:45:28.042 +07:00 [INF] Request starting HTTP/1.1 GET http://localhost:5231/js/chat-widget.js - null null
2026-05-27 10:45:28.042 +07:00 [INF] The file /js/chat-widget.js was not modified
2026-05-27 10:45:28.042 +07:00 [INF] Request finished HTTP/1.1 GET http://localhost:5231/js/chat-widget.js - 304 null text/javascript 0.6262ms
2026-05-27 10:45:37.723 +07:00 [INF] Request starting HTTP/1.1 GET http://localhost:5231/Movies/Details/7 - null null
2026-05-27 10:45:37.727 +07:00 [INF] Executing endpoint 'AuraCinema.Web.Controllers.MoviesController.Details (AuraCinema.Web)'
2026-05-27 10:45:37.737 +07:00 [INF] Route matched with {action = "Details", controller = "Movies", area = ""}. Executing controller action with signature System.Threading.Tasks.Task`1[Microsoft.AspNetCore.Mvc.IActionResult] Details(Int32) on controller AuraCinema.Web.Controllers.MoviesController (AuraCinema.Web).
2026-05-27 10:45:37.775 +07:00 [INF] Executed DbCommand (4ms) [Parameters=[@__p_0='?' (DbType = Int32)], CommandType='"Text"', CommandTimeout='30']
SELECT TOP(1) [m].[MovieID], [m].[Actors], [m].[Description], [m].[Director], [m].[Duration], [m].[Genre], [m].[MovieCode], [m].[Poster], [m].[ReleaseDate], [m].[Status], [m].[Title], [m].[Trailer]
FROM [Movies] AS [m]
WHERE [m].[MovieID] = @__p_0
2026-05-27 10:45:37.851 +07:00 [INF] Executed DbCommand (7ms) [Parameters=[@__id_0='?' (DbType = Int32), @__now_1='?' (DbType = DateTime2), @__maxDate_2='?' (DbType = DateTime2)], CommandType='"Text"', CommandTimeout='30']
SELECT [s].[ShowtimeID], [s].[EndTime], [s].[MovieID], [s].[RoomID], [s].[ShowtimeCode], [s].[StartTime], [s].[Status], [r].[RoomID], [r].[Capacity], [r].[RoomCode], [r].[RoomName], [r].[Status]
FROM [Showtimes] AS [s]
INNER JOIN [Rooms] AS [r] ON [s].[RoomID] = [r].[RoomID]
WHERE [s].[MovieID] = @__id_0 AND [s].[Status] = N'Đang mở bán' AND [s].[StartTime] >= @__now_1 AND [s].[StartTime] < @__maxDate_2
ORDER BY [s].[StartTime]
2026-05-27 10:45:38.041 +07:00 [INF] Executed DbCommand (40ms) [Parameters=[@__showtimeIds_0='?' (Size = 4000)], CommandType='"Text"', CommandTimeout='30']
SELECT [o1].[ShowtimeID], COUNT(*) AS [Sold]
FROM [Orders] AS [o]
INNER JOIN [OrderSeats] AS [o0] ON [o].[OrderID] = [o0].[OrderID]
INNER JOIN [Orders] AS [o1] ON [o0].[OrderID] = [o1].[OrderID]
WHERE [o].[ShowtimeID] IN (
    SELECT [s].[value]
    FROM OPENJSON(@__showtimeIds_0) WITH ([value] int '$') AS [s]
) AND ([o].[Status] = N'Đã thanh toán' OR ([o].[Status] = N'Chờ thanh toán' AND [o].[HoldExpiryTime] > GETDATE()))
GROUP BY [o1].[ShowtimeID]
2026-05-27 10:45:38.058 +07:00 [INF] Executing ViewResult, running view Details.
2026-05-27 10:45:38.084 +07:00 [INF] Executed ViewResult - view Details executed in 26.2532ms.
2026-05-27 10:45:38.084 +07:00 [INF] Executed action AuraCinema.Web.Controllers.MoviesController.Details (AuraCinema.Web) in 346.61ms
2026-05-27 10:45:38.084 +07:00 [INF] Executed endpoint 'AuraCinema.Web.Controllers.MoviesController.Details (AuraCinema.Web)'
2026-05-27 10:45:38.085 +07:00 [INF] Request finished HTTP/1.1 GET http://localhost:5231/Movies/Details/7 - 200 null text/html; charset=utf-8 362.2959ms
2026-05-27 10:45:44.882 +07:00 [INF] Executed DbCommand (1ms) [Parameters=[], CommandType='"Text"', CommandTimeout='30']
SELECT [o].[OrderID], [o].[CheckInTime], [o].[FinalAmount], [o].[HoldExpiryTime], [o].[OrderCode], [o].[PayOSTransID], [o].[PromoID], [o].[QrCode], [o].[ShowtimeID], [o].[Status], [o].[TotalAmount], [o].[UserID]
FROM [Orders] AS [o]
WHERE [o].[Status] = N'Chờ thanh toán' AND [o].[HoldExpiryTime] <= GETDATE()
2026-05-27 10:45:44.884 +07:00 [INF] Executed DbCommand (1ms) [Parameters=[@__maxSellingDate_0='?' (DbType = DateTime2), @__now_1='?' (DbType = DateTime2)], CommandType='"Text"', CommandTimeout='30']
SELECT [s].[ShowtimeID], [s].[EndTime], [s].[MovieID], [s].[RoomID], [s].[ShowtimeCode], [s].[StartTime], [s].[Status]
FROM [Showtimes] AS [s]
WHERE [s].[Status] IN (N'Đã lên lịch', N'Sap chieu') AND CONVERT(date, [s].[StartTime]) <= @__maxSellingDate_0 AND [s].[StartTime] > @__now_1
2026-05-27 10:45:44.886 +07:00 [INF] Executed DbCommand (1ms) [Parameters=[@__now_0='?' (DbType = DateTime2)], CommandType='"Text"', CommandTimeout='30']
SELECT [s].[ShowtimeID], [s].[EndTime], [s].[MovieID], [s].[RoomID], [s].[ShowtimeCode], [s].[StartTime], [s].[Status]
FROM [Showtimes] AS [s]
WHERE [s].[Status] IN (N'Đã lên lịch', N'Đang mở bán', N'Sap chieu') AND [s].[StartTime] <= @__now_0 AND [s].[EndTime] > @__now_0
2026-05-27 10:45:44.888 +07:00 [INF] Executed DbCommand (1ms) [Parameters=[@__now_0='?' (DbType = DateTime2)], CommandType='"Text"', CommandTimeout='30']
SELECT [s].[ShowtimeID], [s].[EndTime], [s].[MovieID], [s].[RoomID], [s].[ShowtimeCode], [s].[StartTime], [s].[Status]
FROM [Showtimes] AS [s]
WHERE [s].[Status] IN (N'Đã lên lịch', N'Đang mở bán', N'Đang chiếu', N'Sap chieu', N'Dang dien ra') AND [s].[EndTime] <= @__now_0
2026-05-27 10:45:44.890 +07:00 [INF] Executed DbCommand (1ms) [Parameters=[@__today_0='?' (DbType = Date)], CommandType='"Text"', CommandTimeout='30']
SELECT [m].[MovieID], [m].[Actors], [m].[Description], [m].[Director], [m].[Duration], [m].[Genre], [m].[MovieCode], [m].[Poster], [m].[ReleaseDate], [m].[Status], [m].[Title], [m].[Trailer]
FROM [Movies] AS [m]
WHERE [m].[Status] = N'Sap chieu' AND [m].[ReleaseDate] <= @__today_0
2026-05-27 10:45:47.858 +07:00 [INF] Request starting HTTP/1.1 GET http://localhost:5231/Movies/Details/7 - null null
2026-05-27 10:45:47.863 +07:00 [INF] Executing endpoint 'AuraCinema.Web.Controllers.MoviesController.Details (AuraCinema.Web)'
2026-05-27 10:45:47.864 +07:00 [INF] Route matched with {action = "Details", controller = "Movies", area = ""}. Executing controller action with signature System.Threading.Tasks.Task`1[Microsoft.AspNetCore.Mvc.IActionResult] Details(Int32) on controller AuraCinema.Web.Controllers.MoviesController (AuraCinema.Web).
2026-05-27 10:45:47.870 +07:00 [INF] Executed DbCommand (1ms) [Parameters=[@__p_0='?' (DbType = Int32)], CommandType='"Text"', CommandTimeout='30']
SELECT TOP(1) [m].[MovieID], [m].[Actors], [m].[Description], [m].[Director], [m].[Duration], [m].[Genre], [m].[MovieCode], [m].[Poster], [m].[ReleaseDate], [m].[Status], [m].[Title], [m].[Trailer]
FROM [Movies] AS [m]
WHERE [m].[MovieID] = @__p_0
2026-05-27 10:45:47.872 +07:00 [INF] Executed DbCommand (1ms) [Parameters=[@__id_0='?' (DbType = Int32), @__now_1='?' (DbType = DateTime2), @__maxDate_2='?' (DbType = DateTime2)], CommandType='"Text"', CommandTimeout='30']
SELECT [s].[ShowtimeID], [s].[EndTime], [s].[MovieID], [s].[RoomID], [s].[ShowtimeCode], [s].[StartTime], [s].[Status], [r].[RoomID], [r].[Capacity], [r].[RoomCode], [r].[RoomName], [r].[Status]
FROM [Showtimes] AS [s]
INNER JOIN [Rooms] AS [r] ON [s].[RoomID] = [r].[RoomID]
WHERE [s].[MovieID] = @__id_0 AND [s].[Status] = N'Đang mở bán' AND [s].[StartTime] >= @__now_1 AND [s].[StartTime] < @__maxDate_2
ORDER BY [s].[StartTime]
2026-05-27 10:45:47.875 +07:00 [INF] Executed DbCommand (1ms) [Parameters=[@__showtimeIds_0='?' (Size = 4000)], CommandType='"Text"', CommandTimeout='30']
SELECT [o1].[ShowtimeID], COUNT(*) AS [Sold]
FROM [Orders] AS [o]
INNER JOIN [OrderSeats] AS [o0] ON [o].[OrderID] = [o0].[OrderID]
INNER JOIN [Orders] AS [o1] ON [o0].[OrderID] = [o1].[OrderID]
WHERE [o].[ShowtimeID] IN (
    SELECT [s].[value]
    FROM OPENJSON(@__showtimeIds_0) WITH ([value] int '$') AS [s]
) AND ([o].[Status] = N'Đã thanh toán' OR ([o].[Status] = N'Chờ thanh toán' AND [o].[HoldExpiryTime] > GETDATE()))
GROUP BY [o1].[ShowtimeID]
2026-05-27 10:45:47.876 +07:00 [INF] Executing ViewResult, running view Details.
2026-05-27 10:45:47.879 +07:00 [INF] Executed ViewResult - view Details executed in 3.1893ms.
2026-05-27 10:45:47.879 +07:00 [INF] Executed action AuraCinema.Web.Controllers.MoviesController.Details (AuraCinema.Web) in 15.2789ms
2026-05-27 10:45:47.879 +07:00 [INF] Executed endpoint 'AuraCinema.Web.Controllers.MoviesController.Details (AuraCinema.Web)'
2026-05-27 10:45:47.880 +07:00 [INF] Request finished HTTP/1.1 GET http://localhost:5231/Movies/Details/7 - 200 null text/html; charset=utf-8 22.0035ms
2026-05-27 10:46:08.126 +07:00 [INF] Request starting HTTP/1.1 GET http://localhost:5231/Account/Login - null null
2026-05-27 10:46:08.126 +07:00 [INF] Executing endpoint 'AuraCinema.Web.Controllers.AccountController.Login (AuraCinema.Web)'
2026-05-27 10:46:08.128 +07:00 [INF] Route matched with {action = "Login", controller = "Account", area = ""}. Executing controller action with signature Microsoft.AspNetCore.Mvc.IActionResult Login(System.String) on controller AuraCinema.Web.Controllers.AccountController (AuraCinema.Web).
2026-05-27 10:46:08.137 +07:00 [INF] Executing ViewResult, running view Login.
2026-05-27 10:46:08.191 +07:00 [INF] Executed ViewResult - view Login executed in 55.5805ms.
2026-05-27 10:46:08.192 +07:00 [INF] Executed action AuraCinema.Web.Controllers.AccountController.Login (AuraCinema.Web) in 63.231ms
2026-05-27 10:46:08.192 +07:00 [INF] Executed endpoint 'AuraCinema.Web.Controllers.AccountController.Login (AuraCinema.Web)'
2026-05-27 10:46:08.192 +07:00 [INF] Request finished HTTP/1.1 GET http://localhost:5231/Account/Login - 200 null text/html; charset=utf-8 66.2887ms
2026-05-27 10:46:13.511 +07:00 [INF] Request starting HTTP/1.1 POST http://localhost:5231/Account/Login - application/x-www-form-urlencoded 237
2026-05-27 10:46:13.514 +07:00 [INF] Executing endpoint 'AuraCinema.Web.Controllers.AccountController.Login (AuraCinema.Web)'
2026-05-27 10:46:13.521 +07:00 [INF] Route matched with {action = "Login", controller = "Account", area = ""}. Executing controller action with signature System.Threading.Tasks.Task`1[Microsoft.AspNetCore.Mvc.IActionResult] Login(AuraCinema.Web.ViewModels.Account.LoginViewModel) on controller AuraCinema.Web.Controllers.AccountController (AuraCinema.Web).
2026-05-27 10:46:13.566 +07:00 [INF] Executed DbCommand (2ms) [Parameters=[@__Trim_0='?' (Size = 100)], CommandType='"Text"', CommandTimeout='30']
SELECT TOP(1) [u].[UserID], [u].[Email], [u].[FullName], [u].[OtpCode], [u].[OtpExpiry], [u].[Password], [u].[Phone], [u].[Role], [u].[Status], [u].[UserCode]
FROM [Users] AS [u]
WHERE [u].[Email] = @__Trim_0
2026-05-27 10:46:14.131 +07:00 [INF] AuthenticationScheme: Cookies signed in.
2026-05-27 10:46:14.134 +07:00 [INF] Executing RedirectResult, redirecting to /Admin.
2026-05-27 10:46:14.136 +07:00 [INF] Executed action AuraCinema.Web.Controllers.AccountController.Login (AuraCinema.Web) in 614.8057ms
2026-05-27 10:46:14.136 +07:00 [INF] Executed endpoint 'AuraCinema.Web.Controllers.AccountController.Login (AuraCinema.Web)'
2026-05-27 10:46:14.136 +07:00 [INF] Request finished HTTP/1.1 POST http://localhost:5231/Account/Login - 302 0 null 625.2171ms
2026-05-27 10:46:14.140 +07:00 [INF] Request starting HTTP/1.1 GET http://localhost:5231/Admin - null null
2026-05-27 10:46:14.149 +07:00 [INF] Executing endpoint 'AuraCinema.Web.Areas.Admin.Controllers.DashboardController.Index (AuraCinema.Web)'
2026-05-27 10:46:14.151 +07:00 [INF] Route matched with {area = "Admin", action = "Index", controller = "Dashboard"}. Executing controller action with signature System.Threading.Tasks.Task`1[Microsoft.AspNetCore.Mvc.IActionResult] Index() on controller AuraCinema.Web.Areas.Admin.Controllers.DashboardController (AuraCinema.Web).
2026-05-27 10:46:14.206 +07:00 [INF] Executed DbCommand (9ms) [Parameters=[], CommandType='"Text"', CommandTimeout='30']
SELECT [o].[OrderID], [o].[CheckInTime], [o].[FinalAmount], [o].[HoldExpiryTime], [o].[OrderCode], [o].[PayOSTransID], [o].[PromoID], [o].[QrCode], [o].[ShowtimeID], [o].[Status], [o].[TotalAmount], [o].[UserID], [s].[ShowtimeID], [m].[MovieID], [o0].[OrderID], [o0].[SeatID], [o0].[Price], [o0].[Status], [s].[EndTime], [s].[MovieID], [s].[RoomID], [s].[ShowtimeCode], [s].[StartTime], [s].[Status], [m].[Actors], [m].[Description], [m].[Director], [m].[Duration], [m].[Genre], [m].[MovieCode], [m].[Poster], [m].[ReleaseDate], [m].[Status], [m].[Title], [m].[Trailer]
FROM [Orders] AS [o]
INNER JOIN [Showtimes] AS [s] ON [o].[ShowtimeID] = [s].[ShowtimeID]
INNER JOIN [Movies] AS [m] ON [s].[MovieID] = [m].[MovieID]
LEFT JOIN [OrderSeats] AS [o0] ON [o].[OrderID] = [o0].[OrderID]
WHERE [o].[Status] IN (N'Da thanh toan', N'Da su dung', N'Đã thanh toán', N'Đã sử dụng')
ORDER BY [o].[OrderID], [s].[ShowtimeID], [m].[MovieID], [o0].[OrderID]
2026-05-27 10:46:14.273 +07:00 [INF] Executed DbCommand (3ms) [Parameters=[], CommandType='"Text"', CommandTimeout='30']
SELECT COUNT(*)
FROM [Seats] AS [s]
2026-05-27 10:46:14.279 +07:00 [INF] Executed DbCommand (2ms) [Parameters=[@__AddDays_0='?' (DbType = DateTime2), @__AddDays_1='?' (DbType = DateTime2)], CommandType='"Text"', CommandTimeout='30']
SELECT COUNT(*)
FROM [Showtimes] AS [s]
WHERE [s].[StartTime] > @__AddDays_0 AND [s].[StartTime] < @__AddDays_1
2026-05-27 10:46:14.297 +07:00 [INF] Executing ViewResult, running view Index.
2026-05-27 10:46:14.368 +07:00 [INF] Executed ViewResult - view Index executed in 73.6166ms.
2026-05-27 10:46:14.369 +07:00 [INF] Executed action AuraCinema.Web.Areas.Admin.Controllers.DashboardController.Index (AuraCinema.Web) in 217.1617ms
2026-05-27 10:46:14.369 +07:00 [INF] Executed endpoint 'AuraCinema.Web.Areas.Admin.Controllers.DashboardController.Index (AuraCinema.Web)'
2026-05-27 10:46:14.369 +07:00 [INF] Request finished HTTP/1.1 GET http://localhost:5231/Admin - 200 null text/html; charset=utf-8 228.6273ms
2026-05-27 10:46:17.272 +07:00 [INF] Request starting HTTP/1.1 GET http://localhost:5231/Admin/Movies - null null
2026-05-27 10:46:17.276 +07:00 [INF] Executing endpoint 'AuraCinema.Web.Areas.Admin.Controllers.MoviesController.Index (AuraCinema.Web)'
2026-05-27 10:46:17.280 +07:00 [INF] Route matched with {area = "Admin", action = "Index", controller = "Movies"}. Executing controller action with signature System.Threading.Tasks.Task`1[Microsoft.AspNetCore.Mvc.IActionResult] Index(System.String, Int32) on controller AuraCinema.Web.Areas.Admin.Controllers.MoviesController (AuraCinema.Web).
2026-05-27 10:46:17.384 +07:00 [INF] Executed DbCommand (3ms) [Parameters=[], CommandType='"Text"', CommandTimeout='30']
SELECT COUNT(*)
FROM [Movies] AS [m]
WHERE [m].[Status] <> N'Ngung chieu'
2026-05-27 10:46:17.405 +07:00 [INF] Executed DbCommand (3ms) [Parameters=[@__p_0='?' (DbType = Int32), @__p_1='?' (DbType = Int32)], CommandType='"Text"', CommandTimeout='30']
SELECT [m].[MovieID], [m].[Actors], [m].[Description], [m].[Director], [m].[Duration], [m].[Genre], [m].[MovieCode], [m].[Poster], [m].[ReleaseDate], [m].[Status], [m].[Title], [m].[Trailer]
FROM [Movies] AS [m]
WHERE [m].[Status] <> N'Ngung chieu'
ORDER BY [m].[MovieID] DESC
OFFSET @__p_0 ROWS FETCH NEXT @__p_1 ROWS ONLY
2026-05-27 10:46:17.408 +07:00 [INF] Executing ViewResult, running view Index.
2026-05-27 10:46:17.464 +07:00 [INF] Executed ViewResult - view Index executed in 57.1837ms.
2026-05-27 10:46:17.464 +07:00 [INF] Executed action AuraCinema.Web.Areas.Admin.Controllers.MoviesController.Index (AuraCinema.Web) in 184.6081ms
2026-05-27 10:46:17.465 +07:00 [INF] Executed endpoint 'AuraCinema.Web.Areas.Admin.Controllers.MoviesController.Index (AuraCinema.Web)'
2026-05-27 10:46:17.465 +07:00 [INF] Request finished HTTP/1.1 GET http://localhost:5231/Admin/Movies - 200 null text/html; charset=utf-8 192.4097ms
2026-05-27 10:46:19.919 +07:00 [INF] Request starting HTTP/1.1 GET http://localhost:5231/Admin/Movies/Edit/7 - null null
2026-05-27 10:46:19.923 +07:00 [INF] Executing endpoint 'AuraCinema.Web.Areas.Admin.Controllers.MoviesController.Edit (AuraCinema.Web)'
2026-05-27 10:46:19.927 +07:00 [INF] Route matched with {area = "Admin", action = "Edit", controller = "Movies"}. Executing controller action with signature System.Threading.Tasks.Task`1[Microsoft.AspNetCore.Mvc.IActionResult] Edit(Int32) on controller AuraCinema.Web.Areas.Admin.Controllers.MoviesController (AuraCinema.Web).
2026-05-27 10:46:19.931 +07:00 [INF] Executed DbCommand (1ms) [Parameters=[@__p_0='?' (DbType = Int32)], CommandType='"Text"', CommandTimeout='30']
SELECT TOP(1) [m].[MovieID], [m].[Actors], [m].[Description], [m].[Director], [m].[Duration], [m].[Genre], [m].[MovieCode], [m].[Poster], [m].[ReleaseDate], [m].[Status], [m].[Title], [m].[Trailer]
FROM [Movies] AS [m]
WHERE [m].[MovieID] = @__p_0
2026-05-27 10:46:19.933 +07:00 [INF] Executing ViewResult, running view Edit.
2026-05-27 10:46:20.007 +07:00 [INF] Executed ViewResult - view Edit executed in 74.9606ms.
2026-05-27 10:46:20.007 +07:00 [INF] Executed action AuraCinema.Web.Areas.Admin.Controllers.MoviesController.Edit (AuraCinema.Web) in 79.5121ms
2026-05-27 10:46:20.007 +07:00 [INF] Executed endpoint 'AuraCinema.Web.Areas.Admin.Controllers.MoviesController.Edit (AuraCinema.Web)'
2026-05-27 10:46:20.008 +07:00 [INF] Request finished HTTP/1.1 GET http://localhost:5231/Admin/Movies/Edit/7 - 200 null text/html; charset=utf-8 88.8295ms
2026-05-27 10:46:40.579 +07:00 [INF] Request starting HTTP/1.1 POST http://localhost:5231/Admin/Movies/Edit/7 - multipart/form-data; boundary=----WebKitFormBoundary1R66nUE0pESpXiHi 56759
2026-05-27 10:46:40.580 +07:00 [INF] Executing endpoint 'AuraCinema.Web.Areas.Admin.Controllers.MoviesController.Edit (AuraCinema.Web)'
2026-05-27 10:46:40.589 +07:00 [INF] Route matched with {area = "Admin", action = "Edit", controller = "Movies"}. Executing controller action with signature System.Threading.Tasks.Task`1[Microsoft.AspNetCore.Mvc.IActionResult] Edit(Int32, AuraCinema.Web.Areas.Admin.ViewModels.MovieFormViewModel) on controller AuraCinema.Web.Areas.Admin.Controllers.MoviesController (AuraCinema.Web).
2026-05-27 10:46:40.622 +07:00 [INF] Executed DbCommand (3ms) [Parameters=[@__model_MovieCode_0='?' (Size = 4000), @__id_1='?' (DbType = Int32)], CommandType='"Text"', CommandTimeout='30']
SELECT CASE
    WHEN EXISTS (
        SELECT 1
        FROM [Movies] AS [m]
        WHERE [m].[MovieCode] = @__model_MovieCode_0 AND [m].[MovieID] <> @__id_1) THEN CAST(1 AS bit)
    ELSE CAST(0 AS bit)
END
2026-05-27 10:46:40.624 +07:00 [INF] Executed DbCommand (1ms) [Parameters=[@__p_0='?' (DbType = Int32)], CommandType='"Text"', CommandTimeout='30']
SELECT TOP(1) [m].[MovieID], [m].[Actors], [m].[Description], [m].[Director], [m].[Duration], [m].[Genre], [m].[MovieCode], [m].[Poster], [m].[ReleaseDate], [m].[Status], [m].[Title], [m].[Trailer]
FROM [Movies] AS [m]
WHERE [m].[MovieID] = @__p_0
2026-05-27 10:46:40.646 +07:00 [INF] Executed DbCommand (2ms) [Parameters=[@p1='?' (DbType = Int32), @p0='?' (Size = 4000)], CommandType='"Text"', CommandTimeout='30']
SET IMPLICIT_TRANSACTIONS OFF;
SET NOCOUNT ON;
UPDATE [Movies] SET [Poster] = @p0
OUTPUT 1
WHERE [MovieID] = @p1;
2026-05-27 10:46:40.647 +07:00 [INF] Executing RedirectResult, redirecting to /Admin/Movies.
2026-05-27 10:46:40.648 +07:00 [INF] Executed action AuraCinema.Web.Areas.Admin.Controllers.MoviesController.Edit (AuraCinema.Web) in 58.3177ms
2026-05-27 10:46:40.648 +07:00 [INF] Executed endpoint 'AuraCinema.Web.Areas.Admin.Controllers.MoviesController.Edit (AuraCinema.Web)'
2026-05-27 10:46:40.649 +07:00 [INF] Request finished HTTP/1.1 POST http://localhost:5231/Admin/Movies/Edit/7 - 302 0 null 70.3977ms
2026-05-27 10:46:40.653 +07:00 [INF] Request starting HTTP/1.1 GET http://localhost:5231/Admin/Movies - null null
2026-05-27 10:46:40.653 +07:00 [INF] Executing endpoint 'AuraCinema.Web.Areas.Admin.Controllers.MoviesController.Index (AuraCinema.Web)'
2026-05-27 10:46:40.653 +07:00 [INF] Route matched with {area = "Admin", action = "Index", controller = "Movies"}. Executing controller action with signature System.Threading.Tasks.Task`1[Microsoft.AspNetCore.Mvc.IActionResult] Index(System.String, Int32) on controller AuraCinema.Web.Areas.Admin.Controllers.MoviesController (AuraCinema.Web).
2026-05-27 10:46:40.655 +07:00 [INF] Executed DbCommand (1ms) [Parameters=[], CommandType='"Text"', CommandTimeout='30']
SELECT COUNT(*)
FROM [Movies] AS [m]
WHERE [m].[Status] <> N'Ngung chieu'
2026-05-27 10:46:40.656 +07:00 [INF] Executed DbCommand (0ms) [Parameters=[@__p_0='?' (DbType = Int32), @__p_1='?' (DbType = Int32)], CommandType='"Text"', CommandTimeout='30']
SELECT [m].[MovieID], [m].[Actors], [m].[Description], [m].[Director], [m].[Duration], [m].[Genre], [m].[MovieCode], [m].[Poster], [m].[ReleaseDate], [m].[Status], [m].[Title], [m].[Trailer]
FROM [Movies] AS [m]
WHERE [m].[Status] <> N'Ngung chieu'
ORDER BY [m].[MovieID] DESC
OFFSET @__p_0 ROWS FETCH NEXT @__p_1 ROWS ONLY
2026-05-27 10:46:40.656 +07:00 [INF] Executing ViewResult, running view Index.
2026-05-27 10:46:40.659 +07:00 [INF] Executed ViewResult - view Index executed in 2.67ms.
2026-05-27 10:46:40.659 +07:00 [INF] Executed action AuraCinema.Web.Areas.Admin.Controllers.MoviesController.Index (AuraCinema.Web) in 5.6488ms
2026-05-27 10:46:40.659 +07:00 [INF] Executed endpoint 'AuraCinema.Web.Areas.Admin.Controllers.MoviesController.Index (AuraCinema.Web)'
2026-05-27 10:46:40.660 +07:00 [INF] Request finished HTTP/1.1 GET http://localhost:5231/Admin/Movies - 200 null text/html; charset=utf-8 6.9119ms
2026-05-27 10:46:40.693 +07:00 [INF] Request starting HTTP/1.1 GET http://localhost:5231/uploads/posters/0036a2d3-b7b4-4697-8309-8f88491cec75_images.webp - null null
2026-05-27 10:46:40.713 +07:00 [INF] Sending file. Request path: '/uploads/posters/0036a2d3-b7b4-4697-8309-8f88491cec75_images.webp'. Physical path: 'D:\AURACINEMA\AuraCinema.Web\wwwroot\uploads\posters\0036a2d3-b7b4-4697-8309-8f88491cec75_images.webp'
2026-05-27 10:46:40.713 +07:00 [INF] Request finished HTTP/1.1 GET http://localhost:5231/uploads/posters/0036a2d3-b7b4-4697-8309-8f88491cec75_images.webp - 200 53936 image/webp 20.1143ms
2026-05-27 10:46:44.863 +07:00 [INF] Request starting HTTP/1.1 GET http://localhost:5231/ - null null
2026-05-27 10:46:44.864 +07:00 [INF] Executing endpoint 'AuraCinema.Web.Controllers.HomeController.Index (AuraCinema.Web)'
2026-05-27 10:46:44.864 +07:00 [INF] Route matched with {action = "Index", controller = "Home", area = ""}. Executing controller action with signature System.Threading.Tasks.Task`1[Microsoft.AspNetCore.Mvc.IActionResult] Index() on controller AuraCinema.Web.Controllers.HomeController (AuraCinema.Web).
2026-05-27 10:46:44.868 +07:00 [INF] Executed DbCommand (1ms) [Parameters=[], CommandType='"Text"', CommandTimeout='30']
SELECT [m].[MovieID], [m].[Title], [m].[Genre], [m].[Poster], [m].[Duration], [m].[Status], [m].[ReleaseDate], [m].[Director]
FROM [Movies] AS [m]
WHERE [m].[Status] IN (N'Dang chieu', N'Sap chieu')
ORDER BY [m].[ReleaseDate] DESC
2026-05-27 10:46:44.904 +07:00 [INF] Executed DbCommand (1ms) [Parameters=[], CommandType='"Text"', CommandTimeout='30']
SELECT [o].[OrderID], [o].[CheckInTime], [o].[FinalAmount], [o].[HoldExpiryTime], [o].[OrderCode], [o].[PayOSTransID], [o].[PromoID], [o].[QrCode], [o].[ShowtimeID], [o].[Status], [o].[TotalAmount], [o].[UserID]
FROM [Orders] AS [o]
WHERE [o].[Status] = N'Chờ thanh toán' AND [o].[HoldExpiryTime] <= GETDATE()
2026-05-27 10:46:44.906 +07:00 [INF] Executed DbCommand (1ms) [Parameters=[@__maxSellingDate_0='?' (DbType = DateTime2), @__now_1='?' (DbType = DateTime2)], CommandType='"Text"', CommandTimeout='30']
SELECT [s].[ShowtimeID], [s].[EndTime], [s].[MovieID], [s].[RoomID], [s].[ShowtimeCode], [s].[StartTime], [s].[Status]
FROM [Showtimes] AS [s]
WHERE [s].[Status] IN (N'Đã lên lịch', N'Sap chieu') AND CONVERT(date, [s].[StartTime]) <= @__maxSellingDate_0 AND [s].[StartTime] > @__now_1
2026-05-27 10:46:44.908 +07:00 [INF] Executed DbCommand (1ms) [Parameters=[@__now_0='?' (DbType = DateTime2)], CommandType='"Text"', CommandTimeout='30']
SELECT [s].[ShowtimeID], [s].[EndTime], [s].[MovieID], [s].[RoomID], [s].[ShowtimeCode], [s].[StartTime], [s].[Status]
FROM [Showtimes] AS [s]
WHERE [s].[Status] IN (N'Đã lên lịch', N'Đang mở bán', N'Sap chieu') AND [s].[StartTime] <= @__now_0 AND [s].[EndTime] > @__now_0
2026-05-27 10:46:44.909 +07:00 [INF] Executed DbCommand (1ms) [Parameters=[@__now_0='?' (DbType = DateTime2)], CommandType='"Text"', CommandTimeout='30']
SELECT [s].[ShowtimeID], [s].[EndTime], [s].[MovieID], [s].[RoomID], [s].[ShowtimeCode], [s].[StartTime], [s].[Status]
FROM [Showtimes] AS [s]
WHERE [s].[Status] IN (N'Đã lên lịch', N'Đang mở bán', N'Đang chiếu', N'Sap chieu', N'Dang dien ra') AND [s].[EndTime] <= @__now_0
2026-05-27 10:46:44.910 +07:00 [INF] Executed DbCommand (0ms) [Parameters=[@__today_0='?' (DbType = Date)], CommandType='"Text"', CommandTimeout='30']
SELECT [m].[MovieID], [m].[Actors], [m].[Description], [m].[Director], [m].[Duration], [m].[Genre], [m].[MovieCode], [m].[Poster], [m].[ReleaseDate], [m].[Status], [m].[Title], [m].[Trailer]
FROM [Movies] AS [m]
WHERE [m].[Status] = N'Sap chieu' AND [m].[ReleaseDate] <= @__today_0
2026-05-27 10:46:44.911 +07:00 [INF] Executed DbCommand (16ms) [Parameters=[@__p_1='?' (DbType = Int32), @__userId_0='?' (DbType = Int32)], CommandType='"Text"', CommandTimeout='30']
SELECT [t].[OrderID], [t].[CheckInTime], [t].[FinalAmount], [t].[HoldExpiryTime], [t].[OrderCode], [t].[PayOSTransID], [t].[PromoID], [t].[QrCode], [t].[ShowtimeID], [t].[Status], [t].[TotalAmount], [t].[UserID], [s].[ShowtimeID], [s].[EndTime], [s].[MovieID], [s].[RoomID], [s].[ShowtimeCode], [s].[StartTime], [s].[Status], [m].[MovieID], [m].[Actors], [m].[Description], [m].[Director], [m].[Duration], [m].[Genre], [m].[MovieCode], [m].[Poster], [m].[ReleaseDate], [m].[Status], [m].[Title], [m].[Trailer], [r].[RoomID], [r].[Capacity], [r].[RoomCode], [r].[RoomName], [r].[Status], [t0].[OrderID], [t0].[SeatID], [t0].[Price], [t0].[Status], [t0].[SeatID0], [t0].[RoomID], [t0].[RowLabel], [t0].[SeatCode], [t0].[SeatNumber], [t0].[SeatType]
FROM (
    SELECT TOP(@__p_1) [o].[OrderID], [o].[CheckInTime], [o].[FinalAmount], [o].[HoldExpiryTime], [o].[OrderCode], [o].[PayOSTransID], [o].[PromoID], [o].[QrCode], [o].[ShowtimeID], [o].[Status], [o].[TotalAmount], [o].[UserID]
    FROM [Orders] AS [o]
    WHERE [o].[UserID] = @__userId_0 AND [o].[Status] IN (N'Da thanh toan', N'Da su dung', N'Đã thanh toán', N'Đã sử dụng')
    ORDER BY [o].[OrderID] DESC
) AS [t]
INNER JOIN [Showtimes] AS [s] ON [t].[ShowtimeID] = [s].[ShowtimeID]
INNER JOIN [Movies] AS [m] ON [s].[MovieID] = [m].[MovieID]
INNER JOIN [Rooms] AS [r] ON [s].[RoomID] = [r].[RoomID]
LEFT JOIN (
    SELECT [o0].[OrderID], [o0].[SeatID], [o0].[Price], [o0].[Status], [s0].[SeatID] AS [SeatID0], [s0].[RoomID], [s0].[RowLabel], [s0].[SeatCode], [s0].[SeatNumber], [s0].[SeatType]
    FROM [OrderSeats] AS [o0]
    INNER JOIN [Seats] AS [s0] ON [o0].[SeatID] = [s0].[SeatID]
) AS [t0] ON [t].[OrderID] = [t0].[OrderID]
ORDER BY [t].[OrderID] DESC, [s].[ShowtimeID], [m].[MovieID], [r].[RoomID], [t0].[OrderID], [t0].[SeatID]
2026-05-27 10:46:44.928 +07:00 [INF] Executing ViewResult, running view Index.
2026-05-27 10:46:44.935 +07:00 [INF] Executed ViewResult - view Index executed in 6.265ms.
2026-05-27 10:46:44.935 +07:00 [INF] Executed action AuraCinema.Web.Controllers.HomeController.Index (AuraCinema.Web) in 70.4366ms
2026-05-27 10:46:44.935 +07:00 [INF] Executed endpoint 'AuraCinema.Web.Controllers.HomeController.Index (AuraCinema.Web)'
2026-05-27 10:46:44.935 +07:00 [INF] Request finished HTTP/1.1 GET http://localhost:5231/ - 200 null text/html; charset=utf-8 71.6461ms
2026-05-27 10:46:44.969 +07:00 [INF] Request starting HTTP/1.1 GET http://localhost:5231/uploads/posters/0036a2d3-b7b4-4697-8309-8f88491cec75_images.webp - null null
2026-05-27 10:46:44.970 +07:00 [INF] The file /uploads/posters/0036a2d3-b7b4-4697-8309-8f88491cec75_images.webp was not modified
2026-05-27 10:46:44.970 +07:00 [INF] Request finished HTTP/1.1 GET http://localhost:5231/uploads/posters/0036a2d3-b7b4-4697-8309-8f88491cec75_images.webp - 304 null image/webp 1.1792ms
2026-05-27 10:47:13.056 +07:00 [INF] Request starting HTTP/1.1 GET http://localhost:5231/Movies/Details/7 - null null
2026-05-27 10:47:13.057 +07:00 [INF] Executing endpoint 'AuraCinema.Web.Controllers.MoviesController.Details (AuraCinema.Web)'
2026-05-27 10:47:13.057 +07:00 [INF] Route matched with {action = "Details", controller = "Movies", area = ""}. Executing controller action with signature System.Threading.Tasks.Task`1[Microsoft.AspNetCore.Mvc.IActionResult] Details(Int32) on controller AuraCinema.Web.Controllers.MoviesController (AuraCinema.Web).
2026-05-27 10:47:13.060 +07:00 [INF] Executed DbCommand (1ms) [Parameters=[@__p_0='?' (DbType = Int32)], CommandType='"Text"', CommandTimeout='30']
SELECT TOP(1) [m].[MovieID], [m].[Actors], [m].[Description], [m].[Director], [m].[Duration], [m].[Genre], [m].[MovieCode], [m].[Poster], [m].[ReleaseDate], [m].[Status], [m].[Title], [m].[Trailer]
FROM [Movies] AS [m]
WHERE [m].[MovieID] = @__p_0
2026-05-27 10:47:13.062 +07:00 [INF] Executed DbCommand (1ms) [Parameters=[@__id_0='?' (DbType = Int32), @__now_1='?' (DbType = DateTime2), @__maxDate_2='?' (DbType = DateTime2)], CommandType='"Text"', CommandTimeout='30']
SELECT [s].[ShowtimeID], [s].[EndTime], [s].[MovieID], [s].[RoomID], [s].[ShowtimeCode], [s].[StartTime], [s].[Status], [r].[RoomID], [r].[Capacity], [r].[RoomCode], [r].[RoomName], [r].[Status]
FROM [Showtimes] AS [s]
INNER JOIN [Rooms] AS [r] ON [s].[RoomID] = [r].[RoomID]
WHERE [s].[MovieID] = @__id_0 AND [s].[Status] = N'Đang mở bán' AND [s].[StartTime] >= @__now_1 AND [s].[StartTime] < @__maxDate_2
ORDER BY [s].[StartTime]
2026-05-27 10:47:13.064 +07:00 [INF] Executed DbCommand (1ms) [Parameters=[@__showtimeIds_0='?' (Size = 4000)], CommandType='"Text"', CommandTimeout='30']
SELECT [o1].[ShowtimeID], COUNT(*) AS [Sold]
FROM [Orders] AS [o]
INNER JOIN [OrderSeats] AS [o0] ON [o].[OrderID] = [o0].[OrderID]
INNER JOIN [Orders] AS [o1] ON [o0].[OrderID] = [o1].[OrderID]
WHERE [o].[ShowtimeID] IN (
    SELECT [s].[value]
    FROM OPENJSON(@__showtimeIds_0) WITH ([value] int '$') AS [s]
) AND ([o].[Status] = N'Đã thanh toán' OR ([o].[Status] = N'Chờ thanh toán' AND [o].[HoldExpiryTime] > GETDATE()))
GROUP BY [o1].[ShowtimeID]
2026-05-27 10:47:13.065 +07:00 [INF] Executing ViewResult, running view Details.
2026-05-27 10:47:13.068 +07:00 [INF] Executed ViewResult - view Details executed in 3.239ms.
2026-05-27 10:47:13.068 +07:00 [INF] Executed action AuraCinema.Web.Controllers.MoviesController.Details (AuraCinema.Web) in 11.2445ms
2026-05-27 10:47:13.068 +07:00 [INF] Executed endpoint 'AuraCinema.Web.Controllers.MoviesController.Details (AuraCinema.Web)'
2026-05-27 10:47:13.069 +07:00 [INF] Request finished HTTP/1.1 GET http://localhost:5231/Movies/Details/7 - 200 null text/html; charset=utf-8 12.496ms
2026-05-27 10:47:13.103 +07:00 [INF] Request starting HTTP/1.1 GET http://localhost:5231/uploads/posters/0036a2d3-b7b4-4697-8309-8f88491cec75_images.webp - null null
2026-05-27 10:47:13.105 +07:00 [INF] The file /uploads/posters/0036a2d3-b7b4-4697-8309-8f88491cec75_images.webp was not modified
2026-05-27 10:47:13.105 +07:00 [INF] Request finished HTTP/1.1 GET http://localhost:5231/uploads/posters/0036a2d3-b7b4-4697-8309-8f88491cec75_images.webp - 304 null image/webp 1.7181ms
2026-05-27 10:47:44.930 +07:00 [INF] Executed DbCommand (1ms) [Parameters=[], CommandType='"Text"', CommandTimeout='30']
SELECT [o].[OrderID], [o].[CheckInTime], [o].[FinalAmount], [o].[HoldExpiryTime], [o].[OrderCode], [o].[PayOSTransID], [o].[PromoID], [o].[QrCode], [o].[ShowtimeID], [o].[Status], [o].[TotalAmount], [o].[UserID]
FROM [Orders] AS [o]
WHERE [o].[Status] = N'Chờ thanh toán' AND [o].[HoldExpiryTime] <= GETDATE()
2026-05-27 10:47:44.932 +07:00 [INF] Executed DbCommand (1ms) [Parameters=[@__maxSellingDate_0='?' (DbType = DateTime2), @__now_1='?' (DbType = DateTime2)], CommandType='"Text"', CommandTimeout='30']
SELECT [s].[ShowtimeID], [s].[EndTime], [s].[MovieID], [s].[RoomID], [s].[ShowtimeCode], [s].[StartTime], [s].[Status]
FROM [Showtimes] AS [s]
WHERE [s].[Status] IN (N'Đã lên lịch', N'Sap chieu') AND CONVERT(date, [s].[StartTime]) <= @__maxSellingDate_0 AND [s].[StartTime] > @__now_1
2026-05-27 10:47:44.933 +07:00 [INF] Executed DbCommand (1ms) [Parameters=[@__now_0='?' (DbType = DateTime2)], CommandType='"Text"', CommandTimeout='30']
SELECT [s].[ShowtimeID], [s].[EndTime], [s].[MovieID], [s].[RoomID], [s].[ShowtimeCode], [s].[StartTime], [s].[Status]
FROM [Showtimes] AS [s]
WHERE [s].[Status] IN (N'Đã lên lịch', N'Đang mở bán', N'Sap chieu') AND [s].[StartTime] <= @__now_0 AND [s].[EndTime] > @__now_0
2026-05-27 10:47:44.934 +07:00 [INF] Executed DbCommand (1ms) [Parameters=[@__now_0='?' (DbType = DateTime2)], CommandType='"Text"', CommandTimeout='30']
SELECT [s].[ShowtimeID], [s].[EndTime], [s].[MovieID], [s].[RoomID], [s].[ShowtimeCode], [s].[StartTime], [s].[Status]
FROM [Showtimes] AS [s]
WHERE [s].[Status] IN (N'Đã lên lịch', N'Đang mở bán', N'Đang chiếu', N'Sap chieu', N'Dang dien ra') AND [s].[EndTime] <= @__now_0
2026-05-27 10:47:44.936 +07:00 [INF] Executed DbCommand (1ms) [Parameters=[@__today_0='?' (DbType = Date)], CommandType='"Text"', CommandTimeout='30']
SELECT [m].[MovieID], [m].[Actors], [m].[Description], [m].[Director], [m].[Duration], [m].[Genre], [m].[MovieCode], [m].[Poster], [m].[ReleaseDate], [m].[Status], [m].[Title], [m].[Trailer]
FROM [Movies] AS [m]
WHERE [m].[Status] = N'Sap chieu' AND [m].[ReleaseDate] <= @__today_0
2026-05-27 10:48:44.950 +07:00 [INF] Executed DbCommand (1ms) [Parameters=[], CommandType='"Text"', CommandTimeout='30']
SELECT [o].[OrderID], [o].[CheckInTime], [o].[FinalAmount], [o].[HoldExpiryTime], [o].[OrderCode], [o].[PayOSTransID], [o].[PromoID], [o].[QrCode], [o].[ShowtimeID], [o].[Status], [o].[TotalAmount], [o].[UserID]
FROM [Orders] AS [o]
WHERE [o].[Status] = N'Chờ thanh toán' AND [o].[HoldExpiryTime] <= GETDATE()
2026-05-27 10:48:44.951 +07:00 [INF] Executed DbCommand (0ms) [Parameters=[@__maxSellingDate_0='?' (DbType = DateTime2), @__now_1='?' (DbType = DateTime2)], CommandType='"Text"', CommandTimeout='30']
SELECT [s].[ShowtimeID], [s].[EndTime], [s].[MovieID], [s].[RoomID], [s].[ShowtimeCode], [s].[StartTime], [s].[Status]
FROM [Showtimes] AS [s]
WHERE [s].[Status] IN (N'Đã lên lịch', N'Sap chieu') AND CONVERT(date, [s].[StartTime]) <= @__maxSellingDate_0 AND [s].[StartTime] > @__now_1
2026-05-27 10:48:44.952 +07:00 [INF] Executed DbCommand (0ms) [Parameters=[@__now_0='?' (DbType = DateTime2)], CommandType='"Text"', CommandTimeout='30']
SELECT [s].[ShowtimeID], [s].[EndTime], [s].[MovieID], [s].[RoomID], [s].[ShowtimeCode], [s].[StartTime], [s].[Status]
FROM [Showtimes] AS [s]
WHERE [s].[Status] IN (N'Đã lên lịch', N'Đang mở bán', N'Sap chieu') AND [s].[StartTime] <= @__now_0 AND [s].[EndTime] > @__now_0
2026-05-27 10:48:44.953 +07:00 [INF] Executed DbCommand (1ms) [Parameters=[@__now_0='?' (DbType = DateTime2)], CommandType='"Text"', CommandTimeout='30']
SELECT [s].[ShowtimeID], [s].[EndTime], [s].[MovieID], [s].[RoomID], [s].[ShowtimeCode], [s].[StartTime], [s].[Status]
FROM [Showtimes] AS [s]
WHERE [s].[Status] IN (N'Đã lên lịch', N'Đang mở bán', N'Đang chiếu', N'Sap chieu', N'Dang dien ra') AND [s].[EndTime] <= @__now_0
2026-05-27 10:48:44.955 +07:00 [INF] Executed DbCommand (0ms) [Parameters=[@__today_0='?' (DbType = Date)], CommandType='"Text"', CommandTimeout='30']
SELECT [m].[MovieID], [m].[Actors], [m].[Description], [m].[Director], [m].[Duration], [m].[Genre], [m].[MovieCode], [m].[Poster], [m].[ReleaseDate], [m].[Status], [m].[Title], [m].[Trailer]
FROM [Movies] AS [m]
WHERE [m].[Status] = N'Sap chieu' AND [m].[ReleaseDate] <= @__today_0
2026-05-27 10:48:48.419 +07:00 [INF] Request starting HTTP/1.1 GET http://localhost:5231/ - null null
2026-05-27 10:48:48.420 +07:00 [INF] Executing endpoint 'AuraCinema.Web.Controllers.HomeController.Index (AuraCinema.Web)'
2026-05-27 10:48:48.421 +07:00 [INF] Route matched with {action = "Index", controller = "Home", area = ""}. Executing controller action with signature System.Threading.Tasks.Task`1[Microsoft.AspNetCore.Mvc.IActionResult] Index() on controller AuraCinema.Web.Controllers.HomeController (AuraCinema.Web).
2026-05-27 10:48:48.424 +07:00 [INF] Executed DbCommand (1ms) [Parameters=[], CommandType='"Text"', CommandTimeout='30']
SELECT [m].[MovieID], [m].[Title], [m].[Genre], [m].[Poster], [m].[Duration], [m].[Status], [m].[ReleaseDate], [m].[Director]
FROM [Movies] AS [m]
WHERE [m].[Status] IN (N'Dang chieu', N'Sap chieu')
ORDER BY [m].[ReleaseDate] DESC
2026-05-27 10:48:48.426 +07:00 [INF] Executed DbCommand (1ms) [Parameters=[@__p_1='?' (DbType = Int32), @__userId_0='?' (DbType = Int32)], CommandType='"Text"', CommandTimeout='30']
SELECT [t].[OrderID], [t].[CheckInTime], [t].[FinalAmount], [t].[HoldExpiryTime], [t].[OrderCode], [t].[PayOSTransID], [t].[PromoID], [t].[QrCode], [t].[ShowtimeID], [t].[Status], [t].[TotalAmount], [t].[UserID], [s].[ShowtimeID], [s].[EndTime], [s].[MovieID], [s].[RoomID], [s].[ShowtimeCode], [s].[StartTime], [s].[Status], [m].[MovieID], [m].[Actors], [m].[Description], [m].[Director], [m].[Duration], [m].[Genre], [m].[MovieCode], [m].[Poster], [m].[ReleaseDate], [m].[Status], [m].[Title], [m].[Trailer], [r].[RoomID], [r].[Capacity], [r].[RoomCode], [r].[RoomName], [r].[Status], [t0].[OrderID], [t0].[SeatID], [t0].[Price], [t0].[Status], [t0].[SeatID0], [t0].[RoomID], [t0].[RowLabel], [t0].[SeatCode], [t0].[SeatNumber], [t0].[SeatType]
FROM (
    SELECT TOP(@__p_1) [o].[OrderID], [o].[CheckInTime], [o].[FinalAmount], [o].[HoldExpiryTime], [o].[OrderCode], [o].[PayOSTransID], [o].[PromoID], [o].[QrCode], [o].[ShowtimeID], [o].[Status], [o].[TotalAmount], [o].[UserID]
    FROM [Orders] AS [o]
    WHERE [o].[UserID] = @__userId_0 AND [o].[Status] IN (N'Da thanh toan', N'Da su dung', N'Đã thanh toán', N'Đã sử dụng')
    ORDER BY [o].[OrderID] DESC
) AS [t]
INNER JOIN [Showtimes] AS [s] ON [t].[ShowtimeID] = [s].[ShowtimeID]
INNER JOIN [Movies] AS [m] ON [s].[MovieID] = [m].[MovieID]
INNER JOIN [Rooms] AS [r] ON [s].[RoomID] = [r].[RoomID]
LEFT JOIN (
    SELECT [o0].[OrderID], [o0].[SeatID], [o0].[Price], [o0].[Status], [s0].[SeatID] AS [SeatID0], [s0].[RoomID], [s0].[RowLabel], [s0].[SeatCode], [s0].[SeatNumber], [s0].[SeatType]
    FROM [OrderSeats] AS [o0]
    INNER JOIN [Seats] AS [s0] ON [o0].[SeatID] = [s0].[SeatID]
) AS [t0] ON [t].[OrderID] = [t0].[OrderID]
ORDER BY [t].[OrderID] DESC, [s].[ShowtimeID], [m].[MovieID], [r].[RoomID], [t0].[OrderID], [t0].[SeatID]
2026-05-27 10:48:48.429 +07:00 [INF] Executing ViewResult, running view Index.
2026-05-27 10:48:48.432 +07:00 [INF] Executed ViewResult - view Index executed in 3.2466ms.
2026-05-27 10:48:48.432 +07:00 [INF] Executed action AuraCinema.Web.Controllers.HomeController.Index (AuraCinema.Web) in 10.7001ms
2026-05-27 10:48:48.432 +07:00 [INF] Executed endpoint 'AuraCinema.Web.Controllers.HomeController.Index (AuraCinema.Web)'
2026-05-27 10:48:48.433 +07:00 [INF] Request finished HTTP/1.1 GET http://localhost:5231/ - 200 null text/html; charset=utf-8 13.2783ms
2026-05-27 10:48:48.465 +07:00 [INF] Request starting HTTP/1.1 GET http://localhost:5231/css/site.css?v=afBYmymxN64xbM2EHfpOyOy76GAbiG9TLtBLj65Bc-Y - null null
2026-05-27 10:48:48.467 +07:00 [INF] Sending file. Request path: '/css/site.css'. Physical path: 'D:\AURACINEMA\AuraCinema.Web\wwwroot\css\site.css'
2026-05-27 10:48:48.468 +07:00 [INF] Request finished HTTP/1.1 GET http://localhost:5231/css/site.css?v=afBYmymxN64xbM2EHfpOyOy76GAbiG9TLtBLj65Bc-Y - 200 21635 text/css 2.3267ms
2026-05-27 10:48:48.471 +07:00 [INF] Request starting HTTP/1.1 GET http://localhost:5231/uploads/posters/0036a2d3-b7b4-4697-8309-8f88491cec75_images.webp - null null
2026-05-27 10:48:48.472 +07:00 [INF] The file /uploads/posters/0036a2d3-b7b4-4697-8309-8f88491cec75_images.webp was not modified
2026-05-27 10:48:48.472 +07:00 [INF] Request finished HTTP/1.1 GET http://localhost:5231/uploads/posters/0036a2d3-b7b4-4697-8309-8f88491cec75_images.webp - 304 null image/webp 0.8365ms
2026-05-27 10:49:44.971 +07:00 [INF] Executed DbCommand (1ms) [Parameters=[], CommandType='"Text"', CommandTimeout='30']
SELECT [o].[OrderID], [o].[CheckInTime], [o].[FinalAmount], [o].[HoldExpiryTime], [o].[OrderCode], [o].[PayOSTransID], [o].[PromoID], [o].[QrCode], [o].[ShowtimeID], [o].[Status], [o].[TotalAmount], [o].[UserID]
FROM [Orders] AS [o]
WHERE [o].[Status] = N'Chờ thanh toán' AND [o].[HoldExpiryTime] <= GETDATE()
2026-05-27 10:49:44.973 +07:00 [INF] Executed DbCommand (1ms) [Parameters=[@__maxSellingDate_0='?' (DbType = DateTime2), @__now_1='?' (DbType = DateTime2)], CommandType='"Text"', CommandTimeout='30']
SELECT [s].[ShowtimeID], [s].[EndTime], [s].[MovieID], [s].[RoomID], [s].[ShowtimeCode], [s].[StartTime], [s].[Status]
FROM [Showtimes] AS [s]
WHERE [s].[Status] IN (N'Đã lên lịch', N'Sap chieu') AND CONVERT(date, [s].[StartTime]) <= @__maxSellingDate_0 AND [s].[StartTime] > @__now_1
2026-05-27 10:49:44.974 +07:00 [INF] Executed DbCommand (1ms) [Parameters=[@__now_0='?' (DbType = DateTime2)], CommandType='"Text"', CommandTimeout='30']
SELECT [s].[ShowtimeID], [s].[EndTime], [s].[MovieID], [s].[RoomID], [s].[ShowtimeCode], [s].[StartTime], [s].[Status]
FROM [Showtimes] AS [s]
WHERE [s].[Status] IN (N'Đã lên lịch', N'Đang mở bán', N'Sap chieu') AND [s].[StartTime] <= @__now_0 AND [s].[EndTime] > @__now_0
2026-05-27 10:49:44.975 +07:00 [INF] Executed DbCommand (0ms) [Parameters=[@__now_0='?' (DbType = DateTime2)], CommandType='"Text"', CommandTimeout='30']
SELECT [s].[ShowtimeID], [s].[EndTime], [s].[MovieID], [s].[RoomID], [s].[ShowtimeCode], [s].[StartTime], [s].[Status]
FROM [Showtimes] AS [s]
WHERE [s].[Status] IN (N'Đã lên lịch', N'Đang mở bán', N'Đang chiếu', N'Sap chieu', N'Dang dien ra') AND [s].[EndTime] <= @__now_0
2026-05-27 10:49:44.976 +07:00 [INF] Executed DbCommand (0ms) [Parameters=[@__today_0='?' (DbType = Date)], CommandType='"Text"', CommandTimeout='30']
SELECT [m].[MovieID], [m].[Actors], [m].[Description], [m].[Director], [m].[Duration], [m].[Genre], [m].[MovieCode], [m].[Poster], [m].[ReleaseDate], [m].[Status], [m].[Title], [m].[Trailer]
FROM [Movies] AS [m]
WHERE [m].[Status] = N'Sap chieu' AND [m].[ReleaseDate] <= @__today_0
2026-05-27 10:50:37.066 +07:00 [INF] Request starting HTTP/1.1 GET http://localhost:5231/Movies - null null
2026-05-27 10:50:37.068 +07:00 [INF] Executing endpoint 'AuraCinema.Web.Controllers.MoviesController.Index (AuraCinema.Web)'
2026-05-27 10:50:37.074 +07:00 [INF] Route matched with {action = "Index", controller = "Movies", area = ""}. Executing controller action with signature System.Threading.Tasks.Task`1[Microsoft.AspNetCore.Mvc.IActionResult] Index(System.String, System.String, Int32) on controller AuraCinema.Web.Controllers.MoviesController (AuraCinema.Web).
2026-05-27 10:50:37.083 +07:00 [INF] Executed DbCommand (2ms) [Parameters=[], CommandType='"Text"', CommandTimeout='30']
SELECT COUNT(*)
FROM [Movies] AS [m]
WHERE [m].[Status] IN (N'Dang chieu', N'Sap chieu')
2026-05-27 10:50:37.090 +07:00 [INF] Executed DbCommand (3ms) [Parameters=[@__p_0='?' (DbType = Int32), @__p_1='?' (DbType = Int32)], CommandType='"Text"', CommandTimeout='30']
SELECT [m].[MovieID], [m].[Title], [m].[Genre], [m].[Poster], [m].[Duration], [m].[Status], [m].[ReleaseDate], [m].[Director]
FROM [Movies] AS [m]
WHERE [m].[Status] IN (N'Dang chieu', N'Sap chieu')
ORDER BY [m].[ReleaseDate] DESC
OFFSET @__p_0 ROWS FETCH NEXT @__p_1 ROWS ONLY
2026-05-27 10:50:37.091 +07:00 [INF] Executing ViewResult, running view Index.
2026-05-27 10:50:37.104 +07:00 [INF] Executed ViewResult - view Index executed in 13.8446ms.
2026-05-27 10:50:37.105 +07:00 [INF] Executed action AuraCinema.Web.Controllers.MoviesController.Index (AuraCinema.Web) in 29.944ms
2026-05-27 10:50:37.105 +07:00 [INF] Executed endpoint 'AuraCinema.Web.Controllers.MoviesController.Index (AuraCinema.Web)'
2026-05-27 10:50:37.105 +07:00 [INF] Request finished HTTP/1.1 GET http://localhost:5231/Movies - 200 null text/html; charset=utf-8 38.4172ms
2026-05-27 10:50:37.145 +07:00 [INF] Request starting HTTP/1.1 GET http://localhost:5231/css/site.css?v=afBYmymxN64xbM2EHfpOyOy76GAbiG9TLtBLj65Bc-Y - null null
2026-05-27 10:50:37.145 +07:00 [INF] The file /css/site.css was not modified
2026-05-27 10:50:37.145 +07:00 [INF] Request finished HTTP/1.1 GET http://localhost:5231/css/site.css?v=afBYmymxN64xbM2EHfpOyOy76GAbiG9TLtBLj65Bc-Y - 304 null text/css 0.492ms
2026-05-27 10:50:37.277 +07:00 [INF] Request starting HTTP/1.1 GET http://localhost:5231/uploads/posters/0036a2d3-b7b4-4697-8309-8f88491cec75_images.webp - null null
2026-05-27 10:50:37.278 +07:00 [INF] The file /uploads/posters/0036a2d3-b7b4-4697-8309-8f88491cec75_images.webp was not modified
2026-05-27 10:50:37.278 +07:00 [INF] Request finished HTTP/1.1 GET http://localhost:5231/uploads/posters/0036a2d3-b7b4-4697-8309-8f88491cec75_images.webp - 304 null image/webp 0.7714ms
2026-05-27 10:50:44.984 +07:00 [INF] Executed DbCommand (1ms) [Parameters=[], CommandType='"Text"', CommandTimeout='30']
SELECT [o].[OrderID], [o].[CheckInTime], [o].[FinalAmount], [o].[HoldExpiryTime], [o].[OrderCode], [o].[PayOSTransID], [o].[PromoID], [o].[QrCode], [o].[ShowtimeID], [o].[Status], [o].[TotalAmount], [o].[UserID]
FROM [Orders] AS [o]
WHERE [o].[Status] = N'Chờ thanh toán' AND [o].[HoldExpiryTime] <= GETDATE()
2026-05-27 10:50:44.987 +07:00 [INF] Executed DbCommand (1ms) [Parameters=[@__maxSellingDate_0='?' (DbType = DateTime2), @__now_1='?' (DbType = DateTime2)], CommandType='"Text"', CommandTimeout='30']
SELECT [s].[ShowtimeID], [s].[EndTime], [s].[MovieID], [s].[RoomID], [s].[ShowtimeCode], [s].[StartTime], [s].[Status]
FROM [Showtimes] AS [s]
WHERE [s].[Status] IN (N'Đã lên lịch', N'Sap chieu') AND CONVERT(date, [s].[StartTime]) <= @__maxSellingDate_0 AND [s].[StartTime] > @__now_1
2026-05-27 10:50:44.988 +07:00 [INF] Executed DbCommand (1ms) [Parameters=[@__now_0='?' (DbType = DateTime2)], CommandType='"Text"', CommandTimeout='30']
SELECT [s].[ShowtimeID], [s].[EndTime], [s].[MovieID], [s].[RoomID], [s].[ShowtimeCode], [s].[StartTime], [s].[Status]
FROM [Showtimes] AS [s]
WHERE [s].[Status] IN (N'Đã lên lịch', N'Đang mở bán', N'Sap chieu') AND [s].[StartTime] <= @__now_0 AND [s].[EndTime] > @__now_0
2026-05-27 10:50:44.990 +07:00 [INF] Executed DbCommand (1ms) [Parameters=[@__now_0='?' (DbType = DateTime2)], CommandType='"Text"', CommandTimeout='30']
SELECT [s].[ShowtimeID], [s].[EndTime], [s].[MovieID], [s].[RoomID], [s].[ShowtimeCode], [s].[StartTime], [s].[Status]
FROM [Showtimes] AS [s]
WHERE [s].[Status] IN (N'Đã lên lịch', N'Đang mở bán', N'Đang chiếu', N'Sap chieu', N'Dang dien ra') AND [s].[EndTime] <= @__now_0
2026-05-27 10:50:44.992 +07:00 [INF] Executed DbCommand (1ms) [Parameters=[@__today_0='?' (DbType = Date)], CommandType='"Text"', CommandTimeout='30']
SELECT [m].[MovieID], [m].[Actors], [m].[Description], [m].[Director], [m].[Duration], [m].[Genre], [m].[MovieCode], [m].[Poster], [m].[ReleaseDate], [m].[Status], [m].[Title], [m].[Trailer]
FROM [Movies] AS [m]
WHERE [m].[Status] = N'Sap chieu' AND [m].[ReleaseDate] <= @__today_0
2026-05-27 10:50:52.228 +07:00 [INF] Request starting HTTP/1.1 GET http://localhost:5231/Movies - null null
2026-05-27 10:50:52.229 +07:00 [INF] Executing endpoint 'AuraCinema.Web.Controllers.MoviesController.Index (AuraCinema.Web)'
2026-05-27 10:50:52.229 +07:00 [INF] Route matched with {action = "Index", controller = "Movies", area = ""}. Executing controller action with signature System.Threading.Tasks.Task`1[Microsoft.AspNetCore.Mvc.IActionResult] Index(System.String, System.String, Int32) on controller AuraCinema.Web.Controllers.MoviesController (AuraCinema.Web).
2026-05-27 10:50:52.231 +07:00 [INF] Executed DbCommand (1ms) [Parameters=[], CommandType='"Text"', CommandTimeout='30']
SELECT COUNT(*)
FROM [Movies] AS [m]
WHERE [m].[Status] IN (N'Dang chieu', N'Sap chieu')
2026-05-27 10:50:52.232 +07:00 [INF] Executed DbCommand (1ms) [Parameters=[@__p_0='?' (DbType = Int32), @__p_1='?' (DbType = Int32)], CommandType='"Text"', CommandTimeout='30']
SELECT [m].[MovieID], [m].[Title], [m].[Genre], [m].[Poster], [m].[Duration], [m].[Status], [m].[ReleaseDate], [m].[Director]
FROM [Movies] AS [m]
WHERE [m].[Status] IN (N'Dang chieu', N'Sap chieu')
ORDER BY [m].[ReleaseDate] DESC
OFFSET @__p_0 ROWS FETCH NEXT @__p_1 ROWS ONLY
2026-05-27 10:50:52.233 +07:00 [INF] Executing ViewResult, running view Index.
2026-05-27 10:50:52.235 +07:00 [INF] Executed ViewResult - view Index executed in 2.4802ms.
2026-05-27 10:50:52.235 +07:00 [INF] Executed action AuraCinema.Web.Controllers.MoviesController.Index (AuraCinema.Web) in 6.3727ms
2026-05-27 10:50:52.235 +07:00 [INF] Executed endpoint 'AuraCinema.Web.Controllers.MoviesController.Index (AuraCinema.Web)'
2026-05-27 10:50:52.236 +07:00 [INF] Request finished HTTP/1.1 GET http://localhost:5231/Movies - 200 null text/html; charset=utf-8 7.4669ms
2026-05-27 10:50:52.265 +07:00 [INF] Request starting HTTP/1.1 GET http://localhost:5231/css/site.css?v=afBYmymxN64xbM2EHfpOyOy76GAbiG9TLtBLj65Bc-Y - null null
2026-05-27 10:50:52.266 +07:00 [INF] The file /css/site.css was not modified
2026-05-27 10:50:52.266 +07:00 [INF] Request finished HTTP/1.1 GET http://localhost:5231/css/site.css?v=afBYmymxN64xbM2EHfpOyOy76GAbiG9TLtBLj65Bc-Y - 304 null text/css 0.4686ms
2026-05-27 10:50:53.758 +07:00 [INF] Request starting HTTP/1.1 GET http://localhost:5231/ - null null
2026-05-27 10:50:53.759 +07:00 [INF] Executing endpoint 'AuraCinema.Web.Controllers.HomeController.Index (AuraCinema.Web)'
2026-05-27 10:50:53.759 +07:00 [INF] Route matched with {action = "Index", controller = "Home", area = ""}. Executing controller action with signature System.Threading.Tasks.Task`1[Microsoft.AspNetCore.Mvc.IActionResult] Index() on controller AuraCinema.Web.Controllers.HomeController (AuraCinema.Web).
2026-05-27 10:50:53.761 +07:00 [INF] Executed DbCommand (1ms) [Parameters=[], CommandType='"Text"', CommandTimeout='30']
SELECT [m].[MovieID], [m].[Title], [m].[Genre], [m].[Poster], [m].[Duration], [m].[Status], [m].[ReleaseDate], [m].[Director]
FROM [Movies] AS [m]
WHERE [m].[Status] IN (N'Dang chieu', N'Sap chieu')
ORDER BY [m].[ReleaseDate] DESC
2026-05-27 10:50:53.765 +07:00 [INF] Executed DbCommand (1ms) [Parameters=[@__p_1='?' (DbType = Int32), @__userId_0='?' (DbType = Int32)], CommandType='"Text"', CommandTimeout='30']
SELECT [t].[OrderID], [t].[CheckInTime], [t].[FinalAmount], [t].[HoldExpiryTime], [t].[OrderCode], [t].[PayOSTransID], [t].[PromoID], [t].[QrCode], [t].[ShowtimeID], [t].[Status], [t].[TotalAmount], [t].[UserID], [s].[ShowtimeID], [s].[EndTime], [s].[MovieID], [s].[RoomID], [s].[ShowtimeCode], [s].[StartTime], [s].[Status], [m].[MovieID], [m].[Actors], [m].[Description], [m].[Director], [m].[Duration], [m].[Genre], [m].[MovieCode], [m].[Poster], [m].[ReleaseDate], [m].[Status], [m].[Title], [m].[Trailer], [r].[RoomID], [r].[Capacity], [r].[RoomCode], [r].[RoomName], [r].[Status], [t0].[OrderID], [t0].[SeatID], [t0].[Price], [t0].[Status], [t0].[SeatID0], [t0].[RoomID], [t0].[RowLabel], [t0].[SeatCode], [t0].[SeatNumber], [t0].[SeatType]
FROM (
    SELECT TOP(@__p_1) [o].[OrderID], [o].[CheckInTime], [o].[FinalAmount], [o].[HoldExpiryTime], [o].[OrderCode], [o].[PayOSTransID], [o].[PromoID], [o].[QrCode], [o].[ShowtimeID], [o].[Status], [o].[TotalAmount], [o].[UserID]
    FROM [Orders] AS [o]
    WHERE [o].[UserID] = @__userId_0 AND [o].[Status] IN (N'Da thanh toan', N'Da su dung', N'Đã thanh toán', N'Đã sử dụng')
    ORDER BY [o].[OrderID] DESC
) AS [t]
INNER JOIN [Showtimes] AS [s] ON [t].[ShowtimeID] = [s].[ShowtimeID]
INNER JOIN [Movies] AS [m] ON [s].[MovieID] = [m].[MovieID]
INNER JOIN [Rooms] AS [r] ON [s].[RoomID] = [r].[RoomID]
LEFT JOIN (
    SELECT [o0].[OrderID], [o0].[SeatID], [o0].[Price], [o0].[Status], [s0].[SeatID] AS [SeatID0], [s0].[RoomID], [s0].[RowLabel], [s0].[SeatCode], [s0].[SeatNumber], [s0].[SeatType]
    FROM [OrderSeats] AS [o0]
    INNER JOIN [Seats] AS [s0] ON [o0].[SeatID] = [s0].[SeatID]
) AS [t0] ON [t].[OrderID] = [t0].[OrderID]
ORDER BY [t].[OrderID] DESC, [s].[ShowtimeID], [m].[MovieID], [r].[RoomID], [t0].[OrderID], [t0].[SeatID]
2026-05-27 10:50:53.767 +07:00 [INF] Executing ViewResult, running view Index.
2026-05-27 10:50:53.769 +07:00 [INF] Executed ViewResult - view Index executed in 2.1348ms.
2026-05-27 10:50:53.769 +07:00 [INF] Executed action AuraCinema.Web.Controllers.HomeController.Index (AuraCinema.Web) in 9.7799ms
2026-05-27 10:50:53.769 +07:00 [INF] Executed endpoint 'AuraCinema.Web.Controllers.HomeController.Index (AuraCinema.Web)'
2026-05-27 10:50:53.769 +07:00 [INF] Request finished HTTP/1.1 GET http://localhost:5231/ - 200 null text/html; charset=utf-8 10.6368ms
2026-05-27 10:50:58.093 +07:00 [INF] Request starting HTTP/1.1 GET http://localhost:5231/ - null null
2026-05-27 10:50:58.093 +07:00 [INF] Executing endpoint 'AuraCinema.Web.Controllers.HomeController.Index (AuraCinema.Web)'
2026-05-27 10:50:58.094 +07:00 [INF] Route matched with {action = "Index", controller = "Home", area = ""}. Executing controller action with signature System.Threading.Tasks.Task`1[Microsoft.AspNetCore.Mvc.IActionResult] Index() on controller AuraCinema.Web.Controllers.HomeController (AuraCinema.Web).
2026-05-27 10:50:58.096 +07:00 [INF] Executed DbCommand (1ms) [Parameters=[], CommandType='"Text"', CommandTimeout='30']
SELECT [m].[MovieID], [m].[Title], [m].[Genre], [m].[Poster], [m].[Duration], [m].[Status], [m].[ReleaseDate], [m].[Director]
FROM [Movies] AS [m]
WHERE [m].[Status] IN (N'Dang chieu', N'Sap chieu')
ORDER BY [m].[ReleaseDate] DESC
2026-05-27 10:50:58.099 +07:00 [INF] Executed DbCommand (1ms) [Parameters=[@__p_1='?' (DbType = Int32), @__userId_0='?' (DbType = Int32)], CommandType='"Text"', CommandTimeout='30']
SELECT [t].[OrderID], [t].[CheckInTime], [t].[FinalAmount], [t].[HoldExpiryTime], [t].[OrderCode], [t].[PayOSTransID], [t].[PromoID], [t].[QrCode], [t].[ShowtimeID], [t].[Status], [t].[TotalAmount], [t].[UserID], [s].[ShowtimeID], [s].[EndTime], [s].[MovieID], [s].[RoomID], [s].[ShowtimeCode], [s].[StartTime], [s].[Status], [m].[MovieID], [m].[Actors], [m].[Description], [m].[Director], [m].[Duration], [m].[Genre], [m].[MovieCode], [m].[Poster], [m].[ReleaseDate], [m].[Status], [m].[Title], [m].[Trailer], [r].[RoomID], [r].[Capacity], [r].[RoomCode], [r].[RoomName], [r].[Status], [t0].[OrderID], [t0].[SeatID], [t0].[Price], [t0].[Status], [t0].[SeatID0], [t0].[RoomID], [t0].[RowLabel], [t0].[SeatCode], [t0].[SeatNumber], [t0].[SeatType]
FROM (
    SELECT TOP(@__p_1) [o].[OrderID], [o].[CheckInTime], [o].[FinalAmount], [o].[HoldExpiryTime], [o].[OrderCode], [o].[PayOSTransID], [o].[PromoID], [o].[QrCode], [o].[ShowtimeID], [o].[Status], [o].[TotalAmount], [o].[UserID]
    FROM [Orders] AS [o]
    WHERE [o].[UserID] = @__userId_0 AND [o].[Status] IN (N'Da thanh toan', N'Da su dung', N'Đã thanh toán', N'Đã sử dụng')
    ORDER BY [o].[OrderID] DESC
) AS [t]
INNER JOIN [Showtimes] AS [s] ON [t].[ShowtimeID] = [s].[ShowtimeID]
INNER JOIN [Movies] AS [m] ON [s].[MovieID] = [m].[MovieID]
INNER JOIN [Rooms] AS [r] ON [s].[RoomID] = [r].[RoomID]
LEFT JOIN (
    SELECT [o0].[OrderID], [o0].[SeatID], [o0].[Price], [o0].[Status], [s0].[SeatID] AS [SeatID0], [s0].[RoomID], [s0].[RowLabel], [s0].[SeatCode], [s0].[SeatNumber], [s0].[SeatType]
    FROM [OrderSeats] AS [o0]
    INNER JOIN [Seats] AS [s0] ON [o0].[SeatID] = [s0].[SeatID]
) AS [t0] ON [t].[OrderID] = [t0].[OrderID]
ORDER BY [t].[OrderID] DESC, [s].[ShowtimeID], [m].[MovieID], [r].[RoomID], [t0].[OrderID], [t0].[SeatID]
2026-05-27 10:50:58.101 +07:00 [INF] Executing ViewResult, running view Index.
2026-05-27 10:50:58.103 +07:00 [INF] Executed ViewResult - view Index executed in 2.0694ms.
2026-05-27 10:50:58.103 +07:00 [INF] Executed action AuraCinema.Web.Controllers.HomeController.Index (AuraCinema.Web) in 9.2136ms
2026-05-27 10:50:58.103 +07:00 [INF] Executed endpoint 'AuraCinema.Web.Controllers.HomeController.Index (AuraCinema.Web)'
2026-05-27 10:50:58.104 +07:00 [INF] Request finished HTTP/1.1 GET http://localhost:5231/ - 200 null text/html; charset=utf-8 10.6769ms
2026-05-27 10:52:10.576 +07:00 [INF] Executed DbCommand (18ms) [Parameters=[], CommandType='"Text"', CommandTimeout='30']
SELECT 1
2026-05-27 10:52:10.638 +07:00 [INF] Executed DbCommand (16ms) [Parameters=[], CommandType='"Text"', CommandTimeout='30']
SELECT OBJECT_ID(N'[__EFMigrationsHistory]');
2026-05-27 10:52:10.642 +07:00 [INF] Executed DbCommand (1ms) [Parameters=[], CommandType='"Text"', CommandTimeout='30']
SELECT 1
2026-05-27 10:52:10.643 +07:00 [INF] Executed DbCommand (1ms) [Parameters=[], CommandType='"Text"', CommandTimeout='30']
SELECT OBJECT_ID(N'[__EFMigrationsHistory]');
2026-05-27 10:52:10.658 +07:00 [INF] Executed DbCommand (3ms) [Parameters=[], CommandType='"Text"', CommandTimeout='30']
SELECT [MigrationId], [ProductVersion]
FROM [__EFMigrationsHistory]
ORDER BY [MigrationId];
2026-05-27 10:52:10.673 +07:00 [INF] No migrations were applied. The database is already up to date.
2026-05-27 10:52:10.842 +07:00 [INF] Executed DbCommand (3ms) [Parameters=[], CommandType='"Text"', CommandTimeout='30']
SELECT CASE
    WHEN EXISTS (
        SELECT 1
        FROM [Users] AS [u]
        WHERE [u].[Email] = N'admin@auracinema.vn') THEN CAST(1 AS bit)
    ELSE CAST(0 AS bit)
END
2026-05-27 10:52:10.849 +07:00 [INF] Executed DbCommand (2ms) [Parameters=[], CommandType='"Text"', CommandTimeout='30']
SELECT CASE
    WHEN EXISTS (
        SELECT 1
        FROM [Users] AS [u]
        WHERE [u].[Email] = N'staff@auracinema.vn') THEN CAST(1 AS bit)
    ELSE CAST(0 AS bit)
END
2026-05-27 10:52:10.855 +07:00 [INF] Executed DbCommand (2ms) [Parameters=[], CommandType='"Text"', CommandTimeout='30']
SELECT CASE
    WHEN EXISTS (
        SELECT 1
        FROM [Users] AS [u]
        WHERE [u].[Email] = N'customer@gmail.com') THEN CAST(1 AS bit)
    ELSE CAST(0 AS bit)
END
2026-05-27 10:52:10.916 +07:00 [INF] Executed DbCommand (3ms) [Parameters=[], CommandType='"Text"', CommandTimeout='30']
SELECT [u].[UserID], [u].[Email], [u].[FullName], [u].[OtpCode], [u].[OtpExpiry], [u].[Password], [u].[Phone], [u].[Role], [u].[Status], [u].[UserCode]
FROM [Users] AS [u]
WHERE [u].[UserCode] LIKE N''
2026-05-27 10:52:10.925 +07:00 [INF] Executed DbCommand (2ms) [Parameters=[], CommandType='"Text"', CommandTimeout='30']
SELECT CASE
    WHEN EXISTS (
        SELECT 1
        FROM [Rooms] AS [r]) THEN CAST(1 AS bit)
    ELSE CAST(0 AS bit)
END
2026-05-27 10:52:10.930 +07:00 [INF] Executed DbCommand (3ms) [Parameters=[], CommandType='"Text"', CommandTimeout='30']
SELECT CASE
    WHEN EXISTS (
        SELECT 1
        FROM [PriceConfigs] AS [p]) THEN CAST(1 AS bit)
    ELSE CAST(0 AS bit)
END
2026-05-27 10:52:10.936 +07:00 [INF] Executed DbCommand (4ms) [Parameters=[], CommandType='"Text"', CommandTimeout='30']
SELECT CASE
    WHEN EXISTS (
        SELECT 1
        FROM [Movies] AS [m]) THEN CAST(1 AS bit)
    ELSE CAST(0 AS bit)
END
2026-05-27 10:52:10.941 +07:00 [INF] Executed DbCommand (2ms) [Parameters=[], CommandType='"Text"', CommandTimeout='30']
SELECT CASE
    WHEN EXISTS (
        SELECT 1
        FROM [Services] AS [s]) THEN CAST(1 AS bit)
    ELSE CAST(0 AS bit)
END
2026-05-27 10:52:10.944 +07:00 [INF] Executed DbCommand (2ms) [Parameters=[], CommandType='"Text"', CommandTimeout='30']
SELECT CASE
    WHEN EXISTS (
        SELECT 1
        FROM [Promotions] AS [p]) THEN CAST(1 AS bit)
    ELSE CAST(0 AS bit)
END
2026-05-27 10:52:10.948 +07:00 [INF] Executed DbCommand (1ms) [Parameters=[], CommandType='"Text"', CommandTimeout='30']
SELECT CASE
    WHEN EXISTS (
        SELECT 1
        FROM [Showtimes] AS [s]) THEN CAST(1 AS bit)
    ELSE CAST(0 AS bit)
END
2026-05-27 10:52:10.961 +07:00 [INF] Executed DbCommand (3ms) [Parameters=[], CommandType='"Text"', CommandTimeout='30']
SELECT CASE
    WHEN EXISTS (
        SELECT 1
        FROM [Orders] AS [o]
        WHERE [o].[Status] IN (N'Da thanh toan', N'Đã thanh toán')) THEN CAST(1 AS bit)
    ELSE CAST(0 AS bit)
END
2026-05-27 10:52:11.007 +07:00 [INF] Executed DbCommand (11ms) [Parameters=[@__startDate_0='?' (DbType = DateTime2), @__AddDays_1='?' (DbType = DateTime2)], CommandType='"Text"', CommandTimeout='30']
SELECT COUNT(*)
FROM [Showtimes] AS [s]
WHERE [s].[StartTime] >= @__startDate_0 AND [s].[StartTime] <= @__AddDays_1
2026-05-27 10:52:11.095 +07:00 [INF] User profile is available. Using 'C:\Users\lqhie\AppData\Local\ASP.NET\DataProtection-Keys' as key repository and Windows DPAPI to encrypt keys at rest.
2026-05-27 10:52:11.122 +07:00 [INF] Booking Cleanup Service is starting.
2026-05-27 10:52:11.148 +07:00 [INF] Executed DbCommand (4ms) [Parameters=[], CommandType='"Text"', CommandTimeout='30']
SELECT [o].[OrderID], [o].[CheckInTime], [o].[FinalAmount], [o].[HoldExpiryTime], [o].[OrderCode], [o].[PayOSTransID], [o].[PromoID], [o].[QrCode], [o].[ShowtimeID], [o].[Status], [o].[TotalAmount], [o].[UserID]
FROM [Orders] AS [o]
WHERE [o].[Status] = N'Chờ thanh toán' AND [o].[HoldExpiryTime] <= GETDATE()
2026-05-27 10:52:11.174 +07:00 [INF] Now listening on: http://localhost:5231
2026-05-27 10:52:11.174 +07:00 [INF] Application started. Press Ctrl+C to shut down.
2026-05-27 10:52:11.175 +07:00 [INF] Hosting environment: Development
2026-05-27 10:52:11.175 +07:00 [INF] Content root path: D:\AURACINEMA\AuraCinema.Web
2026-05-27 10:52:11.207 +07:00 [INF] Executed DbCommand (2ms) [Parameters=[@__maxSellingDate_0='?' (DbType = DateTime2), @__now_1='?' (DbType = DateTime2)], CommandType='"Text"', CommandTimeout='30']
SELECT [s].[ShowtimeID], [s].[EndTime], [s].[MovieID], [s].[RoomID], [s].[ShowtimeCode], [s].[StartTime], [s].[Status]
FROM [Showtimes] AS [s]
WHERE [s].[Status] IN (N'Đã lên lịch', N'Sap chieu') AND CONVERT(date, [s].[StartTime]) <= @__maxSellingDate_0 AND [s].[StartTime] > @__now_1
2026-05-27 10:52:11.211 +07:00 [INF] Executed DbCommand (2ms) [Parameters=[@__now_0='?' (DbType = DateTime2)], CommandType='"Text"', CommandTimeout='30']
SELECT [s].[ShowtimeID], [s].[EndTime], [s].[MovieID], [s].[RoomID], [s].[ShowtimeCode], [s].[StartTime], [s].[Status]
FROM [Showtimes] AS [s]
WHERE [s].[Status] IN (N'Đã lên lịch', N'Đang mở bán', N'Sap chieu') AND [s].[StartTime] <= @__now_0 AND [s].[EndTime] > @__now_0
2026-05-27 10:52:11.216 +07:00 [INF] Executed DbCommand (2ms) [Parameters=[@__now_0='?' (DbType = DateTime2)], CommandType='"Text"', CommandTimeout='30']
SELECT [s].[ShowtimeID], [s].[EndTime], [s].[MovieID], [s].[RoomID], [s].[ShowtimeCode], [s].[StartTime], [s].[Status]
FROM [Showtimes] AS [s]
WHERE [s].[Status] IN (N'Đã lên lịch', N'Đang mở bán', N'Đang chiếu', N'Sap chieu', N'Dang dien ra') AND [s].[EndTime] <= @__now_0
2026-05-27 10:52:11.225 +07:00 [INF] Executed DbCommand (2ms) [Parameters=[@__today_0='?' (DbType = Date)], CommandType='"Text"', CommandTimeout='30']
SELECT [m].[MovieID], [m].[Actors], [m].[Description], [m].[Director], [m].[Duration], [m].[Genre], [m].[MovieCode], [m].[Poster], [m].[ReleaseDate], [m].[Status], [m].[Title], [m].[Trailer]
FROM [Movies] AS [m]
WHERE [m].[Status] = N'Sap chieu' AND [m].[ReleaseDate] <= @__today_0
2026-05-27 10:52:11.259 +07:00 [INF] Request starting HTTP/1.1 GET http://localhost:5231/ - null null
2026-05-27 10:52:11.261 +07:00 [WRN] Failed to determine the https port for redirect.
2026-05-27 10:52:11.296 +07:00 [INF] Executing endpoint 'AuraCinema.Web.Controllers.HomeController.Index (AuraCinema.Web)'
2026-05-27 10:52:11.306 +07:00 [INF] Route matched with {action = "Index", controller = "Home", area = ""}. Executing controller action with signature System.Threading.Tasks.Task`1[Microsoft.AspNetCore.Mvc.IActionResult] Index() on controller AuraCinema.Web.Controllers.HomeController (AuraCinema.Web).
2026-05-27 10:52:11.327 +07:00 [INF] Executed DbCommand (2ms) [Parameters=[], CommandType='"Text"', CommandTimeout='30']
SELECT [m].[MovieID], [m].[Title], [m].[Genre], [m].[Poster], [m].[Duration], [m].[Status], [m].[ReleaseDate], [m].[Director]
FROM [Movies] AS [m]
WHERE [m].[Status] IN (N'Dang chieu', N'Sap chieu')
ORDER BY [m].[ReleaseDate] DESC
2026-05-27 10:52:11.395 +07:00 [INF] Executed DbCommand (11ms) [Parameters=[@__p_1='?' (DbType = Int32), @__userId_0='?' (DbType = Int32)], CommandType='"Text"', CommandTimeout='30']
SELECT [t].[OrderID], [t].[CheckInTime], [t].[FinalAmount], [t].[HoldExpiryTime], [t].[OrderCode], [t].[PayOSTransID], [t].[PromoID], [t].[QrCode], [t].[ShowtimeID], [t].[Status], [t].[TotalAmount], [t].[UserID], [s].[ShowtimeID], [s].[EndTime], [s].[MovieID], [s].[RoomID], [s].[ShowtimeCode], [s].[StartTime], [s].[Status], [m].[MovieID], [m].[Actors], [m].[Description], [m].[Director], [m].[Duration], [m].[Genre], [m].[MovieCode], [m].[Poster], [m].[ReleaseDate], [m].[Status], [m].[Title], [m].[Trailer], [r].[RoomID], [r].[Capacity], [r].[RoomCode], [r].[RoomName], [r].[Status], [t0].[OrderID], [t0].[SeatID], [t0].[Price], [t0].[Status], [t0].[SeatID0], [t0].[RoomID], [t0].[RowLabel], [t0].[SeatCode], [t0].[SeatNumber], [t0].[SeatType]
FROM (
    SELECT TOP(@__p_1) [o].[OrderID], [o].[CheckInTime], [o].[FinalAmount], [o].[HoldExpiryTime], [o].[OrderCode], [o].[PayOSTransID], [o].[PromoID], [o].[QrCode], [o].[ShowtimeID], [o].[Status], [o].[TotalAmount], [o].[UserID]
    FROM [Orders] AS [o]
    WHERE [o].[UserID] = @__userId_0 AND [o].[Status] IN (N'Da thanh toan', N'Da su dung', N'Đã thanh toán', N'Đã sử dụng')
    ORDER BY [o].[OrderID] DESC
) AS [t]
INNER JOIN [Showtimes] AS [s] ON [t].[ShowtimeID] = [s].[ShowtimeID]
INNER JOIN [Movies] AS [m] ON [s].[MovieID] = [m].[MovieID]
INNER JOIN [Rooms] AS [r] ON [s].[RoomID] = [r].[RoomID]
LEFT JOIN (
    SELECT [o0].[OrderID], [o0].[SeatID], [o0].[Price], [o0].[Status], [s0].[SeatID] AS [SeatID0], [s0].[RoomID], [s0].[RowLabel], [s0].[SeatCode], [s0].[SeatNumber], [s0].[SeatType]
    FROM [OrderSeats] AS [o0]
    INNER JOIN [Seats] AS [s0] ON [o0].[SeatID] = [s0].[SeatID]
) AS [t0] ON [t].[OrderID] = [t0].[OrderID]
ORDER BY [t].[OrderID] DESC, [s].[ShowtimeID], [m].[MovieID], [r].[RoomID], [t0].[OrderID], [t0].[SeatID]
2026-05-27 10:52:11.515 +07:00 [INF] Executing ViewResult, running view Index.
2026-05-27 10:52:11.604 +07:00 [INF] Executed ViewResult - view Index executed in 88.3162ms.
2026-05-27 10:52:11.609 +07:00 [INF] Executed action AuraCinema.Web.Controllers.HomeController.Index (AuraCinema.Web) in 302.8586ms
2026-05-27 10:52:11.610 +07:00 [INF] Executed endpoint 'AuraCinema.Web.Controllers.HomeController.Index (AuraCinema.Web)'
2026-05-27 10:52:11.617 +07:00 [INF] Request finished HTTP/1.1 GET http://localhost:5231/ - 200 null text/html; charset=utf-8 359.4642ms
2026-05-27 10:52:11.640 +07:00 [INF] Request starting HTTP/1.1 GET http://localhost:5231/css/site.css?v=afBYmymxN64xbM2EHfpOyOy76GAbiG9TLtBLj65Bc-Y - null null
2026-05-27 10:52:11.640 +07:00 [INF] Request starting HTTP/1.1 GET http://localhost:5231/uploads/posters/0036a2d3-b7b4-4697-8309-8f88491cec75_images.webp - null null
2026-05-27 10:52:11.645 +07:00 [INF] The file /uploads/posters/0036a2d3-b7b4-4697-8309-8f88491cec75_images.webp was not modified
2026-05-27 10:52:11.645 +07:00 [INF] The file /css/site.css was not modified
2026-05-27 10:52:11.647 +07:00 [INF] Request finished HTTP/1.1 GET http://localhost:5231/css/site.css?v=afBYmymxN64xbM2EHfpOyOy76GAbiG9TLtBLj65Bc-Y - 304 null text/css 7.0174ms
2026-05-27 10:52:11.647 +07:00 [INF] Request finished HTTP/1.1 GET http://localhost:5231/uploads/posters/0036a2d3-b7b4-4697-8309-8f88491cec75_images.webp - 304 null image/webp 6.1903ms
2026-05-27 10:53:11.266 +07:00 [INF] Executed DbCommand (1ms) [Parameters=[], CommandType='"Text"', CommandTimeout='30']
SELECT [o].[OrderID], [o].[CheckInTime], [o].[FinalAmount], [o].[HoldExpiryTime], [o].[OrderCode], [o].[PayOSTransID], [o].[PromoID], [o].[QrCode], [o].[ShowtimeID], [o].[Status], [o].[TotalAmount], [o].[UserID]
FROM [Orders] AS [o]
WHERE [o].[Status] = N'Chờ thanh toán' AND [o].[HoldExpiryTime] <= GETDATE()
2026-05-27 10:53:11.271 +07:00 [INF] Executed DbCommand (1ms) [Parameters=[@__maxSellingDate_0='?' (DbType = DateTime2), @__now_1='?' (DbType = DateTime2)], CommandType='"Text"', CommandTimeout='30']
SELECT [s].[ShowtimeID], [s].[EndTime], [s].[MovieID], [s].[RoomID], [s].[ShowtimeCode], [s].[StartTime], [s].[Status]
FROM [Showtimes] AS [s]
WHERE [s].[Status] IN (N'Đã lên lịch', N'Sap chieu') AND CONVERT(date, [s].[StartTime]) <= @__maxSellingDate_0 AND [s].[StartTime] > @__now_1
2026-05-27 10:53:11.272 +07:00 [INF] Executed DbCommand (1ms) [Parameters=[@__now_0='?' (DbType = DateTime2)], CommandType='"Text"', CommandTimeout='30']
SELECT [s].[ShowtimeID], [s].[EndTime], [s].[MovieID], [s].[RoomID], [s].[ShowtimeCode], [s].[StartTime], [s].[Status]
FROM [Showtimes] AS [s]
WHERE [s].[Status] IN (N'Đã lên lịch', N'Đang mở bán', N'Sap chieu') AND [s].[StartTime] <= @__now_0 AND [s].[EndTime] > @__now_0
2026-05-27 10:53:11.274 +07:00 [INF] Executed DbCommand (1ms) [Parameters=[@__now_0='?' (DbType = DateTime2)], CommandType='"Text"', CommandTimeout='30']
SELECT [s].[ShowtimeID], [s].[EndTime], [s].[MovieID], [s].[RoomID], [s].[ShowtimeCode], [s].[StartTime], [s].[Status]
FROM [Showtimes] AS [s]
WHERE [s].[Status] IN (N'Đã lên lịch', N'Đang mở bán', N'Đang chiếu', N'Sap chieu', N'Dang dien ra') AND [s].[EndTime] <= @__now_0
2026-05-27 10:53:11.277 +07:00 [INF] Executed DbCommand (1ms) [Parameters=[@__today_0='?' (DbType = Date)], CommandType='"Text"', CommandTimeout='30']
SELECT [m].[MovieID], [m].[Actors], [m].[Description], [m].[Director], [m].[Duration], [m].[Genre], [m].[MovieCode], [m].[Poster], [m].[ReleaseDate], [m].[Status], [m].[Title], [m].[Trailer]
FROM [Movies] AS [m]
WHERE [m].[Status] = N'Sap chieu' AND [m].[ReleaseDate] <= @__today_0
2026-05-27 10:54:11.284 +07:00 [INF] Executed DbCommand (1ms) [Parameters=[], CommandType='"Text"', CommandTimeout='30']
SELECT [o].[OrderID], [o].[CheckInTime], [o].[FinalAmount], [o].[HoldExpiryTime], [o].[OrderCode], [o].[PayOSTransID], [o].[PromoID], [o].[QrCode], [o].[ShowtimeID], [o].[Status], [o].[TotalAmount], [o].[UserID]
FROM [Orders] AS [o]
WHERE [o].[Status] = N'Chờ thanh toán' AND [o].[HoldExpiryTime] <= GETDATE()
2026-05-27 10:54:11.286 +07:00 [INF] Executed DbCommand (1ms) [Parameters=[@__maxSellingDate_0='?' (DbType = DateTime2), @__now_1='?' (DbType = DateTime2)], CommandType='"Text"', CommandTimeout='30']
SELECT [s].[ShowtimeID], [s].[EndTime], [s].[MovieID], [s].[RoomID], [s].[ShowtimeCode], [s].[StartTime], [s].[Status]
FROM [Showtimes] AS [s]
WHERE [s].[Status] IN (N'Đã lên lịch', N'Sap chieu') AND CONVERT(date, [s].[StartTime]) <= @__maxSellingDate_0 AND [s].[StartTime] > @__now_1
2026-05-27 10:54:11.288 +07:00 [INF] Executed DbCommand (1ms) [Parameters=[@__now_0='?' (DbType = DateTime2)], CommandType='"Text"', CommandTimeout='30']
SELECT [s].[ShowtimeID], [s].[EndTime], [s].[MovieID], [s].[RoomID], [s].[ShowtimeCode], [s].[StartTime], [s].[Status]
FROM [Showtimes] AS [s]
WHERE [s].[Status] IN (N'Đã lên lịch', N'Đang mở bán', N'Sap chieu') AND [s].[StartTime] <= @__now_0 AND [s].[EndTime] > @__now_0
2026-05-27 10:54:11.289 +07:00 [INF] Executed DbCommand (1ms) [Parameters=[@__now_0='?' (DbType = DateTime2)], CommandType='"Text"', CommandTimeout='30']
SELECT [s].[ShowtimeID], [s].[EndTime], [s].[MovieID], [s].[RoomID], [s].[ShowtimeCode], [s].[StartTime], [s].[Status]
FROM [Showtimes] AS [s]
WHERE [s].[Status] IN (N'Đã lên lịch', N'Đang mở bán', N'Đang chiếu', N'Sap chieu', N'Dang dien ra') AND [s].[EndTime] <= @__now_0
2026-05-27 10:54:11.290 +07:00 [INF] Executed DbCommand (1ms) [Parameters=[@__today_0='?' (DbType = Date)], CommandType='"Text"', CommandTimeout='30']
SELECT [m].[MovieID], [m].[Actors], [m].[Description], [m].[Director], [m].[Duration], [m].[Genre], [m].[MovieCode], [m].[Poster], [m].[ReleaseDate], [m].[Status], [m].[Title], [m].[Trailer]
FROM [Movies] AS [m]
WHERE [m].[Status] = N'Sap chieu' AND [m].[ReleaseDate] <= @__today_0
2026-05-27 10:55:11.303 +07:00 [INF] Executed DbCommand (1ms) [Parameters=[], CommandType='"Text"', CommandTimeout='30']
SELECT [o].[OrderID], [o].[CheckInTime], [o].[FinalAmount], [o].[HoldExpiryTime], [o].[OrderCode], [o].[PayOSTransID], [o].[PromoID], [o].[QrCode], [o].[ShowtimeID], [o].[Status], [o].[TotalAmount], [o].[UserID]
FROM [Orders] AS [o]
WHERE [o].[Status] = N'Chờ thanh toán' AND [o].[HoldExpiryTime] <= GETDATE()
2026-05-27 10:55:11.305 +07:00 [INF] Executed DbCommand (1ms) [Parameters=[@__maxSellingDate_0='?' (DbType = DateTime2), @__now_1='?' (DbType = DateTime2)], CommandType='"Text"', CommandTimeout='30']
SELECT [s].[ShowtimeID], [s].[EndTime], [s].[MovieID], [s].[RoomID], [s].[ShowtimeCode], [s].[StartTime], [s].[Status]
FROM [Showtimes] AS [s]
WHERE [s].[Status] IN (N'Đã lên lịch', N'Sap chieu') AND CONVERT(date, [s].[StartTime]) <= @__maxSellingDate_0 AND [s].[StartTime] > @__now_1
2026-05-27 10:55:11.306 +07:00 [INF] Executed DbCommand (1ms) [Parameters=[@__now_0='?' (DbType = DateTime2)], CommandType='"Text"', CommandTimeout='30']
SELECT [s].[ShowtimeID], [s].[EndTime], [s].[MovieID], [s].[RoomID], [s].[ShowtimeCode], [s].[StartTime], [s].[Status]
FROM [Showtimes] AS [s]
WHERE [s].[Status] IN (N'Đã lên lịch', N'Đang mở bán', N'Sap chieu') AND [s].[StartTime] <= @__now_0 AND [s].[EndTime] > @__now_0
2026-05-27 10:55:11.308 +07:00 [INF] Executed DbCommand (1ms) [Parameters=[@__now_0='?' (DbType = DateTime2)], CommandType='"Text"', CommandTimeout='30']
SELECT [s].[ShowtimeID], [s].[EndTime], [s].[MovieID], [s].[RoomID], [s].[ShowtimeCode], [s].[StartTime], [s].[Status]
FROM [Showtimes] AS [s]
WHERE [s].[Status] IN (N'Đã lên lịch', N'Đang mở bán', N'Đang chiếu', N'Sap chieu', N'Dang dien ra') AND [s].[EndTime] <= @__now_0
2026-05-27 10:55:11.310 +07:00 [INF] Executed DbCommand (1ms) [Parameters=[@__today_0='?' (DbType = Date)], CommandType='"Text"', CommandTimeout='30']
SELECT [m].[MovieID], [m].[Actors], [m].[Description], [m].[Director], [m].[Duration], [m].[Genre], [m].[MovieCode], [m].[Poster], [m].[ReleaseDate], [m].[Status], [m].[Title], [m].[Trailer]
FROM [Movies] AS [m]
WHERE [m].[Status] = N'Sap chieu' AND [m].[ReleaseDate] <= @__today_0
2026-05-27 10:55:40.956 +07:00 [INF] Request starting HTTP/1.1 GET http://localhost:5231/ - null null
2026-05-27 10:55:40.959 +07:00 [INF] Executing endpoint 'AuraCinema.Web.Controllers.HomeController.Index (AuraCinema.Web)'
2026-05-27 10:55:40.959 +07:00 [INF] Route matched with {action = "Index", controller = "Home", area = ""}. Executing controller action with signature System.Threading.Tasks.Task`1[Microsoft.AspNetCore.Mvc.IActionResult] Index() on controller AuraCinema.Web.Controllers.HomeController (AuraCinema.Web).
2026-05-27 10:55:40.964 +07:00 [INF] Executed DbCommand (1ms) [Parameters=[], CommandType='"Text"', CommandTimeout='30']
SELECT [m].[MovieID], [m].[Title], [m].[Genre], [m].[Poster], [m].[Duration], [m].[Status], [m].[ReleaseDate], [m].[Director]
FROM [Movies] AS [m]
WHERE [m].[Status] IN (N'Dang chieu', N'Sap chieu')
ORDER BY [m].[ReleaseDate] DESC
2026-05-27 10:55:40.968 +07:00 [INF] Executed DbCommand (1ms) [Parameters=[@__p_1='?' (DbType = Int32), @__userId_0='?' (DbType = Int32)], CommandType='"Text"', CommandTimeout='30']
SELECT [t].[OrderID], [t].[CheckInTime], [t].[FinalAmount], [t].[HoldExpiryTime], [t].[OrderCode], [t].[PayOSTransID], [t].[PromoID], [t].[QrCode], [t].[ShowtimeID], [t].[Status], [t].[TotalAmount], [t].[UserID], [s].[ShowtimeID], [s].[EndTime], [s].[MovieID], [s].[RoomID], [s].[ShowtimeCode], [s].[StartTime], [s].[Status], [m].[MovieID], [m].[Actors], [m].[Description], [m].[Director], [m].[Duration], [m].[Genre], [m].[MovieCode], [m].[Poster], [m].[ReleaseDate], [m].[Status], [m].[Title], [m].[Trailer], [r].[RoomID], [r].[Capacity], [r].[RoomCode], [r].[RoomName], [r].[Status], [t0].[OrderID], [t0].[SeatID], [t0].[Price], [t0].[Status], [t0].[SeatID0], [t0].[RoomID], [t0].[RowLabel], [t0].[SeatCode], [t0].[SeatNumber], [t0].[SeatType]
FROM (
    SELECT TOP(@__p_1) [o].[OrderID], [o].[CheckInTime], [o].[FinalAmount], [o].[HoldExpiryTime], [o].[OrderCode], [o].[PayOSTransID], [o].[PromoID], [o].[QrCode], [o].[ShowtimeID], [o].[Status], [o].[TotalAmount], [o].[UserID]
    FROM [Orders] AS [o]
    WHERE [o].[UserID] = @__userId_0 AND [o].[Status] IN (N'Da thanh toan', N'Da su dung', N'Đã thanh toán', N'Đã sử dụng')
    ORDER BY [o].[OrderID] DESC
) AS [t]
INNER JOIN [Showtimes] AS [s] ON [t].[ShowtimeID] = [s].[ShowtimeID]
INNER JOIN [Movies] AS [m] ON [s].[MovieID] = [m].[MovieID]
INNER JOIN [Rooms] AS [r] ON [s].[RoomID] = [r].[RoomID]
LEFT JOIN (
    SELECT [o0].[OrderID], [o0].[SeatID], [o0].[Price], [o0].[Status], [s0].[SeatID] AS [SeatID0], [s0].[RoomID], [s0].[RowLabel], [s0].[SeatCode], [s0].[SeatNumber], [s0].[SeatType]
    FROM [OrderSeats] AS [o0]
    INNER JOIN [Seats] AS [s0] ON [o0].[SeatID] = [s0].[SeatID]
) AS [t0] ON [t].[OrderID] = [t0].[OrderID]
ORDER BY [t].[OrderID] DESC, [s].[ShowtimeID], [m].[MovieID], [r].[RoomID], [t0].[OrderID], [t0].[SeatID]
2026-05-27 10:55:40.971 +07:00 [INF] Executing ViewResult, running view Index.
2026-05-27 10:55:40.986 +07:00 [INF] Executed ViewResult - view Index executed in 15.7061ms.
2026-05-27 10:55:40.987 +07:00 [INF] Executed action AuraCinema.Web.Controllers.HomeController.Index (AuraCinema.Web) in 27.0644ms
2026-05-27 10:55:40.987 +07:00 [INF] Executed endpoint 'AuraCinema.Web.Controllers.HomeController.Index (AuraCinema.Web)'
2026-05-27 10:55:40.988 +07:00 [INF] Request finished HTTP/1.1 GET http://localhost:5231/ - 200 null text/html; charset=utf-8 31.9236ms
2026-05-27 10:55:41.022 +07:00 [INF] Request starting HTTP/1.1 GET http://localhost:5231/css/site.css?v=afBYmymxN64xbM2EHfpOyOy76GAbiG9TLtBLj65Bc-Y - null null
2026-05-27 10:55:41.023 +07:00 [INF] Request starting HTTP/1.1 GET http://localhost:5231/uploads/posters/0036a2d3-b7b4-4697-8309-8f88491cec75_images.webp - null null
2026-05-27 10:55:41.023 +07:00 [INF] The file /css/site.css was not modified
2026-05-27 10:55:41.024 +07:00 [INF] Request finished HTTP/1.1 GET http://localhost:5231/css/site.css?v=afBYmymxN64xbM2EHfpOyOy76GAbiG9TLtBLj65Bc-Y - 304 null text/css 1.4924ms
2026-05-27 10:55:41.032 +07:00 [INF] The file /uploads/posters/0036a2d3-b7b4-4697-8309-8f88491cec75_images.webp was not modified
2026-05-27 10:55:41.032 +07:00 [INF] Request finished HTTP/1.1 GET http://localhost:5231/uploads/posters/0036a2d3-b7b4-4697-8309-8f88491cec75_images.webp - 304 null image/webp 9.5408ms
2026-05-27 10:56:18.182 +07:00 [INF] Executed DbCommand (17ms) [Parameters=[], CommandType='"Text"', CommandTimeout='30']
SELECT 1
2026-05-27 10:56:18.241 +07:00 [INF] Executed DbCommand (17ms) [Parameters=[], CommandType='"Text"', CommandTimeout='30']
SELECT OBJECT_ID(N'[__EFMigrationsHistory]');
2026-05-27 10:56:18.244 +07:00 [INF] Executed DbCommand (1ms) [Parameters=[], CommandType='"Text"', CommandTimeout='30']
SELECT 1
2026-05-27 10:56:18.245 +07:00 [INF] Executed DbCommand (1ms) [Parameters=[], CommandType='"Text"', CommandTimeout='30']
SELECT OBJECT_ID(N'[__EFMigrationsHistory]');
2026-05-27 10:56:18.262 +07:00 [INF] Executed DbCommand (4ms) [Parameters=[], CommandType='"Text"', CommandTimeout='30']
SELECT [MigrationId], [ProductVersion]
FROM [__EFMigrationsHistory]
ORDER BY [MigrationId];
2026-05-27 10:56:18.280 +07:00 [INF] No migrations were applied. The database is already up to date.
2026-05-27 10:56:18.436 +07:00 [INF] Executed DbCommand (4ms) [Parameters=[], CommandType='"Text"', CommandTimeout='30']
SELECT CASE
    WHEN EXISTS (
        SELECT 1
        FROM [Users] AS [u]
        WHERE [u].[Email] = N'admin@auracinema.vn') THEN CAST(1 AS bit)
    ELSE CAST(0 AS bit)
END
2026-05-27 10:56:18.443 +07:00 [INF] Executed DbCommand (1ms) [Parameters=[], CommandType='"Text"', CommandTimeout='30']
SELECT CASE
    WHEN EXISTS (
        SELECT 1
        FROM [Users] AS [u]
        WHERE [u].[Email] = N'staff@auracinema.vn') THEN CAST(1 AS bit)
    ELSE CAST(0 AS bit)
END
2026-05-27 10:56:18.446 +07:00 [INF] Executed DbCommand (1ms) [Parameters=[], CommandType='"Text"', CommandTimeout='30']
SELECT CASE
    WHEN EXISTS (
        SELECT 1
        FROM [Users] AS [u]
        WHERE [u].[Email] = N'customer@gmail.com') THEN CAST(1 AS bit)
    ELSE CAST(0 AS bit)
END
2026-05-27 10:56:18.500 +07:00 [INF] Executed DbCommand (3ms) [Parameters=[], CommandType='"Text"', CommandTimeout='30']
SELECT [u].[UserID], [u].[Email], [u].[FullName], [u].[OtpCode], [u].[OtpExpiry], [u].[Password], [u].[Phone], [u].[Role], [u].[Status], [u].[UserCode]
FROM [Users] AS [u]
WHERE [u].[UserCode] LIKE N''
2026-05-27 10:56:18.506 +07:00 [INF] Executed DbCommand (2ms) [Parameters=[], CommandType='"Text"', CommandTimeout='30']
SELECT CASE
    WHEN EXISTS (
        SELECT 1
        FROM [Rooms] AS [r]) THEN CAST(1 AS bit)
    ELSE CAST(0 AS bit)
END
2026-05-27 10:56:18.510 +07:00 [INF] Executed DbCommand (2ms) [Parameters=[], CommandType='"Text"', CommandTimeout='30']
SELECT CASE
    WHEN EXISTS (
        SELECT 1
        FROM [PriceConfigs] AS [p]) THEN CAST(1 AS bit)
    ELSE CAST(0 AS bit)
END
2026-05-27 10:56:18.516 +07:00 [INF] Executed DbCommand (4ms) [Parameters=[], CommandType='"Text"', CommandTimeout='30']
SELECT CASE
    WHEN EXISTS (
        SELECT 1
        FROM [Movies] AS [m]) THEN CAST(1 AS bit)
    ELSE CAST(0 AS bit)
END
2026-05-27 10:56:18.541 +07:00 [INF] Executed DbCommand (21ms) [Parameters=[], CommandType='"Text"', CommandTimeout='30']
SELECT CASE
    WHEN EXISTS (
        SELECT 1
        FROM [Services] AS [s]) THEN CAST(1 AS bit)
    ELSE CAST(0 AS bit)
END
2026-05-27 10:56:18.551 +07:00 [INF] Executed DbCommand (7ms) [Parameters=[], CommandType='"Text"', CommandTimeout='30']
SELECT CASE
    WHEN EXISTS (
        SELECT 1
        FROM [Promotions] AS [p]) THEN CAST(1 AS bit)
    ELSE CAST(0 AS bit)
END
2026-05-27 10:56:18.556 +07:00 [INF] Executed DbCommand (2ms) [Parameters=[], CommandType='"Text"', CommandTimeout='30']
SELECT CASE
    WHEN EXISTS (
        SELECT 1
        FROM [Showtimes] AS [s]) THEN CAST(1 AS bit)
    ELSE CAST(0 AS bit)
END
2026-05-27 10:56:18.573 +07:00 [INF] Executed DbCommand (3ms) [Parameters=[], CommandType='"Text"', CommandTimeout='30']
SELECT CASE
    WHEN EXISTS (
        SELECT 1
        FROM [Orders] AS [o]
        WHERE [o].[Status] IN (N'Da thanh toan', N'Đã thanh toán')) THEN CAST(1 AS bit)
    ELSE CAST(0 AS bit)
END
2026-05-27 10:56:18.620 +07:00 [INF] Executed DbCommand (12ms) [Parameters=[@__startDate_0='?' (DbType = DateTime2), @__AddDays_1='?' (DbType = DateTime2)], CommandType='"Text"', CommandTimeout='30']
SELECT COUNT(*)
FROM [Showtimes] AS [s]
WHERE [s].[StartTime] >= @__startDate_0 AND [s].[StartTime] <= @__AddDays_1
2026-05-27 10:56:18.715 +07:00 [INF] User profile is available. Using 'C:\Users\lqhie\AppData\Local\ASP.NET\DataProtection-Keys' as key repository and Windows DPAPI to encrypt keys at rest.
2026-05-27 10:56:18.739 +07:00 [INF] Booking Cleanup Service is starting.
2026-05-27 10:56:18.758 +07:00 [INF] Executed DbCommand (2ms) [Parameters=[], CommandType='"Text"', CommandTimeout='30']
SELECT [o].[OrderID], [o].[CheckInTime], [o].[FinalAmount], [o].[HoldExpiryTime], [o].[OrderCode], [o].[PayOSTransID], [o].[PromoID], [o].[QrCode], [o].[ShowtimeID], [o].[Status], [o].[TotalAmount], [o].[UserID]
FROM [Orders] AS [o]
WHERE [o].[Status] = N'Chờ thanh toán' AND [o].[HoldExpiryTime] <= GETDATE()
2026-05-27 10:56:18.784 +07:00 [INF] Now listening on: http://localhost:5231
2026-05-27 10:56:18.785 +07:00 [INF] Application started. Press Ctrl+C to shut down.
2026-05-27 10:56:18.785 +07:00 [INF] Hosting environment: Development
2026-05-27 10:56:18.785 +07:00 [INF] Content root path: D:\AURACINEMA\AuraCinema.Web
2026-05-27 10:56:18.813 +07:00 [INF] Executed DbCommand (2ms) [Parameters=[@__maxSellingDate_0='?' (DbType = DateTime2), @__now_1='?' (DbType = DateTime2)], CommandType='"Text"', CommandTimeout='30']
SELECT [s].[ShowtimeID], [s].[EndTime], [s].[MovieID], [s].[RoomID], [s].[ShowtimeCode], [s].[StartTime], [s].[Status]
FROM [Showtimes] AS [s]
WHERE [s].[Status] IN (N'Đã lên lịch', N'Sap chieu') AND CONVERT(date, [s].[StartTime]) <= @__maxSellingDate_0 AND [s].[StartTime] > @__now_1
2026-05-27 10:56:18.819 +07:00 [INF] Executed DbCommand (2ms) [Parameters=[@__now_0='?' (DbType = DateTime2)], CommandType='"Text"', CommandTimeout='30']
SELECT [s].[ShowtimeID], [s].[EndTime], [s].[MovieID], [s].[RoomID], [s].[ShowtimeCode], [s].[StartTime], [s].[Status]
FROM [Showtimes] AS [s]
WHERE [s].[Status] IN (N'Đã lên lịch', N'Đang mở bán', N'Sap chieu') AND [s].[StartTime] <= @__now_0 AND [s].[EndTime] > @__now_0
2026-05-27 10:56:18.824 +07:00 [INF] Executed DbCommand (2ms) [Parameters=[@__now_0='?' (DbType = DateTime2)], CommandType='"Text"', CommandTimeout='30']
SELECT [s].[ShowtimeID], [s].[EndTime], [s].[MovieID], [s].[RoomID], [s].[ShowtimeCode], [s].[StartTime], [s].[Status]
FROM [Showtimes] AS [s]
WHERE [s].[Status] IN (N'Đã lên lịch', N'Đang mở bán', N'Đang chiếu', N'Sap chieu', N'Dang dien ra') AND [s].[EndTime] <= @__now_0
2026-05-27 10:56:18.836 +07:00 [INF] Executed DbCommand (4ms) [Parameters=[@__today_0='?' (DbType = Date)], CommandType='"Text"', CommandTimeout='30']
SELECT [m].[MovieID], [m].[Actors], [m].[Description], [m].[Director], [m].[Duration], [m].[Genre], [m].[MovieCode], [m].[Poster], [m].[ReleaseDate], [m].[Status], [m].[Title], [m].[Trailer]
FROM [Movies] AS [m]
WHERE [m].[Status] = N'Sap chieu' AND [m].[ReleaseDate] <= @__today_0
2026-05-27 10:56:21.803 +07:00 [INF] Request starting HTTP/1.1 GET http://localhost:5231/ - null null
2026-05-27 10:56:21.808 +07:00 [WRN] Failed to determine the https port for redirect.
2026-05-27 10:56:21.879 +07:00 [INF] Executing endpoint 'AuraCinema.Web.Controllers.HomeController.Index (AuraCinema.Web)'
2026-05-27 10:56:21.897 +07:00 [INF] Route matched with {action = "Index", controller = "Home", area = ""}. Executing controller action with signature System.Threading.Tasks.Task`1[Microsoft.AspNetCore.Mvc.IActionResult] Index() on controller AuraCinema.Web.Controllers.HomeController (AuraCinema.Web).
2026-05-27 10:56:21.931 +07:00 [INF] Executed DbCommand (2ms) [Parameters=[], CommandType='"Text"', CommandTimeout='30']
SELECT [m].[MovieID], [m].[Title], [m].[Genre], [m].[Poster], [m].[Duration], [m].[Status], [m].[ReleaseDate], [m].[Director]
FROM [Movies] AS [m]
WHERE [m].[Status] IN (N'Dang chieu', N'Sap chieu')
ORDER BY [m].[ReleaseDate] DESC
2026-05-27 10:56:22.028 +07:00 [INF] Executed DbCommand (20ms) [Parameters=[@__p_1='?' (DbType = Int32), @__userId_0='?' (DbType = Int32)], CommandType='"Text"', CommandTimeout='30']
SELECT [t].[OrderID], [t].[CheckInTime], [t].[FinalAmount], [t].[HoldExpiryTime], [t].[OrderCode], [t].[PayOSTransID], [t].[PromoID], [t].[QrCode], [t].[ShowtimeID], [t].[Status], [t].[TotalAmount], [t].[UserID], [s].[ShowtimeID], [s].[EndTime], [s].[MovieID], [s].[RoomID], [s].[ShowtimeCode], [s].[StartTime], [s].[Status], [m].[MovieID], [m].[Actors], [m].[Description], [m].[Director], [m].[Duration], [m].[Genre], [m].[MovieCode], [m].[Poster], [m].[ReleaseDate], [m].[Status], [m].[Title], [m].[Trailer], [r].[RoomID], [r].[Capacity], [r].[RoomCode], [r].[RoomName], [r].[Status], [t0].[OrderID], [t0].[SeatID], [t0].[Price], [t0].[Status], [t0].[SeatID0], [t0].[RoomID], [t0].[RowLabel], [t0].[SeatCode], [t0].[SeatNumber], [t0].[SeatType]
FROM (
    SELECT TOP(@__p_1) [o].[OrderID], [o].[CheckInTime], [o].[FinalAmount], [o].[HoldExpiryTime], [o].[OrderCode], [o].[PayOSTransID], [o].[PromoID], [o].[QrCode], [o].[ShowtimeID], [o].[Status], [o].[TotalAmount], [o].[UserID]
    FROM [Orders] AS [o]
    WHERE [o].[UserID] = @__userId_0 AND [o].[Status] IN (N'Da thanh toan', N'Da su dung', N'Đã thanh toán', N'Đã sử dụng')
    ORDER BY [o].[OrderID] DESC
) AS [t]
INNER JOIN [Showtimes] AS [s] ON [t].[ShowtimeID] = [s].[ShowtimeID]
INNER JOIN [Movies] AS [m] ON [s].[MovieID] = [m].[MovieID]
INNER JOIN [Rooms] AS [r] ON [s].[RoomID] = [r].[RoomID]
LEFT JOIN (
    SELECT [o0].[OrderID], [o0].[SeatID], [o0].[Price], [o0].[Status], [s0].[SeatID] AS [SeatID0], [s0].[RoomID], [s0].[RowLabel], [s0].[SeatCode], [s0].[SeatNumber], [s0].[SeatType]
    FROM [OrderSeats] AS [o0]
    INNER JOIN [Seats] AS [s0] ON [o0].[SeatID] = [s0].[SeatID]
) AS [t0] ON [t].[OrderID] = [t0].[OrderID]
ORDER BY [t].[OrderID] DESC, [s].[ShowtimeID], [m].[MovieID], [r].[RoomID], [t0].[OrderID], [t0].[SeatID]
2026-05-27 10:56:22.233 +07:00 [INF] Executing ViewResult, running view Index.
2026-05-27 10:56:22.364 +07:00 [INF] Executed ViewResult - view Index executed in 130.5774ms.
2026-05-27 10:56:22.370 +07:00 [INF] Executed action AuraCinema.Web.Controllers.HomeController.Index (AuraCinema.Web) in 471.6021ms
2026-05-27 10:56:22.370 +07:00 [INF] Executed endpoint 'AuraCinema.Web.Controllers.HomeController.Index (AuraCinema.Web)'
2026-05-27 10:56:22.378 +07:00 [INF] Request finished HTTP/1.1 GET http://localhost:5231/ - 200 null text/html; charset=utf-8 578.3253ms
2026-05-27 10:57:18.848 +07:00 [INF] Executed DbCommand (1ms) [Parameters=[], CommandType='"Text"', CommandTimeout='30']
SELECT [o].[OrderID], [o].[CheckInTime], [o].[FinalAmount], [o].[HoldExpiryTime], [o].[OrderCode], [o].[PayOSTransID], [o].[PromoID], [o].[QrCode], [o].[ShowtimeID], [o].[Status], [o].[TotalAmount], [o].[UserID]
FROM [Orders] AS [o]
WHERE [o].[Status] = N'Chờ thanh toán' AND [o].[HoldExpiryTime] <= GETDATE()
2026-05-27 10:57:18.850 +07:00 [INF] Executed DbCommand (1ms) [Parameters=[@__maxSellingDate_0='?' (DbType = DateTime2), @__now_1='?' (DbType = DateTime2)], CommandType='"Text"', CommandTimeout='30']
SELECT [s].[ShowtimeID], [s].[EndTime], [s].[MovieID], [s].[RoomID], [s].[ShowtimeCode], [s].[StartTime], [s].[Status]
FROM [Showtimes] AS [s]
WHERE [s].[Status] IN (N'Đã lên lịch', N'Sap chieu') AND CONVERT(date, [s].[StartTime]) <= @__maxSellingDate_0 AND [s].[StartTime] > @__now_1
2026-05-27 10:57:18.852 +07:00 [INF] Executed DbCommand (1ms) [Parameters=[@__now_0='?' (DbType = DateTime2)], CommandType='"Text"', CommandTimeout='30']
SELECT [s].[ShowtimeID], [s].[EndTime], [s].[MovieID], [s].[RoomID], [s].[ShowtimeCode], [s].[StartTime], [s].[Status]
FROM [Showtimes] AS [s]
WHERE [s].[Status] IN (N'Đã lên lịch', N'Đang mở bán', N'Sap chieu') AND [s].[StartTime] <= @__now_0 AND [s].[EndTime] > @__now_0
2026-05-27 10:57:18.853 +07:00 [INF] Executed DbCommand (1ms) [Parameters=[@__now_0='?' (DbType = DateTime2)], CommandType='"Text"', CommandTimeout='30']
SELECT [s].[ShowtimeID], [s].[EndTime], [s].[MovieID], [s].[RoomID], [s].[ShowtimeCode], [s].[StartTime], [s].[Status]
FROM [Showtimes] AS [s]
WHERE [s].[Status] IN (N'Đã lên lịch', N'Đang mở bán', N'Đang chiếu', N'Sap chieu', N'Dang dien ra') AND [s].[EndTime] <= @__now_0
2026-05-27 10:57:18.855 +07:00 [INF] Executed DbCommand (1ms) [Parameters=[@__today_0='?' (DbType = Date)], CommandType='"Text"', CommandTimeout='30']
SELECT [m].[MovieID], [m].[Actors], [m].[Description], [m].[Director], [m].[Duration], [m].[Genre], [m].[MovieCode], [m].[Poster], [m].[ReleaseDate], [m].[Status], [m].[Title], [m].[Trailer]
FROM [Movies] AS [m]
WHERE [m].[Status] = N'Sap chieu' AND [m].[ReleaseDate] <= @__today_0
2026-05-27 10:58:03.746 +07:00 [INF] Executed DbCommand (18ms) [Parameters=[], CommandType='"Text"', CommandTimeout='30']
SELECT 1
2026-05-27 10:58:03.834 +07:00 [INF] Executed DbCommand (19ms) [Parameters=[], CommandType='"Text"', CommandTimeout='30']
SELECT OBJECT_ID(N'[__EFMigrationsHistory]');
2026-05-27 10:58:03.837 +07:00 [INF] Executed DbCommand (1ms) [Parameters=[], CommandType='"Text"', CommandTimeout='30']
SELECT 1
2026-05-27 10:58:03.838 +07:00 [INF] Executed DbCommand (1ms) [Parameters=[], CommandType='"Text"', CommandTimeout='30']
SELECT OBJECT_ID(N'[__EFMigrationsHistory]');
2026-05-27 10:58:03.852 +07:00 [INF] Executed DbCommand (3ms) [Parameters=[], CommandType='"Text"', CommandTimeout='30']
SELECT [MigrationId], [ProductVersion]
FROM [__EFMigrationsHistory]
ORDER BY [MigrationId];
2026-05-27 10:58:03.865 +07:00 [INF] No migrations were applied. The database is already up to date.
2026-05-27 10:58:04.031 +07:00 [INF] Executed DbCommand (4ms) [Parameters=[], CommandType='"Text"', CommandTimeout='30']
SELECT CASE
    WHEN EXISTS (
        SELECT 1
        FROM [Users] AS [u]
        WHERE [u].[Email] = N'admin@auracinema.vn') THEN CAST(1 AS bit)
    ELSE CAST(0 AS bit)
END
2026-05-27 10:58:04.037 +07:00 [INF] Executed DbCommand (1ms) [Parameters=[], CommandType='"Text"', CommandTimeout='30']
SELECT CASE
    WHEN EXISTS (
        SELECT 1
        FROM [Users] AS [u]
        WHERE [u].[Email] = N'staff@auracinema.vn') THEN CAST(1 AS bit)
    ELSE CAST(0 AS bit)
END
2026-05-27 10:58:04.041 +07:00 [INF] Executed DbCommand (1ms) [Parameters=[], CommandType='"Text"', CommandTimeout='30']
SELECT CASE
    WHEN EXISTS (
        SELECT 1
        FROM [Users] AS [u]
        WHERE [u].[Email] = N'customer@gmail.com') THEN CAST(1 AS bit)
    ELSE CAST(0 AS bit)
END
2026-05-27 10:58:04.109 +07:00 [INF] Executed DbCommand (2ms) [Parameters=[], CommandType='"Text"', CommandTimeout='30']
SELECT [u].[UserID], [u].[Email], [u].[FullName], [u].[OtpCode], [u].[OtpExpiry], [u].[Password], [u].[Phone], [u].[Role], [u].[Status], [u].[UserCode]
FROM [Users] AS [u]
WHERE [u].[UserCode] LIKE N''
2026-05-27 10:58:04.116 +07:00 [INF] Executed DbCommand (3ms) [Parameters=[], CommandType='"Text"', CommandTimeout='30']
SELECT CASE
    WHEN EXISTS (
        SELECT 1
        FROM [Rooms] AS [r]) THEN CAST(1 AS bit)
    ELSE CAST(0 AS bit)
END
2026-05-27 10:58:04.122 +07:00 [INF] Executed DbCommand (3ms) [Parameters=[], CommandType='"Text"', CommandTimeout='30']
SELECT CASE
    WHEN EXISTS (
        SELECT 1
        FROM [PriceConfigs] AS [p]) THEN CAST(1 AS bit)
    ELSE CAST(0 AS bit)
END
2026-05-27 10:58:04.129 +07:00 [INF] Executed DbCommand (4ms) [Parameters=[], CommandType='"Text"', CommandTimeout='30']
SELECT CASE
    WHEN EXISTS (
        SELECT 1
        FROM [Movies] AS [m]) THEN CAST(1 AS bit)
    ELSE CAST(0 AS bit)
END
2026-05-27 10:58:04.134 +07:00 [INF] Executed DbCommand (2ms) [Parameters=[], CommandType='"Text"', CommandTimeout='30']
SELECT CASE
    WHEN EXISTS (
        SELECT 1
        FROM [Services] AS [s]) THEN CAST(1 AS bit)
    ELSE CAST(0 AS bit)
END
2026-05-27 10:58:04.139 +07:00 [INF] Executed DbCommand (2ms) [Parameters=[], CommandType='"Text"', CommandTimeout='30']
SELECT CASE
    WHEN EXISTS (
        SELECT 1
        FROM [Promotions] AS [p]) THEN CAST(1 AS bit)
    ELSE CAST(0 AS bit)
END
2026-05-27 10:58:04.145 +07:00 [INF] Executed DbCommand (2ms) [Parameters=[], CommandType='"Text"', CommandTimeout='30']
SELECT CASE
    WHEN EXISTS (
        SELECT 1
        FROM [Showtimes] AS [s]) THEN CAST(1 AS bit)
    ELSE CAST(0 AS bit)
END
2026-05-27 10:58:04.160 +07:00 [INF] Executed DbCommand (3ms) [Parameters=[], CommandType='"Text"', CommandTimeout='30']
SELECT CASE
    WHEN EXISTS (
        SELECT 1
        FROM [Orders] AS [o]
        WHERE [o].[Status] IN (N'Da thanh toan', N'Đã thanh toán')) THEN CAST(1 AS bit)
    ELSE CAST(0 AS bit)
END
2026-05-27 10:58:04.220 +07:00 [INF] Executed DbCommand (14ms) [Parameters=[@__startDate_0='?' (DbType = DateTime2), @__AddDays_1='?' (DbType = DateTime2)], CommandType='"Text"', CommandTimeout='30']
SELECT COUNT(*)
FROM [Showtimes] AS [s]
WHERE [s].[StartTime] >= @__startDate_0 AND [s].[StartTime] <= @__AddDays_1
2026-05-27 10:58:04.317 +07:00 [INF] User profile is available. Using 'C:\Users\lqhie\AppData\Local\ASP.NET\DataProtection-Keys' as key repository and Windows DPAPI to encrypt keys at rest.
2026-05-27 10:58:04.341 +07:00 [INF] Booking Cleanup Service is starting.
2026-05-27 10:58:04.365 +07:00 [INF] Executed DbCommand (5ms) [Parameters=[], CommandType='"Text"', CommandTimeout='30']
SELECT [o].[OrderID], [o].[CheckInTime], [o].[FinalAmount], [o].[HoldExpiryTime], [o].[OrderCode], [o].[PayOSTransID], [o].[PromoID], [o].[QrCode], [o].[ShowtimeID], [o].[Status], [o].[TotalAmount], [o].[UserID]
FROM [Orders] AS [o]
WHERE [o].[Status] = N'Chờ thanh toán' AND [o].[HoldExpiryTime] <= GETDATE()
2026-05-27 10:58:04.395 +07:00 [INF] Now listening on: http://localhost:5231
2026-05-27 10:58:04.395 +07:00 [INF] Application started. Press Ctrl+C to shut down.
2026-05-27 10:58:04.396 +07:00 [INF] Hosting environment: Development
2026-05-27 10:58:04.396 +07:00 [INF] Content root path: D:\AURACINEMA\AuraCinema.Web
2026-05-27 10:58:04.432 +07:00 [INF] Executed DbCommand (3ms) [Parameters=[@__maxSellingDate_0='?' (DbType = DateTime2), @__now_1='?' (DbType = DateTime2)], CommandType='"Text"', CommandTimeout='30']
SELECT [s].[ShowtimeID], [s].[EndTime], [s].[MovieID], [s].[RoomID], [s].[ShowtimeCode], [s].[StartTime], [s].[Status]
FROM [Showtimes] AS [s]
WHERE [s].[Status] IN (N'Đã lên lịch', N'Sap chieu') AND CONVERT(date, [s].[StartTime]) <= @__maxSellingDate_0 AND [s].[StartTime] > @__now_1
2026-05-27 10:58:04.440 +07:00 [INF] Executed DbCommand (2ms) [Parameters=[@__now_0='?' (DbType = DateTime2)], CommandType='"Text"', CommandTimeout='30']
SELECT [s].[ShowtimeID], [s].[EndTime], [s].[MovieID], [s].[RoomID], [s].[ShowtimeCode], [s].[StartTime], [s].[Status]
FROM [Showtimes] AS [s]
WHERE [s].[Status] IN (N'Đã lên lịch', N'Đang mở bán', N'Sap chieu') AND [s].[StartTime] <= @__now_0 AND [s].[EndTime] > @__now_0
2026-05-27 10:58:04.448 +07:00 [INF] Executed DbCommand (2ms) [Parameters=[@__now_0='?' (DbType = DateTime2)], CommandType='"Text"', CommandTimeout='30']
SELECT [s].[ShowtimeID], [s].[EndTime], [s].[MovieID], [s].[RoomID], [s].[ShowtimeCode], [s].[StartTime], [s].[Status]
FROM [Showtimes] AS [s]
WHERE [s].[Status] IN (N'Đã lên lịch', N'Đang mở bán', N'Đang chiếu', N'Sap chieu', N'Dang dien ra') AND [s].[EndTime] <= @__now_0
2026-05-27 10:58:04.460 +07:00 [INF] Executed DbCommand (3ms) [Parameters=[@__today_0='?' (DbType = Date)], CommandType='"Text"', CommandTimeout='30']
SELECT [m].[MovieID], [m].[Actors], [m].[Description], [m].[Director], [m].[Duration], [m].[Genre], [m].[MovieCode], [m].[Poster], [m].[ReleaseDate], [m].[Status], [m].[Title], [m].[Trailer]
FROM [Movies] AS [m]
WHERE [m].[Status] = N'Sap chieu' AND [m].[ReleaseDate] <= @__today_0
2026-05-27 10:59:04.481 +07:00 [INF] Executed DbCommand (1ms) [Parameters=[], CommandType='"Text"', CommandTimeout='30']
SELECT [o].[OrderID], [o].[CheckInTime], [o].[FinalAmount], [o].[HoldExpiryTime], [o].[OrderCode], [o].[PayOSTransID], [o].[PromoID], [o].[QrCode], [o].[ShowtimeID], [o].[Status], [o].[TotalAmount], [o].[UserID]
FROM [Orders] AS [o]
WHERE [o].[Status] = N'Chờ thanh toán' AND [o].[HoldExpiryTime] <= GETDATE()
2026-05-27 10:59:04.485 +07:00 [INF] Executed DbCommand (1ms) [Parameters=[@__maxSellingDate_0='?' (DbType = DateTime2), @__now_1='?' (DbType = DateTime2)], CommandType='"Text"', CommandTimeout='30']
SELECT [s].[ShowtimeID], [s].[EndTime], [s].[MovieID], [s].[RoomID], [s].[ShowtimeCode], [s].[StartTime], [s].[Status]
FROM [Showtimes] AS [s]
WHERE [s].[Status] IN (N'Đã lên lịch', N'Sap chieu') AND CONVERT(date, [s].[StartTime]) <= @__maxSellingDate_0 AND [s].[StartTime] > @__now_1
2026-05-27 10:59:04.486 +07:00 [INF] Executed DbCommand (1ms) [Parameters=[@__now_0='?' (DbType = DateTime2)], CommandType='"Text"', CommandTimeout='30']
SELECT [s].[ShowtimeID], [s].[EndTime], [s].[MovieID], [s].[RoomID], [s].[ShowtimeCode], [s].[StartTime], [s].[Status]
FROM [Showtimes] AS [s]
WHERE [s].[Status] IN (N'Đã lên lịch', N'Đang mở bán', N'Sap chieu') AND [s].[StartTime] <= @__now_0 AND [s].[EndTime] > @__now_0
2026-05-27 10:59:04.488 +07:00 [INF] Executed DbCommand (1ms) [Parameters=[@__now_0='?' (DbType = DateTime2)], CommandType='"Text"', CommandTimeout='30']
SELECT [s].[ShowtimeID], [s].[EndTime], [s].[MovieID], [s].[RoomID], [s].[ShowtimeCode], [s].[StartTime], [s].[Status]
FROM [Showtimes] AS [s]
WHERE [s].[Status] IN (N'Đã lên lịch', N'Đang mở bán', N'Đang chiếu', N'Sap chieu', N'Dang dien ra') AND [s].[EndTime] <= @__now_0
2026-05-27 10:59:04.490 +07:00 [INF] Executed DbCommand (1ms) [Parameters=[@__today_0='?' (DbType = Date)], CommandType='"Text"', CommandTimeout='30']
SELECT [m].[MovieID], [m].[Actors], [m].[Description], [m].[Director], [m].[Duration], [m].[Genre], [m].[MovieCode], [m].[Poster], [m].[ReleaseDate], [m].[Status], [m].[Title], [m].[Trailer]
FROM [Movies] AS [m]
WHERE [m].[Status] = N'Sap chieu' AND [m].[ReleaseDate] <= @__today_0
2026-05-27 10:59:42.205 +07:00 [INF] Request starting HTTP/1.1 GET http://localhost:5231/ - null null
2026-05-27 10:59:42.208 +07:00 [WRN] Failed to determine the https port for redirect.
2026-05-27 10:59:42.271 +07:00 [INF] Executing endpoint 'AuraCinema.Web.Controllers.HomeController.Index (AuraCinema.Web)'
2026-05-27 10:59:42.290 +07:00 [INF] Route matched with {action = "Index", controller = "Home", area = ""}. Executing controller action with signature System.Threading.Tasks.Task`1[Microsoft.AspNetCore.Mvc.IActionResult] Index() on controller AuraCinema.Web.Controllers.HomeController (AuraCinema.Web).
2026-05-27 10:59:42.322 +07:00 [INF] Executed DbCommand (3ms) [Parameters=[], CommandType='"Text"', CommandTimeout='30']
SELECT [m].[MovieID], [m].[Title], [m].[Genre], [m].[Poster], [m].[Duration], [m].[Status], [m].[ReleaseDate], [m].[Director]
FROM [Movies] AS [m]
WHERE [m].[Status] IN (N'Dang chieu', N'Sap chieu')
ORDER BY [m].[ReleaseDate] DESC
2026-05-27 10:59:42.450 +07:00 [INF] Executed DbCommand (15ms) [Parameters=[@__p_1='?' (DbType = Int32), @__userId_0='?' (DbType = Int32)], CommandType='"Text"', CommandTimeout='30']
SELECT [t].[OrderID], [t].[CheckInTime], [t].[FinalAmount], [t].[HoldExpiryTime], [t].[OrderCode], [t].[PayOSTransID], [t].[PromoID], [t].[QrCode], [t].[ShowtimeID], [t].[Status], [t].[TotalAmount], [t].[UserID], [s].[ShowtimeID], [s].[EndTime], [s].[MovieID], [s].[RoomID], [s].[ShowtimeCode], [s].[StartTime], [s].[Status], [m].[MovieID], [m].[Actors], [m].[Description], [m].[Director], [m].[Duration], [m].[Genre], [m].[MovieCode], [m].[Poster], [m].[ReleaseDate], [m].[Status], [m].[Title], [m].[Trailer], [r].[RoomID], [r].[Capacity], [r].[RoomCode], [r].[RoomName], [r].[Status], [t0].[OrderID], [t0].[SeatID], [t0].[Price], [t0].[Status], [t0].[SeatID0], [t0].[RoomID], [t0].[RowLabel], [t0].[SeatCode], [t0].[SeatNumber], [t0].[SeatType]
FROM (
    SELECT TOP(@__p_1) [o].[OrderID], [o].[CheckInTime], [o].[FinalAmount], [o].[HoldExpiryTime], [o].[OrderCode], [o].[PayOSTransID], [o].[PromoID], [o].[QrCode], [o].[ShowtimeID], [o].[Status], [o].[TotalAmount], [o].[UserID]
    FROM [Orders] AS [o]
    WHERE [o].[UserID] = @__userId_0 AND [o].[Status] IN (N'Da thanh toan', N'Da su dung', N'Đã thanh toán', N'Đã sử dụng')
    ORDER BY [o].[OrderID] DESC
) AS [t]
INNER JOIN [Showtimes] AS [s] ON [t].[ShowtimeID] = [s].[ShowtimeID]
INNER JOIN [Movies] AS [m] ON [s].[MovieID] = [m].[MovieID]
INNER JOIN [Rooms] AS [r] ON [s].[RoomID] = [r].[RoomID]
LEFT JOIN (
    SELECT [o0].[OrderID], [o0].[SeatID], [o0].[Price], [o0].[Status], [s0].[SeatID] AS [SeatID0], [s0].[RoomID], [s0].[RowLabel], [s0].[SeatCode], [s0].[SeatNumber], [s0].[SeatType]
    FROM [OrderSeats] AS [o0]
    INNER JOIN [Seats] AS [s0] ON [o0].[SeatID] = [s0].[SeatID]
) AS [t0] ON [t].[OrderID] = [t0].[OrderID]
ORDER BY [t].[OrderID] DESC, [s].[ShowtimeID], [m].[MovieID], [r].[RoomID], [t0].[OrderID], [t0].[SeatID]
2026-05-27 10:59:42.672 +07:00 [INF] Executing ViewResult, running view Index.
2026-05-27 10:59:42.815 +07:00 [INF] Executed ViewResult - view Index executed in 144.586ms.
2026-05-27 10:59:42.820 +07:00 [INF] Executed action AuraCinema.Web.Controllers.HomeController.Index (AuraCinema.Web) in 529.283ms
2026-05-27 10:59:42.821 +07:00 [INF] Executed endpoint 'AuraCinema.Web.Controllers.HomeController.Index (AuraCinema.Web)'
2026-05-27 10:59:42.829 +07:00 [INF] Request finished HTTP/1.1 GET http://localhost:5231/ - 200 null text/html; charset=utf-8 626.072ms
2026-05-27 10:59:42.848 +07:00 [INF] Request starting HTTP/1.1 GET http://localhost:5231/css/site.css?v=afBYmymxN64xbM2EHfpOyOy76GAbiG9TLtBLj65Bc-Y - null null
2026-05-27 10:59:42.848 +07:00 [INF] Request starting HTTP/1.1 GET http://localhost:5231/uploads/posters/0036a2d3-b7b4-4697-8309-8f88491cec75_images.webp - null null
2026-05-27 10:59:42.853 +07:00 [INF] The file /css/site.css was not modified
2026-05-27 10:59:42.855 +07:00 [INF] Request finished HTTP/1.1 GET http://localhost:5231/css/site.css?v=afBYmymxN64xbM2EHfpOyOy76GAbiG9TLtBLj65Bc-Y - 304 null text/css 6.0812ms
2026-05-27 10:59:42.856 +07:00 [INF] The file /uploads/posters/0036a2d3-b7b4-4697-8309-8f88491cec75_images.webp was not modified
2026-05-27 10:59:42.856 +07:00 [INF] Request finished HTTP/1.1 GET http://localhost:5231/uploads/posters/0036a2d3-b7b4-4697-8309-8f88491cec75_images.webp - 304 null image/webp 7.9482ms
2026-05-27 11:00:04.511 +07:00 [INF] Executed DbCommand (2ms) [Parameters=[], CommandType='"Text"', CommandTimeout='30']
SELECT [o].[OrderID], [o].[CheckInTime], [o].[FinalAmount], [o].[HoldExpiryTime], [o].[OrderCode], [o].[PayOSTransID], [o].[PromoID], [o].[QrCode], [o].[ShowtimeID], [o].[Status], [o].[TotalAmount], [o].[UserID]
FROM [Orders] AS [o]
WHERE [o].[Status] = N'Chờ thanh toán' AND [o].[HoldExpiryTime] <= GETDATE()
2026-05-27 11:00:04.516 +07:00 [INF] Executed DbCommand (1ms) [Parameters=[@__maxSellingDate_0='?' (DbType = DateTime2), @__now_1='?' (DbType = DateTime2)], CommandType='"Text"', CommandTimeout='30']
SELECT [s].[ShowtimeID], [s].[EndTime], [s].[MovieID], [s].[RoomID], [s].[ShowtimeCode], [s].[StartTime], [s].[Status]
FROM [Showtimes] AS [s]
WHERE [s].[Status] IN (N'Đã lên lịch', N'Sap chieu') AND CONVERT(date, [s].[StartTime]) <= @__maxSellingDate_0 AND [s].[StartTime] > @__now_1
2026-05-27 11:00:04.519 +07:00 [INF] Executed DbCommand (1ms) [Parameters=[@__now_0='?' (DbType = DateTime2)], CommandType='"Text"', CommandTimeout='30']
SELECT [s].[ShowtimeID], [s].[EndTime], [s].[MovieID], [s].[RoomID], [s].[ShowtimeCode], [s].[StartTime], [s].[Status]
FROM [Showtimes] AS [s]
WHERE [s].[Status] IN (N'Đã lên lịch', N'Đang mở bán', N'Sap chieu') AND [s].[StartTime] <= @__now_0 AND [s].[EndTime] > @__now_0
2026-05-27 11:00:04.522 +07:00 [INF] Executed DbCommand (1ms) [Parameters=[@__now_0='?' (DbType = DateTime2)], CommandType='"Text"', CommandTimeout='30']
SELECT [s].[ShowtimeID], [s].[EndTime], [s].[MovieID], [s].[RoomID], [s].[ShowtimeCode], [s].[StartTime], [s].[Status]
FROM [Showtimes] AS [s]
WHERE [s].[Status] IN (N'Đã lên lịch', N'Đang mở bán', N'Đang chiếu', N'Sap chieu', N'Dang dien ra') AND [s].[EndTime] <= @__now_0
2026-05-27 11:00:04.525 +07:00 [INF] Executed DbCommand (1ms) [Parameters=[@__today_0='?' (DbType = Date)], CommandType='"Text"', CommandTimeout='30']
SELECT [m].[MovieID], [m].[Actors], [m].[Description], [m].[Director], [m].[Duration], [m].[Genre], [m].[MovieCode], [m].[Poster], [m].[ReleaseDate], [m].[Status], [m].[Title], [m].[Trailer]
FROM [Movies] AS [m]
WHERE [m].[Status] = N'Sap chieu' AND [m].[ReleaseDate] <= @__today_0
2026-05-27 11:01:04.544 +07:00 [INF] Executed DbCommand (8ms) [Parameters=[], CommandType='"Text"', CommandTimeout='30']
SELECT [o].[OrderID], [o].[CheckInTime], [o].[FinalAmount], [o].[HoldExpiryTime], [o].[OrderCode], [o].[PayOSTransID], [o].[PromoID], [o].[QrCode], [o].[ShowtimeID], [o].[Status], [o].[TotalAmount], [o].[UserID]
FROM [Orders] AS [o]
WHERE [o].[Status] = N'Chờ thanh toán' AND [o].[HoldExpiryTime] <= GETDATE()
2026-05-27 11:01:04.550 +07:00 [INF] Executed DbCommand (4ms) [Parameters=[@__maxSellingDate_0='?' (DbType = DateTime2), @__now_1='?' (DbType = DateTime2)], CommandType='"Text"', CommandTimeout='30']
SELECT [s].[ShowtimeID], [s].[EndTime], [s].[MovieID], [s].[RoomID], [s].[ShowtimeCode], [s].[StartTime], [s].[Status]
FROM [Showtimes] AS [s]
WHERE [s].[Status] IN (N'Đã lên lịch', N'Sap chieu') AND CONVERT(date, [s].[StartTime]) <= @__maxSellingDate_0 AND [s].[StartTime] > @__now_1
2026-05-27 11:01:04.555 +07:00 [INF] Executed DbCommand (3ms) [Parameters=[@__now_0='?' (DbType = DateTime2)], CommandType='"Text"', CommandTimeout='30']
SELECT [s].[ShowtimeID], [s].[EndTime], [s].[MovieID], [s].[RoomID], [s].[ShowtimeCode], [s].[StartTime], [s].[Status]
FROM [Showtimes] AS [s]
WHERE [s].[Status] IN (N'Đã lên lịch', N'Đang mở bán', N'Sap chieu') AND [s].[StartTime] <= @__now_0 AND [s].[EndTime] > @__now_0
2026-05-27 11:01:04.559 +07:00 [INF] Executed DbCommand (4ms) [Parameters=[@__now_0='?' (DbType = DateTime2)], CommandType='"Text"', CommandTimeout='30']
SELECT [s].[ShowtimeID], [s].[EndTime], [s].[MovieID], [s].[RoomID], [s].[ShowtimeCode], [s].[StartTime], [s].[Status]
FROM [Showtimes] AS [s]
WHERE [s].[Status] IN (N'Đã lên lịch', N'Đang mở bán', N'Đang chiếu', N'Sap chieu', N'Dang dien ra') AND [s].[EndTime] <= @__now_0
2026-05-27 11:01:04.564 +07:00 [INF] Executed DbCommand (4ms) [Parameters=[@__today_0='?' (DbType = Date)], CommandType='"Text"', CommandTimeout='30']
SELECT [m].[MovieID], [m].[Actors], [m].[Description], [m].[Director], [m].[Duration], [m].[Genre], [m].[MovieCode], [m].[Poster], [m].[ReleaseDate], [m].[Status], [m].[Title], [m].[Trailer]
FROM [Movies] AS [m]
WHERE [m].[Status] = N'Sap chieu' AND [m].[ReleaseDate] <= @__today_0
2026-05-27 11:02:04.258 +07:00 [INF] Request starting HTTP/1.1 GET http://localhost:5231/MyTickets - null null
2026-05-27 11:02:04.277 +07:00 [INF] Executing endpoint 'AuraCinema.Web.Controllers.MyTicketsController.Index (AuraCinema.Web)'
2026-05-27 11:02:04.288 +07:00 [INF] Route matched with {action = "Index", controller = "MyTickets", area = ""}. Executing controller action with signature System.Threading.Tasks.Task`1[Microsoft.AspNetCore.Mvc.IActionResult] Index() on controller AuraCinema.Web.Controllers.MyTicketsController (AuraCinema.Web).
2026-05-27 11:02:04.354 +07:00 [INF] Executed DbCommand (21ms) [Parameters=[@__userId_0='?' (DbType = Int32)], CommandType='"Text"', CommandTimeout='30']
SELECT [o].[OrderID], [o].[CheckInTime], [o].[FinalAmount], [o].[HoldExpiryTime], [o].[OrderCode], [o].[PayOSTransID], [o].[PromoID], [o].[QrCode], [o].[ShowtimeID], [o].[Status], [o].[TotalAmount], [o].[UserID], [s].[ShowtimeID], [s].[EndTime], [s].[MovieID], [s].[RoomID], [s].[ShowtimeCode], [s].[StartTime], [s].[Status], [m].[MovieID], [m].[Actors], [m].[Description], [m].[Director], [m].[Duration], [m].[Genre], [m].[MovieCode], [m].[Poster], [m].[ReleaseDate], [m].[Status], [m].[Title], [m].[Trailer], [r].[RoomID], [r].[Capacity], [r].[RoomCode], [r].[RoomName], [r].[Status], [t].[OrderID], [t].[SeatID], [t].[Price], [t].[Status], [t].[SeatID0], [t].[RoomID], [t].[RowLabel], [t].[SeatCode], [t].[SeatNumber], [t].[SeatType]
FROM [Orders] AS [o]
INNER JOIN [Showtimes] AS [s] ON [o].[ShowtimeID] = [s].[ShowtimeID]
INNER JOIN [Movies] AS [m] ON [s].[MovieID] = [m].[MovieID]
INNER JOIN [Rooms] AS [r] ON [s].[RoomID] = [r].[RoomID]
LEFT JOIN (
    SELECT [o0].[OrderID], [o0].[SeatID], [o0].[Price], [o0].[Status], [s0].[SeatID] AS [SeatID0], [s0].[RoomID], [s0].[RowLabel], [s0].[SeatCode], [s0].[SeatNumber], [s0].[SeatType]
    FROM [OrderSeats] AS [o0]
    INNER JOIN [Seats] AS [s0] ON [o0].[SeatID] = [s0].[SeatID]
) AS [t] ON [o].[OrderID] = [t].[OrderID]
WHERE [o].[UserID] = @__userId_0
ORDER BY [o].[OrderID] DESC, [s].[ShowtimeID], [m].[MovieID], [r].[RoomID], [t].[OrderID], [t].[SeatID]
2026-05-27 11:02:04.366 +07:00 [INF] Executing ViewResult, running view Index.
2026-05-27 11:02:04.395 +07:00 [INF] Executed ViewResult - view Index executed in 29.7139ms.
2026-05-27 11:02:04.396 +07:00 [INF] Executed action AuraCinema.Web.Controllers.MyTicketsController.Index (AuraCinema.Web) in 107.5747ms
2026-05-27 11:02:04.396 +07:00 [INF] Executed endpoint 'AuraCinema.Web.Controllers.MyTicketsController.Index (AuraCinema.Web)'
2026-05-27 11:02:04.396 +07:00 [INF] Request finished HTTP/1.1 GET http://localhost:5231/MyTickets - 200 null text/html; charset=utf-8 138.6311ms
2026-05-27 11:02:04.433 +07:00 [INF] Request starting HTTP/1.1 GET http://localhost:5231/css/site.css?v=afBYmymxN64xbM2EHfpOyOy76GAbiG9TLtBLj65Bc-Y - null null
2026-05-27 11:02:04.433 +07:00 [INF] The file /css/site.css was not modified
2026-05-27 11:02:04.434 +07:00 [INF] Request finished HTTP/1.1 GET http://localhost:5231/css/site.css?v=afBYmymxN64xbM2EHfpOyOy76GAbiG9TLtBLj65Bc-Y - 304 null text/css 0.6321ms
2026-05-27 11:02:04.570 +07:00 [INF] Executed DbCommand (4ms) [Parameters=[], CommandType='"Text"', CommandTimeout='30']
SELECT [o].[OrderID], [o].[CheckInTime], [o].[FinalAmount], [o].[HoldExpiryTime], [o].[OrderCode], [o].[PayOSTransID], [o].[PromoID], [o].[QrCode], [o].[ShowtimeID], [o].[Status], [o].[TotalAmount], [o].[UserID]
FROM [Orders] AS [o]
WHERE [o].[Status] = N'Chờ thanh toán' AND [o].[HoldExpiryTime] <= GETDATE()
2026-05-27 11:02:04.577 +07:00 [INF] Executed DbCommand (4ms) [Parameters=[@__maxSellingDate_0='?' (DbType = DateTime2), @__now_1='?' (DbType = DateTime2)], CommandType='"Text"', CommandTimeout='30']
SELECT [s].[ShowtimeID], [s].[EndTime], [s].[MovieID], [s].[RoomID], [s].[ShowtimeCode], [s].[StartTime], [s].[Status]
FROM [Showtimes] AS [s]
WHERE [s].[Status] IN (N'Đã lên lịch', N'Sap chieu') AND CONVERT(date, [s].[StartTime]) <= @__maxSellingDate_0 AND [s].[StartTime] > @__now_1
2026-05-27 11:02:04.581 +07:00 [INF] Executed DbCommand (3ms) [Parameters=[@__now_0='?' (DbType = DateTime2)], CommandType='"Text"', CommandTimeout='30']
SELECT [s].[ShowtimeID], [s].[EndTime], [s].[MovieID], [s].[RoomID], [s].[ShowtimeCode], [s].[StartTime], [s].[Status]
FROM [Showtimes] AS [s]
WHERE [s].[Status] IN (N'Đã lên lịch', N'Đang mở bán', N'Sap chieu') AND [s].[StartTime] <= @__now_0 AND [s].[EndTime] > @__now_0
2026-05-27 11:02:04.584 +07:00 [INF] Executed DbCommand (3ms) [Parameters=[@__now_0='?' (DbType = DateTime2)], CommandType='"Text"', CommandTimeout='30']
SELECT [s].[ShowtimeID], [s].[EndTime], [s].[MovieID], [s].[RoomID], [s].[ShowtimeCode], [s].[StartTime], [s].[Status]
FROM [Showtimes] AS [s]
WHERE [s].[Status] IN (N'Đã lên lịch', N'Đang mở bán', N'Đang chiếu', N'Sap chieu', N'Dang dien ra') AND [s].[EndTime] <= @__now_0
2026-05-27 11:02:04.587 +07:00 [INF] Executed DbCommand (1ms) [Parameters=[@__today_0='?' (DbType = Date)], CommandType='"Text"', CommandTimeout='30']
SELECT [m].[MovieID], [m].[Actors], [m].[Description], [m].[Director], [m].[Duration], [m].[Genre], [m].[MovieCode], [m].[Poster], [m].[ReleaseDate], [m].[Status], [m].[Title], [m].[Trailer]
FROM [Movies] AS [m]
WHERE [m].[Status] = N'Sap chieu' AND [m].[ReleaseDate] <= @__today_0
2026-05-27 11:02:19.515 +07:00 [INF] Request starting HTTP/1.1 GET http://localhost:5231/Admin - null null
2026-05-27 11:02:19.522 +07:00 [INF] Executing endpoint 'AuraCinema.Web.Areas.Admin.Controllers.DashboardController.Index (AuraCinema.Web)'
2026-05-27 11:02:19.526 +07:00 [INF] Route matched with {area = "Admin", action = "Index", controller = "Dashboard"}. Executing controller action with signature System.Threading.Tasks.Task`1[Microsoft.AspNetCore.Mvc.IActionResult] Index() on controller AuraCinema.Web.Areas.Admin.Controllers.DashboardController (AuraCinema.Web).
2026-05-27 11:02:19.557 +07:00 [INF] Executed DbCommand (8ms) [Parameters=[], CommandType='"Text"', CommandTimeout='30']
SELECT [o].[OrderID], [o].[CheckInTime], [o].[FinalAmount], [o].[HoldExpiryTime], [o].[OrderCode], [o].[PayOSTransID], [o].[PromoID], [o].[QrCode], [o].[ShowtimeID], [o].[Status], [o].[TotalAmount], [o].[UserID], [s].[ShowtimeID], [m].[MovieID], [o0].[OrderID], [o0].[SeatID], [o0].[Price], [o0].[Status], [s].[EndTime], [s].[MovieID], [s].[RoomID], [s].[ShowtimeCode], [s].[StartTime], [s].[Status], [m].[Actors], [m].[Description], [m].[Director], [m].[Duration], [m].[Genre], [m].[MovieCode], [m].[Poster], [m].[ReleaseDate], [m].[Status], [m].[Title], [m].[Trailer]
FROM [Orders] AS [o]
INNER JOIN [Showtimes] AS [s] ON [o].[ShowtimeID] = [s].[ShowtimeID]
INNER JOIN [Movies] AS [m] ON [s].[MovieID] = [m].[MovieID]
LEFT JOIN [OrderSeats] AS [o0] ON [o].[OrderID] = [o0].[OrderID]
WHERE [o].[Status] IN (N'Da thanh toan', N'Da su dung', N'Đã thanh toán', N'Đã sử dụng')
ORDER BY [o].[OrderID], [s].[ShowtimeID], [m].[MovieID], [o0].[OrderID]
2026-05-27 11:02:19.567 +07:00 [INF] Executed DbCommand (1ms) [Parameters=[], CommandType='"Text"', CommandTimeout='30']
SELECT COUNT(*)
FROM [Seats] AS [s]
2026-05-27 11:02:19.573 +07:00 [INF] Executed DbCommand (2ms) [Parameters=[@__AddDays_0='?' (DbType = DateTime2), @__AddDays_1='?' (DbType = DateTime2)], CommandType='"Text"', CommandTimeout='30']
SELECT COUNT(*)
FROM [Showtimes] AS [s]
WHERE [s].[StartTime] > @__AddDays_0 AND [s].[StartTime] < @__AddDays_1
2026-05-27 11:02:19.584 +07:00 [INF] Executing ViewResult, running view Index.
2026-05-27 11:02:19.657 +07:00 [INF] Executed ViewResult - view Index executed in 73.5879ms.
2026-05-27 11:02:19.657 +07:00 [INF] Executed action AuraCinema.Web.Areas.Admin.Controllers.DashboardController.Index (AuraCinema.Web) in 130.5442ms
2026-05-27 11:02:19.657 +07:00 [INF] Executed endpoint 'AuraCinema.Web.Areas.Admin.Controllers.DashboardController.Index (AuraCinema.Web)'
2026-05-27 11:02:19.657 +07:00 [INF] Request finished HTTP/1.1 GET http://localhost:5231/Admin - 200 null text/html; charset=utf-8 142.322ms
2026-05-27 11:03:04.599 +07:00 [INF] Executed DbCommand (4ms) [Parameters=[], CommandType='"Text"', CommandTimeout='30']
SELECT [o].[OrderID], [o].[CheckInTime], [o].[FinalAmount], [o].[HoldExpiryTime], [o].[OrderCode], [o].[PayOSTransID], [o].[PromoID], [o].[QrCode], [o].[ShowtimeID], [o].[Status], [o].[TotalAmount], [o].[UserID]
FROM [Orders] AS [o]
WHERE [o].[Status] = N'Chờ thanh toán' AND [o].[HoldExpiryTime] <= GETDATE()
2026-05-27 11:03:04.607 +07:00 [INF] Executed DbCommand (5ms) [Parameters=[@__maxSellingDate_0='?' (DbType = DateTime2), @__now_1='?' (DbType = DateTime2)], CommandType='"Text"', CommandTimeout='30']
SELECT [s].[ShowtimeID], [s].[EndTime], [s].[MovieID], [s].[RoomID], [s].[ShowtimeCode], [s].[StartTime], [s].[Status]
FROM [Showtimes] AS [s]
WHERE [s].[Status] IN (N'Đã lên lịch', N'Sap chieu') AND CONVERT(date, [s].[StartTime]) <= @__maxSellingDate_0 AND [s].[StartTime] > @__now_1
2026-05-27 11:03:04.613 +07:00 [INF] Executed DbCommand (5ms) [Parameters=[@__now_0='?' (DbType = DateTime2)], CommandType='"Text"', CommandTimeout='30']
SELECT [s].[ShowtimeID], [s].[EndTime], [s].[MovieID], [s].[RoomID], [s].[ShowtimeCode], [s].[StartTime], [s].[Status]
FROM [Showtimes] AS [s]
WHERE [s].[Status] IN (N'Đã lên lịch', N'Đang mở bán', N'Sap chieu') AND [s].[StartTime] <= @__now_0 AND [s].[EndTime] > @__now_0
2026-05-27 11:03:04.620 +07:00 [INF] Executed DbCommand (5ms) [Parameters=[@__now_0='?' (DbType = DateTime2)], CommandType='"Text"', CommandTimeout='30']
SELECT [s].[ShowtimeID], [s].[EndTime], [s].[MovieID], [s].[RoomID], [s].[ShowtimeCode], [s].[StartTime], [s].[Status]
FROM [Showtimes] AS [s]
WHERE [s].[Status] IN (N'Đã lên lịch', N'Đang mở bán', N'Đang chiếu', N'Sap chieu', N'Dang dien ra') AND [s].[EndTime] <= @__now_0
2026-05-27 11:03:04.627 +07:00 [INF] Executed DbCommand (5ms) [Parameters=[@__today_0='?' (DbType = Date)], CommandType='"Text"', CommandTimeout='30']
SELECT [m].[MovieID], [m].[Actors], [m].[Description], [m].[Director], [m].[Duration], [m].[Genre], [m].[MovieCode], [m].[Poster], [m].[ReleaseDate], [m].[Status], [m].[Title], [m].[Trailer]
FROM [Movies] AS [m]
WHERE [m].[Status] = N'Sap chieu' AND [m].[ReleaseDate] <= @__today_0
2026-05-27 11:03:04.806 +07:00 [INF] Request starting HTTP/1.1 GET http://localhost:5231/ - null null
2026-05-27 11:03:04.806 +07:00 [INF] Executing endpoint 'AuraCinema.Web.Controllers.HomeController.Index (AuraCinema.Web)'
2026-05-27 11:03:04.807 +07:00 [INF] Route matched with {action = "Index", controller = "Home", area = ""}. Executing controller action with signature System.Threading.Tasks.Task`1[Microsoft.AspNetCore.Mvc.IActionResult] Index() on controller AuraCinema.Web.Controllers.HomeController (AuraCinema.Web).
2026-05-27 11:03:04.813 +07:00 [INF] Executed DbCommand (3ms) [Parameters=[], CommandType='"Text"', CommandTimeout='30']
SELECT [m].[MovieID], [m].[Title], [m].[Genre], [m].[Poster], [m].[Duration], [m].[Status], [m].[ReleaseDate], [m].[Director]
FROM [Movies] AS [m]
WHERE [m].[Status] IN (N'Dang chieu', N'Sap chieu')
ORDER BY [m].[ReleaseDate] DESC
2026-05-27 11:03:04.830 +07:00 [INF] Executed DbCommand (15ms) [Parameters=[@__p_1='?' (DbType = Int32), @__userId_0='?' (DbType = Int32)], CommandType='"Text"', CommandTimeout='30']
SELECT [t].[OrderID], [t].[CheckInTime], [t].[FinalAmount], [t].[HoldExpiryTime], [t].[OrderCode], [t].[PayOSTransID], [t].[PromoID], [t].[QrCode], [t].[ShowtimeID], [t].[Status], [t].[TotalAmount], [t].[UserID], [s].[ShowtimeID], [s].[EndTime], [s].[MovieID], [s].[RoomID], [s].[ShowtimeCode], [s].[StartTime], [s].[Status], [m].[MovieID], [m].[Actors], [m].[Description], [m].[Director], [m].[Duration], [m].[Genre], [m].[MovieCode], [m].[Poster], [m].[ReleaseDate], [m].[Status], [m].[Title], [m].[Trailer], [r].[RoomID], [r].[Capacity], [r].[RoomCode], [r].[RoomName], [r].[Status], [t0].[OrderID], [t0].[SeatID], [t0].[Price], [t0].[Status], [t0].[SeatID0], [t0].[RoomID], [t0].[RowLabel], [t0].[SeatCode], [t0].[SeatNumber], [t0].[SeatType]
FROM (
    SELECT TOP(@__p_1) [o].[OrderID], [o].[CheckInTime], [o].[FinalAmount], [o].[HoldExpiryTime], [o].[OrderCode], [o].[PayOSTransID], [o].[PromoID], [o].[QrCode], [o].[ShowtimeID], [o].[Status], [o].[TotalAmount], [o].[UserID]
    FROM [Orders] AS [o]
    WHERE [o].[UserID] = @__userId_0 AND [o].[Status] IN (N'Da thanh toan', N'Da su dung', N'Đã thanh toán', N'Đã sử dụng')
    ORDER BY [o].[OrderID] DESC
) AS [t]
INNER JOIN [Showtimes] AS [s] ON [t].[ShowtimeID] = [s].[ShowtimeID]
INNER JOIN [Movies] AS [m] ON [s].[MovieID] = [m].[MovieID]
INNER JOIN [Rooms] AS [r] ON [s].[RoomID] = [r].[RoomID]
LEFT JOIN (
    SELECT [o0].[OrderID], [o0].[SeatID], [o0].[Price], [o0].[Status], [s0].[SeatID] AS [SeatID0], [s0].[RoomID], [s0].[RowLabel], [s0].[SeatCode], [s0].[SeatNumber], [s0].[SeatType]
    FROM [OrderSeats] AS [o0]
    INNER JOIN [Seats] AS [s0] ON [o0].[SeatID] = [s0].[SeatID]
) AS [t0] ON [t].[OrderID] = [t0].[OrderID]
ORDER BY [t].[OrderID] DESC, [s].[ShowtimeID], [m].[MovieID], [r].[RoomID], [t0].[OrderID], [t0].[SeatID]
2026-05-27 11:03:04.832 +07:00 [INF] Executing ViewResult, running view Index.
2026-05-27 11:03:04.835 +07:00 [INF] Executed ViewResult - view Index executed in 3.5128ms.
2026-05-27 11:03:04.835 +07:00 [INF] Executed action AuraCinema.Web.Controllers.HomeController.Index (AuraCinema.Web) in 28.4881ms
2026-05-27 11:03:04.836 +07:00 [INF] Executed endpoint 'AuraCinema.Web.Controllers.HomeController.Index (AuraCinema.Web)'
2026-05-27 11:03:04.836 +07:00 [INF] Request finished HTTP/1.1 GET http://localhost:5231/ - 200 null text/html; charset=utf-8 30.2615ms
2026-05-27 11:03:04.872 +07:00 [INF] Request starting HTTP/1.1 GET http://localhost:5231/uploads/posters/0036a2d3-b7b4-4697-8309-8f88491cec75_images.webp - null null
2026-05-27 11:03:04.873 +07:00 [INF] The file /uploads/posters/0036a2d3-b7b4-4697-8309-8f88491cec75_images.webp was not modified
2026-05-27 11:03:04.873 +07:00 [INF] Request finished HTTP/1.1 GET http://localhost:5231/uploads/posters/0036a2d3-b7b4-4697-8309-8f88491cec75_images.webp - 304 null image/webp 0.7488ms
2026-05-27 11:03:06.638 +07:00 [INF] Request starting HTTP/1.1 POST http://localhost:5231/Account/Logout - application/x-www-form-urlencoded 225
2026-05-27 11:03:06.640 +07:00 [INF] Executing endpoint 'AuraCinema.Web.Controllers.AccountController.Logout (AuraCinema.Web)'
2026-05-27 11:03:06.647 +07:00 [INF] Route matched with {action = "Logout", controller = "Account", area = ""}. Executing controller action with signature System.Threading.Tasks.Task`1[Microsoft.AspNetCore.Mvc.IActionResult] Logout() on controller AuraCinema.Web.Controllers.AccountController (AuraCinema.Web).
2026-05-27 11:03:06.656 +07:00 [INF] AuthenticationScheme: Cookies signed out.
2026-05-27 11:03:06.658 +07:00 [INF] Executing RedirectResult, redirecting to /.
2026-05-27 11:03:06.659 +07:00 [INF] Executed action AuraCinema.Web.Controllers.AccountController.Logout (AuraCinema.Web) in 12.2578ms
2026-05-27 11:03:06.659 +07:00 [INF] Executed endpoint 'AuraCinema.Web.Controllers.AccountController.Logout (AuraCinema.Web)'
2026-05-27 11:03:06.660 +07:00 [INF] Request finished HTTP/1.1 POST http://localhost:5231/Account/Logout - 302 0 null 21.43ms
2026-05-27 11:03:06.663 +07:00 [INF] Request starting HTTP/1.1 GET http://localhost:5231/ - null null
2026-05-27 11:03:06.663 +07:00 [INF] Executing endpoint 'AuraCinema.Web.Controllers.HomeController.Index (AuraCinema.Web)'
2026-05-27 11:03:06.663 +07:00 [INF] Route matched with {action = "Index", controller = "Home", area = ""}. Executing controller action with signature System.Threading.Tasks.Task`1[Microsoft.AspNetCore.Mvc.IActionResult] Index() on controller AuraCinema.Web.Controllers.HomeController (AuraCinema.Web).
2026-05-27 11:03:06.665 +07:00 [INF] Executed DbCommand (1ms) [Parameters=[], CommandType='"Text"', CommandTimeout='30']
SELECT [m].[MovieID], [m].[Title], [m].[Genre], [m].[Poster], [m].[Duration], [m].[Status], [m].[ReleaseDate], [m].[Director]
FROM [Movies] AS [m]
WHERE [m].[Status] IN (N'Dang chieu', N'Sap chieu')
ORDER BY [m].[ReleaseDate] DESC
2026-05-27 11:03:06.666 +07:00 [INF] Executing ViewResult, running view Index.
2026-05-27 11:03:06.669 +07:00 [INF] Executed ViewResult - view Index executed in 3.0589ms.
2026-05-27 11:03:06.669 +07:00 [INF] Executed action AuraCinema.Web.Controllers.HomeController.Index (AuraCinema.Web) in 5.7264ms
2026-05-27 11:03:06.669 +07:00 [INF] Executed endpoint 'AuraCinema.Web.Controllers.HomeController.Index (AuraCinema.Web)'
2026-05-27 11:03:06.669 +07:00 [INF] Request finished HTTP/1.1 GET http://localhost:5231/ - 200 null text/html; charset=utf-8 6.455ms
2026-05-27 11:03:08.061 +07:00 [INF] Request starting HTTP/1.1 GET http://localhost:5231/Account/Login - null null
2026-05-27 11:03:08.063 +07:00 [INF] Executing endpoint 'AuraCinema.Web.Controllers.AccountController.Login (AuraCinema.Web)'
2026-05-27 11:03:08.072 +07:00 [INF] Route matched with {action = "Login", controller = "Account", area = ""}. Executing controller action with signature Microsoft.AspNetCore.Mvc.IActionResult Login(System.String) on controller AuraCinema.Web.Controllers.AccountController (AuraCinema.Web).
2026-05-27 11:03:08.083 +07:00 [INF] Executing ViewResult, running view Login.
2026-05-27 11:03:08.141 +07:00 [INF] Executed ViewResult - view Login executed in 59.2554ms.
2026-05-27 11:03:08.141 +07:00 [INF] Executed action AuraCinema.Web.Controllers.AccountController.Login (AuraCinema.Web) in 68.9966ms
2026-05-27 11:03:08.142 +07:00 [INF] Executed endpoint 'AuraCinema.Web.Controllers.AccountController.Login (AuraCinema.Web)'
2026-05-27 11:03:08.142 +07:00 [INF] Request finished HTTP/1.1 GET http://localhost:5231/Account/Login - 200 null text/html; charset=utf-8 80.6288ms
2026-05-27 11:03:11.182 +07:00 [INF] Request starting HTTP/1.1 POST http://localhost:5231/Account/Login - application/x-www-form-urlencoded 242
2026-05-27 11:03:11.183 +07:00 [INF] Executing endpoint 'AuraCinema.Web.Controllers.AccountController.Login (AuraCinema.Web)'
2026-05-27 11:03:11.189 +07:00 [INF] Route matched with {action = "Login", controller = "Account", area = ""}. Executing controller action with signature System.Threading.Tasks.Task`1[Microsoft.AspNetCore.Mvc.IActionResult] Login(AuraCinema.Web.ViewModels.Account.LoginViewModel) on controller AuraCinema.Web.Controllers.AccountController (AuraCinema.Web).
2026-05-27 11:03:11.219 +07:00 [INF] Executed DbCommand (2ms) [Parameters=[@__Trim_0='?' (Size = 100)], CommandType='"Text"', CommandTimeout='30']
SELECT TOP(1) [u].[UserID], [u].[Email], [u].[FullName], [u].[OtpCode], [u].[OtpExpiry], [u].[Password], [u].[Phone], [u].[Role], [u].[Status], [u].[UserCode]
FROM [Users] AS [u]
WHERE [u].[Email] = @__Trim_0
2026-05-27 11:03:11.612 +07:00 [INF] AuthenticationScheme: Cookies signed in.
2026-05-27 11:03:11.613 +07:00 [INF] Executing RedirectResult, redirecting to /Admin/TicketScanner.
2026-05-27 11:03:11.613 +07:00 [INF] Executed action AuraCinema.Web.Controllers.AccountController.Login (AuraCinema.Web) in 424.3139ms
2026-05-27 11:03:11.613 +07:00 [INF] Executed endpoint 'AuraCinema.Web.Controllers.AccountController.Login (AuraCinema.Web)'
2026-05-27 11:03:11.614 +07:00 [INF] Request finished HTTP/1.1 POST http://localhost:5231/Account/Login - 302 0 null 431.3145ms
2026-05-27 11:03:11.618 +07:00 [INF] Request starting HTTP/1.1 GET http://localhost:5231/Admin/TicketScanner - null null
2026-05-27 11:03:11.622 +07:00 [INF] Executing endpoint 'AuraCinema.Web.Areas.Admin.Controllers.TicketScannerController.Index (AuraCinema.Web)'
2026-05-27 11:03:11.623 +07:00 [INF] Route matched with {area = "Admin", action = "Index", controller = "TicketScanner"}. Executing controller action with signature Microsoft.AspNetCore.Mvc.IActionResult Index() on controller AuraCinema.Web.Areas.Admin.Controllers.TicketScannerController (AuraCinema.Web).
2026-05-27 11:03:11.624 +07:00 [INF] Executing ViewResult, running view Index.
2026-05-27 11:03:11.630 +07:00 [INF] Executed ViewResult - view Index executed in 6.2899ms.
2026-05-27 11:03:11.630 +07:00 [INF] Executed action AuraCinema.Web.Areas.Admin.Controllers.TicketScannerController.Index (AuraCinema.Web) in 6.966ms
2026-05-27 11:03:11.630 +07:00 [INF] Executed endpoint 'AuraCinema.Web.Areas.Admin.Controllers.TicketScannerController.Index (AuraCinema.Web)'
2026-05-27 11:03:11.630 +07:00 [INF] Request finished HTTP/1.1 GET http://localhost:5231/Admin/TicketScanner - 200 null text/html; charset=utf-8 12.278ms
2026-05-27 11:04:04.644 +07:00 [INF] Executed DbCommand (4ms) [Parameters=[], CommandType='"Text"', CommandTimeout='30']
SELECT [o].[OrderID], [o].[CheckInTime], [o].[FinalAmount], [o].[HoldExpiryTime], [o].[OrderCode], [o].[PayOSTransID], [o].[PromoID], [o].[QrCode], [o].[ShowtimeID], [o].[Status], [o].[TotalAmount], [o].[UserID]
FROM [Orders] AS [o]
WHERE [o].[Status] = N'Chờ thanh toán' AND [o].[HoldExpiryTime] <= GETDATE()
2026-05-27 11:04:04.648 +07:00 [INF] Executed DbCommand (3ms) [Parameters=[@__maxSellingDate_0='?' (DbType = DateTime2), @__now_1='?' (DbType = DateTime2)], CommandType='"Text"', CommandTimeout='30']
SELECT [s].[ShowtimeID], [s].[EndTime], [s].[MovieID], [s].[RoomID], [s].[ShowtimeCode], [s].[StartTime], [s].[Status]
FROM [Showtimes] AS [s]
WHERE [s].[Status] IN (N'Đã lên lịch', N'Sap chieu') AND CONVERT(date, [s].[StartTime]) <= @__maxSellingDate_0 AND [s].[StartTime] > @__now_1
2026-05-27 11:04:04.651 +07:00 [INF] Executed DbCommand (2ms) [Parameters=[@__now_0='?' (DbType = DateTime2)], CommandType='"Text"', CommandTimeout='30']
SELECT [s].[ShowtimeID], [s].[EndTime], [s].[MovieID], [s].[RoomID], [s].[ShowtimeCode], [s].[StartTime], [s].[Status]
FROM [Showtimes] AS [s]
WHERE [s].[Status] IN (N'Đã lên lịch', N'Đang mở bán', N'Sap chieu') AND [s].[StartTime] <= @__now_0 AND [s].[EndTime] > @__now_0
2026-05-27 11:04:04.654 +07:00 [INF] Executed DbCommand (2ms) [Parameters=[@__now_0='?' (DbType = DateTime2)], CommandType='"Text"', CommandTimeout='30']
SELECT [s].[ShowtimeID], [s].[EndTime], [s].[MovieID], [s].[RoomID], [s].[ShowtimeCode], [s].[StartTime], [s].[Status]
FROM [Showtimes] AS [s]
WHERE [s].[Status] IN (N'Đã lên lịch', N'Đang mở bán', N'Đang chiếu', N'Sap chieu', N'Dang dien ra') AND [s].[EndTime] <= @__now_0
2026-05-27 11:04:04.658 +07:00 [INF] Executed DbCommand (3ms) [Parameters=[@__today_0='?' (DbType = Date)], CommandType='"Text"', CommandTimeout='30']
SELECT [m].[MovieID], [m].[Actors], [m].[Description], [m].[Director], [m].[Duration], [m].[Genre], [m].[MovieCode], [m].[Poster], [m].[ReleaseDate], [m].[Status], [m].[Title], [m].[Trailer]
FROM [Movies] AS [m]
WHERE [m].[Status] = N'Sap chieu' AND [m].[ReleaseDate] <= @__today_0
2026-05-27 11:04:05.816 +07:00 [INF] Request starting HTTP/1.1 POST http://localhost:5231/Account/Logout - application/x-www-form-urlencoded 225
2026-05-27 11:04:05.816 +07:00 [INF] Executing endpoint 'AuraCinema.Web.Controllers.AccountController.Logout (AuraCinema.Web)'
2026-05-27 11:04:05.816 +07:00 [INF] Route matched with {action = "Logout", controller = "Account", area = ""}. Executing controller action with signature System.Threading.Tasks.Task`1[Microsoft.AspNetCore.Mvc.IActionResult] Logout() on controller AuraCinema.Web.Controllers.AccountController (AuraCinema.Web).
2026-05-27 11:04:05.818 +07:00 [INF] AuthenticationScheme: Cookies signed out.
2026-05-27 11:04:05.818 +07:00 [INF] Executing RedirectResult, redirecting to /.
2026-05-27 11:04:05.819 +07:00 [INF] Executed action AuraCinema.Web.Controllers.AccountController.Logout (AuraCinema.Web) in 2.3947ms
2026-05-27 11:04:05.819 +07:00 [INF] Executed endpoint 'AuraCinema.Web.Controllers.AccountController.Logout (AuraCinema.Web)'
2026-05-27 11:04:05.819 +07:00 [INF] Request finished HTTP/1.1 POST http://localhost:5231/Account/Logout - 302 0 null 3.6003ms
2026-05-27 11:04:05.830 +07:00 [INF] Request starting HTTP/1.1 GET http://localhost:5231/ - null null
2026-05-27 11:04:05.830 +07:00 [INF] Executing endpoint 'AuraCinema.Web.Controllers.HomeController.Index (AuraCinema.Web)'
2026-05-27 11:04:05.831 +07:00 [INF] Route matched with {action = "Index", controller = "Home", area = ""}. Executing controller action with signature System.Threading.Tasks.Task`1[Microsoft.AspNetCore.Mvc.IActionResult] Index() on controller AuraCinema.Web.Controllers.HomeController (AuraCinema.Web).
2026-05-27 11:04:05.835 +07:00 [INF] Executed DbCommand (3ms) [Parameters=[], CommandType='"Text"', CommandTimeout='30']
SELECT [m].[MovieID], [m].[Title], [m].[Genre], [m].[Poster], [m].[Duration], [m].[Status], [m].[ReleaseDate], [m].[Director]
FROM [Movies] AS [m]
WHERE [m].[Status] IN (N'Dang chieu', N'Sap chieu')
ORDER BY [m].[ReleaseDate] DESC
2026-05-27 11:04:05.835 +07:00 [INF] Executing ViewResult, running view Index.
2026-05-27 11:04:05.838 +07:00 [INF] Executed ViewResult - view Index executed in 2.4893ms.
2026-05-27 11:04:05.838 +07:00 [INF] Executed action AuraCinema.Web.Controllers.HomeController.Index (AuraCinema.Web) in 7.1429ms
2026-05-27 11:04:05.838 +07:00 [INF] Executed endpoint 'AuraCinema.Web.Controllers.HomeController.Index (AuraCinema.Web)'
2026-05-27 11:04:05.838 +07:00 [INF] Request finished HTTP/1.1 GET http://localhost:5231/ - 200 null text/html; charset=utf-8 7.9662ms
2026-05-27 11:04:05.878 +07:00 [INF] Request starting HTTP/1.1 GET http://localhost:5231/css/site.css?v=afBYmymxN64xbM2EHfpOyOy76GAbiG9TLtBLj65Bc-Y - null null
2026-05-27 11:04:05.879 +07:00 [INF] The file /css/site.css was not modified
2026-05-27 11:04:05.879 +07:00 [INF] Request finished HTTP/1.1 GET http://localhost:5231/css/site.css?v=afBYmymxN64xbM2EHfpOyOy76GAbiG9TLtBLj65Bc-Y - 304 null text/css 0.6163ms
2026-05-27 11:04:06.934 +07:00 [INF] Request starting HTTP/1.1 GET http://localhost:5231/Account/Login - null null
2026-05-27 11:04:06.934 +07:00 [INF] Executing endpoint 'AuraCinema.Web.Controllers.AccountController.Login (AuraCinema.Web)'
2026-05-27 11:04:06.934 +07:00 [INF] Route matched with {action = "Login", controller = "Account", area = ""}. Executing controller action with signature Microsoft.AspNetCore.Mvc.IActionResult Login(System.String) on controller AuraCinema.Web.Controllers.AccountController (AuraCinema.Web).
2026-05-27 11:04:06.935 +07:00 [INF] Executing ViewResult, running view Login.
2026-05-27 11:04:06.940 +07:00 [INF] Executed ViewResult - view Login executed in 4.8342ms.
2026-05-27 11:04:06.941 +07:00 [INF] Executed action AuraCinema.Web.Controllers.AccountController.Login (AuraCinema.Web) in 6.0813ms
2026-05-27 11:04:06.941 +07:00 [INF] Executed endpoint 'AuraCinema.Web.Controllers.AccountController.Login (AuraCinema.Web)'
2026-05-27 11:04:06.941 +07:00 [INF] Request finished HTTP/1.1 GET http://localhost:5231/Account/Login - 200 null text/html; charset=utf-8 7.5243ms
2026-05-27 11:04:10.428 +07:00 [INF] Request starting HTTP/1.1 POST http://localhost:5231/Account/Login - application/x-www-form-urlencoded 244
2026-05-27 11:04:10.429 +07:00 [INF] Executing endpoint 'AuraCinema.Web.Controllers.AccountController.Login (AuraCinema.Web)'
2026-05-27 11:04:10.429 +07:00 [INF] Route matched with {action = "Login", controller = "Account", area = ""}. Executing controller action with signature System.Threading.Tasks.Task`1[Microsoft.AspNetCore.Mvc.IActionResult] Login(AuraCinema.Web.ViewModels.Account.LoginViewModel) on controller AuraCinema.Web.Controllers.AccountController (AuraCinema.Web).
2026-05-27 11:04:10.433 +07:00 [INF] Executed DbCommand (2ms) [Parameters=[@__Trim_0='?' (Size = 100)], CommandType='"Text"', CommandTimeout='30']
SELECT TOP(1) [u].[UserID], [u].[Email], [u].[FullName], [u].[OtpCode], [u].[OtpExpiry], [u].[Password], [u].[Phone], [u].[Role], [u].[Status], [u].[UserCode]
FROM [Users] AS [u]
WHERE [u].[Email] = @__Trim_0
2026-05-27 11:04:10.622 +07:00 [INF] AuthenticationScheme: Cookies signed in.
2026-05-27 11:04:10.622 +07:00 [INF] Executing RedirectResult, redirecting to /.
2026-05-27 11:04:10.623 +07:00 [INF] Executed action AuraCinema.Web.Controllers.AccountController.Login (AuraCinema.Web) in 193.7711ms
2026-05-27 11:04:10.623 +07:00 [INF] Executed endpoint 'AuraCinema.Web.Controllers.AccountController.Login (AuraCinema.Web)'
2026-05-27 11:04:10.623 +07:00 [INF] Request finished HTTP/1.1 POST http://localhost:5231/Account/Login - 302 0 null 194.4899ms
2026-05-27 11:04:10.627 +07:00 [INF] Request starting HTTP/1.1 GET http://localhost:5231/ - null null
2026-05-27 11:04:10.628 +07:00 [INF] Executing endpoint 'AuraCinema.Web.Controllers.HomeController.Index (AuraCinema.Web)'
2026-05-27 11:04:10.628 +07:00 [INF] Route matched with {action = "Index", controller = "Home", area = ""}. Executing controller action with signature System.Threading.Tasks.Task`1[Microsoft.AspNetCore.Mvc.IActionResult] Index() on controller AuraCinema.Web.Controllers.HomeController (AuraCinema.Web).
2026-05-27 11:04:10.630 +07:00 [INF] Executed DbCommand (1ms) [Parameters=[], CommandType='"Text"', CommandTimeout='30']
SELECT [m].[MovieID], [m].[Title], [m].[Genre], [m].[Poster], [m].[Duration], [m].[Status], [m].[ReleaseDate], [m].[Director]
FROM [Movies] AS [m]
WHERE [m].[Status] IN (N'Dang chieu', N'Sap chieu')
ORDER BY [m].[ReleaseDate] DESC
2026-05-27 11:04:10.647 +07:00 [INF] Executed DbCommand (17ms) [Parameters=[@__p_1='?' (DbType = Int32), @__userId_0='?' (DbType = Int32)], CommandType='"Text"', CommandTimeout='30']
SELECT [t].[OrderID], [t].[CheckInTime], [t].[FinalAmount], [t].[HoldExpiryTime], [t].[OrderCode], [t].[PayOSTransID], [t].[PromoID], [t].[QrCode], [t].[ShowtimeID], [t].[Status], [t].[TotalAmount], [t].[UserID], [s].[ShowtimeID], [s].[EndTime], [s].[MovieID], [s].[RoomID], [s].[ShowtimeCode], [s].[StartTime], [s].[Status], [m].[MovieID], [m].[Actors], [m].[Description], [m].[Director], [m].[Duration], [m].[Genre], [m].[MovieCode], [m].[Poster], [m].[ReleaseDate], [m].[Status], [m].[Title], [m].[Trailer], [r].[RoomID], [r].[Capacity], [r].[RoomCode], [r].[RoomName], [r].[Status], [t0].[OrderID], [t0].[SeatID], [t0].[Price], [t0].[Status], [t0].[SeatID0], [t0].[RoomID], [t0].[RowLabel], [t0].[SeatCode], [t0].[SeatNumber], [t0].[SeatType]
FROM (
    SELECT TOP(@__p_1) [o].[OrderID], [o].[CheckInTime], [o].[FinalAmount], [o].[HoldExpiryTime], [o].[OrderCode], [o].[PayOSTransID], [o].[PromoID], [o].[QrCode], [o].[ShowtimeID], [o].[Status], [o].[TotalAmount], [o].[UserID]
    FROM [Orders] AS [o]
    WHERE [o].[UserID] = @__userId_0 AND [o].[Status] IN (N'Da thanh toan', N'Da su dung', N'Đã thanh toán', N'Đã sử dụng')
    ORDER BY [o].[OrderID] DESC
) AS [t]
INNER JOIN [Showtimes] AS [s] ON [t].[ShowtimeID] = [s].[ShowtimeID]
INNER JOIN [Movies] AS [m] ON [s].[MovieID] = [m].[MovieID]
INNER JOIN [Rooms] AS [r] ON [s].[RoomID] = [r].[RoomID]
LEFT JOIN (
    SELECT [o0].[OrderID], [o0].[SeatID], [o0].[Price], [o0].[Status], [s0].[SeatID] AS [SeatID0], [s0].[RoomID], [s0].[RowLabel], [s0].[SeatCode], [s0].[SeatNumber], [s0].[SeatType]
    FROM [OrderSeats] AS [o0]
    INNER JOIN [Seats] AS [s0] ON [o0].[SeatID] = [s0].[SeatID]
) AS [t0] ON [t].[OrderID] = [t0].[OrderID]
ORDER BY [t].[OrderID] DESC, [s].[ShowtimeID], [m].[MovieID], [r].[RoomID], [t0].[OrderID], [t0].[SeatID]
2026-05-27 11:04:10.648 +07:00 [INF] Executing ViewResult, running view Index.
2026-05-27 11:04:10.649 +07:00 [INF] Executed ViewResult - view Index executed in 1.2312ms.
2026-05-27 11:04:10.649 +07:00 [INF] Executed action AuraCinema.Web.Controllers.HomeController.Index (AuraCinema.Web) in 21.6766ms
2026-05-27 11:04:10.649 +07:00 [INF] Executed endpoint 'AuraCinema.Web.Controllers.HomeController.Index (AuraCinema.Web)'
2026-05-27 11:04:10.650 +07:00 [INF] Request finished HTTP/1.1 GET http://localhost:5231/ - 200 null text/html; charset=utf-8 22.8187ms
2026-05-27 11:04:11.518 +07:00 [INF] Request starting HTTP/1.1 GET http://localhost:5231/MyTickets - null null
2026-05-27 11:04:11.519 +07:00 [INF] Executing endpoint 'AuraCinema.Web.Controllers.MyTicketsController.Index (AuraCinema.Web)'
2026-05-27 11:04:11.519 +07:00 [INF] Route matched with {action = "Index", controller = "MyTickets", area = ""}. Executing controller action with signature System.Threading.Tasks.Task`1[Microsoft.AspNetCore.Mvc.IActionResult] Index() on controller AuraCinema.Web.Controllers.MyTicketsController (AuraCinema.Web).
2026-05-27 11:04:11.535 +07:00 [INF] Executed DbCommand (15ms) [Parameters=[@__userId_0='?' (DbType = Int32)], CommandType='"Text"', CommandTimeout='30']
SELECT [o].[OrderID], [o].[CheckInTime], [o].[FinalAmount], [o].[HoldExpiryTime], [o].[OrderCode], [o].[PayOSTransID], [o].[PromoID], [o].[QrCode], [o].[ShowtimeID], [o].[Status], [o].[TotalAmount], [o].[UserID], [s].[ShowtimeID], [s].[EndTime], [s].[MovieID], [s].[RoomID], [s].[ShowtimeCode], [s].[StartTime], [s].[Status], [m].[MovieID], [m].[Actors], [m].[Description], [m].[Director], [m].[Duration], [m].[Genre], [m].[MovieCode], [m].[Poster], [m].[ReleaseDate], [m].[Status], [m].[Title], [m].[Trailer], [r].[RoomID], [r].[Capacity], [r].[RoomCode], [r].[RoomName], [r].[Status], [t].[OrderID], [t].[SeatID], [t].[Price], [t].[Status], [t].[SeatID0], [t].[RoomID], [t].[RowLabel], [t].[SeatCode], [t].[SeatNumber], [t].[SeatType]
FROM [Orders] AS [o]
INNER JOIN [Showtimes] AS [s] ON [o].[ShowtimeID] = [s].[ShowtimeID]
INNER JOIN [Movies] AS [m] ON [s].[MovieID] = [m].[MovieID]
INNER JOIN [Rooms] AS [r] ON [s].[RoomID] = [r].[RoomID]
LEFT JOIN (
    SELECT [o0].[OrderID], [o0].[SeatID], [o0].[Price], [o0].[Status], [s0].[SeatID] AS [SeatID0], [s0].[RoomID], [s0].[RowLabel], [s0].[SeatCode], [s0].[SeatNumber], [s0].[SeatType]
    FROM [OrderSeats] AS [o0]
    INNER JOIN [Seats] AS [s0] ON [o0].[SeatID] = [s0].[SeatID]
) AS [t] ON [o].[OrderID] = [t].[OrderID]
WHERE [o].[UserID] = @__userId_0
ORDER BY [o].[OrderID] DESC, [s].[ShowtimeID], [m].[MovieID], [r].[RoomID], [t].[OrderID], [t].[SeatID]
2026-05-27 11:04:11.538 +07:00 [INF] Executing ViewResult, running view Index.
2026-05-27 11:04:11.539 +07:00 [INF] Executed ViewResult - view Index executed in 1.3539ms.
2026-05-27 11:04:11.539 +07:00 [INF] Executed action AuraCinema.Web.Controllers.MyTicketsController.Index (AuraCinema.Web) in 20.688ms
2026-05-27 11:04:11.540 +07:00 [INF] Executed endpoint 'AuraCinema.Web.Controllers.MyTicketsController.Index (AuraCinema.Web)'
2026-05-27 11:04:11.540 +07:00 [INF] Request finished HTTP/1.1 GET http://localhost:5231/MyTickets - 200 null text/html; charset=utf-8 22.0014ms
2026-05-27 11:04:24.645 +07:00 [INF] Request starting HTTP/1.1 POST http://localhost:5231/Account/Logout - application/x-www-form-urlencoded 225
2026-05-27 11:04:24.645 +07:00 [INF] Executing endpoint 'AuraCinema.Web.Controllers.AccountController.Logout (AuraCinema.Web)'
2026-05-27 11:04:24.645 +07:00 [INF] Route matched with {action = "Logout", controller = "Account", area = ""}. Executing controller action with signature System.Threading.Tasks.Task`1[Microsoft.AspNetCore.Mvc.IActionResult] Logout() on controller AuraCinema.Web.Controllers.AccountController (AuraCinema.Web).
2026-05-27 11:04:24.646 +07:00 [INF] AuthenticationScheme: Cookies signed out.
2026-05-27 11:04:24.646 +07:00 [INF] Executing RedirectResult, redirecting to /.
2026-05-27 11:04:24.647 +07:00 [INF] Executed action AuraCinema.Web.Controllers.AccountController.Logout (AuraCinema.Web) in 1.2289ms
2026-05-27 11:04:24.647 +07:00 [INF] Executed endpoint 'AuraCinema.Web.Controllers.AccountController.Logout (AuraCinema.Web)'
2026-05-27 11:04:24.647 +07:00 [INF] Request finished HTTP/1.1 POST http://localhost:5231/Account/Logout - 302 0 null 2.273ms
2026-05-27 11:04:24.653 +07:00 [INF] Request starting HTTP/1.1 GET http://localhost:5231/ - null null
2026-05-27 11:04:24.653 +07:00 [INF] Executing endpoint 'AuraCinema.Web.Controllers.HomeController.Index (AuraCinema.Web)'
2026-05-27 11:04:24.653 +07:00 [INF] Route matched with {action = "Index", controller = "Home", area = ""}. Executing controller action with signature System.Threading.Tasks.Task`1[Microsoft.AspNetCore.Mvc.IActionResult] Index() on controller AuraCinema.Web.Controllers.HomeController (AuraCinema.Web).
2026-05-27 11:04:24.655 +07:00 [INF] Executed DbCommand (1ms) [Parameters=[], CommandType='"Text"', CommandTimeout='30']
SELECT [m].[MovieID], [m].[Title], [m].[Genre], [m].[Poster], [m].[Duration], [m].[Status], [m].[ReleaseDate], [m].[Director]
FROM [Movies] AS [m]
WHERE [m].[Status] IN (N'Dang chieu', N'Sap chieu')
ORDER BY [m].[ReleaseDate] DESC
2026-05-27 11:04:24.656 +07:00 [INF] Executing ViewResult, running view Index.
2026-05-27 11:04:24.657 +07:00 [INF] Executed ViewResult - view Index executed in 1.0121ms.
2026-05-27 11:04:24.657 +07:00 [INF] Executed action AuraCinema.Web.Controllers.HomeController.Index (AuraCinema.Web) in 3.1829ms
2026-05-27 11:04:24.657 +07:00 [INF] Executed endpoint 'AuraCinema.Web.Controllers.HomeController.Index (AuraCinema.Web)'
2026-05-27 11:04:24.657 +07:00 [INF] Request finished HTTP/1.1 GET http://localhost:5231/ - 200 null text/html; charset=utf-8 4.0931ms
2026-05-27 11:04:26.963 +07:00 [INF] Request starting HTTP/1.1 GET http://localhost:5231/Account/Login - null null
2026-05-27 11:04:26.964 +07:00 [INF] Executing endpoint 'AuraCinema.Web.Controllers.AccountController.Login (AuraCinema.Web)'
2026-05-27 11:04:26.964 +07:00 [INF] Route matched with {action = "Login", controller = "Account", area = ""}. Executing controller action with signature Microsoft.AspNetCore.Mvc.IActionResult Login(System.String) on controller AuraCinema.Web.Controllers.AccountController (AuraCinema.Web).
2026-05-27 11:04:26.964 +07:00 [INF] Executing ViewResult, running view Login.
2026-05-27 11:04:26.966 +07:00 [INF] Executed ViewResult - view Login executed in 2.1559ms.
2026-05-27 11:04:26.967 +07:00 [INF] Executed action AuraCinema.Web.Controllers.AccountController.Login (AuraCinema.Web) in 2.6979ms
2026-05-27 11:04:26.967 +07:00 [INF] Executed endpoint 'AuraCinema.Web.Controllers.AccountController.Login (AuraCinema.Web)'
2026-05-27 11:04:26.967 +07:00 [INF] Request finished HTTP/1.1 GET http://localhost:5231/Account/Login - 200 null text/html; charset=utf-8 3.3327ms
2026-05-27 11:04:30.173 +07:00 [INF] Request starting HTTP/1.1 POST http://localhost:5231/Account/Login - application/x-www-form-urlencoded 237
2026-05-27 11:04:30.174 +07:00 [INF] Executing endpoint 'AuraCinema.Web.Controllers.AccountController.Login (AuraCinema.Web)'
2026-05-27 11:04:30.174 +07:00 [INF] Route matched with {action = "Login", controller = "Account", area = ""}. Executing controller action with signature System.Threading.Tasks.Task`1[Microsoft.AspNetCore.Mvc.IActionResult] Login(AuraCinema.Web.ViewModels.Account.LoginViewModel) on controller AuraCinema.Web.Controllers.AccountController (AuraCinema.Web).
2026-05-27 11:04:30.176 +07:00 [INF] Executed DbCommand (1ms) [Parameters=[@__Trim_0='?' (Size = 100)], CommandType='"Text"', CommandTimeout='30']
SELECT TOP(1) [u].[UserID], [u].[Email], [u].[FullName], [u].[OtpCode], [u].[OtpExpiry], [u].[Password], [u].[Phone], [u].[Role], [u].[Status], [u].[UserCode]
FROM [Users] AS [u]
WHERE [u].[Email] = @__Trim_0
2026-05-27 11:04:30.576 +07:00 [INF] AuthenticationScheme: Cookies signed in.
2026-05-27 11:04:30.576 +07:00 [INF] Executing RedirectResult, redirecting to /Admin.
2026-05-27 11:04:30.576 +07:00 [INF] Executed action AuraCinema.Web.Controllers.AccountController.Login (AuraCinema.Web) in 402.497ms
2026-05-27 11:04:30.576 +07:00 [INF] Executed endpoint 'AuraCinema.Web.Controllers.AccountController.Login (AuraCinema.Web)'
2026-05-27 11:04:30.577 +07:00 [INF] Request finished HTTP/1.1 POST http://localhost:5231/Account/Login - 302 0 null 403.3432ms
2026-05-27 11:04:30.581 +07:00 [INF] Request starting HTTP/1.1 GET http://localhost:5231/Admin - null null
2026-05-27 11:04:30.582 +07:00 [INF] Executing endpoint 'AuraCinema.Web.Areas.Admin.Controllers.DashboardController.Index (AuraCinema.Web)'
2026-05-27 11:04:30.582 +07:00 [INF] Route matched with {area = "Admin", action = "Index", controller = "Dashboard"}. Executing controller action with signature System.Threading.Tasks.Task`1[Microsoft.AspNetCore.Mvc.IActionResult] Index() on controller AuraCinema.Web.Areas.Admin.Controllers.DashboardController (AuraCinema.Web).
2026-05-27 11:04:30.596 +07:00 [INF] Executed DbCommand (12ms) [Parameters=[], CommandType='"Text"', CommandTimeout='30']
SELECT [o].[OrderID], [o].[CheckInTime], [o].[FinalAmount], [o].[HoldExpiryTime], [o].[OrderCode], [o].[PayOSTransID], [o].[PromoID], [o].[QrCode], [o].[ShowtimeID], [o].[Status], [o].[TotalAmount], [o].[UserID], [s].[ShowtimeID], [m].[MovieID], [o0].[OrderID], [o0].[SeatID], [o0].[Price], [o0].[Status], [s].[EndTime], [s].[MovieID], [s].[RoomID], [s].[ShowtimeCode], [s].[StartTime], [s].[Status], [m].[Actors], [m].[Description], [m].[Director], [m].[Duration], [m].[Genre], [m].[MovieCode], [m].[Poster], [m].[ReleaseDate], [m].[Status], [m].[Title], [m].[Trailer]
FROM [Orders] AS [o]
INNER JOIN [Showtimes] AS [s] ON [o].[ShowtimeID] = [s].[ShowtimeID]
INNER JOIN [Movies] AS [m] ON [s].[MovieID] = [m].[MovieID]
LEFT JOIN [OrderSeats] AS [o0] ON [o].[OrderID] = [o0].[OrderID]
WHERE [o].[Status] IN (N'Da thanh toan', N'Da su dung', N'Đã thanh toán', N'Đã sử dụng')
ORDER BY [o].[OrderID], [s].[ShowtimeID], [m].[MovieID], [o0].[OrderID]
2026-05-27 11:04:30.599 +07:00 [INF] Executed DbCommand (1ms) [Parameters=[], CommandType='"Text"', CommandTimeout='30']
SELECT COUNT(*)
FROM [Seats] AS [s]
2026-05-27 11:04:30.602 +07:00 [INF] Executed DbCommand (2ms) [Parameters=[@__AddDays_0='?' (DbType = DateTime2), @__AddDays_1='?' (DbType = DateTime2)], CommandType='"Text"', CommandTimeout='30']
SELECT COUNT(*)
FROM [Showtimes] AS [s]
WHERE [s].[StartTime] > @__AddDays_0 AND [s].[StartTime] < @__AddDays_1
2026-05-27 11:04:30.603 +07:00 [INF] Executing ViewResult, running view Index.
2026-05-27 11:04:30.604 +07:00 [INF] Executed ViewResult - view Index executed in 1.668ms.
2026-05-27 11:04:30.604 +07:00 [INF] Executed action AuraCinema.Web.Areas.Admin.Controllers.DashboardController.Index (AuraCinema.Web) in 21.8648ms
2026-05-27 11:04:30.604 +07:00 [INF] Executed endpoint 'AuraCinema.Web.Areas.Admin.Controllers.DashboardController.Index (AuraCinema.Web)'
2026-05-27 11:04:30.605 +07:00 [INF] Request finished HTTP/1.1 GET http://localhost:5231/Admin - 200 null text/html; charset=utf-8 23.5382ms
2026-05-27 11:04:33.709 +07:00 [INF] Request starting HTTP/1.1 GET http://localhost:5231/ - null null
2026-05-27 11:04:33.710 +07:00 [INF] Executing endpoint 'AuraCinema.Web.Controllers.HomeController.Index (AuraCinema.Web)'
2026-05-27 11:04:33.710 +07:00 [INF] Route matched with {action = "Index", controller = "Home", area = ""}. Executing controller action with signature System.Threading.Tasks.Task`1[Microsoft.AspNetCore.Mvc.IActionResult] Index() on controller AuraCinema.Web.Controllers.HomeController (AuraCinema.Web).
2026-05-27 11:04:33.712 +07:00 [INF] Executed DbCommand (1ms) [Parameters=[], CommandType='"Text"', CommandTimeout='30']
SELECT [m].[MovieID], [m].[Title], [m].[Genre], [m].[Poster], [m].[Duration], [m].[Status], [m].[ReleaseDate], [m].[Director]
FROM [Movies] AS [m]
WHERE [m].[Status] IN (N'Dang chieu', N'Sap chieu')
ORDER BY [m].[ReleaseDate] DESC
2026-05-27 11:04:33.714 +07:00 [INF] Executed DbCommand (1ms) [Parameters=[@__p_1='?' (DbType = Int32), @__userId_0='?' (DbType = Int32)], CommandType='"Text"', CommandTimeout='30']
SELECT [t].[OrderID], [t].[CheckInTime], [t].[FinalAmount], [t].[HoldExpiryTime], [t].[OrderCode], [t].[PayOSTransID], [t].[PromoID], [t].[QrCode], [t].[ShowtimeID], [t].[Status], [t].[TotalAmount], [t].[UserID], [s].[ShowtimeID], [s].[EndTime], [s].[MovieID], [s].[RoomID], [s].[ShowtimeCode], [s].[StartTime], [s].[Status], [m].[MovieID], [m].[Actors], [m].[Description], [m].[Director], [m].[Duration], [m].[Genre], [m].[MovieCode], [m].[Poster], [m].[ReleaseDate], [m].[Status], [m].[Title], [m].[Trailer], [r].[RoomID], [r].[Capacity], [r].[RoomCode], [r].[RoomName], [r].[Status], [t0].[OrderID], [t0].[SeatID], [t0].[Price], [t0].[Status], [t0].[SeatID0], [t0].[RoomID], [t0].[RowLabel], [t0].[SeatCode], [t0].[SeatNumber], [t0].[SeatType]
FROM (
    SELECT TOP(@__p_1) [o].[OrderID], [o].[CheckInTime], [o].[FinalAmount], [o].[HoldExpiryTime], [o].[OrderCode], [o].[PayOSTransID], [o].[PromoID], [o].[QrCode], [o].[ShowtimeID], [o].[Status], [o].[TotalAmount], [o].[UserID]
    FROM [Orders] AS [o]
    WHERE [o].[UserID] = @__userId_0 AND [o].[Status] IN (N'Da thanh toan', N'Da su dung', N'Đã thanh toán', N'Đã sử dụng')
    ORDER BY [o].[OrderID] DESC
) AS [t]
INNER JOIN [Showtimes] AS [s] ON [t].[ShowtimeID] = [s].[ShowtimeID]
INNER JOIN [Movies] AS [m] ON [s].[MovieID] = [m].[MovieID]
INNER JOIN [Rooms] AS [r] ON [s].[RoomID] = [r].[RoomID]
LEFT JOIN (
    SELECT [o0].[OrderID], [o0].[SeatID], [o0].[Price], [o0].[Status], [s0].[SeatID] AS [SeatID0], [s0].[RoomID], [s0].[RowLabel], [s0].[SeatCode], [s0].[SeatNumber], [s0].[SeatType]
    FROM [OrderSeats] AS [o0]
    INNER JOIN [Seats] AS [s0] ON [o0].[SeatID] = [s0].[SeatID]
) AS [t0] ON [t].[OrderID] = [t0].[OrderID]
ORDER BY [t].[OrderID] DESC, [s].[ShowtimeID], [m].[MovieID], [r].[RoomID], [t0].[OrderID], [t0].[SeatID]
2026-05-27 11:04:33.715 +07:00 [INF] Executing ViewResult, running view Index.
2026-05-27 11:04:33.717 +07:00 [INF] Executed ViewResult - view Index executed in 1.8697ms.
2026-05-27 11:04:33.717 +07:00 [INF] Executed action AuraCinema.Web.Controllers.HomeController.Index (AuraCinema.Web) in 7.1585ms
2026-05-27 11:04:33.717 +07:00 [INF] Executed endpoint 'AuraCinema.Web.Controllers.HomeController.Index (AuraCinema.Web)'
2026-05-27 11:04:33.718 +07:00 [INF] Request finished HTTP/1.1 GET http://localhost:5231/ - 200 null text/html; charset=utf-8 8.3339ms
2026-05-27 11:04:34.828 +07:00 [INF] Request starting HTTP/1.1 GET http://localhost:5231/MyTickets - null null
2026-05-27 11:04:34.831 +07:00 [INF] Executing endpoint 'AuraCinema.Web.Controllers.MyTicketsController.Index (AuraCinema.Web)'
2026-05-27 11:04:34.831 +07:00 [INF] Route matched with {action = "Index", controller = "MyTickets", area = ""}. Executing controller action with signature System.Threading.Tasks.Task`1[Microsoft.AspNetCore.Mvc.IActionResult] Index() on controller AuraCinema.Web.Controllers.MyTicketsController (AuraCinema.Web).
2026-05-27 11:04:34.834 +07:00 [INF] Executed DbCommand (1ms) [Parameters=[@__userId_0='?' (DbType = Int32)], CommandType='"Text"', CommandTimeout='30']
SELECT [o].[OrderID], [o].[CheckInTime], [o].[FinalAmount], [o].[HoldExpiryTime], [o].[OrderCode], [o].[PayOSTransID], [o].[PromoID], [o].[QrCode], [o].[ShowtimeID], [o].[Status], [o].[TotalAmount], [o].[UserID], [s].[ShowtimeID], [s].[EndTime], [s].[MovieID], [s].[RoomID], [s].[ShowtimeCode], [s].[StartTime], [s].[Status], [m].[MovieID], [m].[Actors], [m].[Description], [m].[Director], [m].[Duration], [m].[Genre], [m].[MovieCode], [m].[Poster], [m].[ReleaseDate], [m].[Status], [m].[Title], [m].[Trailer], [r].[RoomID], [r].[Capacity], [r].[RoomCode], [r].[RoomName], [r].[Status], [t].[OrderID], [t].[SeatID], [t].[Price], [t].[Status], [t].[SeatID0], [t].[RoomID], [t].[RowLabel], [t].[SeatCode], [t].[SeatNumber], [t].[SeatType]
FROM [Orders] AS [o]
INNER JOIN [Showtimes] AS [s] ON [o].[ShowtimeID] = [s].[ShowtimeID]
INNER JOIN [Movies] AS [m] ON [s].[MovieID] = [m].[MovieID]
INNER JOIN [Rooms] AS [r] ON [s].[RoomID] = [r].[RoomID]
LEFT JOIN (
    SELECT [o0].[OrderID], [o0].[SeatID], [o0].[Price], [o0].[Status], [s0].[SeatID] AS [SeatID0], [s0].[RoomID], [s0].[RowLabel], [s0].[SeatCode], [s0].[SeatNumber], [s0].[SeatType]
    FROM [OrderSeats] AS [o0]
    INNER JOIN [Seats] AS [s0] ON [o0].[SeatID] = [s0].[SeatID]
) AS [t] ON [o].[OrderID] = [t].[OrderID]
WHERE [o].[UserID] = @__userId_0
ORDER BY [o].[OrderID] DESC, [s].[ShowtimeID], [m].[MovieID], [r].[RoomID], [t].[OrderID], [t].[SeatID]
2026-05-27 11:04:34.835 +07:00 [INF] Executing ViewResult, running view Index.
2026-05-27 11:04:34.845 +07:00 [INF] Executed ViewResult - view Index executed in 9.6375ms.
2026-05-27 11:04:34.845 +07:00 [INF] Executed action AuraCinema.Web.Controllers.MyTicketsController.Index (AuraCinema.Web) in 13.331ms
2026-05-27 11:04:34.845 +07:00 [INF] Executed endpoint 'AuraCinema.Web.Controllers.MyTicketsController.Index (AuraCinema.Web)'
2026-05-27 11:04:34.845 +07:00 [INF] Request finished HTTP/1.1 GET http://localhost:5231/MyTickets - 200 null text/html; charset=utf-8 16.941ms
2026-05-27 11:05:04.681 +07:00 [INF] Executed DbCommand (5ms) [Parameters=[], CommandType='"Text"', CommandTimeout='30']
SELECT [o].[OrderID], [o].[CheckInTime], [o].[FinalAmount], [o].[HoldExpiryTime], [o].[OrderCode], [o].[PayOSTransID], [o].[PromoID], [o].[QrCode], [o].[ShowtimeID], [o].[Status], [o].[TotalAmount], [o].[UserID]
FROM [Orders] AS [o]
WHERE [o].[Status] = N'Chờ thanh toán' AND [o].[HoldExpiryTime] <= GETDATE()
2026-05-27 11:05:04.688 +07:00 [INF] Executed DbCommand (5ms) [Parameters=[@__maxSellingDate_0='?' (DbType = DateTime2), @__now_1='?' (DbType = DateTime2)], CommandType='"Text"', CommandTimeout='30']
SELECT [s].[ShowtimeID], [s].[EndTime], [s].[MovieID], [s].[RoomID], [s].[ShowtimeCode], [s].[StartTime], [s].[Status]
FROM [Showtimes] AS [s]
WHERE [s].[Status] IN (N'Đã lên lịch', N'Sap chieu') AND CONVERT(date, [s].[StartTime]) <= @__maxSellingDate_0 AND [s].[StartTime] > @__now_1
2026-05-27 11:05:04.692 +07:00 [INF] Executed DbCommand (4ms) [Parameters=[@__now_0='?' (DbType = DateTime2)], CommandType='"Text"', CommandTimeout='30']
SELECT [s].[ShowtimeID], [s].[EndTime], [s].[MovieID], [s].[RoomID], [s].[ShowtimeCode], [s].[StartTime], [s].[Status]
FROM [Showtimes] AS [s]
WHERE [s].[Status] IN (N'Đã lên lịch', N'Đang mở bán', N'Sap chieu') AND [s].[StartTime] <= @__now_0 AND [s].[EndTime] > @__now_0
2026-05-27 11:05:04.697 +07:00 [INF] Executed DbCommand (4ms) [Parameters=[@__now_0='?' (DbType = DateTime2)], CommandType='"Text"', CommandTimeout='30']
SELECT [s].[ShowtimeID], [s].[EndTime], [s].[MovieID], [s].[RoomID], [s].[ShowtimeCode], [s].[StartTime], [s].[Status]
FROM [Showtimes] AS [s]
WHERE [s].[Status] IN (N'Đã lên lịch', N'Đang mở bán', N'Đang chiếu', N'Sap chieu', N'Dang dien ra') AND [s].[EndTime] <= @__now_0
2026-05-27 11:05:04.702 +07:00 [INF] Executed DbCommand (3ms) [Parameters=[@__today_0='?' (DbType = Date)], CommandType='"Text"', CommandTimeout='30']
SELECT [m].[MovieID], [m].[Actors], [m].[Description], [m].[Director], [m].[Duration], [m].[Genre], [m].[MovieCode], [m].[Poster], [m].[ReleaseDate], [m].[Status], [m].[Title], [m].[Trailer]
FROM [Movies] AS [m]
WHERE [m].[Status] = N'Sap chieu' AND [m].[ReleaseDate] <= @__today_0
2026-05-27 11:06:04.709 +07:00 [INF] Executed DbCommand (1ms) [Parameters=[], CommandType='"Text"', CommandTimeout='30']
SELECT [o].[OrderID], [o].[CheckInTime], [o].[FinalAmount], [o].[HoldExpiryTime], [o].[OrderCode], [o].[PayOSTransID], [o].[PromoID], [o].[QrCode], [o].[ShowtimeID], [o].[Status], [o].[TotalAmount], [o].[UserID]
FROM [Orders] AS [o]
WHERE [o].[Status] = N'Chờ thanh toán' AND [o].[HoldExpiryTime] <= GETDATE()
2026-05-27 11:06:04.712 +07:00 [INF] Executed DbCommand (1ms) [Parameters=[@__maxSellingDate_0='?' (DbType = DateTime2), @__now_1='?' (DbType = DateTime2)], CommandType='"Text"', CommandTimeout='30']
SELECT [s].[ShowtimeID], [s].[EndTime], [s].[MovieID], [s].[RoomID], [s].[ShowtimeCode], [s].[StartTime], [s].[Status]
FROM [Showtimes] AS [s]
WHERE [s].[Status] IN (N'Đã lên lịch', N'Sap chieu') AND CONVERT(date, [s].[StartTime]) <= @__maxSellingDate_0 AND [s].[StartTime] > @__now_1
2026-05-27 11:06:04.713 +07:00 [INF] Executed DbCommand (1ms) [Parameters=[@__now_0='?' (DbType = DateTime2)], CommandType='"Text"', CommandTimeout='30']
SELECT [s].[ShowtimeID], [s].[EndTime], [s].[MovieID], [s].[RoomID], [s].[ShowtimeCode], [s].[StartTime], [s].[Status]
FROM [Showtimes] AS [s]
WHERE [s].[Status] IN (N'Đã lên lịch', N'Đang mở bán', N'Sap chieu') AND [s].[StartTime] <= @__now_0 AND [s].[EndTime] > @__now_0
2026-05-27 11:06:04.715 +07:00 [INF] Executed DbCommand (1ms) [Parameters=[@__now_0='?' (DbType = DateTime2)], CommandType='"Text"', CommandTimeout='30']
SELECT [s].[ShowtimeID], [s].[EndTime], [s].[MovieID], [s].[RoomID], [s].[ShowtimeCode], [s].[StartTime], [s].[Status]
FROM [Showtimes] AS [s]
WHERE [s].[Status] IN (N'Đã lên lịch', N'Đang mở bán', N'Đang chiếu', N'Sap chieu', N'Dang dien ra') AND [s].[EndTime] <= @__now_0
2026-05-27 11:06:04.717 +07:00 [INF] Executed DbCommand (1ms) [Parameters=[@__today_0='?' (DbType = Date)], CommandType='"Text"', CommandTimeout='30']
SELECT [m].[MovieID], [m].[Actors], [m].[Description], [m].[Director], [m].[Duration], [m].[Genre], [m].[MovieCode], [m].[Poster], [m].[ReleaseDate], [m].[Status], [m].[Title], [m].[Trailer]
FROM [Movies] AS [m]
WHERE [m].[Status] = N'Sap chieu' AND [m].[ReleaseDate] <= @__today_0
2026-05-27 11:07:04.726 +07:00 [INF] Executed DbCommand (6ms) [Parameters=[], CommandType='"Text"', CommandTimeout='30']
SELECT [o].[OrderID], [o].[CheckInTime], [o].[FinalAmount], [o].[HoldExpiryTime], [o].[OrderCode], [o].[PayOSTransID], [o].[PromoID], [o].[QrCode], [o].[ShowtimeID], [o].[Status], [o].[TotalAmount], [o].[UserID]
FROM [Orders] AS [o]
WHERE [o].[Status] = N'Chờ thanh toán' AND [o].[HoldExpiryTime] <= GETDATE()
2026-05-27 11:07:04.732 +07:00 [INF] Executed DbCommand (5ms) [Parameters=[@__maxSellingDate_0='?' (DbType = DateTime2), @__now_1='?' (DbType = DateTime2)], CommandType='"Text"', CommandTimeout='30']
SELECT [s].[ShowtimeID], [s].[EndTime], [s].[MovieID], [s].[RoomID], [s].[ShowtimeCode], [s].[StartTime], [s].[Status]
FROM [Showtimes] AS [s]
WHERE [s].[Status] IN (N'Đã lên lịch', N'Sap chieu') AND CONVERT(date, [s].[StartTime]) <= @__maxSellingDate_0 AND [s].[StartTime] > @__now_1
2026-05-27 11:07:04.736 +07:00 [INF] Executed DbCommand (3ms) [Parameters=[@__now_0='?' (DbType = DateTime2)], CommandType='"Text"', CommandTimeout='30']
SELECT [s].[ShowtimeID], [s].[EndTime], [s].[MovieID], [s].[RoomID], [s].[ShowtimeCode], [s].[StartTime], [s].[Status]
FROM [Showtimes] AS [s]
WHERE [s].[Status] IN (N'Đã lên lịch', N'Đang mở bán', N'Sap chieu') AND [s].[StartTime] <= @__now_0 AND [s].[EndTime] > @__now_0
2026-05-27 11:07:04.739 +07:00 [INF] Executed DbCommand (2ms) [Parameters=[@__now_0='?' (DbType = DateTime2)], CommandType='"Text"', CommandTimeout='30']
SELECT [s].[ShowtimeID], [s].[EndTime], [s].[MovieID], [s].[RoomID], [s].[ShowtimeCode], [s].[StartTime], [s].[Status]
FROM [Showtimes] AS [s]
WHERE [s].[Status] IN (N'Đã lên lịch', N'Đang mở bán', N'Đang chiếu', N'Sap chieu', N'Dang dien ra') AND [s].[EndTime] <= @__now_0
2026-05-27 11:07:04.742 +07:00 [INF] Executed DbCommand (2ms) [Parameters=[@__today_0='?' (DbType = Date)], CommandType='"Text"', CommandTimeout='30']
SELECT [m].[MovieID], [m].[Actors], [m].[Description], [m].[Director], [m].[Duration], [m].[Genre], [m].[MovieCode], [m].[Poster], [m].[ReleaseDate], [m].[Status], [m].[Title], [m].[Trailer]
FROM [Movies] AS [m]
WHERE [m].[Status] = N'Sap chieu' AND [m].[ReleaseDate] <= @__today_0
2026-05-27 11:08:04.760 +07:00 [INF] Executed DbCommand (5ms) [Parameters=[], CommandType='"Text"', CommandTimeout='30']
SELECT [o].[OrderID], [o].[CheckInTime], [o].[FinalAmount], [o].[HoldExpiryTime], [o].[OrderCode], [o].[PayOSTransID], [o].[PromoID], [o].[QrCode], [o].[ShowtimeID], [o].[Status], [o].[TotalAmount], [o].[UserID]
FROM [Orders] AS [o]
WHERE [o].[Status] = N'Chờ thanh toán' AND [o].[HoldExpiryTime] <= GETDATE()
2026-05-27 11:08:04.767 +07:00 [INF] Executed DbCommand (5ms) [Parameters=[@__maxSellingDate_0='?' (DbType = DateTime2), @__now_1='?' (DbType = DateTime2)], CommandType='"Text"', CommandTimeout='30']
SELECT [s].[ShowtimeID], [s].[EndTime], [s].[MovieID], [s].[RoomID], [s].[ShowtimeCode], [s].[StartTime], [s].[Status]
FROM [Showtimes] AS [s]
WHERE [s].[Status] IN (N'Đã lên lịch', N'Sap chieu') AND CONVERT(date, [s].[StartTime]) <= @__maxSellingDate_0 AND [s].[StartTime] > @__now_1
2026-05-27 11:08:04.771 +07:00 [INF] Executed DbCommand (3ms) [Parameters=[@__now_0='?' (DbType = DateTime2)], CommandType='"Text"', CommandTimeout='30']
SELECT [s].[ShowtimeID], [s].[EndTime], [s].[MovieID], [s].[RoomID], [s].[ShowtimeCode], [s].[StartTime], [s].[Status]
FROM [Showtimes] AS [s]
WHERE [s].[Status] IN (N'Đã lên lịch', N'Đang mở bán', N'Sap chieu') AND [s].[StartTime] <= @__now_0 AND [s].[EndTime] > @__now_0
2026-05-27 11:08:04.776 +07:00 [INF] Executed DbCommand (4ms) [Parameters=[@__now_0='?' (DbType = DateTime2)], CommandType='"Text"', CommandTimeout='30']
SELECT [s].[ShowtimeID], [s].[EndTime], [s].[MovieID], [s].[RoomID], [s].[ShowtimeCode], [s].[StartTime], [s].[Status]
FROM [Showtimes] AS [s]
WHERE [s].[Status] IN (N'Đã lên lịch', N'Đang mở bán', N'Đang chiếu', N'Sap chieu', N'Dang dien ra') AND [s].[EndTime] <= @__now_0
2026-05-27 11:08:04.780 +07:00 [INF] Executed DbCommand (3ms) [Parameters=[@__today_0='?' (DbType = Date)], CommandType='"Text"', CommandTimeout='30']
SELECT [m].[MovieID], [m].[Actors], [m].[Description], [m].[Director], [m].[Duration], [m].[Genre], [m].[MovieCode], [m].[Poster], [m].[ReleaseDate], [m].[Status], [m].[Title], [m].[Trailer]
FROM [Movies] AS [m]
WHERE [m].[Status] = N'Sap chieu' AND [m].[ReleaseDate] <= @__today_0
2026-05-27 11:09:04.795 +07:00 [INF] Executed DbCommand (5ms) [Parameters=[], CommandType='"Text"', CommandTimeout='30']
SELECT [o].[OrderID], [o].[CheckInTime], [o].[FinalAmount], [o].[HoldExpiryTime], [o].[OrderCode], [o].[PayOSTransID], [o].[PromoID], [o].[QrCode], [o].[ShowtimeID], [o].[Status], [o].[TotalAmount], [o].[UserID]
FROM [Orders] AS [o]
WHERE [o].[Status] = N'Chờ thanh toán' AND [o].[HoldExpiryTime] <= GETDATE()
2026-05-27 11:09:04.801 +07:00 [INF] Executed DbCommand (5ms) [Parameters=[@__maxSellingDate_0='?' (DbType = DateTime2), @__now_1='?' (DbType = DateTime2)], CommandType='"Text"', CommandTimeout='30']
SELECT [s].[ShowtimeID], [s].[EndTime], [s].[MovieID], [s].[RoomID], [s].[ShowtimeCode], [s].[StartTime], [s].[Status]
FROM [Showtimes] AS [s]
WHERE [s].[Status] IN (N'Đã lên lịch', N'Sap chieu') AND CONVERT(date, [s].[StartTime]) <= @__maxSellingDate_0 AND [s].[StartTime] > @__now_1
2026-05-27 11:09:04.805 +07:00 [INF] Executed DbCommand (3ms) [Parameters=[@__now_0='?' (DbType = DateTime2)], CommandType='"Text"', CommandTimeout='30']
SELECT [s].[ShowtimeID], [s].[EndTime], [s].[MovieID], [s].[RoomID], [s].[ShowtimeCode], [s].[StartTime], [s].[Status]
FROM [Showtimes] AS [s]
WHERE [s].[Status] IN (N'Đã lên lịch', N'Đang mở bán', N'Sap chieu') AND [s].[StartTime] <= @__now_0 AND [s].[EndTime] > @__now_0
2026-05-27 11:09:04.807 +07:00 [INF] Executed DbCommand (2ms) [Parameters=[@__now_0='?' (DbType = DateTime2)], CommandType='"Text"', CommandTimeout='30']
SELECT [s].[ShowtimeID], [s].[EndTime], [s].[MovieID], [s].[RoomID], [s].[ShowtimeCode], [s].[StartTime], [s].[Status]
FROM [Showtimes] AS [s]
WHERE [s].[Status] IN (N'Đã lên lịch', N'Đang mở bán', N'Đang chiếu', N'Sap chieu', N'Dang dien ra') AND [s].[EndTime] <= @__now_0
2026-05-27 11:09:04.810 +07:00 [INF] Executed DbCommand (1ms) [Parameters=[@__today_0='?' (DbType = Date)], CommandType='"Text"', CommandTimeout='30']
SELECT [m].[MovieID], [m].[Actors], [m].[Description], [m].[Director], [m].[Duration], [m].[Genre], [m].[MovieCode], [m].[Poster], [m].[ReleaseDate], [m].[Status], [m].[Title], [m].[Trailer]
FROM [Movies] AS [m]
WHERE [m].[Status] = N'Sap chieu' AND [m].[ReleaseDate] <= @__today_0
2026-05-27 11:10:04.822 +07:00 [INF] Executed DbCommand (5ms) [Parameters=[], CommandType='"Text"', CommandTimeout='30']
SELECT [o].[OrderID], [o].[CheckInTime], [o].[FinalAmount], [o].[HoldExpiryTime], [o].[OrderCode], [o].[PayOSTransID], [o].[PromoID], [o].[QrCode], [o].[ShowtimeID], [o].[Status], [o].[TotalAmount], [o].[UserID]
FROM [Orders] AS [o]
WHERE [o].[Status] = N'Chờ thanh toán' AND [o].[HoldExpiryTime] <= GETDATE()
2026-05-27 11:10:04.828 +07:00 [INF] Executed DbCommand (4ms) [Parameters=[@__maxSellingDate_0='?' (DbType = DateTime2), @__now_1='?' (DbType = DateTime2)], CommandType='"Text"', CommandTimeout='30']
SELECT [s].[ShowtimeID], [s].[EndTime], [s].[MovieID], [s].[RoomID], [s].[ShowtimeCode], [s].[StartTime], [s].[Status]
FROM [Showtimes] AS [s]
WHERE [s].[Status] IN (N'Đã lên lịch', N'Sap chieu') AND CONVERT(date, [s].[StartTime]) <= @__maxSellingDate_0 AND [s].[StartTime] > @__now_1
2026-05-27 11:10:04.831 +07:00 [INF] Executed DbCommand (3ms) [Parameters=[@__now_0='?' (DbType = DateTime2)], CommandType='"Text"', CommandTimeout='30']
SELECT [s].[ShowtimeID], [s].[EndTime], [s].[MovieID], [s].[RoomID], [s].[ShowtimeCode], [s].[StartTime], [s].[Status]
FROM [Showtimes] AS [s]
WHERE [s].[Status] IN (N'Đã lên lịch', N'Đang mở bán', N'Sap chieu') AND [s].[StartTime] <= @__now_0 AND [s].[EndTime] > @__now_0
2026-05-27 11:10:04.834 +07:00 [INF] Executed DbCommand (2ms) [Parameters=[@__now_0='?' (DbType = DateTime2)], CommandType='"Text"', CommandTimeout='30']
SELECT [s].[ShowtimeID], [s].[EndTime], [s].[MovieID], [s].[RoomID], [s].[ShowtimeCode], [s].[StartTime], [s].[Status]
FROM [Showtimes] AS [s]
WHERE [s].[Status] IN (N'Đã lên lịch', N'Đang mở bán', N'Đang chiếu', N'Sap chieu', N'Dang dien ra') AND [s].[EndTime] <= @__now_0
2026-05-27 11:10:04.837 +07:00 [INF] Executed DbCommand (2ms) [Parameters=[@__today_0='?' (DbType = Date)], CommandType='"Text"', CommandTimeout='30']
SELECT [m].[MovieID], [m].[Actors], [m].[Description], [m].[Director], [m].[Duration], [m].[Genre], [m].[MovieCode], [m].[Poster], [m].[ReleaseDate], [m].[Status], [m].[Title], [m].[Trailer]
FROM [Movies] AS [m]
WHERE [m].[Status] = N'Sap chieu' AND [m].[ReleaseDate] <= @__today_0
2026-05-27 11:11:04.849 +07:00 [INF] Executed DbCommand (5ms) [Parameters=[], CommandType='"Text"', CommandTimeout='30']
SELECT [o].[OrderID], [o].[CheckInTime], [o].[FinalAmount], [o].[HoldExpiryTime], [o].[OrderCode], [o].[PayOSTransID], [o].[PromoID], [o].[QrCode], [o].[ShowtimeID], [o].[Status], [o].[TotalAmount], [o].[UserID]
FROM [Orders] AS [o]
WHERE [o].[Status] = N'Chờ thanh toán' AND [o].[HoldExpiryTime] <= GETDATE()
2026-05-27 11:11:04.856 +07:00 [INF] Executed DbCommand (5ms) [Parameters=[@__maxSellingDate_0='?' (DbType = DateTime2), @__now_1='?' (DbType = DateTime2)], CommandType='"Text"', CommandTimeout='30']
SELECT [s].[ShowtimeID], [s].[EndTime], [s].[MovieID], [s].[RoomID], [s].[ShowtimeCode], [s].[StartTime], [s].[Status]
FROM [Showtimes] AS [s]
WHERE [s].[Status] IN (N'Đã lên lịch', N'Sap chieu') AND CONVERT(date, [s].[StartTime]) <= @__maxSellingDate_0 AND [s].[StartTime] > @__now_1
2026-05-27 11:11:04.861 +07:00 [INF] Executed DbCommand (4ms) [Parameters=[@__now_0='?' (DbType = DateTime2)], CommandType='"Text"', CommandTimeout='30']
SELECT [s].[ShowtimeID], [s].[EndTime], [s].[MovieID], [s].[RoomID], [s].[ShowtimeCode], [s].[StartTime], [s].[Status]
FROM [Showtimes] AS [s]
WHERE [s].[Status] IN (N'Đã lên lịch', N'Đang mở bán', N'Sap chieu') AND [s].[StartTime] <= @__now_0 AND [s].[EndTime] > @__now_0
2026-05-27 11:11:04.863 +07:00 [INF] Executed DbCommand (2ms) [Parameters=[@__now_0='?' (DbType = DateTime2)], CommandType='"Text"', CommandTimeout='30']
SELECT [s].[ShowtimeID], [s].[EndTime], [s].[MovieID], [s].[RoomID], [s].[ShowtimeCode], [s].[StartTime], [s].[Status]
FROM [Showtimes] AS [s]
WHERE [s].[Status] IN (N'Đã lên lịch', N'Đang mở bán', N'Đang chiếu', N'Sap chieu', N'Dang dien ra') AND [s].[EndTime] <= @__now_0
2026-05-27 11:11:04.866 +07:00 [INF] Executed DbCommand (2ms) [Parameters=[@__today_0='?' (DbType = Date)], CommandType='"Text"', CommandTimeout='30']
SELECT [m].[MovieID], [m].[Actors], [m].[Description], [m].[Director], [m].[Duration], [m].[Genre], [m].[MovieCode], [m].[Poster], [m].[ReleaseDate], [m].[Status], [m].[Title], [m].[Trailer]
FROM [Movies] AS [m]
WHERE [m].[Status] = N'Sap chieu' AND [m].[ReleaseDate] <= @__today_0
2026-05-27 11:12:04.879 +07:00 [INF] Executed DbCommand (5ms) [Parameters=[], CommandType='"Text"', CommandTimeout='30']
SELECT [o].[OrderID], [o].[CheckInTime], [o].[FinalAmount], [o].[HoldExpiryTime], [o].[OrderCode], [o].[PayOSTransID], [o].[PromoID], [o].[QrCode], [o].[ShowtimeID], [o].[Status], [o].[TotalAmount], [o].[UserID]
FROM [Orders] AS [o]
WHERE [o].[Status] = N'Chờ thanh toán' AND [o].[HoldExpiryTime] <= GETDATE()
2026-05-27 11:12:04.885 +07:00 [INF] Executed DbCommand (4ms) [Parameters=[@__maxSellingDate_0='?' (DbType = DateTime2), @__now_1='?' (DbType = DateTime2)], CommandType='"Text"', CommandTimeout='30']
SELECT [s].[ShowtimeID], [s].[EndTime], [s].[MovieID], [s].[RoomID], [s].[ShowtimeCode], [s].[StartTime], [s].[Status]
FROM [Showtimes] AS [s]
WHERE [s].[Status] IN (N'Đã lên lịch', N'Sap chieu') AND CONVERT(date, [s].[StartTime]) <= @__maxSellingDate_0 AND [s].[StartTime] > @__now_1
2026-05-27 11:12:04.890 +07:00 [INF] Executed DbCommand (4ms) [Parameters=[@__now_0='?' (DbType = DateTime2)], CommandType='"Text"', CommandTimeout='30']
SELECT [s].[ShowtimeID], [s].[EndTime], [s].[MovieID], [s].[RoomID], [s].[ShowtimeCode], [s].[StartTime], [s].[Status]
FROM [Showtimes] AS [s]
WHERE [s].[Status] IN (N'Đã lên lịch', N'Đang mở bán', N'Sap chieu') AND [s].[StartTime] <= @__now_0 AND [s].[EndTime] > @__now_0
2026-05-27 11:12:04.893 +07:00 [INF] Executed DbCommand (3ms) [Parameters=[@__now_0='?' (DbType = DateTime2)], CommandType='"Text"', CommandTimeout='30']
SELECT [s].[ShowtimeID], [s].[EndTime], [s].[MovieID], [s].[RoomID], [s].[ShowtimeCode], [s].[StartTime], [s].[Status]
FROM [Showtimes] AS [s]
WHERE [s].[Status] IN (N'Đã lên lịch', N'Đang mở bán', N'Đang chiếu', N'Sap chieu', N'Dang dien ra') AND [s].[EndTime] <= @__now_0
2026-05-27 11:12:04.897 +07:00 [INF] Executed DbCommand (2ms) [Parameters=[@__today_0='?' (DbType = Date)], CommandType='"Text"', CommandTimeout='30']
SELECT [m].[MovieID], [m].[Actors], [m].[Description], [m].[Director], [m].[Duration], [m].[Genre], [m].[MovieCode], [m].[Poster], [m].[ReleaseDate], [m].[Status], [m].[Title], [m].[Trailer]
FROM [Movies] AS [m]
WHERE [m].[Status] = N'Sap chieu' AND [m].[ReleaseDate] <= @__today_0
2026-05-27 11:13:04.909 +07:00 [INF] Executed DbCommand (7ms) [Parameters=[], CommandType='"Text"', CommandTimeout='30']
SELECT [o].[OrderID], [o].[CheckInTime], [o].[FinalAmount], [o].[HoldExpiryTime], [o].[OrderCode], [o].[PayOSTransID], [o].[PromoID], [o].[QrCode], [o].[ShowtimeID], [o].[Status], [o].[TotalAmount], [o].[UserID]
FROM [Orders] AS [o]
WHERE [o].[Status] = N'Chờ thanh toán' AND [o].[HoldExpiryTime] <= GETDATE()
2026-05-27 11:13:04.917 +07:00 [INF] Executed DbCommand (5ms) [Parameters=[@__maxSellingDate_0='?' (DbType = DateTime2), @__now_1='?' (DbType = DateTime2)], CommandType='"Text"', CommandTimeout='30']
SELECT [s].[ShowtimeID], [s].[EndTime], [s].[MovieID], [s].[RoomID], [s].[ShowtimeCode], [s].[StartTime], [s].[Status]
FROM [Showtimes] AS [s]
WHERE [s].[Status] IN (N'Đã lên lịch', N'Sap chieu') AND CONVERT(date, [s].[StartTime]) <= @__maxSellingDate_0 AND [s].[StartTime] > @__now_1
2026-05-27 11:13:04.919 +07:00 [INF] Executed DbCommand (2ms) [Parameters=[@__now_0='?' (DbType = DateTime2)], CommandType='"Text"', CommandTimeout='30']
SELECT [s].[ShowtimeID], [s].[EndTime], [s].[MovieID], [s].[RoomID], [s].[ShowtimeCode], [s].[StartTime], [s].[Status]
FROM [Showtimes] AS [s]
WHERE [s].[Status] IN (N'Đã lên lịch', N'Đang mở bán', N'Sap chieu') AND [s].[StartTime] <= @__now_0 AND [s].[EndTime] > @__now_0
2026-05-27 11:13:04.922 +07:00 [INF] Executed DbCommand (2ms) [Parameters=[@__now_0='?' (DbType = DateTime2)], CommandType='"Text"', CommandTimeout='30']
SELECT [s].[ShowtimeID], [s].[EndTime], [s].[MovieID], [s].[RoomID], [s].[ShowtimeCode], [s].[StartTime], [s].[Status]
FROM [Showtimes] AS [s]
WHERE [s].[Status] IN (N'Đã lên lịch', N'Đang mở bán', N'Đang chiếu', N'Sap chieu', N'Dang dien ra') AND [s].[EndTime] <= @__now_0
2026-05-27 11:13:04.927 +07:00 [INF] Executed DbCommand (3ms) [Parameters=[@__today_0='?' (DbType = Date)], CommandType='"Text"', CommandTimeout='30']
SELECT [m].[MovieID], [m].[Actors], [m].[Description], [m].[Director], [m].[Duration], [m].[Genre], [m].[MovieCode], [m].[Poster], [m].[ReleaseDate], [m].[Status], [m].[Title], [m].[Trailer]
FROM [Movies] AS [m]
WHERE [m].[Status] = N'Sap chieu' AND [m].[ReleaseDate] <= @__today_0
2026-05-27 11:14:04.935 +07:00 [INF] Executed DbCommand (5ms) [Parameters=[], CommandType='"Text"', CommandTimeout='30']
SELECT [o].[OrderID], [o].[CheckInTime], [o].[FinalAmount], [o].[HoldExpiryTime], [o].[OrderCode], [o].[PayOSTransID], [o].[PromoID], [o].[QrCode], [o].[ShowtimeID], [o].[Status], [o].[TotalAmount], [o].[UserID]
FROM [Orders] AS [o]
WHERE [o].[Status] = N'Chờ thanh toán' AND [o].[HoldExpiryTime] <= GETDATE()
2026-05-27 11:14:04.941 +07:00 [INF] Executed DbCommand (4ms) [Parameters=[@__maxSellingDate_0='?' (DbType = DateTime2), @__now_1='?' (DbType = DateTime2)], CommandType='"Text"', CommandTimeout='30']
SELECT [s].[ShowtimeID], [s].[EndTime], [s].[MovieID], [s].[RoomID], [s].[ShowtimeCode], [s].[StartTime], [s].[Status]
FROM [Showtimes] AS [s]
WHERE [s].[Status] IN (N'Đã lên lịch', N'Sap chieu') AND CONVERT(date, [s].[StartTime]) <= @__maxSellingDate_0 AND [s].[StartTime] > @__now_1
2026-05-27 11:14:04.945 +07:00 [INF] Executed DbCommand (3ms) [Parameters=[@__now_0='?' (DbType = DateTime2)], CommandType='"Text"', CommandTimeout='30']
SELECT [s].[ShowtimeID], [s].[EndTime], [s].[MovieID], [s].[RoomID], [s].[ShowtimeCode], [s].[StartTime], [s].[Status]
FROM [Showtimes] AS [s]
WHERE [s].[Status] IN (N'Đã lên lịch', N'Đang mở bán', N'Sap chieu') AND [s].[StartTime] <= @__now_0 AND [s].[EndTime] > @__now_0
2026-05-27 11:14:04.948 +07:00 [INF] Executed DbCommand (2ms) [Parameters=[@__now_0='?' (DbType = DateTime2)], CommandType='"Text"', CommandTimeout='30']
SELECT [s].[ShowtimeID], [s].[EndTime], [s].[MovieID], [s].[RoomID], [s].[ShowtimeCode], [s].[StartTime], [s].[Status]
FROM [Showtimes] AS [s]
WHERE [s].[Status] IN (N'Đã lên lịch', N'Đang mở bán', N'Đang chiếu', N'Sap chieu', N'Dang dien ra') AND [s].[EndTime] <= @__now_0
2026-05-27 11:14:04.952 +07:00 [INF] Executed DbCommand (3ms) [Parameters=[@__today_0='?' (DbType = Date)], CommandType='"Text"', CommandTimeout='30']
SELECT [m].[MovieID], [m].[Actors], [m].[Description], [m].[Director], [m].[Duration], [m].[Genre], [m].[MovieCode], [m].[Poster], [m].[ReleaseDate], [m].[Status], [m].[Title], [m].[Trailer]
FROM [Movies] AS [m]
WHERE [m].[Status] = N'Sap chieu' AND [m].[ReleaseDate] <= @__today_0
2026-05-27 11:15:04.961 +07:00 [INF] Executed DbCommand (5ms) [Parameters=[], CommandType='"Text"', CommandTimeout='30']
SELECT [o].[OrderID], [o].[CheckInTime], [o].[FinalAmount], [o].[HoldExpiryTime], [o].[OrderCode], [o].[PayOSTransID], [o].[PromoID], [o].[QrCode], [o].[ShowtimeID], [o].[Status], [o].[TotalAmount], [o].[UserID]
FROM [Orders] AS [o]
WHERE [o].[Status] = N'Chờ thanh toán' AND [o].[HoldExpiryTime] <= GETDATE()
2026-05-27 11:15:04.967 +07:00 [INF] Executed DbCommand (4ms) [Parameters=[@__maxSellingDate_0='?' (DbType = DateTime2), @__now_1='?' (DbType = DateTime2)], CommandType='"Text"', CommandTimeout='30']
SELECT [s].[ShowtimeID], [s].[EndTime], [s].[MovieID], [s].[RoomID], [s].[ShowtimeCode], [s].[StartTime], [s].[Status]
FROM [Showtimes] AS [s]
WHERE [s].[Status] IN (N'Đã lên lịch', N'Sap chieu') AND CONVERT(date, [s].[StartTime]) <= @__maxSellingDate_0 AND [s].[StartTime] > @__now_1
2026-05-27 11:15:04.972 +07:00 [INF] Executed DbCommand (4ms) [Parameters=[@__now_0='?' (DbType = DateTime2)], CommandType='"Text"', CommandTimeout='30']
SELECT [s].[ShowtimeID], [s].[EndTime], [s].[MovieID], [s].[RoomID], [s].[ShowtimeCode], [s].[StartTime], [s].[Status]
FROM [Showtimes] AS [s]
WHERE [s].[Status] IN (N'Đã lên lịch', N'Đang mở bán', N'Sap chieu') AND [s].[StartTime] <= @__now_0 AND [s].[EndTime] > @__now_0
2026-05-27 11:15:04.974 +07:00 [INF] Executed DbCommand (2ms) [Parameters=[@__now_0='?' (DbType = DateTime2)], CommandType='"Text"', CommandTimeout='30']
SELECT [s].[ShowtimeID], [s].[EndTime], [s].[MovieID], [s].[RoomID], [s].[ShowtimeCode], [s].[StartTime], [s].[Status]
FROM [Showtimes] AS [s]
WHERE [s].[Status] IN (N'Đã lên lịch', N'Đang mở bán', N'Đang chiếu', N'Sap chieu', N'Dang dien ra') AND [s].[EndTime] <= @__now_0
2026-05-27 11:15:04.977 +07:00 [INF] Executed DbCommand (2ms) [Parameters=[@__today_0='?' (DbType = Date)], CommandType='"Text"', CommandTimeout='30']
SELECT [m].[MovieID], [m].[Actors], [m].[Description], [m].[Director], [m].[Duration], [m].[Genre], [m].[MovieCode], [m].[Poster], [m].[ReleaseDate], [m].[Status], [m].[Title], [m].[Trailer]
FROM [Movies] AS [m]
WHERE [m].[Status] = N'Sap chieu' AND [m].[ReleaseDate] <= @__today_0
2026-05-27 11:16:04.993 +07:00 [INF] Executed DbCommand (5ms) [Parameters=[], CommandType='"Text"', CommandTimeout='30']
SELECT [o].[OrderID], [o].[CheckInTime], [o].[FinalAmount], [o].[HoldExpiryTime], [o].[OrderCode], [o].[PayOSTransID], [o].[PromoID], [o].[QrCode], [o].[ShowtimeID], [o].[Status], [o].[TotalAmount], [o].[UserID]
FROM [Orders] AS [o]
WHERE [o].[Status] = N'Chờ thanh toán' AND [o].[HoldExpiryTime] <= GETDATE()
2026-05-27 11:16:04.998 +07:00 [INF] Executed DbCommand (4ms) [Parameters=[@__maxSellingDate_0='?' (DbType = DateTime2), @__now_1='?' (DbType = DateTime2)], CommandType='"Text"', CommandTimeout='30']
SELECT [s].[ShowtimeID], [s].[EndTime], [s].[MovieID], [s].[RoomID], [s].[ShowtimeCode], [s].[StartTime], [s].[Status]
FROM [Showtimes] AS [s]
WHERE [s].[Status] IN (N'Đã lên lịch', N'Sap chieu') AND CONVERT(date, [s].[StartTime]) <= @__maxSellingDate_0 AND [s].[StartTime] > @__now_1
2026-05-27 11:16:05.003 +07:00 [INF] Executed DbCommand (4ms) [Parameters=[@__now_0='?' (DbType = DateTime2)], CommandType='"Text"', CommandTimeout='30']
SELECT [s].[ShowtimeID], [s].[EndTime], [s].[MovieID], [s].[RoomID], [s].[ShowtimeCode], [s].[StartTime], [s].[Status]
FROM [Showtimes] AS [s]
WHERE [s].[Status] IN (N'Đã lên lịch', N'Đang mở bán', N'Sap chieu') AND [s].[StartTime] <= @__now_0 AND [s].[EndTime] > @__now_0
2026-05-27 11:16:05.006 +07:00 [INF] Executed DbCommand (2ms) [Parameters=[@__now_0='?' (DbType = DateTime2)], CommandType='"Text"', CommandTimeout='30']
SELECT [s].[ShowtimeID], [s].[EndTime], [s].[MovieID], [s].[RoomID], [s].[ShowtimeCode], [s].[StartTime], [s].[Status]
FROM [Showtimes] AS [s]
WHERE [s].[Status] IN (N'Đã lên lịch', N'Đang mở bán', N'Đang chiếu', N'Sap chieu', N'Dang dien ra') AND [s].[EndTime] <= @__now_0
2026-05-27 11:16:05.009 +07:00 [INF] Executed DbCommand (2ms) [Parameters=[@__today_0='?' (DbType = Date)], CommandType='"Text"', CommandTimeout='30']
SELECT [m].[MovieID], [m].[Actors], [m].[Description], [m].[Director], [m].[Duration], [m].[Genre], [m].[MovieCode], [m].[Poster], [m].[ReleaseDate], [m].[Status], [m].[Title], [m].[Trailer]
FROM [Movies] AS [m]
WHERE [m].[Status] = N'Sap chieu' AND [m].[ReleaseDate] <= @__today_0
2026-05-27 11:17:05.019 +07:00 [INF] Executed DbCommand (3ms) [Parameters=[], CommandType='"Text"', CommandTimeout='30']
SELECT [o].[OrderID], [o].[CheckInTime], [o].[FinalAmount], [o].[HoldExpiryTime], [o].[OrderCode], [o].[PayOSTransID], [o].[PromoID], [o].[QrCode], [o].[ShowtimeID], [o].[Status], [o].[TotalAmount], [o].[UserID]
FROM [Orders] AS [o]
WHERE [o].[Status] = N'Chờ thanh toán' AND [o].[HoldExpiryTime] <= GETDATE()
2026-05-27 11:17:05.023 +07:00 [INF] Executed DbCommand (3ms) [Parameters=[@__maxSellingDate_0='?' (DbType = DateTime2), @__now_1='?' (DbType = DateTime2)], CommandType='"Text"', CommandTimeout='30']
SELECT [s].[ShowtimeID], [s].[EndTime], [s].[MovieID], [s].[RoomID], [s].[ShowtimeCode], [s].[StartTime], [s].[Status]
FROM [Showtimes] AS [s]
WHERE [s].[Status] IN (N'Đã lên lịch', N'Sap chieu') AND CONVERT(date, [s].[StartTime]) <= @__maxSellingDate_0 AND [s].[StartTime] > @__now_1
2026-05-27 11:17:05.026 +07:00 [INF] Executed DbCommand (2ms) [Parameters=[@__now_0='?' (DbType = DateTime2)], CommandType='"Text"', CommandTimeout='30']
SELECT [s].[ShowtimeID], [s].[EndTime], [s].[MovieID], [s].[RoomID], [s].[ShowtimeCode], [s].[StartTime], [s].[Status]
FROM [Showtimes] AS [s]
WHERE [s].[Status] IN (N'Đã lên lịch', N'Đang mở bán', N'Sap chieu') AND [s].[StartTime] <= @__now_0 AND [s].[EndTime] > @__now_0
2026-05-27 11:17:05.028 +07:00 [INF] Executed DbCommand (2ms) [Parameters=[@__now_0='?' (DbType = DateTime2)], CommandType='"Text"', CommandTimeout='30']
SELECT [s].[ShowtimeID], [s].[EndTime], [s].[MovieID], [s].[RoomID], [s].[ShowtimeCode], [s].[StartTime], [s].[Status]
FROM [Showtimes] AS [s]
WHERE [s].[Status] IN (N'Đã lên lịch', N'Đang mở bán', N'Đang chiếu', N'Sap chieu', N'Dang dien ra') AND [s].[EndTime] <= @__now_0
2026-05-27 11:17:05.030 +07:00 [INF] Executed DbCommand (2ms) [Parameters=[@__today_0='?' (DbType = Date)], CommandType='"Text"', CommandTimeout='30']
SELECT [m].[MovieID], [m].[Actors], [m].[Description], [m].[Director], [m].[Duration], [m].[Genre], [m].[MovieCode], [m].[Poster], [m].[ReleaseDate], [m].[Status], [m].[Title], [m].[Trailer]
FROM [Movies] AS [m]
WHERE [m].[Status] = N'Sap chieu' AND [m].[ReleaseDate] <= @__today_0
2026-05-27 11:18:05.050 +07:00 [INF] Executed DbCommand (3ms) [Parameters=[], CommandType='"Text"', CommandTimeout='30']
SELECT [o].[OrderID], [o].[CheckInTime], [o].[FinalAmount], [o].[HoldExpiryTime], [o].[OrderCode], [o].[PayOSTransID], [o].[PromoID], [o].[QrCode], [o].[ShowtimeID], [o].[Status], [o].[TotalAmount], [o].[UserID]
FROM [Orders] AS [o]
WHERE [o].[Status] = N'Chờ thanh toán' AND [o].[HoldExpiryTime] <= GETDATE()
2026-05-27 11:18:05.054 +07:00 [INF] Executed DbCommand (3ms) [Parameters=[@__maxSellingDate_0='?' (DbType = DateTime2), @__now_1='?' (DbType = DateTime2)], CommandType='"Text"', CommandTimeout='30']
SELECT [s].[ShowtimeID], [s].[EndTime], [s].[MovieID], [s].[RoomID], [s].[ShowtimeCode], [s].[StartTime], [s].[Status]
FROM [Showtimes] AS [s]
WHERE [s].[Status] IN (N'Đã lên lịch', N'Sap chieu') AND CONVERT(date, [s].[StartTime]) <= @__maxSellingDate_0 AND [s].[StartTime] > @__now_1
2026-05-27 11:18:05.057 +07:00 [INF] Executed DbCommand (3ms) [Parameters=[@__now_0='?' (DbType = DateTime2)], CommandType='"Text"', CommandTimeout='30']
SELECT [s].[ShowtimeID], [s].[EndTime], [s].[MovieID], [s].[RoomID], [s].[ShowtimeCode], [s].[StartTime], [s].[Status]
FROM [Showtimes] AS [s]
WHERE [s].[Status] IN (N'Đã lên lịch', N'Đang mở bán', N'Sap chieu') AND [s].[StartTime] <= @__now_0 AND [s].[EndTime] > @__now_0
2026-05-27 11:18:05.061 +07:00 [INF] Executed DbCommand (3ms) [Parameters=[@__now_0='?' (DbType = DateTime2)], CommandType='"Text"', CommandTimeout='30']
SELECT [s].[ShowtimeID], [s].[EndTime], [s].[MovieID], [s].[RoomID], [s].[ShowtimeCode], [s].[StartTime], [s].[Status]
FROM [Showtimes] AS [s]
WHERE [s].[Status] IN (N'Đã lên lịch', N'Đang mở bán', N'Đang chiếu', N'Sap chieu', N'Dang dien ra') AND [s].[EndTime] <= @__now_0
2026-05-27 11:18:05.064 +07:00 [INF] Executed DbCommand (2ms) [Parameters=[@__today_0='?' (DbType = Date)], CommandType='"Text"', CommandTimeout='30']
SELECT [m].[MovieID], [m].[Actors], [m].[Description], [m].[Director], [m].[Duration], [m].[Genre], [m].[MovieCode], [m].[Poster], [m].[ReleaseDate], [m].[Status], [m].[Title], [m].[Trailer]
FROM [Movies] AS [m]
WHERE [m].[Status] = N'Sap chieu' AND [m].[ReleaseDate] <= @__today_0
2026-05-27 11:19:05.081 +07:00 [INF] Executed DbCommand (5ms) [Parameters=[], CommandType='"Text"', CommandTimeout='30']
SELECT [o].[OrderID], [o].[CheckInTime], [o].[FinalAmount], [o].[HoldExpiryTime], [o].[OrderCode], [o].[PayOSTransID], [o].[PromoID], [o].[QrCode], [o].[ShowtimeID], [o].[Status], [o].[TotalAmount], [o].[UserID]
FROM [Orders] AS [o]
WHERE [o].[Status] = N'Chờ thanh toán' AND [o].[HoldExpiryTime] <= GETDATE()
2026-05-27 11:19:05.087 +07:00 [INF] Executed DbCommand (4ms) [Parameters=[@__maxSellingDate_0='?' (DbType = DateTime2), @__now_1='?' (DbType = DateTime2)], CommandType='"Text"', CommandTimeout='30']
SELECT [s].[ShowtimeID], [s].[EndTime], [s].[MovieID], [s].[RoomID], [s].[ShowtimeCode], [s].[StartTime], [s].[Status]
FROM [Showtimes] AS [s]
WHERE [s].[Status] IN (N'Đã lên lịch', N'Sap chieu') AND CONVERT(date, [s].[StartTime]) <= @__maxSellingDate_0 AND [s].[StartTime] > @__now_1
2026-05-27 11:19:05.091 +07:00 [INF] Executed DbCommand (3ms) [Parameters=[@__now_0='?' (DbType = DateTime2)], CommandType='"Text"', CommandTimeout='30']
SELECT [s].[ShowtimeID], [s].[EndTime], [s].[MovieID], [s].[RoomID], [s].[ShowtimeCode], [s].[StartTime], [s].[Status]
FROM [Showtimes] AS [s]
WHERE [s].[Status] IN (N'Đã lên lịch', N'Đang mở bán', N'Sap chieu') AND [s].[StartTime] <= @__now_0 AND [s].[EndTime] > @__now_0
2026-05-27 11:19:05.094 +07:00 [INF] Executed DbCommand (2ms) [Parameters=[@__now_0='?' (DbType = DateTime2)], CommandType='"Text"', CommandTimeout='30']
SELECT [s].[ShowtimeID], [s].[EndTime], [s].[MovieID], [s].[RoomID], [s].[ShowtimeCode], [s].[StartTime], [s].[Status]
FROM [Showtimes] AS [s]
WHERE [s].[Status] IN (N'Đã lên lịch', N'Đang mở bán', N'Đang chiếu', N'Sap chieu', N'Dang dien ra') AND [s].[EndTime] <= @__now_0
2026-05-27 11:19:05.096 +07:00 [INF] Executed DbCommand (2ms) [Parameters=[@__today_0='?' (DbType = Date)], CommandType='"Text"', CommandTimeout='30']
SELECT [m].[MovieID], [m].[Actors], [m].[Description], [m].[Director], [m].[Duration], [m].[Genre], [m].[MovieCode], [m].[Poster], [m].[ReleaseDate], [m].[Status], [m].[Title], [m].[Trailer]
FROM [Movies] AS [m]
WHERE [m].[Status] = N'Sap chieu' AND [m].[ReleaseDate] <= @__today_0
2026-05-27 11:20:05.102 +07:00 [INF] Executed DbCommand (3ms) [Parameters=[], CommandType='"Text"', CommandTimeout='30']
SELECT [o].[OrderID], [o].[CheckInTime], [o].[FinalAmount], [o].[HoldExpiryTime], [o].[OrderCode], [o].[PayOSTransID], [o].[PromoID], [o].[QrCode], [o].[ShowtimeID], [o].[Status], [o].[TotalAmount], [o].[UserID]
FROM [Orders] AS [o]
WHERE [o].[Status] = N'Chờ thanh toán' AND [o].[HoldExpiryTime] <= GETDATE()
2026-05-27 11:20:05.107 +07:00 [INF] Executed DbCommand (3ms) [Parameters=[@__maxSellingDate_0='?' (DbType = DateTime2), @__now_1='?' (DbType = DateTime2)], CommandType='"Text"', CommandTimeout='30']
SELECT [s].[ShowtimeID], [s].[EndTime], [s].[MovieID], [s].[RoomID], [s].[ShowtimeCode], [s].[StartTime], [s].[Status]
FROM [Showtimes] AS [s]
WHERE [s].[Status] IN (N'Đã lên lịch', N'Sap chieu') AND CONVERT(date, [s].[StartTime]) <= @__maxSellingDate_0 AND [s].[StartTime] > @__now_1
2026-05-27 11:20:05.110 +07:00 [INF] Executed DbCommand (3ms) [Parameters=[@__now_0='?' (DbType = DateTime2)], CommandType='"Text"', CommandTimeout='30']
SELECT [s].[ShowtimeID], [s].[EndTime], [s].[MovieID], [s].[RoomID], [s].[ShowtimeCode], [s].[StartTime], [s].[Status]
FROM [Showtimes] AS [s]
WHERE [s].[Status] IN (N'Đã lên lịch', N'Đang mở bán', N'Sap chieu') AND [s].[StartTime] <= @__now_0 AND [s].[EndTime] > @__now_0
2026-05-27 11:20:05.113 +07:00 [INF] Executed DbCommand (2ms) [Parameters=[@__now_0='?' (DbType = DateTime2)], CommandType='"Text"', CommandTimeout='30']
SELECT [s].[ShowtimeID], [s].[EndTime], [s].[MovieID], [s].[RoomID], [s].[ShowtimeCode], [s].[StartTime], [s].[Status]
FROM [Showtimes] AS [s]
WHERE [s].[Status] IN (N'Đã lên lịch', N'Đang mở bán', N'Đang chiếu', N'Sap chieu', N'Dang dien ra') AND [s].[EndTime] <= @__now_0
2026-05-27 11:20:05.115 +07:00 [INF] Executed DbCommand (2ms) [Parameters=[@__today_0='?' (DbType = Date)], CommandType='"Text"', CommandTimeout='30']
SELECT [m].[MovieID], [m].[Actors], [m].[Description], [m].[Director], [m].[Duration], [m].[Genre], [m].[MovieCode], [m].[Poster], [m].[ReleaseDate], [m].[Status], [m].[Title], [m].[Trailer]
FROM [Movies] AS [m]
WHERE [m].[Status] = N'Sap chieu' AND [m].[ReleaseDate] <= @__today_0
2026-05-27 11:21:05.132 +07:00 [INF] Executed DbCommand (5ms) [Parameters=[], CommandType='"Text"', CommandTimeout='30']
SELECT [o].[OrderID], [o].[CheckInTime], [o].[FinalAmount], [o].[HoldExpiryTime], [o].[OrderCode], [o].[PayOSTransID], [o].[PromoID], [o].[QrCode], [o].[ShowtimeID], [o].[Status], [o].[TotalAmount], [o].[UserID]
FROM [Orders] AS [o]
WHERE [o].[Status] = N'Chờ thanh toán' AND [o].[HoldExpiryTime] <= GETDATE()
2026-05-27 11:21:05.138 +07:00 [INF] Executed DbCommand (3ms) [Parameters=[@__maxSellingDate_0='?' (DbType = DateTime2), @__now_1='?' (DbType = DateTime2)], CommandType='"Text"', CommandTimeout='30']
SELECT [s].[ShowtimeID], [s].[EndTime], [s].[MovieID], [s].[RoomID], [s].[ShowtimeCode], [s].[StartTime], [s].[Status]
FROM [Showtimes] AS [s]
WHERE [s].[Status] IN (N'Đã lên lịch', N'Sap chieu') AND CONVERT(date, [s].[StartTime]) <= @__maxSellingDate_0 AND [s].[StartTime] > @__now_1
2026-05-27 11:21:05.141 +07:00 [INF] Executed DbCommand (3ms) [Parameters=[@__now_0='?' (DbType = DateTime2)], CommandType='"Text"', CommandTimeout='30']
SELECT [s].[ShowtimeID], [s].[EndTime], [s].[MovieID], [s].[RoomID], [s].[ShowtimeCode], [s].[StartTime], [s].[Status]
FROM [Showtimes] AS [s]
WHERE [s].[Status] IN (N'Đã lên lịch', N'Đang mở bán', N'Sap chieu') AND [s].[StartTime] <= @__now_0 AND [s].[EndTime] > @__now_0
2026-05-27 11:21:05.144 +07:00 [INF] Executed DbCommand (2ms) [Parameters=[@__now_0='?' (DbType = DateTime2)], CommandType='"Text"', CommandTimeout='30']
SELECT [s].[ShowtimeID], [s].[EndTime], [s].[MovieID], [s].[RoomID], [s].[ShowtimeCode], [s].[StartTime], [s].[Status]
FROM [Showtimes] AS [s]
WHERE [s].[Status] IN (N'Đã lên lịch', N'Đang mở bán', N'Đang chiếu', N'Sap chieu', N'Dang dien ra') AND [s].[EndTime] <= @__now_0
2026-05-27 11:21:05.147 +07:00 [INF] Executed DbCommand (2ms) [Parameters=[@__today_0='?' (DbType = Date)], CommandType='"Text"', CommandTimeout='30']
SELECT [m].[MovieID], [m].[Actors], [m].[Description], [m].[Director], [m].[Duration], [m].[Genre], [m].[MovieCode], [m].[Poster], [m].[ReleaseDate], [m].[Status], [m].[Title], [m].[Trailer]
FROM [Movies] AS [m]
WHERE [m].[Status] = N'Sap chieu' AND [m].[ReleaseDate] <= @__today_0
2026-05-27 11:22:05.159 +07:00 [INF] Executed DbCommand (3ms) [Parameters=[], CommandType='"Text"', CommandTimeout='30']
SELECT [o].[OrderID], [o].[CheckInTime], [o].[FinalAmount], [o].[HoldExpiryTime], [o].[OrderCode], [o].[PayOSTransID], [o].[PromoID], [o].[QrCode], [o].[ShowtimeID], [o].[Status], [o].[TotalAmount], [o].[UserID]
FROM [Orders] AS [o]
WHERE [o].[Status] = N'Chờ thanh toán' AND [o].[HoldExpiryTime] <= GETDATE()
2026-05-27 11:22:05.162 +07:00 [INF] Executed DbCommand (2ms) [Parameters=[@__maxSellingDate_0='?' (DbType = DateTime2), @__now_1='?' (DbType = DateTime2)], CommandType='"Text"', CommandTimeout='30']
SELECT [s].[ShowtimeID], [s].[EndTime], [s].[MovieID], [s].[RoomID], [s].[ShowtimeCode], [s].[StartTime], [s].[Status]
FROM [Showtimes] AS [s]
WHERE [s].[Status] IN (N'Đã lên lịch', N'Sap chieu') AND CONVERT(date, [s].[StartTime]) <= @__maxSellingDate_0 AND [s].[StartTime] > @__now_1
2026-05-27 11:22:05.165 +07:00 [INF] Executed DbCommand (3ms) [Parameters=[@__now_0='?' (DbType = DateTime2)], CommandType='"Text"', CommandTimeout='30']
SELECT [s].[ShowtimeID], [s].[EndTime], [s].[MovieID], [s].[RoomID], [s].[ShowtimeCode], [s].[StartTime], [s].[Status]
FROM [Showtimes] AS [s]
WHERE [s].[Status] IN (N'Đã lên lịch', N'Đang mở bán', N'Sap chieu') AND [s].[StartTime] <= @__now_0 AND [s].[EndTime] > @__now_0
2026-05-27 11:22:05.168 +07:00 [INF] Executed DbCommand (2ms) [Parameters=[@__now_0='?' (DbType = DateTime2)], CommandType='"Text"', CommandTimeout='30']
SELECT [s].[ShowtimeID], [s].[EndTime], [s].[MovieID], [s].[RoomID], [s].[ShowtimeCode], [s].[StartTime], [s].[Status]
FROM [Showtimes] AS [s]
WHERE [s].[Status] IN (N'Đã lên lịch', N'Đang mở bán', N'Đang chiếu', N'Sap chieu', N'Dang dien ra') AND [s].[EndTime] <= @__now_0
2026-05-27 11:22:05.172 +07:00 [INF] Executed DbCommand (3ms) [Parameters=[@__today_0='?' (DbType = Date)], CommandType='"Text"', CommandTimeout='30']
SELECT [m].[MovieID], [m].[Actors], [m].[Description], [m].[Director], [m].[Duration], [m].[Genre], [m].[MovieCode], [m].[Poster], [m].[ReleaseDate], [m].[Status], [m].[Title], [m].[Trailer]
FROM [Movies] AS [m]
WHERE [m].[Status] = N'Sap chieu' AND [m].[ReleaseDate] <= @__today_0
2026-05-27 11:23:05.182 +07:00 [INF] Executed DbCommand (3ms) [Parameters=[], CommandType='"Text"', CommandTimeout='30']
SELECT [o].[OrderID], [o].[CheckInTime], [o].[FinalAmount], [o].[HoldExpiryTime], [o].[OrderCode], [o].[PayOSTransID], [o].[PromoID], [o].[QrCode], [o].[ShowtimeID], [o].[Status], [o].[TotalAmount], [o].[UserID]
FROM [Orders] AS [o]
WHERE [o].[Status] = N'Chờ thanh toán' AND [o].[HoldExpiryTime] <= GETDATE()
2026-05-27 11:23:05.186 +07:00 [INF] Executed DbCommand (3ms) [Parameters=[@__maxSellingDate_0='?' (DbType = DateTime2), @__now_1='?' (DbType = DateTime2)], CommandType='"Text"', CommandTimeout='30']
SELECT [s].[ShowtimeID], [s].[EndTime], [s].[MovieID], [s].[RoomID], [s].[ShowtimeCode], [s].[StartTime], [s].[Status]
FROM [Showtimes] AS [s]
WHERE [s].[Status] IN (N'Đã lên lịch', N'Sap chieu') AND CONVERT(date, [s].[StartTime]) <= @__maxSellingDate_0 AND [s].[StartTime] > @__now_1
2026-05-27 11:23:05.189 +07:00 [INF] Executed DbCommand (2ms) [Parameters=[@__now_0='?' (DbType = DateTime2)], CommandType='"Text"', CommandTimeout='30']
SELECT [s].[ShowtimeID], [s].[EndTime], [s].[MovieID], [s].[RoomID], [s].[ShowtimeCode], [s].[StartTime], [s].[Status]
FROM [Showtimes] AS [s]
WHERE [s].[Status] IN (N'Đã lên lịch', N'Đang mở bán', N'Sap chieu') AND [s].[StartTime] <= @__now_0 AND [s].[EndTime] > @__now_0
2026-05-27 11:23:05.192 +07:00 [INF] Executed DbCommand (3ms) [Parameters=[@__now_0='?' (DbType = DateTime2)], CommandType='"Text"', CommandTimeout='30']
SELECT [s].[ShowtimeID], [s].[EndTime], [s].[MovieID], [s].[RoomID], [s].[ShowtimeCode], [s].[StartTime], [s].[Status]
FROM [Showtimes] AS [s]
WHERE [s].[Status] IN (N'Đã lên lịch', N'Đang mở bán', N'Đang chiếu', N'Sap chieu', N'Dang dien ra') AND [s].[EndTime] <= @__now_0
2026-05-27 11:23:05.195 +07:00 [INF] Executed DbCommand (2ms) [Parameters=[@__today_0='?' (DbType = Date)], CommandType='"Text"', CommandTimeout='30']
SELECT [m].[MovieID], [m].[Actors], [m].[Description], [m].[Director], [m].[Duration], [m].[Genre], [m].[MovieCode], [m].[Poster], [m].[ReleaseDate], [m].[Status], [m].[Title], [m].[Trailer]
FROM [Movies] AS [m]
WHERE [m].[Status] = N'Sap chieu' AND [m].[ReleaseDate] <= @__today_0
2026-05-27 11:24:05.210 +07:00 [INF] Executed DbCommand (6ms) [Parameters=[], CommandType='"Text"', CommandTimeout='30']
SELECT [o].[OrderID], [o].[CheckInTime], [o].[FinalAmount], [o].[HoldExpiryTime], [o].[OrderCode], [o].[PayOSTransID], [o].[PromoID], [o].[QrCode], [o].[ShowtimeID], [o].[Status], [o].[TotalAmount], [o].[UserID]
FROM [Orders] AS [o]
WHERE [o].[Status] = N'Chờ thanh toán' AND [o].[HoldExpiryTime] <= GETDATE()
2026-05-27 11:24:05.216 +07:00 [INF] Executed DbCommand (5ms) [Parameters=[@__maxSellingDate_0='?' (DbType = DateTime2), @__now_1='?' (DbType = DateTime2)], CommandType='"Text"', CommandTimeout='30']
SELECT [s].[ShowtimeID], [s].[EndTime], [s].[MovieID], [s].[RoomID], [s].[ShowtimeCode], [s].[StartTime], [s].[Status]
FROM [Showtimes] AS [s]
WHERE [s].[Status] IN (N'Đã lên lịch', N'Sap chieu') AND CONVERT(date, [s].[StartTime]) <= @__maxSellingDate_0 AND [s].[StartTime] > @__now_1
2026-05-27 11:24:05.221 +07:00 [INF] Executed DbCommand (3ms) [Parameters=[@__now_0='?' (DbType = DateTime2)], CommandType='"Text"', CommandTimeout='30']
SELECT [s].[ShowtimeID], [s].[EndTime], [s].[MovieID], [s].[RoomID], [s].[ShowtimeCode], [s].[StartTime], [s].[Status]
FROM [Showtimes] AS [s]
WHERE [s].[Status] IN (N'Đã lên lịch', N'Đang mở bán', N'Sap chieu') AND [s].[StartTime] <= @__now_0 AND [s].[EndTime] > @__now_0
2026-05-27 11:24:05.225 +07:00 [INF] Executed DbCommand (3ms) [Parameters=[@__now_0='?' (DbType = DateTime2)], CommandType='"Text"', CommandTimeout='30']
SELECT [s].[ShowtimeID], [s].[EndTime], [s].[MovieID], [s].[RoomID], [s].[ShowtimeCode], [s].[StartTime], [s].[Status]
FROM [Showtimes] AS [s]
WHERE [s].[Status] IN (N'Đã lên lịch', N'Đang mở bán', N'Đang chiếu', N'Sap chieu', N'Dang dien ra') AND [s].[EndTime] <= @__now_0
2026-05-27 11:24:05.227 +07:00 [INF] Executed DbCommand (2ms) [Parameters=[@__today_0='?' (DbType = Date)], CommandType='"Text"', CommandTimeout='30']
SELECT [m].[MovieID], [m].[Actors], [m].[Description], [m].[Director], [m].[Duration], [m].[Genre], [m].[MovieCode], [m].[Poster], [m].[ReleaseDate], [m].[Status], [m].[Title], [m].[Trailer]
FROM [Movies] AS [m]
WHERE [m].[Status] = N'Sap chieu' AND [m].[ReleaseDate] <= @__today_0
2026-05-27 11:25:05.242 +07:00 [INF] Executed DbCommand (6ms) [Parameters=[], CommandType='"Text"', CommandTimeout='30']
SELECT [o].[OrderID], [o].[CheckInTime], [o].[FinalAmount], [o].[HoldExpiryTime], [o].[OrderCode], [o].[PayOSTransID], [o].[PromoID], [o].[QrCode], [o].[ShowtimeID], [o].[Status], [o].[TotalAmount], [o].[UserID]
FROM [Orders] AS [o]
WHERE [o].[Status] = N'Chờ thanh toán' AND [o].[HoldExpiryTime] <= GETDATE()
2026-05-27 11:25:05.248 +07:00 [INF] Executed DbCommand (5ms) [Parameters=[@__maxSellingDate_0='?' (DbType = DateTime2), @__now_1='?' (DbType = DateTime2)], CommandType='"Text"', CommandTimeout='30']
SELECT [s].[ShowtimeID], [s].[EndTime], [s].[MovieID], [s].[RoomID], [s].[ShowtimeCode], [s].[StartTime], [s].[Status]
FROM [Showtimes] AS [s]
WHERE [s].[Status] IN (N'Đã lên lịch', N'Sap chieu') AND CONVERT(date, [s].[StartTime]) <= @__maxSellingDate_0 AND [s].[StartTime] > @__now_1
2026-05-27 11:25:05.254 +07:00 [INF] Executed DbCommand (4ms) [Parameters=[@__now_0='?' (DbType = DateTime2)], CommandType='"Text"', CommandTimeout='30']
SELECT [s].[ShowtimeID], [s].[EndTime], [s].[MovieID], [s].[RoomID], [s].[ShowtimeCode], [s].[StartTime], [s].[Status]
FROM [Showtimes] AS [s]
WHERE [s].[Status] IN (N'Đã lên lịch', N'Đang mở bán', N'Sap chieu') AND [s].[StartTime] <= @__now_0 AND [s].[EndTime] > @__now_0
2026-05-27 11:25:05.258 +07:00 [INF] Executed DbCommand (4ms) [Parameters=[@__now_0='?' (DbType = DateTime2)], CommandType='"Text"', CommandTimeout='30']
SELECT [s].[ShowtimeID], [s].[EndTime], [s].[MovieID], [s].[RoomID], [s].[ShowtimeCode], [s].[StartTime], [s].[Status]
FROM [Showtimes] AS [s]
WHERE [s].[Status] IN (N'Đã lên lịch', N'Đang mở bán', N'Đang chiếu', N'Sap chieu', N'Dang dien ra') AND [s].[EndTime] <= @__now_0
2026-05-27 11:25:05.262 +07:00 [INF] Executed DbCommand (3ms) [Parameters=[@__today_0='?' (DbType = Date)], CommandType='"Text"', CommandTimeout='30']
SELECT [m].[MovieID], [m].[Actors], [m].[Description], [m].[Director], [m].[Duration], [m].[Genre], [m].[MovieCode], [m].[Poster], [m].[ReleaseDate], [m].[Status], [m].[Title], [m].[Trailer]
FROM [Movies] AS [m]
WHERE [m].[Status] = N'Sap chieu' AND [m].[ReleaseDate] <= @__today_0
2026-05-27 11:26:05.271 +07:00 [INF] Executed DbCommand (6ms) [Parameters=[], CommandType='"Text"', CommandTimeout='30']
SELECT [o].[OrderID], [o].[CheckInTime], [o].[FinalAmount], [o].[HoldExpiryTime], [o].[OrderCode], [o].[PayOSTransID], [o].[PromoID], [o].[QrCode], [o].[ShowtimeID], [o].[Status], [o].[TotalAmount], [o].[UserID]
FROM [Orders] AS [o]
WHERE [o].[Status] = N'Chờ thanh toán' AND [o].[HoldExpiryTime] <= GETDATE()
2026-05-27 11:26:05.278 +07:00 [INF] Executed DbCommand (5ms) [Parameters=[@__maxSellingDate_0='?' (DbType = DateTime2), @__now_1='?' (DbType = DateTime2)], CommandType='"Text"', CommandTimeout='30']
SELECT [s].[ShowtimeID], [s].[EndTime], [s].[MovieID], [s].[RoomID], [s].[ShowtimeCode], [s].[StartTime], [s].[Status]
FROM [Showtimes] AS [s]
WHERE [s].[Status] IN (N'Đã lên lịch', N'Sap chieu') AND CONVERT(date, [s].[StartTime]) <= @__maxSellingDate_0 AND [s].[StartTime] > @__now_1
2026-05-27 11:26:05.282 +07:00 [INF] Executed DbCommand (3ms) [Parameters=[@__now_0='?' (DbType = DateTime2)], CommandType='"Text"', CommandTimeout='30']
SELECT [s].[ShowtimeID], [s].[EndTime], [s].[MovieID], [s].[RoomID], [s].[ShowtimeCode], [s].[StartTime], [s].[Status]
FROM [Showtimes] AS [s]
WHERE [s].[Status] IN (N'Đã lên lịch', N'Đang mở bán', N'Sap chieu') AND [s].[StartTime] <= @__now_0 AND [s].[EndTime] > @__now_0
2026-05-27 11:26:05.288 +07:00 [INF] Executed DbCommand (5ms) [Parameters=[@__now_0='?' (DbType = DateTime2)], CommandType='"Text"', CommandTimeout='30']
SELECT [s].[ShowtimeID], [s].[EndTime], [s].[MovieID], [s].[RoomID], [s].[ShowtimeCode], [s].[StartTime], [s].[Status]
FROM [Showtimes] AS [s]
WHERE [s].[Status] IN (N'Đã lên lịch', N'Đang mở bán', N'Đang chiếu', N'Sap chieu', N'Dang dien ra') AND [s].[EndTime] <= @__now_0
2026-05-27 11:26:05.293 +07:00 [INF] Executed DbCommand (3ms) [Parameters=[@__today_0='?' (DbType = Date)], CommandType='"Text"', CommandTimeout='30']
SELECT [m].[MovieID], [m].[Actors], [m].[Description], [m].[Director], [m].[Duration], [m].[Genre], [m].[MovieCode], [m].[Poster], [m].[ReleaseDate], [m].[Status], [m].[Title], [m].[Trailer]
FROM [Movies] AS [m]
WHERE [m].[Status] = N'Sap chieu' AND [m].[ReleaseDate] <= @__today_0
2026-05-27 11:27:05.301 +07:00 [INF] Executed DbCommand (5ms) [Parameters=[], CommandType='"Text"', CommandTimeout='30']
SELECT [o].[OrderID], [o].[CheckInTime], [o].[FinalAmount], [o].[HoldExpiryTime], [o].[OrderCode], [o].[PayOSTransID], [o].[PromoID], [o].[QrCode], [o].[ShowtimeID], [o].[Status], [o].[TotalAmount], [o].[UserID]
FROM [Orders] AS [o]
WHERE [o].[Status] = N'Chờ thanh toán' AND [o].[HoldExpiryTime] <= GETDATE()
2026-05-27 11:27:05.308 +07:00 [INF] Executed DbCommand (6ms) [Parameters=[@__maxSellingDate_0='?' (DbType = DateTime2), @__now_1='?' (DbType = DateTime2)], CommandType='"Text"', CommandTimeout='30']
SELECT [s].[ShowtimeID], [s].[EndTime], [s].[MovieID], [s].[RoomID], [s].[ShowtimeCode], [s].[StartTime], [s].[Status]
FROM [Showtimes] AS [s]
WHERE [s].[Status] IN (N'Đã lên lịch', N'Sap chieu') AND CONVERT(date, [s].[StartTime]) <= @__maxSellingDate_0 AND [s].[StartTime] > @__now_1
2026-05-27 11:27:05.313 +07:00 [INF] Executed DbCommand (4ms) [Parameters=[@__now_0='?' (DbType = DateTime2)], CommandType='"Text"', CommandTimeout='30']
SELECT [s].[ShowtimeID], [s].[EndTime], [s].[MovieID], [s].[RoomID], [s].[ShowtimeCode], [s].[StartTime], [s].[Status]
FROM [Showtimes] AS [s]
WHERE [s].[Status] IN (N'Đã lên lịch', N'Đang mở bán', N'Sap chieu') AND [s].[StartTime] <= @__now_0 AND [s].[EndTime] > @__now_0
2026-05-27 11:27:05.317 +07:00 [INF] Executed DbCommand (3ms) [Parameters=[@__now_0='?' (DbType = DateTime2)], CommandType='"Text"', CommandTimeout='30']
SELECT [s].[ShowtimeID], [s].[EndTime], [s].[MovieID], [s].[RoomID], [s].[ShowtimeCode], [s].[StartTime], [s].[Status]
FROM [Showtimes] AS [s]
WHERE [s].[Status] IN (N'Đã lên lịch', N'Đang mở bán', N'Đang chiếu', N'Sap chieu', N'Dang dien ra') AND [s].[EndTime] <= @__now_0
2026-05-27 11:27:05.322 +07:00 [INF] Executed DbCommand (3ms) [Parameters=[@__today_0='?' (DbType = Date)], CommandType='"Text"', CommandTimeout='30']
SELECT [m].[MovieID], [m].[Actors], [m].[Description], [m].[Director], [m].[Duration], [m].[Genre], [m].[MovieCode], [m].[Poster], [m].[ReleaseDate], [m].[Status], [m].[Title], [m].[Trailer]
FROM [Movies] AS [m]
WHERE [m].[Status] = N'Sap chieu' AND [m].[ReleaseDate] <= @__today_0
2026-05-27 11:28:05.340 +07:00 [INF] Executed DbCommand (5ms) [Parameters=[], CommandType='"Text"', CommandTimeout='30']
SELECT [o].[OrderID], [o].[CheckInTime], [o].[FinalAmount], [o].[HoldExpiryTime], [o].[OrderCode], [o].[PayOSTransID], [o].[PromoID], [o].[QrCode], [o].[ShowtimeID], [o].[Status], [o].[TotalAmount], [o].[UserID]
FROM [Orders] AS [o]
WHERE [o].[Status] = N'Chờ thanh toán' AND [o].[HoldExpiryTime] <= GETDATE()
2026-05-27 11:28:05.346 +07:00 [INF] Executed DbCommand (5ms) [Parameters=[@__maxSellingDate_0='?' (DbType = DateTime2), @__now_1='?' (DbType = DateTime2)], CommandType='"Text"', CommandTimeout='30']
SELECT [s].[ShowtimeID], [s].[EndTime], [s].[MovieID], [s].[RoomID], [s].[ShowtimeCode], [s].[StartTime], [s].[Status]
FROM [Showtimes] AS [s]
WHERE [s].[Status] IN (N'Đã lên lịch', N'Sap chieu') AND CONVERT(date, [s].[StartTime]) <= @__maxSellingDate_0 AND [s].[StartTime] > @__now_1
2026-05-27 11:28:05.350 +07:00 [INF] Executed DbCommand (3ms) [Parameters=[@__now_0='?' (DbType = DateTime2)], CommandType='"Text"', CommandTimeout='30']
SELECT [s].[ShowtimeID], [s].[EndTime], [s].[MovieID], [s].[RoomID], [s].[ShowtimeCode], [s].[StartTime], [s].[Status]
FROM [Showtimes] AS [s]
WHERE [s].[Status] IN (N'Đã lên lịch', N'Đang mở bán', N'Sap chieu') AND [s].[StartTime] <= @__now_0 AND [s].[EndTime] > @__now_0
2026-05-27 11:28:05.354 +07:00 [INF] Executed DbCommand (3ms) [Parameters=[@__now_0='?' (DbType = DateTime2)], CommandType='"Text"', CommandTimeout='30']
SELECT [s].[ShowtimeID], [s].[EndTime], [s].[MovieID], [s].[RoomID], [s].[ShowtimeCode], [s].[StartTime], [s].[Status]
FROM [Showtimes] AS [s]
WHERE [s].[Status] IN (N'Đã lên lịch', N'Đang mở bán', N'Đang chiếu', N'Sap chieu', N'Dang dien ra') AND [s].[EndTime] <= @__now_0
2026-05-27 11:28:05.356 +07:00 [INF] Executed DbCommand (1ms) [Parameters=[@__today_0='?' (DbType = Date)], CommandType='"Text"', CommandTimeout='30']
SELECT [m].[MovieID], [m].[Actors], [m].[Description], [m].[Director], [m].[Duration], [m].[Genre], [m].[MovieCode], [m].[Poster], [m].[ReleaseDate], [m].[Status], [m].[Title], [m].[Trailer]
FROM [Movies] AS [m]
WHERE [m].[Status] = N'Sap chieu' AND [m].[ReleaseDate] <= @__today_0
2026-05-27 11:29:05.377 +07:00 [INF] Executed DbCommand (5ms) [Parameters=[], CommandType='"Text"', CommandTimeout='30']
SELECT [o].[OrderID], [o].[CheckInTime], [o].[FinalAmount], [o].[HoldExpiryTime], [o].[OrderCode], [o].[PayOSTransID], [o].[PromoID], [o].[QrCode], [o].[ShowtimeID], [o].[Status], [o].[TotalAmount], [o].[UserID]
FROM [Orders] AS [o]
WHERE [o].[Status] = N'Chờ thanh toán' AND [o].[HoldExpiryTime] <= GETDATE()
2026-05-27 11:29:05.384 +07:00 [INF] Executed DbCommand (5ms) [Parameters=[@__maxSellingDate_0='?' (DbType = DateTime2), @__now_1='?' (DbType = DateTime2)], CommandType='"Text"', CommandTimeout='30']
SELECT [s].[ShowtimeID], [s].[EndTime], [s].[MovieID], [s].[RoomID], [s].[ShowtimeCode], [s].[StartTime], [s].[Status]
FROM [Showtimes] AS [s]
WHERE [s].[Status] IN (N'Đã lên lịch', N'Sap chieu') AND CONVERT(date, [s].[StartTime]) <= @__maxSellingDate_0 AND [s].[StartTime] > @__now_1
2026-05-27 11:29:05.387 +07:00 [INF] Executed DbCommand (3ms) [Parameters=[@__now_0='?' (DbType = DateTime2)], CommandType='"Text"', CommandTimeout='30']
SELECT [s].[ShowtimeID], [s].[EndTime], [s].[MovieID], [s].[RoomID], [s].[ShowtimeCode], [s].[StartTime], [s].[Status]
FROM [Showtimes] AS [s]
WHERE [s].[Status] IN (N'Đã lên lịch', N'Đang mở bán', N'Sap chieu') AND [s].[StartTime] <= @__now_0 AND [s].[EndTime] > @__now_0
2026-05-27 11:29:05.390 +07:00 [INF] Executed DbCommand (2ms) [Parameters=[@__now_0='?' (DbType = DateTime2)], CommandType='"Text"', CommandTimeout='30']
SELECT [s].[ShowtimeID], [s].[EndTime], [s].[MovieID], [s].[RoomID], [s].[ShowtimeCode], [s].[StartTime], [s].[Status]
FROM [Showtimes] AS [s]
WHERE [s].[Status] IN (N'Đã lên lịch', N'Đang mở bán', N'Đang chiếu', N'Sap chieu', N'Dang dien ra') AND [s].[EndTime] <= @__now_0
2026-05-27 11:29:05.393 +07:00 [INF] Executed DbCommand (2ms) [Parameters=[@__today_0='?' (DbType = Date)], CommandType='"Text"', CommandTimeout='30']
SELECT [m].[MovieID], [m].[Actors], [m].[Description], [m].[Director], [m].[Duration], [m].[Genre], [m].[MovieCode], [m].[Poster], [m].[ReleaseDate], [m].[Status], [m].[Title], [m].[Trailer]
FROM [Movies] AS [m]
WHERE [m].[Status] = N'Sap chieu' AND [m].[ReleaseDate] <= @__today_0
2026-05-27 11:30:05.406 +07:00 [INF] Executed DbCommand (3ms) [Parameters=[], CommandType='"Text"', CommandTimeout='30']
SELECT [o].[OrderID], [o].[CheckInTime], [o].[FinalAmount], [o].[HoldExpiryTime], [o].[OrderCode], [o].[PayOSTransID], [o].[PromoID], [o].[QrCode], [o].[ShowtimeID], [o].[Status], [o].[TotalAmount], [o].[UserID]
FROM [Orders] AS [o]
WHERE [o].[Status] = N'Chờ thanh toán' AND [o].[HoldExpiryTime] <= GETDATE()
2026-05-27 11:30:05.410 +07:00 [INF] Executed DbCommand (2ms) [Parameters=[@__maxSellingDate_0='?' (DbType = DateTime2), @__now_1='?' (DbType = DateTime2)], CommandType='"Text"', CommandTimeout='30']
SELECT [s].[ShowtimeID], [s].[EndTime], [s].[MovieID], [s].[RoomID], [s].[ShowtimeCode], [s].[StartTime], [s].[Status]
FROM [Showtimes] AS [s]
WHERE [s].[Status] IN (N'Đã lên lịch', N'Sap chieu') AND CONVERT(date, [s].[StartTime]) <= @__maxSellingDate_0 AND [s].[StartTime] > @__now_1
2026-05-27 11:30:05.412 +07:00 [INF] Executed DbCommand (2ms) [Parameters=[@__now_0='?' (DbType = DateTime2)], CommandType='"Text"', CommandTimeout='30']
SELECT [s].[ShowtimeID], [s].[EndTime], [s].[MovieID], [s].[RoomID], [s].[ShowtimeCode], [s].[StartTime], [s].[Status]
FROM [Showtimes] AS [s]
WHERE [s].[Status] IN (N'Đã lên lịch', N'Đang mở bán', N'Sap chieu') AND [s].[StartTime] <= @__now_0 AND [s].[EndTime] > @__now_0
2026-05-27 11:30:05.414 +07:00 [INF] Executed DbCommand (1ms) [Parameters=[@__now_0='?' (DbType = DateTime2)], CommandType='"Text"', CommandTimeout='30']
SELECT [s].[ShowtimeID], [s].[EndTime], [s].[MovieID], [s].[RoomID], [s].[ShowtimeCode], [s].[StartTime], [s].[Status]
FROM [Showtimes] AS [s]
WHERE [s].[Status] IN (N'Đã lên lịch', N'Đang mở bán', N'Đang chiếu', N'Sap chieu', N'Dang dien ra') AND [s].[EndTime] <= @__now_0
2026-05-27 11:30:05.416 +07:00 [INF] Executed DbCommand (2ms) [Parameters=[@__today_0='?' (DbType = Date)], CommandType='"Text"', CommandTimeout='30']
SELECT [m].[MovieID], [m].[Actors], [m].[Description], [m].[Director], [m].[Duration], [m].[Genre], [m].[MovieCode], [m].[Poster], [m].[ReleaseDate], [m].[Status], [m].[Title], [m].[Trailer]
FROM [Movies] AS [m]
WHERE [m].[Status] = N'Sap chieu' AND [m].[ReleaseDate] <= @__today_0
2026-05-27 11:31:05.438 +07:00 [INF] Executed DbCommand (5ms) [Parameters=[], CommandType='"Text"', CommandTimeout='30']
SELECT [o].[OrderID], [o].[CheckInTime], [o].[FinalAmount], [o].[HoldExpiryTime], [o].[OrderCode], [o].[PayOSTransID], [o].[PromoID], [o].[QrCode], [o].[ShowtimeID], [o].[Status], [o].[TotalAmount], [o].[UserID]
FROM [Orders] AS [o]
WHERE [o].[Status] = N'Chờ thanh toán' AND [o].[HoldExpiryTime] <= GETDATE()
2026-05-27 11:31:05.443 +07:00 [INF] Executed DbCommand (4ms) [Parameters=[@__maxSellingDate_0='?' (DbType = DateTime2), @__now_1='?' (DbType = DateTime2)], CommandType='"Text"', CommandTimeout='30']
SELECT [s].[ShowtimeID], [s].[EndTime], [s].[MovieID], [s].[RoomID], [s].[ShowtimeCode], [s].[StartTime], [s].[Status]
FROM [Showtimes] AS [s]
WHERE [s].[Status] IN (N'Đã lên lịch', N'Sap chieu') AND CONVERT(date, [s].[StartTime]) <= @__maxSellingDate_0 AND [s].[StartTime] > @__now_1
2026-05-27 11:31:05.447 +07:00 [INF] Executed DbCommand (3ms) [Parameters=[@__now_0='?' (DbType = DateTime2)], CommandType='"Text"', CommandTimeout='30']
SELECT [s].[ShowtimeID], [s].[EndTime], [s].[MovieID], [s].[RoomID], [s].[ShowtimeCode], [s].[StartTime], [s].[Status]
FROM [Showtimes] AS [s]
WHERE [s].[Status] IN (N'Đã lên lịch', N'Đang mở bán', N'Sap chieu') AND [s].[StartTime] <= @__now_0 AND [s].[EndTime] > @__now_0
2026-05-27 11:31:05.449 +07:00 [INF] Executed DbCommand (2ms) [Parameters=[@__now_0='?' (DbType = DateTime2)], CommandType='"Text"', CommandTimeout='30']
SELECT [s].[ShowtimeID], [s].[EndTime], [s].[MovieID], [s].[RoomID], [s].[ShowtimeCode], [s].[StartTime], [s].[Status]
FROM [Showtimes] AS [s]
WHERE [s].[Status] IN (N'Đã lên lịch', N'Đang mở bán', N'Đang chiếu', N'Sap chieu', N'Dang dien ra') AND [s].[EndTime] <= @__now_0
2026-05-27 11:31:05.452 +07:00 [INF] Executed DbCommand (2ms) [Parameters=[@__today_0='?' (DbType = Date)], CommandType='"Text"', CommandTimeout='30']
SELECT [m].[MovieID], [m].[Actors], [m].[Description], [m].[Director], [m].[Duration], [m].[Genre], [m].[MovieCode], [m].[Poster], [m].[ReleaseDate], [m].[Status], [m].[Title], [m].[Trailer]
FROM [Movies] AS [m]
WHERE [m].[Status] = N'Sap chieu' AND [m].[ReleaseDate] <= @__today_0
2026-05-27 11:32:05.472 +07:00 [INF] Executed DbCommand (5ms) [Parameters=[], CommandType='"Text"', CommandTimeout='30']
SELECT [o].[OrderID], [o].[CheckInTime], [o].[FinalAmount], [o].[HoldExpiryTime], [o].[OrderCode], [o].[PayOSTransID], [o].[PromoID], [o].[QrCode], [o].[ShowtimeID], [o].[Status], [o].[TotalAmount], [o].[UserID]
FROM [Orders] AS [o]
WHERE [o].[Status] = N'Chờ thanh toán' AND [o].[HoldExpiryTime] <= GETDATE()
2026-05-27 11:32:05.478 +07:00 [INF] Executed DbCommand (4ms) [Parameters=[@__maxSellingDate_0='?' (DbType = DateTime2), @__now_1='?' (DbType = DateTime2)], CommandType='"Text"', CommandTimeout='30']
SELECT [s].[ShowtimeID], [s].[EndTime], [s].[MovieID], [s].[RoomID], [s].[ShowtimeCode], [s].[StartTime], [s].[Status]
FROM [Showtimes] AS [s]
WHERE [s].[Status] IN (N'Đã lên lịch', N'Sap chieu') AND CONVERT(date, [s].[StartTime]) <= @__maxSellingDate_0 AND [s].[StartTime] > @__now_1
2026-05-27 11:32:05.482 +07:00 [INF] Executed DbCommand (3ms) [Parameters=[@__now_0='?' (DbType = DateTime2)], CommandType='"Text"', CommandTimeout='30']
SELECT [s].[ShowtimeID], [s].[EndTime], [s].[MovieID], [s].[RoomID], [s].[ShowtimeCode], [s].[StartTime], [s].[Status]
FROM [Showtimes] AS [s]
WHERE [s].[Status] IN (N'Đã lên lịch', N'Đang mở bán', N'Sap chieu') AND [s].[StartTime] <= @__now_0 AND [s].[EndTime] > @__now_0
2026-05-27 11:32:05.485 +07:00 [INF] Executed DbCommand (3ms) [Parameters=[@__now_0='?' (DbType = DateTime2)], CommandType='"Text"', CommandTimeout='30']
SELECT [s].[ShowtimeID], [s].[EndTime], [s].[MovieID], [s].[RoomID], [s].[ShowtimeCode], [s].[StartTime], [s].[Status]
FROM [Showtimes] AS [s]
WHERE [s].[Status] IN (N'Đã lên lịch', N'Đang mở bán', N'Đang chiếu', N'Sap chieu', N'Dang dien ra') AND [s].[EndTime] <= @__now_0
2026-05-27 11:32:05.487 +07:00 [INF] Executed DbCommand (1ms) [Parameters=[@__today_0='?' (DbType = Date)], CommandType='"Text"', CommandTimeout='30']
SELECT [m].[MovieID], [m].[Actors], [m].[Description], [m].[Director], [m].[Duration], [m].[Genre], [m].[MovieCode], [m].[Poster], [m].[ReleaseDate], [m].[Status], [m].[Title], [m].[Trailer]
FROM [Movies] AS [m]
WHERE [m].[Status] = N'Sap chieu' AND [m].[ReleaseDate] <= @__today_0
2026-05-27 11:33:05.500 +07:00 [INF] Executed DbCommand (3ms) [Parameters=[], CommandType='"Text"', CommandTimeout='30']
SELECT [o].[OrderID], [o].[CheckInTime], [o].[FinalAmount], [o].[HoldExpiryTime], [o].[OrderCode], [o].[PayOSTransID], [o].[PromoID], [o].[QrCode], [o].[ShowtimeID], [o].[Status], [o].[TotalAmount], [o].[UserID]
FROM [Orders] AS [o]
WHERE [o].[Status] = N'Chờ thanh toán' AND [o].[HoldExpiryTime] <= GETDATE()
2026-05-27 11:33:05.505 +07:00 [INF] Executed DbCommand (4ms) [Parameters=[@__maxSellingDate_0='?' (DbType = DateTime2), @__now_1='?' (DbType = DateTime2)], CommandType='"Text"', CommandTimeout='30']
SELECT [s].[ShowtimeID], [s].[EndTime], [s].[MovieID], [s].[RoomID], [s].[ShowtimeCode], [s].[StartTime], [s].[Status]
FROM [Showtimes] AS [s]
WHERE [s].[Status] IN (N'Đã lên lịch', N'Sap chieu') AND CONVERT(date, [s].[StartTime]) <= @__maxSellingDate_0 AND [s].[StartTime] > @__now_1
2026-05-27 11:33:05.508 +07:00 [INF] Executed DbCommand (2ms) [Parameters=[@__now_0='?' (DbType = DateTime2)], CommandType='"Text"', CommandTimeout='30']
SELECT [s].[ShowtimeID], [s].[EndTime], [s].[MovieID], [s].[RoomID], [s].[ShowtimeCode], [s].[StartTime], [s].[Status]
FROM [Showtimes] AS [s]
WHERE [s].[Status] IN (N'Đã lên lịch', N'Đang mở bán', N'Sap chieu') AND [s].[StartTime] <= @__now_0 AND [s].[EndTime] > @__now_0
2026-05-27 11:33:05.511 +07:00 [INF] Executed DbCommand (2ms) [Parameters=[@__now_0='?' (DbType = DateTime2)], CommandType='"Text"', CommandTimeout='30']
SELECT [s].[ShowtimeID], [s].[EndTime], [s].[MovieID], [s].[RoomID], [s].[ShowtimeCode], [s].[StartTime], [s].[Status]
FROM [Showtimes] AS [s]
WHERE [s].[Status] IN (N'Đã lên lịch', N'Đang mở bán', N'Đang chiếu', N'Sap chieu', N'Dang dien ra') AND [s].[EndTime] <= @__now_0
2026-05-27 11:33:05.513 +07:00 [INF] Executed DbCommand (1ms) [Parameters=[@__today_0='?' (DbType = Date)], CommandType='"Text"', CommandTimeout='30']
SELECT [m].[MovieID], [m].[Actors], [m].[Description], [m].[Director], [m].[Duration], [m].[Genre], [m].[MovieCode], [m].[Poster], [m].[ReleaseDate], [m].[Status], [m].[Title], [m].[Trailer]
FROM [Movies] AS [m]
WHERE [m].[Status] = N'Sap chieu' AND [m].[ReleaseDate] <= @__today_0
2026-05-27 11:34:05.528 +07:00 [INF] Executed DbCommand (5ms) [Parameters=[], CommandType='"Text"', CommandTimeout='30']
SELECT [o].[OrderID], [o].[CheckInTime], [o].[FinalAmount], [o].[HoldExpiryTime], [o].[OrderCode], [o].[PayOSTransID], [o].[PromoID], [o].[QrCode], [o].[ShowtimeID], [o].[Status], [o].[TotalAmount], [o].[UserID]
FROM [Orders] AS [o]
WHERE [o].[Status] = N'Chờ thanh toán' AND [o].[HoldExpiryTime] <= GETDATE()
2026-05-27 11:34:05.534 +07:00 [INF] Executed DbCommand (5ms) [Parameters=[@__maxSellingDate_0='?' (DbType = DateTime2), @__now_1='?' (DbType = DateTime2)], CommandType='"Text"', CommandTimeout='30']
SELECT [s].[ShowtimeID], [s].[EndTime], [s].[MovieID], [s].[RoomID], [s].[ShowtimeCode], [s].[StartTime], [s].[Status]
FROM [Showtimes] AS [s]
WHERE [s].[Status] IN (N'Đã lên lịch', N'Sap chieu') AND CONVERT(date, [s].[StartTime]) <= @__maxSellingDate_0 AND [s].[StartTime] > @__now_1
2026-05-27 11:34:05.538 +07:00 [INF] Executed DbCommand (3ms) [Parameters=[@__now_0='?' (DbType = DateTime2)], CommandType='"Text"', CommandTimeout='30']
SELECT [s].[ShowtimeID], [s].[EndTime], [s].[MovieID], [s].[RoomID], [s].[ShowtimeCode], [s].[StartTime], [s].[Status]
FROM [Showtimes] AS [s]
WHERE [s].[Status] IN (N'Đã lên lịch', N'Đang mở bán', N'Sap chieu') AND [s].[StartTime] <= @__now_0 AND [s].[EndTime] > @__now_0
2026-05-27 11:34:05.540 +07:00 [INF] Executed DbCommand (2ms) [Parameters=[@__now_0='?' (DbType = DateTime2)], CommandType='"Text"', CommandTimeout='30']
SELECT [s].[ShowtimeID], [s].[EndTime], [s].[MovieID], [s].[RoomID], [s].[ShowtimeCode], [s].[StartTime], [s].[Status]
FROM [Showtimes] AS [s]
WHERE [s].[Status] IN (N'Đã lên lịch', N'Đang mở bán', N'Đang chiếu', N'Sap chieu', N'Dang dien ra') AND [s].[EndTime] <= @__now_0
2026-05-27 11:34:05.543 +07:00 [INF] Executed DbCommand (2ms) [Parameters=[@__today_0='?' (DbType = Date)], CommandType='"Text"', CommandTimeout='30']
SELECT [m].[MovieID], [m].[Actors], [m].[Description], [m].[Director], [m].[Duration], [m].[Genre], [m].[MovieCode], [m].[Poster], [m].[ReleaseDate], [m].[Status], [m].[Title], [m].[Trailer]
FROM [Movies] AS [m]
WHERE [m].[Status] = N'Sap chieu' AND [m].[ReleaseDate] <= @__today_0
2026-05-27 11:35:05.561 +07:00 [INF] Executed DbCommand (5ms) [Parameters=[], CommandType='"Text"', CommandTimeout='30']
SELECT [o].[OrderID], [o].[CheckInTime], [o].[FinalAmount], [o].[HoldExpiryTime], [o].[OrderCode], [o].[PayOSTransID], [o].[PromoID], [o].[QrCode], [o].[ShowtimeID], [o].[Status], [o].[TotalAmount], [o].[UserID]
FROM [Orders] AS [o]
WHERE [o].[Status] = N'Chờ thanh toán' AND [o].[HoldExpiryTime] <= GETDATE()
2026-05-27 11:35:05.569 +07:00 [INF] Executed DbCommand (6ms) [Parameters=[@__maxSellingDate_0='?' (DbType = DateTime2), @__now_1='?' (DbType = DateTime2)], CommandType='"Text"', CommandTimeout='30']
SELECT [s].[ShowtimeID], [s].[EndTime], [s].[MovieID], [s].[RoomID], [s].[ShowtimeCode], [s].[StartTime], [s].[Status]
FROM [Showtimes] AS [s]
WHERE [s].[Status] IN (N'Đã lên lịch', N'Sap chieu') AND CONVERT(date, [s].[StartTime]) <= @__maxSellingDate_0 AND [s].[StartTime] > @__now_1
2026-05-27 11:35:05.572 +07:00 [INF] Executed DbCommand (3ms) [Parameters=[@__now_0='?' (DbType = DateTime2)], CommandType='"Text"', CommandTimeout='30']
SELECT [s].[ShowtimeID], [s].[EndTime], [s].[MovieID], [s].[RoomID], [s].[ShowtimeCode], [s].[StartTime], [s].[Status]
FROM [Showtimes] AS [s]
WHERE [s].[Status] IN (N'Đã lên lịch', N'Đang mở bán', N'Sap chieu') AND [s].[StartTime] <= @__now_0 AND [s].[EndTime] > @__now_0
2026-05-27 11:35:05.575 +07:00 [INF] Executed DbCommand (2ms) [Parameters=[@__now_0='?' (DbType = DateTime2)], CommandType='"Text"', CommandTimeout='30']
SELECT [s].[ShowtimeID], [s].[EndTime], [s].[MovieID], [s].[RoomID], [s].[ShowtimeCode], [s].[StartTime], [s].[Status]
FROM [Showtimes] AS [s]
WHERE [s].[Status] IN (N'Đã lên lịch', N'Đang mở bán', N'Đang chiếu', N'Sap chieu', N'Dang dien ra') AND [s].[EndTime] <= @__now_0
2026-05-27 11:35:05.577 +07:00 [INF] Executed DbCommand (2ms) [Parameters=[@__today_0='?' (DbType = Date)], CommandType='"Text"', CommandTimeout='30']
SELECT [m].[MovieID], [m].[Actors], [m].[Description], [m].[Director], [m].[Duration], [m].[Genre], [m].[MovieCode], [m].[Poster], [m].[ReleaseDate], [m].[Status], [m].[Title], [m].[Trailer]
FROM [Movies] AS [m]
WHERE [m].[Status] = N'Sap chieu' AND [m].[ReleaseDate] <= @__today_0
2026-05-27 11:36:05.595 +07:00 [INF] Executed DbCommand (6ms) [Parameters=[], CommandType='"Text"', CommandTimeout='30']
SELECT [o].[OrderID], [o].[CheckInTime], [o].[FinalAmount], [o].[HoldExpiryTime], [o].[OrderCode], [o].[PayOSTransID], [o].[PromoID], [o].[QrCode], [o].[ShowtimeID], [o].[Status], [o].[TotalAmount], [o].[UserID]
FROM [Orders] AS [o]
WHERE [o].[Status] = N'Chờ thanh toán' AND [o].[HoldExpiryTime] <= GETDATE()
2026-05-27 11:36:05.601 +07:00 [INF] Executed DbCommand (5ms) [Parameters=[@__maxSellingDate_0='?' (DbType = DateTime2), @__now_1='?' (DbType = DateTime2)], CommandType='"Text"', CommandTimeout='30']
SELECT [s].[ShowtimeID], [s].[EndTime], [s].[MovieID], [s].[RoomID], [s].[ShowtimeCode], [s].[StartTime], [s].[Status]
FROM [Showtimes] AS [s]
WHERE [s].[Status] IN (N'Đã lên lịch', N'Sap chieu') AND CONVERT(date, [s].[StartTime]) <= @__maxSellingDate_0 AND [s].[StartTime] > @__now_1
2026-05-27 11:36:05.605 +07:00 [INF] Executed DbCommand (3ms) [Parameters=[@__now_0='?' (DbType = DateTime2)], CommandType='"Text"', CommandTimeout='30']
SELECT [s].[ShowtimeID], [s].[EndTime], [s].[MovieID], [s].[RoomID], [s].[ShowtimeCode], [s].[StartTime], [s].[Status]
FROM [Showtimes] AS [s]
WHERE [s].[Status] IN (N'Đã lên lịch', N'Đang mở bán', N'Sap chieu') AND [s].[StartTime] <= @__now_0 AND [s].[EndTime] > @__now_0
2026-05-27 11:36:05.607 +07:00 [INF] Executed DbCommand (2ms) [Parameters=[@__now_0='?' (DbType = DateTime2)], CommandType='"Text"', CommandTimeout='30']
SELECT [s].[ShowtimeID], [s].[EndTime], [s].[MovieID], [s].[RoomID], [s].[ShowtimeCode], [s].[StartTime], [s].[Status]
FROM [Showtimes] AS [s]
WHERE [s].[Status] IN (N'Đã lên lịch', N'Đang mở bán', N'Đang chiếu', N'Sap chieu', N'Dang dien ra') AND [s].[EndTime] <= @__now_0
2026-05-27 11:36:05.611 +07:00 [INF] Executed DbCommand (2ms) [Parameters=[@__today_0='?' (DbType = Date)], CommandType='"Text"', CommandTimeout='30']
SELECT [m].[MovieID], [m].[Actors], [m].[Description], [m].[Director], [m].[Duration], [m].[Genre], [m].[MovieCode], [m].[Poster], [m].[ReleaseDate], [m].[Status], [m].[Title], [m].[Trailer]
FROM [Movies] AS [m]
WHERE [m].[Status] = N'Sap chieu' AND [m].[ReleaseDate] <= @__today_0
2026-05-27 11:37:05.630 +07:00 [INF] Executed DbCommand (5ms) [Parameters=[], CommandType='"Text"', CommandTimeout='30']
SELECT [o].[OrderID], [o].[CheckInTime], [o].[FinalAmount], [o].[HoldExpiryTime], [o].[OrderCode], [o].[PayOSTransID], [o].[PromoID], [o].[QrCode], [o].[ShowtimeID], [o].[Status], [o].[TotalAmount], [o].[UserID]
FROM [Orders] AS [o]
WHERE [o].[Status] = N'Chờ thanh toán' AND [o].[HoldExpiryTime] <= GETDATE()
2026-05-27 11:37:05.636 +07:00 [INF] Executed DbCommand (5ms) [Parameters=[@__maxSellingDate_0='?' (DbType = DateTime2), @__now_1='?' (DbType = DateTime2)], CommandType='"Text"', CommandTimeout='30']
SELECT [s].[ShowtimeID], [s].[EndTime], [s].[MovieID], [s].[RoomID], [s].[ShowtimeCode], [s].[StartTime], [s].[Status]
FROM [Showtimes] AS [s]
WHERE [s].[Status] IN (N'Đã lên lịch', N'Sap chieu') AND CONVERT(date, [s].[StartTime]) <= @__maxSellingDate_0 AND [s].[StartTime] > @__now_1
2026-05-27 11:37:05.639 +07:00 [INF] Executed DbCommand (3ms) [Parameters=[@__now_0='?' (DbType = DateTime2)], CommandType='"Text"', CommandTimeout='30']
SELECT [s].[ShowtimeID], [s].[EndTime], [s].[MovieID], [s].[RoomID], [s].[ShowtimeCode], [s].[StartTime], [s].[Status]
FROM [Showtimes] AS [s]
WHERE [s].[Status] IN (N'Đã lên lịch', N'Đang mở bán', N'Sap chieu') AND [s].[StartTime] <= @__now_0 AND [s].[EndTime] > @__now_0
2026-05-27 11:37:05.642 +07:00 [INF] Executed DbCommand (2ms) [Parameters=[@__now_0='?' (DbType = DateTime2)], CommandType='"Text"', CommandTimeout='30']
SELECT [s].[ShowtimeID], [s].[EndTime], [s].[MovieID], [s].[RoomID], [s].[ShowtimeCode], [s].[StartTime], [s].[Status]
FROM [Showtimes] AS [s]
WHERE [s].[Status] IN (N'Đã lên lịch', N'Đang mở bán', N'Đang chiếu', N'Sap chieu', N'Dang dien ra') AND [s].[EndTime] <= @__now_0
2026-05-27 11:37:05.644 +07:00 [INF] Executed DbCommand (1ms) [Parameters=[@__today_0='?' (DbType = Date)], CommandType='"Text"', CommandTimeout='30']
SELECT [m].[MovieID], [m].[Actors], [m].[Description], [m].[Director], [m].[Duration], [m].[Genre], [m].[MovieCode], [m].[Poster], [m].[ReleaseDate], [m].[Status], [m].[Title], [m].[Trailer]
FROM [Movies] AS [m]
WHERE [m].[Status] = N'Sap chieu' AND [m].[ReleaseDate] <= @__today_0
2026-05-27 11:38:05.655 +07:00 [INF] Executed DbCommand (6ms) [Parameters=[], CommandType='"Text"', CommandTimeout='30']
SELECT [o].[OrderID], [o].[CheckInTime], [o].[FinalAmount], [o].[HoldExpiryTime], [o].[OrderCode], [o].[PayOSTransID], [o].[PromoID], [o].[QrCode], [o].[ShowtimeID], [o].[Status], [o].[TotalAmount], [o].[UserID]
FROM [Orders] AS [o]
WHERE [o].[Status] = N'Chờ thanh toán' AND [o].[HoldExpiryTime] <= GETDATE()
2026-05-27 11:38:05.662 +07:00 [INF] Executed DbCommand (6ms) [Parameters=[@__maxSellingDate_0='?' (DbType = DateTime2), @__now_1='?' (DbType = DateTime2)], CommandType='"Text"', CommandTimeout='30']
SELECT [s].[ShowtimeID], [s].[EndTime], [s].[MovieID], [s].[RoomID], [s].[ShowtimeCode], [s].[StartTime], [s].[Status]
FROM [Showtimes] AS [s]
WHERE [s].[Status] IN (N'Đã lên lịch', N'Sap chieu') AND CONVERT(date, [s].[StartTime]) <= @__maxSellingDate_0 AND [s].[StartTime] > @__now_1
2026-05-27 11:38:05.667 +07:00 [INF] Executed DbCommand (4ms) [Parameters=[@__now_0='?' (DbType = DateTime2)], CommandType='"Text"', CommandTimeout='30']
SELECT [s].[ShowtimeID], [s].[EndTime], [s].[MovieID], [s].[RoomID], [s].[ShowtimeCode], [s].[StartTime], [s].[Status]
FROM [Showtimes] AS [s]
WHERE [s].[Status] IN (N'Đã lên lịch', N'Đang mở bán', N'Sap chieu') AND [s].[StartTime] <= @__now_0 AND [s].[EndTime] > @__now_0
2026-05-27 11:38:05.671 +07:00 [INF] Executed DbCommand (3ms) [Parameters=[@__now_0='?' (DbType = DateTime2)], CommandType='"Text"', CommandTimeout='30']
SELECT [s].[ShowtimeID], [s].[EndTime], [s].[MovieID], [s].[RoomID], [s].[ShowtimeCode], [s].[StartTime], [s].[Status]
FROM [Showtimes] AS [s]
WHERE [s].[Status] IN (N'Đã lên lịch', N'Đang mở bán', N'Đang chiếu', N'Sap chieu', N'Dang dien ra') AND [s].[EndTime] <= @__now_0
2026-05-27 11:38:05.675 +07:00 [INF] Executed DbCommand (3ms) [Parameters=[@__today_0='?' (DbType = Date)], CommandType='"Text"', CommandTimeout='30']
SELECT [m].[MovieID], [m].[Actors], [m].[Description], [m].[Director], [m].[Duration], [m].[Genre], [m].[MovieCode], [m].[Poster], [m].[ReleaseDate], [m].[Status], [m].[Title], [m].[Trailer]
FROM [Movies] AS [m]
WHERE [m].[Status] = N'Sap chieu' AND [m].[ReleaseDate] <= @__today_0
2026-05-27 11:39:05.695 +07:00 [INF] Executed DbCommand (5ms) [Parameters=[], CommandType='"Text"', CommandTimeout='30']
SELECT [o].[OrderID], [o].[CheckInTime], [o].[FinalAmount], [o].[HoldExpiryTime], [o].[OrderCode], [o].[PayOSTransID], [o].[PromoID], [o].[QrCode], [o].[ShowtimeID], [o].[Status], [o].[TotalAmount], [o].[UserID]
FROM [Orders] AS [o]
WHERE [o].[Status] = N'Chờ thanh toán' AND [o].[HoldExpiryTime] <= GETDATE()
2026-05-27 11:39:05.701 +07:00 [INF] Executed DbCommand (4ms) [Parameters=[@__maxSellingDate_0='?' (DbType = DateTime2), @__now_1='?' (DbType = DateTime2)], CommandType='"Text"', CommandTimeout='30']
SELECT [s].[ShowtimeID], [s].[EndTime], [s].[MovieID], [s].[RoomID], [s].[ShowtimeCode], [s].[StartTime], [s].[Status]
FROM [Showtimes] AS [s]
WHERE [s].[Status] IN (N'Đã lên lịch', N'Sap chieu') AND CONVERT(date, [s].[StartTime]) <= @__maxSellingDate_0 AND [s].[StartTime] > @__now_1
2026-05-27 11:39:05.703 +07:00 [INF] Executed DbCommand (2ms) [Parameters=[@__now_0='?' (DbType = DateTime2)], CommandType='"Text"', CommandTimeout='30']
SELECT [s].[ShowtimeID], [s].[EndTime], [s].[MovieID], [s].[RoomID], [s].[ShowtimeCode], [s].[StartTime], [s].[Status]
FROM [Showtimes] AS [s]
WHERE [s].[Status] IN (N'Đã lên lịch', N'Đang mở bán', N'Sap chieu') AND [s].[StartTime] <= @__now_0 AND [s].[EndTime] > @__now_0
2026-05-27 11:39:05.707 +07:00 [INF] Executed DbCommand (3ms) [Parameters=[@__now_0='?' (DbType = DateTime2)], CommandType='"Text"', CommandTimeout='30']
SELECT [s].[ShowtimeID], [s].[EndTime], [s].[MovieID], [s].[RoomID], [s].[ShowtimeCode], [s].[StartTime], [s].[Status]
FROM [Showtimes] AS [s]
WHERE [s].[Status] IN (N'Đã lên lịch', N'Đang mở bán', N'Đang chiếu', N'Sap chieu', N'Dang dien ra') AND [s].[EndTime] <= @__now_0
2026-05-27 11:39:05.710 +07:00 [INF] Executed DbCommand (2ms) [Parameters=[@__today_0='?' (DbType = Date)], CommandType='"Text"', CommandTimeout='30']
SELECT [m].[MovieID], [m].[Actors], [m].[Description], [m].[Director], [m].[Duration], [m].[Genre], [m].[MovieCode], [m].[Poster], [m].[ReleaseDate], [m].[Status], [m].[Title], [m].[Trailer]
FROM [Movies] AS [m]
WHERE [m].[Status] = N'Sap chieu' AND [m].[ReleaseDate] <= @__today_0
2026-05-27 11:40:05.722 +07:00 [INF] Executed DbCommand (5ms) [Parameters=[], CommandType='"Text"', CommandTimeout='30']
SELECT [o].[OrderID], [o].[CheckInTime], [o].[FinalAmount], [o].[HoldExpiryTime], [o].[OrderCode], [o].[PayOSTransID], [o].[PromoID], [o].[QrCode], [o].[ShowtimeID], [o].[Status], [o].[TotalAmount], [o].[UserID]
FROM [Orders] AS [o]
WHERE [o].[Status] = N'Chờ thanh toán' AND [o].[HoldExpiryTime] <= GETDATE()
2026-05-27 11:40:05.728 +07:00 [INF] Executed DbCommand (5ms) [Parameters=[@__maxSellingDate_0='?' (DbType = DateTime2), @__now_1='?' (DbType = DateTime2)], CommandType='"Text"', CommandTimeout='30']
SELECT [s].[ShowtimeID], [s].[EndTime], [s].[MovieID], [s].[RoomID], [s].[ShowtimeCode], [s].[StartTime], [s].[Status]
FROM [Showtimes] AS [s]
WHERE [s].[Status] IN (N'Đã lên lịch', N'Sap chieu') AND CONVERT(date, [s].[StartTime]) <= @__maxSellingDate_0 AND [s].[StartTime] > @__now_1
2026-05-27 11:40:05.733 +07:00 [INF] Executed DbCommand (4ms) [Parameters=[@__now_0='?' (DbType = DateTime2)], CommandType='"Text"', CommandTimeout='30']
SELECT [s].[ShowtimeID], [s].[EndTime], [s].[MovieID], [s].[RoomID], [s].[ShowtimeCode], [s].[StartTime], [s].[Status]
FROM [Showtimes] AS [s]
WHERE [s].[Status] IN (N'Đã lên lịch', N'Đang mở bán', N'Sap chieu') AND [s].[StartTime] <= @__now_0 AND [s].[EndTime] > @__now_0
2026-05-27 11:40:05.735 +07:00 [INF] Executed DbCommand (2ms) [Parameters=[@__now_0='?' (DbType = DateTime2)], CommandType='"Text"', CommandTimeout='30']
SELECT [s].[ShowtimeID], [s].[EndTime], [s].[MovieID], [s].[RoomID], [s].[ShowtimeCode], [s].[StartTime], [s].[Status]
FROM [Showtimes] AS [s]
WHERE [s].[Status] IN (N'Đã lên lịch', N'Đang mở bán', N'Đang chiếu', N'Sap chieu', N'Dang dien ra') AND [s].[EndTime] <= @__now_0
2026-05-27 11:40:05.738 +07:00 [INF] Executed DbCommand (2ms) [Parameters=[@__today_0='?' (DbType = Date)], CommandType='"Text"', CommandTimeout='30']
SELECT [m].[MovieID], [m].[Actors], [m].[Description], [m].[Director], [m].[Duration], [m].[Genre], [m].[MovieCode], [m].[Poster], [m].[ReleaseDate], [m].[Status], [m].[Title], [m].[Trailer]
FROM [Movies] AS [m]
WHERE [m].[Status] = N'Sap chieu' AND [m].[ReleaseDate] <= @__today_0
2026-05-27 11:41:05.746 +07:00 [INF] Executed DbCommand (2ms) [Parameters=[], CommandType='"Text"', CommandTimeout='30']
SELECT [o].[OrderID], [o].[CheckInTime], [o].[FinalAmount], [o].[HoldExpiryTime], [o].[OrderCode], [o].[PayOSTransID], [o].[PromoID], [o].[QrCode], [o].[ShowtimeID], [o].[Status], [o].[TotalAmount], [o].[UserID]
FROM [Orders] AS [o]
WHERE [o].[Status] = N'Chờ thanh toán' AND [o].[HoldExpiryTime] <= GETDATE()
2026-05-27 11:41:05.750 +07:00 [INF] Executed DbCommand (2ms) [Parameters=[@__maxSellingDate_0='?' (DbType = DateTime2), @__now_1='?' (DbType = DateTime2)], CommandType='"Text"', CommandTimeout='30']
SELECT [s].[ShowtimeID], [s].[EndTime], [s].[MovieID], [s].[RoomID], [s].[ShowtimeCode], [s].[StartTime], [s].[Status]
FROM [Showtimes] AS [s]
WHERE [s].[Status] IN (N'Đã lên lịch', N'Sap chieu') AND CONVERT(date, [s].[StartTime]) <= @__maxSellingDate_0 AND [s].[StartTime] > @__now_1
2026-05-27 11:41:05.752 +07:00 [INF] Executed DbCommand (2ms) [Parameters=[@__now_0='?' (DbType = DateTime2)], CommandType='"Text"', CommandTimeout='30']
SELECT [s].[ShowtimeID], [s].[EndTime], [s].[MovieID], [s].[RoomID], [s].[ShowtimeCode], [s].[StartTime], [s].[Status]
FROM [Showtimes] AS [s]
WHERE [s].[Status] IN (N'Đã lên lịch', N'Đang mở bán', N'Sap chieu') AND [s].[StartTime] <= @__now_0 AND [s].[EndTime] > @__now_0
2026-05-27 11:41:05.753 +07:00 [INF] Executed DbCommand (1ms) [Parameters=[@__now_0='?' (DbType = DateTime2)], CommandType='"Text"', CommandTimeout='30']
SELECT [s].[ShowtimeID], [s].[EndTime], [s].[MovieID], [s].[RoomID], [s].[ShowtimeCode], [s].[StartTime], [s].[Status]
FROM [Showtimes] AS [s]
WHERE [s].[Status] IN (N'Đã lên lịch', N'Đang mở bán', N'Đang chiếu', N'Sap chieu', N'Dang dien ra') AND [s].[EndTime] <= @__now_0
2026-05-27 11:41:05.757 +07:00 [INF] Executed DbCommand (3ms) [Parameters=[@__today_0='?' (DbType = Date)], CommandType='"Text"', CommandTimeout='30']
SELECT [m].[MovieID], [m].[Actors], [m].[Description], [m].[Director], [m].[Duration], [m].[Genre], [m].[MovieCode], [m].[Poster], [m].[ReleaseDate], [m].[Status], [m].[Title], [m].[Trailer]
FROM [Movies] AS [m]
WHERE [m].[Status] = N'Sap chieu' AND [m].[ReleaseDate] <= @__today_0
2026-05-27 11:42:05.767 +07:00 [INF] Executed DbCommand (4ms) [Parameters=[], CommandType='"Text"', CommandTimeout='30']
SELECT [o].[OrderID], [o].[CheckInTime], [o].[FinalAmount], [o].[HoldExpiryTime], [o].[OrderCode], [o].[PayOSTransID], [o].[PromoID], [o].[QrCode], [o].[ShowtimeID], [o].[Status], [o].[TotalAmount], [o].[UserID]
FROM [Orders] AS [o]
WHERE [o].[Status] = N'Chờ thanh toán' AND [o].[HoldExpiryTime] <= GETDATE()
2026-05-27 11:42:05.775 +07:00 [INF] Executed DbCommand (5ms) [Parameters=[@__maxSellingDate_0='?' (DbType = DateTime2), @__now_1='?' (DbType = DateTime2)], CommandType='"Text"', CommandTimeout='30']
SELECT [s].[ShowtimeID], [s].[EndTime], [s].[MovieID], [s].[RoomID], [s].[ShowtimeCode], [s].[StartTime], [s].[Status]
FROM [Showtimes] AS [s]
WHERE [s].[Status] IN (N'Đã lên lịch', N'Sap chieu') AND CONVERT(date, [s].[StartTime]) <= @__maxSellingDate_0 AND [s].[StartTime] > @__now_1
2026-05-27 11:42:05.779 +07:00 [INF] Executed DbCommand (3ms) [Parameters=[@__now_0='?' (DbType = DateTime2)], CommandType='"Text"', CommandTimeout='30']
SELECT [s].[ShowtimeID], [s].[EndTime], [s].[MovieID], [s].[RoomID], [s].[ShowtimeCode], [s].[StartTime], [s].[Status]
FROM [Showtimes] AS [s]
WHERE [s].[Status] IN (N'Đã lên lịch', N'Đang mở bán', N'Sap chieu') AND [s].[StartTime] <= @__now_0 AND [s].[EndTime] > @__now_0
2026-05-27 11:42:05.781 +07:00 [INF] Executed DbCommand (2ms) [Parameters=[@__now_0='?' (DbType = DateTime2)], CommandType='"Text"', CommandTimeout='30']
SELECT [s].[ShowtimeID], [s].[EndTime], [s].[MovieID], [s].[RoomID], [s].[ShowtimeCode], [s].[StartTime], [s].[Status]
FROM [Showtimes] AS [s]
WHERE [s].[Status] IN (N'Đã lên lịch', N'Đang mở bán', N'Đang chiếu', N'Sap chieu', N'Dang dien ra') AND [s].[EndTime] <= @__now_0
2026-05-27 11:42:05.784 +07:00 [INF] Executed DbCommand (2ms) [Parameters=[@__today_0='?' (DbType = Date)], CommandType='"Text"', CommandTimeout='30']
SELECT [m].[MovieID], [m].[Actors], [m].[Description], [m].[Director], [m].[Duration], [m].[Genre], [m].[MovieCode], [m].[Poster], [m].[ReleaseDate], [m].[Status], [m].[Title], [m].[Trailer]
FROM [Movies] AS [m]
WHERE [m].[Status] = N'Sap chieu' AND [m].[ReleaseDate] <= @__today_0
2026-05-27 11:43:05.807 +07:00 [INF] Executed DbCommand (6ms) [Parameters=[], CommandType='"Text"', CommandTimeout='30']
SELECT [o].[OrderID], [o].[CheckInTime], [o].[FinalAmount], [o].[HoldExpiryTime], [o].[OrderCode], [o].[PayOSTransID], [o].[PromoID], [o].[QrCode], [o].[ShowtimeID], [o].[Status], [o].[TotalAmount], [o].[UserID]
FROM [Orders] AS [o]
WHERE [o].[Status] = N'Chờ thanh toán' AND [o].[HoldExpiryTime] <= GETDATE()
2026-05-27 11:43:05.814 +07:00 [INF] Executed DbCommand (5ms) [Parameters=[@__maxSellingDate_0='?' (DbType = DateTime2), @__now_1='?' (DbType = DateTime2)], CommandType='"Text"', CommandTimeout='30']
SELECT [s].[ShowtimeID], [s].[EndTime], [s].[MovieID], [s].[RoomID], [s].[ShowtimeCode], [s].[StartTime], [s].[Status]
FROM [Showtimes] AS [s]
WHERE [s].[Status] IN (N'Đã lên lịch', N'Sap chieu') AND CONVERT(date, [s].[StartTime]) <= @__maxSellingDate_0 AND [s].[StartTime] > @__now_1
2026-05-27 11:43:05.818 +07:00 [INF] Executed DbCommand (2ms) [Parameters=[@__now_0='?' (DbType = DateTime2)], CommandType='"Text"', CommandTimeout='30']
SELECT [s].[ShowtimeID], [s].[EndTime], [s].[MovieID], [s].[RoomID], [s].[ShowtimeCode], [s].[StartTime], [s].[Status]
FROM [Showtimes] AS [s]
WHERE [s].[Status] IN (N'Đã lên lịch', N'Đang mở bán', N'Sap chieu') AND [s].[StartTime] <= @__now_0 AND [s].[EndTime] > @__now_0
2026-05-27 11:43:05.821 +07:00 [INF] Executed DbCommand (3ms) [Parameters=[@__now_0='?' (DbType = DateTime2)], CommandType='"Text"', CommandTimeout='30']
SELECT [s].[ShowtimeID], [s].[EndTime], [s].[MovieID], [s].[RoomID], [s].[ShowtimeCode], [s].[StartTime], [s].[Status]
FROM [Showtimes] AS [s]
WHERE [s].[Status] IN (N'Đã lên lịch', N'Đang mở bán', N'Đang chiếu', N'Sap chieu', N'Dang dien ra') AND [s].[EndTime] <= @__now_0
2026-05-27 11:43:05.824 +07:00 [INF] Executed DbCommand (2ms) [Parameters=[@__today_0='?' (DbType = Date)], CommandType='"Text"', CommandTimeout='30']
SELECT [m].[MovieID], [m].[Actors], [m].[Description], [m].[Director], [m].[Duration], [m].[Genre], [m].[MovieCode], [m].[Poster], [m].[ReleaseDate], [m].[Status], [m].[Title], [m].[Trailer]
FROM [Movies] AS [m]
WHERE [m].[Status] = N'Sap chieu' AND [m].[ReleaseDate] <= @__today_0
2026-05-27 11:44:05.833 +07:00 [INF] Executed DbCommand (4ms) [Parameters=[], CommandType='"Text"', CommandTimeout='30']
SELECT [o].[OrderID], [o].[CheckInTime], [o].[FinalAmount], [o].[HoldExpiryTime], [o].[OrderCode], [o].[PayOSTransID], [o].[PromoID], [o].[QrCode], [o].[ShowtimeID], [o].[Status], [o].[TotalAmount], [o].[UserID]
FROM [Orders] AS [o]
WHERE [o].[Status] = N'Chờ thanh toán' AND [o].[HoldExpiryTime] <= GETDATE()
2026-05-27 11:44:05.837 +07:00 [INF] Executed DbCommand (2ms) [Parameters=[@__maxSellingDate_0='?' (DbType = DateTime2), @__now_1='?' (DbType = DateTime2)], CommandType='"Text"', CommandTimeout='30']
SELECT [s].[ShowtimeID], [s].[EndTime], [s].[MovieID], [s].[RoomID], [s].[ShowtimeCode], [s].[StartTime], [s].[Status]
FROM [Showtimes] AS [s]
WHERE [s].[Status] IN (N'Đã lên lịch', N'Sap chieu') AND CONVERT(date, [s].[StartTime]) <= @__maxSellingDate_0 AND [s].[StartTime] > @__now_1
2026-05-27 11:44:05.841 +07:00 [INF] Executed DbCommand (3ms) [Parameters=[@__now_0='?' (DbType = DateTime2)], CommandType='"Text"', CommandTimeout='30']
SELECT [s].[ShowtimeID], [s].[EndTime], [s].[MovieID], [s].[RoomID], [s].[ShowtimeCode], [s].[StartTime], [s].[Status]
FROM [Showtimes] AS [s]
WHERE [s].[Status] IN (N'Đã lên lịch', N'Đang mở bán', N'Sap chieu') AND [s].[StartTime] <= @__now_0 AND [s].[EndTime] > @__now_0
2026-05-27 11:44:05.843 +07:00 [INF] Executed DbCommand (2ms) [Parameters=[@__now_0='?' (DbType = DateTime2)], CommandType='"Text"', CommandTimeout='30']
SELECT [s].[ShowtimeID], [s].[EndTime], [s].[MovieID], [s].[RoomID], [s].[ShowtimeCode], [s].[StartTime], [s].[Status]
FROM [Showtimes] AS [s]
WHERE [s].[Status] IN (N'Đã lên lịch', N'Đang mở bán', N'Đang chiếu', N'Sap chieu', N'Dang dien ra') AND [s].[EndTime] <= @__now_0
2026-05-27 11:44:05.847 +07:00 [INF] Executed DbCommand (2ms) [Parameters=[@__today_0='?' (DbType = Date)], CommandType='"Text"', CommandTimeout='30']
SELECT [m].[MovieID], [m].[Actors], [m].[Description], [m].[Director], [m].[Duration], [m].[Genre], [m].[MovieCode], [m].[Poster], [m].[ReleaseDate], [m].[Status], [m].[Title], [m].[Trailer]
FROM [Movies] AS [m]
WHERE [m].[Status] = N'Sap chieu' AND [m].[ReleaseDate] <= @__today_0
2026-05-27 11:45:05.852 +07:00 [INF] Executed DbCommand (3ms) [Parameters=[], CommandType='"Text"', CommandTimeout='30']
SELECT [o].[OrderID], [o].[CheckInTime], [o].[FinalAmount], [o].[HoldExpiryTime], [o].[OrderCode], [o].[PayOSTransID], [o].[PromoID], [o].[QrCode], [o].[ShowtimeID], [o].[Status], [o].[TotalAmount], [o].[UserID]
FROM [Orders] AS [o]
WHERE [o].[Status] = N'Chờ thanh toán' AND [o].[HoldExpiryTime] <= GETDATE()
2026-05-27 11:45:05.856 +07:00 [INF] Executed DbCommand (3ms) [Parameters=[@__maxSellingDate_0='?' (DbType = DateTime2), @__now_1='?' (DbType = DateTime2)], CommandType='"Text"', CommandTimeout='30']
SELECT [s].[ShowtimeID], [s].[EndTime], [s].[MovieID], [s].[RoomID], [s].[ShowtimeCode], [s].[StartTime], [s].[Status]
FROM [Showtimes] AS [s]
WHERE [s].[Status] IN (N'Đã lên lịch', N'Sap chieu') AND CONVERT(date, [s].[StartTime]) <= @__maxSellingDate_0 AND [s].[StartTime] > @__now_1
2026-05-27 11:45:05.859 +07:00 [INF] Executed DbCommand (3ms) [Parameters=[@__now_0='?' (DbType = DateTime2)], CommandType='"Text"', CommandTimeout='30']
SELECT [s].[ShowtimeID], [s].[EndTime], [s].[MovieID], [s].[RoomID], [s].[ShowtimeCode], [s].[StartTime], [s].[Status]
FROM [Showtimes] AS [s]
WHERE [s].[Status] IN (N'Đã lên lịch', N'Đang mở bán', N'Sap chieu') AND [s].[StartTime] <= @__now_0 AND [s].[EndTime] > @__now_0
2026-05-27 11:45:05.861 +07:00 [INF] Executed DbCommand (1ms) [Parameters=[@__now_0='?' (DbType = DateTime2)], CommandType='"Text"', CommandTimeout='30']
SELECT [s].[ShowtimeID], [s].[EndTime], [s].[MovieID], [s].[RoomID], [s].[ShowtimeCode], [s].[StartTime], [s].[Status]
FROM [Showtimes] AS [s]
WHERE [s].[Status] IN (N'Đã lên lịch', N'Đang mở bán', N'Đang chiếu', N'Sap chieu', N'Dang dien ra') AND [s].[EndTime] <= @__now_0
2026-05-27 11:45:05.864 +07:00 [INF] Executed DbCommand (2ms) [Parameters=[@__today_0='?' (DbType = Date)], CommandType='"Text"', CommandTimeout='30']
SELECT [m].[MovieID], [m].[Actors], [m].[Description], [m].[Director], [m].[Duration], [m].[Genre], [m].[MovieCode], [m].[Poster], [m].[ReleaseDate], [m].[Status], [m].[Title], [m].[Trailer]
FROM [Movies] AS [m]
WHERE [m].[Status] = N'Sap chieu' AND [m].[ReleaseDate] <= @__today_0
2026-05-27 11:46:05.885 +07:00 [INF] Executed DbCommand (5ms) [Parameters=[], CommandType='"Text"', CommandTimeout='30']
SELECT [o].[OrderID], [o].[CheckInTime], [o].[FinalAmount], [o].[HoldExpiryTime], [o].[OrderCode], [o].[PayOSTransID], [o].[PromoID], [o].[QrCode], [o].[ShowtimeID], [o].[Status], [o].[TotalAmount], [o].[UserID]
FROM [Orders] AS [o]
WHERE [o].[Status] = N'Chờ thanh toán' AND [o].[HoldExpiryTime] <= GETDATE()
2026-05-27 11:46:05.892 +07:00 [INF] Executed DbCommand (5ms) [Parameters=[@__maxSellingDate_0='?' (DbType = DateTime2), @__now_1='?' (DbType = DateTime2)], CommandType='"Text"', CommandTimeout='30']
SELECT [s].[ShowtimeID], [s].[EndTime], [s].[MovieID], [s].[RoomID], [s].[ShowtimeCode], [s].[StartTime], [s].[Status]
FROM [Showtimes] AS [s]
WHERE [s].[Status] IN (N'Đã lên lịch', N'Sap chieu') AND CONVERT(date, [s].[StartTime]) <= @__maxSellingDate_0 AND [s].[StartTime] > @__now_1
2026-05-27 11:46:05.894 +07:00 [INF] Executed DbCommand (2ms) [Parameters=[@__now_0='?' (DbType = DateTime2)], CommandType='"Text"', CommandTimeout='30']
SELECT [s].[ShowtimeID], [s].[EndTime], [s].[MovieID], [s].[RoomID], [s].[ShowtimeCode], [s].[StartTime], [s].[Status]
FROM [Showtimes] AS [s]
WHERE [s].[Status] IN (N'Đã lên lịch', N'Đang mở bán', N'Sap chieu') AND [s].[StartTime] <= @__now_0 AND [s].[EndTime] > @__now_0
2026-05-27 11:46:05.898 +07:00 [INF] Executed DbCommand (3ms) [Parameters=[@__now_0='?' (DbType = DateTime2)], CommandType='"Text"', CommandTimeout='30']
SELECT [s].[ShowtimeID], [s].[EndTime], [s].[MovieID], [s].[RoomID], [s].[ShowtimeCode], [s].[StartTime], [s].[Status]
FROM [Showtimes] AS [s]
WHERE [s].[Status] IN (N'Đã lên lịch', N'Đang mở bán', N'Đang chiếu', N'Sap chieu', N'Dang dien ra') AND [s].[EndTime] <= @__now_0
2026-05-27 11:46:05.901 +07:00 [INF] Executed DbCommand (2ms) [Parameters=[@__today_0='?' (DbType = Date)], CommandType='"Text"', CommandTimeout='30']
SELECT [m].[MovieID], [m].[Actors], [m].[Description], [m].[Director], [m].[Duration], [m].[Genre], [m].[MovieCode], [m].[Poster], [m].[ReleaseDate], [m].[Status], [m].[Title], [m].[Trailer]
FROM [Movies] AS [m]
WHERE [m].[Status] = N'Sap chieu' AND [m].[ReleaseDate] <= @__today_0
2026-05-27 11:47:05.910 +07:00 [INF] Executed DbCommand (5ms) [Parameters=[], CommandType='"Text"', CommandTimeout='30']
SELECT [o].[OrderID], [o].[CheckInTime], [o].[FinalAmount], [o].[HoldExpiryTime], [o].[OrderCode], [o].[PayOSTransID], [o].[PromoID], [o].[QrCode], [o].[ShowtimeID], [o].[Status], [o].[TotalAmount], [o].[UserID]
FROM [Orders] AS [o]
WHERE [o].[Status] = N'Chờ thanh toán' AND [o].[HoldExpiryTime] <= GETDATE()
2026-05-27 11:47:05.914 +07:00 [INF] Executed DbCommand (2ms) [Parameters=[@__maxSellingDate_0='?' (DbType = DateTime2), @__now_1='?' (DbType = DateTime2)], CommandType='"Text"', CommandTimeout='30']
SELECT [s].[ShowtimeID], [s].[EndTime], [s].[MovieID], [s].[RoomID], [s].[ShowtimeCode], [s].[StartTime], [s].[Status]
FROM [Showtimes] AS [s]
WHERE [s].[Status] IN (N'Đã lên lịch', N'Sap chieu') AND CONVERT(date, [s].[StartTime]) <= @__maxSellingDate_0 AND [s].[StartTime] > @__now_1
2026-05-27 11:47:05.916 +07:00 [INF] Executed DbCommand (2ms) [Parameters=[@__now_0='?' (DbType = DateTime2)], CommandType='"Text"', CommandTimeout='30']
SELECT [s].[ShowtimeID], [s].[EndTime], [s].[MovieID], [s].[RoomID], [s].[ShowtimeCode], [s].[StartTime], [s].[Status]
FROM [Showtimes] AS [s]
WHERE [s].[Status] IN (N'Đã lên lịch', N'Đang mở bán', N'Sap chieu') AND [s].[StartTime] <= @__now_0 AND [s].[EndTime] > @__now_0
2026-05-27 11:47:05.919 +07:00 [INF] Executed DbCommand (2ms) [Parameters=[@__now_0='?' (DbType = DateTime2)], CommandType='"Text"', CommandTimeout='30']
SELECT [s].[ShowtimeID], [s].[EndTime], [s].[MovieID], [s].[RoomID], [s].[ShowtimeCode], [s].[StartTime], [s].[Status]
FROM [Showtimes] AS [s]
WHERE [s].[Status] IN (N'Đã lên lịch', N'Đang mở bán', N'Đang chiếu', N'Sap chieu', N'Dang dien ra') AND [s].[EndTime] <= @__now_0
2026-05-27 11:47:05.922 +07:00 [INF] Executed DbCommand (2ms) [Parameters=[@__today_0='?' (DbType = Date)], CommandType='"Text"', CommandTimeout='30']
SELECT [m].[MovieID], [m].[Actors], [m].[Description], [m].[Director], [m].[Duration], [m].[Genre], [m].[MovieCode], [m].[Poster], [m].[ReleaseDate], [m].[Status], [m].[Title], [m].[Trailer]
FROM [Movies] AS [m]
WHERE [m].[Status] = N'Sap chieu' AND [m].[ReleaseDate] <= @__today_0
2026-05-27 11:48:05.941 +07:00 [INF] Executed DbCommand (5ms) [Parameters=[], CommandType='"Text"', CommandTimeout='30']
SELECT [o].[OrderID], [o].[CheckInTime], [o].[FinalAmount], [o].[HoldExpiryTime], [o].[OrderCode], [o].[PayOSTransID], [o].[PromoID], [o].[QrCode], [o].[ShowtimeID], [o].[Status], [o].[TotalAmount], [o].[UserID]
FROM [Orders] AS [o]
WHERE [o].[Status] = N'Chờ thanh toán' AND [o].[HoldExpiryTime] <= GETDATE()
2026-05-27 11:48:05.948 +07:00 [INF] Executed DbCommand (6ms) [Parameters=[@__maxSellingDate_0='?' (DbType = DateTime2), @__now_1='?' (DbType = DateTime2)], CommandType='"Text"', CommandTimeout='30']
SELECT [s].[ShowtimeID], [s].[EndTime], [s].[MovieID], [s].[RoomID], [s].[ShowtimeCode], [s].[StartTime], [s].[Status]
FROM [Showtimes] AS [s]
WHERE [s].[Status] IN (N'Đã lên lịch', N'Sap chieu') AND CONVERT(date, [s].[StartTime]) <= @__maxSellingDate_0 AND [s].[StartTime] > @__now_1
2026-05-27 11:48:05.951 +07:00 [INF] Executed DbCommand (2ms) [Parameters=[@__now_0='?' (DbType = DateTime2)], CommandType='"Text"', CommandTimeout='30']
SELECT [s].[ShowtimeID], [s].[EndTime], [s].[MovieID], [s].[RoomID], [s].[ShowtimeCode], [s].[StartTime], [s].[Status]
FROM [Showtimes] AS [s]
WHERE [s].[Status] IN (N'Đã lên lịch', N'Đang mở bán', N'Sap chieu') AND [s].[StartTime] <= @__now_0 AND [s].[EndTime] > @__now_0
2026-05-27 11:48:05.953 +07:00 [INF] Executed DbCommand (2ms) [Parameters=[@__now_0='?' (DbType = DateTime2)], CommandType='"Text"', CommandTimeout='30']
SELECT [s].[ShowtimeID], [s].[EndTime], [s].[MovieID], [s].[RoomID], [s].[ShowtimeCode], [s].[StartTime], [s].[Status]
FROM [Showtimes] AS [s]
WHERE [s].[Status] IN (N'Đã lên lịch', N'Đang mở bán', N'Đang chiếu', N'Sap chieu', N'Dang dien ra') AND [s].[EndTime] <= @__now_0
2026-05-27 11:48:05.956 +07:00 [INF] Executed DbCommand (2ms) [Parameters=[@__today_0='?' (DbType = Date)], CommandType='"Text"', CommandTimeout='30']
SELECT [m].[MovieID], [m].[Actors], [m].[Description], [m].[Director], [m].[Duration], [m].[Genre], [m].[MovieCode], [m].[Poster], [m].[ReleaseDate], [m].[Status], [m].[Title], [m].[Trailer]
FROM [Movies] AS [m]
WHERE [m].[Status] = N'Sap chieu' AND [m].[ReleaseDate] <= @__today_0
2026-05-27 11:49:05.964 +07:00 [INF] Executed DbCommand (2ms) [Parameters=[], CommandType='"Text"', CommandTimeout='30']
SELECT [o].[OrderID], [o].[CheckInTime], [o].[FinalAmount], [o].[HoldExpiryTime], [o].[OrderCode], [o].[PayOSTransID], [o].[PromoID], [o].[QrCode], [o].[ShowtimeID], [o].[Status], [o].[TotalAmount], [o].[UserID]
FROM [Orders] AS [o]
WHERE [o].[Status] = N'Chờ thanh toán' AND [o].[HoldExpiryTime] <= GETDATE()
2026-05-27 11:49:05.967 +07:00 [INF] Executed DbCommand (2ms) [Parameters=[@__maxSellingDate_0='?' (DbType = DateTime2), @__now_1='?' (DbType = DateTime2)], CommandType='"Text"', CommandTimeout='30']
SELECT [s].[ShowtimeID], [s].[EndTime], [s].[MovieID], [s].[RoomID], [s].[ShowtimeCode], [s].[StartTime], [s].[Status]
FROM [Showtimes] AS [s]
WHERE [s].[Status] IN (N'Đã lên lịch', N'Sap chieu') AND CONVERT(date, [s].[StartTime]) <= @__maxSellingDate_0 AND [s].[StartTime] > @__now_1
2026-05-27 11:49:05.970 +07:00 [INF] Executed DbCommand (3ms) [Parameters=[@__now_0='?' (DbType = DateTime2)], CommandType='"Text"', CommandTimeout='30']
SELECT [s].[ShowtimeID], [s].[EndTime], [s].[MovieID], [s].[RoomID], [s].[ShowtimeCode], [s].[StartTime], [s].[Status]
FROM [Showtimes] AS [s]
WHERE [s].[Status] IN (N'Đã lên lịch', N'Đang mở bán', N'Sap chieu') AND [s].[StartTime] <= @__now_0 AND [s].[EndTime] > @__now_0
2026-05-27 11:49:05.972 +07:00 [INF] Executed DbCommand (1ms) [Parameters=[@__now_0='?' (DbType = DateTime2)], CommandType='"Text"', CommandTimeout='30']
SELECT [s].[ShowtimeID], [s].[EndTime], [s].[MovieID], [s].[RoomID], [s].[ShowtimeCode], [s].[StartTime], [s].[Status]
FROM [Showtimes] AS [s]
WHERE [s].[Status] IN (N'Đã lên lịch', N'Đang mở bán', N'Đang chiếu', N'Sap chieu', N'Dang dien ra') AND [s].[EndTime] <= @__now_0
2026-05-27 11:49:05.974 +07:00 [INF] Executed DbCommand (1ms) [Parameters=[@__today_0='?' (DbType = Date)], CommandType='"Text"', CommandTimeout='30']
SELECT [m].[MovieID], [m].[Actors], [m].[Description], [m].[Director], [m].[Duration], [m].[Genre], [m].[MovieCode], [m].[Poster], [m].[ReleaseDate], [m].[Status], [m].[Title], [m].[Trailer]
FROM [Movies] AS [m]
WHERE [m].[Status] = N'Sap chieu' AND [m].[ReleaseDate] <= @__today_0
2026-05-27 11:50:05.983 +07:00 [INF] Executed DbCommand (5ms) [Parameters=[], CommandType='"Text"', CommandTimeout='30']
SELECT [o].[OrderID], [o].[CheckInTime], [o].[FinalAmount], [o].[HoldExpiryTime], [o].[OrderCode], [o].[PayOSTransID], [o].[PromoID], [o].[QrCode], [o].[ShowtimeID], [o].[Status], [o].[TotalAmount], [o].[UserID]
FROM [Orders] AS [o]
WHERE [o].[Status] = N'Chờ thanh toán' AND [o].[HoldExpiryTime] <= GETDATE()
2026-05-27 11:50:05.989 +07:00 [INF] Executed DbCommand (5ms) [Parameters=[@__maxSellingDate_0='?' (DbType = DateTime2), @__now_1='?' (DbType = DateTime2)], CommandType='"Text"', CommandTimeout='30']
SELECT [s].[ShowtimeID], [s].[EndTime], [s].[MovieID], [s].[RoomID], [s].[ShowtimeCode], [s].[StartTime], [s].[Status]
FROM [Showtimes] AS [s]
WHERE [s].[Status] IN (N'Đã lên lịch', N'Sap chieu') AND CONVERT(date, [s].[StartTime]) <= @__maxSellingDate_0 AND [s].[StartTime] > @__now_1
2026-05-27 11:50:05.992 +07:00 [INF] Executed DbCommand (2ms) [Parameters=[@__now_0='?' (DbType = DateTime2)], CommandType='"Text"', CommandTimeout='30']
SELECT [s].[ShowtimeID], [s].[EndTime], [s].[MovieID], [s].[RoomID], [s].[ShowtimeCode], [s].[StartTime], [s].[Status]
FROM [Showtimes] AS [s]
WHERE [s].[Status] IN (N'Đã lên lịch', N'Đang mở bán', N'Sap chieu') AND [s].[StartTime] <= @__now_0 AND [s].[EndTime] > @__now_0
2026-05-27 11:50:05.994 +07:00 [INF] Executed DbCommand (2ms) [Parameters=[@__now_0='?' (DbType = DateTime2)], CommandType='"Text"', CommandTimeout='30']
SELECT [s].[ShowtimeID], [s].[EndTime], [s].[MovieID], [s].[RoomID], [s].[ShowtimeCode], [s].[StartTime], [s].[Status]
FROM [Showtimes] AS [s]
WHERE [s].[Status] IN (N'Đã lên lịch', N'Đang mở bán', N'Đang chiếu', N'Sap chieu', N'Dang dien ra') AND [s].[EndTime] <= @__now_0
2026-05-27 11:50:05.999 +07:00 [INF] Executed DbCommand (3ms) [Parameters=[@__today_0='?' (DbType = Date)], CommandType='"Text"', CommandTimeout='30']
SELECT [m].[MovieID], [m].[Actors], [m].[Description], [m].[Director], [m].[Duration], [m].[Genre], [m].[MovieCode], [m].[Poster], [m].[ReleaseDate], [m].[Status], [m].[Title], [m].[Trailer]
FROM [Movies] AS [m]
WHERE [m].[Status] = N'Sap chieu' AND [m].[ReleaseDate] <= @__today_0
2026-05-27 18:25:09.741 +07:00 [INF] Executed DbCommand (54ms) [Parameters=[], CommandType='"Text"', CommandTimeout='30']
SELECT [o].[OrderID], [o].[CheckInTime], [o].[FinalAmount], [o].[HoldExpiryTime], [o].[OrderCode], [o].[PayOSTransID], [o].[PromoID], [o].[QrCode], [o].[ShowtimeID], [o].[Status], [o].[TotalAmount], [o].[UserID]
FROM [Orders] AS [o]
WHERE [o].[Status] = N'Chờ thanh toán' AND [o].[HoldExpiryTime] <= GETDATE()
2026-05-27 18:25:09.777 +07:00 [INF] Executed DbCommand (34ms) [Parameters=[@__maxSellingDate_0='?' (DbType = DateTime2), @__now_1='?' (DbType = DateTime2)], CommandType='"Text"', CommandTimeout='30']
SELECT [s].[ShowtimeID], [s].[EndTime], [s].[MovieID], [s].[RoomID], [s].[ShowtimeCode], [s].[StartTime], [s].[Status]
FROM [Showtimes] AS [s]
WHERE [s].[Status] IN (N'Đã lên lịch', N'Sap chieu') AND CONVERT(date, [s].[StartTime]) <= @__maxSellingDate_0 AND [s].[StartTime] > @__now_1
2026-05-27 18:25:09.860 +07:00 [INF] Executed DbCommand (83ms) [Parameters=[@__now_0='?' (DbType = DateTime2)], CommandType='"Text"', CommandTimeout='30']
SELECT [s].[ShowtimeID], [s].[EndTime], [s].[MovieID], [s].[RoomID], [s].[ShowtimeCode], [s].[StartTime], [s].[Status]
FROM [Showtimes] AS [s]
WHERE [s].[Status] IN (N'Đã lên lịch', N'Đang mở bán', N'Sap chieu') AND [s].[StartTime] <= @__now_0 AND [s].[EndTime] > @__now_0
2026-05-27 18:25:09.904 +07:00 [INF] Executed DbCommand (42ms) [Parameters=[@__now_0='?' (DbType = DateTime2)], CommandType='"Text"', CommandTimeout='30']
SELECT [s].[ShowtimeID], [s].[EndTime], [s].[MovieID], [s].[RoomID], [s].[ShowtimeCode], [s].[StartTime], [s].[Status]
FROM [Showtimes] AS [s]
WHERE [s].[Status] IN (N'Đã lên lịch', N'Đang mở bán', N'Đang chiếu', N'Sap chieu', N'Dang dien ra') AND [s].[EndTime] <= @__now_0
2026-05-27 18:25:09.949 +07:00 [INF] Executed DbCommand (45ms) [Parameters=[@__today_0='?' (DbType = Date)], CommandType='"Text"', CommandTimeout='30']
SELECT [m].[MovieID], [m].[Actors], [m].[Description], [m].[Director], [m].[Duration], [m].[Genre], [m].[MovieCode], [m].[Poster], [m].[ReleaseDate], [m].[Status], [m].[Title], [m].[Trailer]
FROM [Movies] AS [m]
WHERE [m].[Status] = N'Sap chieu' AND [m].[ReleaseDate] <= @__today_0
2026-05-27 18:26:09.962 +07:00 [INF] Executed DbCommand (3ms) [Parameters=[], CommandType='"Text"', CommandTimeout='30']
SELECT [o].[OrderID], [o].[CheckInTime], [o].[FinalAmount], [o].[HoldExpiryTime], [o].[OrderCode], [o].[PayOSTransID], [o].[PromoID], [o].[QrCode], [o].[ShowtimeID], [o].[Status], [o].[TotalAmount], [o].[UserID]
FROM [Orders] AS [o]
WHERE [o].[Status] = N'Chờ thanh toán' AND [o].[HoldExpiryTime] <= GETDATE()
2026-05-27 18:26:09.966 +07:00 [INF] Executed DbCommand (3ms) [Parameters=[@__maxSellingDate_0='?' (DbType = DateTime2), @__now_1='?' (DbType = DateTime2)], CommandType='"Text"', CommandTimeout='30']
SELECT [s].[ShowtimeID], [s].[EndTime], [s].[MovieID], [s].[RoomID], [s].[ShowtimeCode], [s].[StartTime], [s].[Status]
FROM [Showtimes] AS [s]
WHERE [s].[Status] IN (N'Đã lên lịch', N'Sap chieu') AND CONVERT(date, [s].[StartTime]) <= @__maxSellingDate_0 AND [s].[StartTime] > @__now_1
2026-05-27 18:26:09.967 +07:00 [INF] Executed DbCommand (1ms) [Parameters=[@__now_0='?' (DbType = DateTime2)], CommandType='"Text"', CommandTimeout='30']
SELECT [s].[ShowtimeID], [s].[EndTime], [s].[MovieID], [s].[RoomID], [s].[ShowtimeCode], [s].[StartTime], [s].[Status]
FROM [Showtimes] AS [s]
WHERE [s].[Status] IN (N'Đã lên lịch', N'Đang mở bán', N'Sap chieu') AND [s].[StartTime] <= @__now_0 AND [s].[EndTime] > @__now_0
2026-05-27 18:26:09.969 +07:00 [INF] Executed DbCommand (1ms) [Parameters=[@__now_0='?' (DbType = DateTime2)], CommandType='"Text"', CommandTimeout='30']
SELECT [s].[ShowtimeID], [s].[EndTime], [s].[MovieID], [s].[RoomID], [s].[ShowtimeCode], [s].[StartTime], [s].[Status]
FROM [Showtimes] AS [s]
WHERE [s].[Status] IN (N'Đã lên lịch', N'Đang mở bán', N'Đang chiếu', N'Sap chieu', N'Dang dien ra') AND [s].[EndTime] <= @__now_0
2026-05-27 18:26:09.970 +07:00 [INF] Executed DbCommand (0ms) [Parameters=[@__today_0='?' (DbType = Date)], CommandType='"Text"', CommandTimeout='30']
SELECT [m].[MovieID], [m].[Actors], [m].[Description], [m].[Director], [m].[Duration], [m].[Genre], [m].[MovieCode], [m].[Poster], [m].[ReleaseDate], [m].[Status], [m].[Title], [m].[Trailer]
FROM [Movies] AS [m]
WHERE [m].[Status] = N'Sap chieu' AND [m].[ReleaseDate] <= @__today_0
2026-05-27 18:27:09.991 +07:00 [INF] Executed DbCommand (3ms) [Parameters=[], CommandType='"Text"', CommandTimeout='30']
SELECT [o].[OrderID], [o].[CheckInTime], [o].[FinalAmount], [o].[HoldExpiryTime], [o].[OrderCode], [o].[PayOSTransID], [o].[PromoID], [o].[QrCode], [o].[ShowtimeID], [o].[Status], [o].[TotalAmount], [o].[UserID]
FROM [Orders] AS [o]
WHERE [o].[Status] = N'Chờ thanh toán' AND [o].[HoldExpiryTime] <= GETDATE()
2026-05-27 18:27:09.995 +07:00 [INF] Executed DbCommand (2ms) [Parameters=[@__maxSellingDate_0='?' (DbType = DateTime2), @__now_1='?' (DbType = DateTime2)], CommandType='"Text"', CommandTimeout='30']
SELECT [s].[ShowtimeID], [s].[EndTime], [s].[MovieID], [s].[RoomID], [s].[ShowtimeCode], [s].[StartTime], [s].[Status]
FROM [Showtimes] AS [s]
WHERE [s].[Status] IN (N'Đã lên lịch', N'Sap chieu') AND CONVERT(date, [s].[StartTime]) <= @__maxSellingDate_0 AND [s].[StartTime] > @__now_1
2026-05-27 18:27:09.998 +07:00 [INF] Executed DbCommand (2ms) [Parameters=[@__now_0='?' (DbType = DateTime2)], CommandType='"Text"', CommandTimeout='30']
SELECT [s].[ShowtimeID], [s].[EndTime], [s].[MovieID], [s].[RoomID], [s].[ShowtimeCode], [s].[StartTime], [s].[Status]
FROM [Showtimes] AS [s]
WHERE [s].[Status] IN (N'Đã lên lịch', N'Đang mở bán', N'Sap chieu') AND [s].[StartTime] <= @__now_0 AND [s].[EndTime] > @__now_0
2026-05-27 18:27:10.002 +07:00 [INF] Executed DbCommand (3ms) [Parameters=[@__now_0='?' (DbType = DateTime2)], CommandType='"Text"', CommandTimeout='30']
SELECT [s].[ShowtimeID], [s].[EndTime], [s].[MovieID], [s].[RoomID], [s].[ShowtimeCode], [s].[StartTime], [s].[Status]
FROM [Showtimes] AS [s]
WHERE [s].[Status] IN (N'Đã lên lịch', N'Đang mở bán', N'Đang chiếu', N'Sap chieu', N'Dang dien ra') AND [s].[EndTime] <= @__now_0
2026-05-27 18:27:10.004 +07:00 [INF] Executed DbCommand (2ms) [Parameters=[@__today_0='?' (DbType = Date)], CommandType='"Text"', CommandTimeout='30']
SELECT [m].[MovieID], [m].[Actors], [m].[Description], [m].[Director], [m].[Duration], [m].[Genre], [m].[MovieCode], [m].[Poster], [m].[ReleaseDate], [m].[Status], [m].[Title], [m].[Trailer]
FROM [Movies] AS [m]
WHERE [m].[Status] = N'Sap chieu' AND [m].[ReleaseDate] <= @__today_0
2026-05-27 18:28:10.012 +07:00 [INF] Executed DbCommand (4ms) [Parameters=[], CommandType='"Text"', CommandTimeout='30']
SELECT [o].[OrderID], [o].[CheckInTime], [o].[FinalAmount], [o].[HoldExpiryTime], [o].[OrderCode], [o].[PayOSTransID], [o].[PromoID], [o].[QrCode], [o].[ShowtimeID], [o].[Status], [o].[TotalAmount], [o].[UserID]
FROM [Orders] AS [o]
WHERE [o].[Status] = N'Chờ thanh toán' AND [o].[HoldExpiryTime] <= GETDATE()
2026-05-27 18:28:10.015 +07:00 [INF] Executed DbCommand (2ms) [Parameters=[@__maxSellingDate_0='?' (DbType = DateTime2), @__now_1='?' (DbType = DateTime2)], CommandType='"Text"', CommandTimeout='30']
SELECT [s].[ShowtimeID], [s].[EndTime], [s].[MovieID], [s].[RoomID], [s].[ShowtimeCode], [s].[StartTime], [s].[Status]
FROM [Showtimes] AS [s]
WHERE [s].[Status] IN (N'Đã lên lịch', N'Sap chieu') AND CONVERT(date, [s].[StartTime]) <= @__maxSellingDate_0 AND [s].[StartTime] > @__now_1
2026-05-27 18:28:10.017 +07:00 [INF] Executed DbCommand (2ms) [Parameters=[@__now_0='?' (DbType = DateTime2)], CommandType='"Text"', CommandTimeout='30']
SELECT [s].[ShowtimeID], [s].[EndTime], [s].[MovieID], [s].[RoomID], [s].[ShowtimeCode], [s].[StartTime], [s].[Status]
FROM [Showtimes] AS [s]
WHERE [s].[Status] IN (N'Đã lên lịch', N'Đang mở bán', N'Sap chieu') AND [s].[StartTime] <= @__now_0 AND [s].[EndTime] > @__now_0
2026-05-27 18:28:10.020 +07:00 [INF] Executed DbCommand (2ms) [Parameters=[@__now_0='?' (DbType = DateTime2)], CommandType='"Text"', CommandTimeout='30']
SELECT [s].[ShowtimeID], [s].[EndTime], [s].[MovieID], [s].[RoomID], [s].[ShowtimeCode], [s].[StartTime], [s].[Status]
FROM [Showtimes] AS [s]
WHERE [s].[Status] IN (N'Đã lên lịch', N'Đang mở bán', N'Đang chiếu', N'Sap chieu', N'Dang dien ra') AND [s].[EndTime] <= @__now_0
2026-05-27 18:28:10.023 +07:00 [INF] Executed DbCommand (2ms) [Parameters=[@__today_0='?' (DbType = Date)], CommandType='"Text"', CommandTimeout='30']
SELECT [m].[MovieID], [m].[Actors], [m].[Description], [m].[Director], [m].[Duration], [m].[Genre], [m].[MovieCode], [m].[Poster], [m].[ReleaseDate], [m].[Status], [m].[Title], [m].[Trailer]
FROM [Movies] AS [m]
WHERE [m].[Status] = N'Sap chieu' AND [m].[ReleaseDate] <= @__today_0
2026-05-27 18:29:10.035 +07:00 [INF] Executed DbCommand (4ms) [Parameters=[], CommandType='"Text"', CommandTimeout='30']
SELECT [o].[OrderID], [o].[CheckInTime], [o].[FinalAmount], [o].[HoldExpiryTime], [o].[OrderCode], [o].[PayOSTransID], [o].[PromoID], [o].[QrCode], [o].[ShowtimeID], [o].[Status], [o].[TotalAmount], [o].[UserID]
FROM [Orders] AS [o]
WHERE [o].[Status] = N'Chờ thanh toán' AND [o].[HoldExpiryTime] <= GETDATE()
2026-05-27 18:29:10.042 +07:00 [INF] Executed DbCommand (5ms) [Parameters=[@__maxSellingDate_0='?' (DbType = DateTime2), @__now_1='?' (DbType = DateTime2)], CommandType='"Text"', CommandTimeout='30']
SELECT [s].[ShowtimeID], [s].[EndTime], [s].[MovieID], [s].[RoomID], [s].[ShowtimeCode], [s].[StartTime], [s].[Status]
FROM [Showtimes] AS [s]
WHERE [s].[Status] IN (N'Đã lên lịch', N'Sap chieu') AND CONVERT(date, [s].[StartTime]) <= @__maxSellingDate_0 AND [s].[StartTime] > @__now_1
2026-05-27 18:29:10.045 +07:00 [INF] Executed DbCommand (2ms) [Parameters=[@__now_0='?' (DbType = DateTime2)], CommandType='"Text"', CommandTimeout='30']
SELECT [s].[ShowtimeID], [s].[EndTime], [s].[MovieID], [s].[RoomID], [s].[ShowtimeCode], [s].[StartTime], [s].[Status]
FROM [Showtimes] AS [s]
WHERE [s].[Status] IN (N'Đã lên lịch', N'Đang mở bán', N'Sap chieu') AND [s].[StartTime] <= @__now_0 AND [s].[EndTime] > @__now_0
2026-05-27 18:29:10.050 +07:00 [INF] Executed DbCommand (4ms) [Parameters=[@__now_0='?' (DbType = DateTime2)], CommandType='"Text"', CommandTimeout='30']
SELECT [s].[ShowtimeID], [s].[EndTime], [s].[MovieID], [s].[RoomID], [s].[ShowtimeCode], [s].[StartTime], [s].[Status]
FROM [Showtimes] AS [s]
WHERE [s].[Status] IN (N'Đã lên lịch', N'Đang mở bán', N'Đang chiếu', N'Sap chieu', N'Dang dien ra') AND [s].[EndTime] <= @__now_0
2026-05-27 18:29:10.053 +07:00 [INF] Executed DbCommand (2ms) [Parameters=[@__today_0='?' (DbType = Date)], CommandType='"Text"', CommandTimeout='30']
SELECT [m].[MovieID], [m].[Actors], [m].[Description], [m].[Director], [m].[Duration], [m].[Genre], [m].[MovieCode], [m].[Poster], [m].[ReleaseDate], [m].[Status], [m].[Title], [m].[Trailer]
FROM [Movies] AS [m]
WHERE [m].[Status] = N'Sap chieu' AND [m].[ReleaseDate] <= @__today_0
2026-05-27 18:30:10.058 +07:00 [INF] Executed DbCommand (3ms) [Parameters=[], CommandType='"Text"', CommandTimeout='30']
SELECT [o].[OrderID], [o].[CheckInTime], [o].[FinalAmount], [o].[HoldExpiryTime], [o].[OrderCode], [o].[PayOSTransID], [o].[PromoID], [o].[QrCode], [o].[ShowtimeID], [o].[Status], [o].[TotalAmount], [o].[UserID]
FROM [Orders] AS [o]
WHERE [o].[Status] = N'Chờ thanh toán' AND [o].[HoldExpiryTime] <= GETDATE()
2026-05-27 18:30:10.061 +07:00 [INF] Executed DbCommand (2ms) [Parameters=[@__maxSellingDate_0='?' (DbType = DateTime2), @__now_1='?' (DbType = DateTime2)], CommandType='"Text"', CommandTimeout='30']
SELECT [s].[ShowtimeID], [s].[EndTime], [s].[MovieID], [s].[RoomID], [s].[ShowtimeCode], [s].[StartTime], [s].[Status]
FROM [Showtimes] AS [s]
WHERE [s].[Status] IN (N'Đã lên lịch', N'Sap chieu') AND CONVERT(date, [s].[StartTime]) <= @__maxSellingDate_0 AND [s].[StartTime] > @__now_1
2026-05-27 18:30:10.064 +07:00 [INF] Executed DbCommand (2ms) [Parameters=[@__now_0='?' (DbType = DateTime2)], CommandType='"Text"', CommandTimeout='30']
SELECT [s].[ShowtimeID], [s].[EndTime], [s].[MovieID], [s].[RoomID], [s].[ShowtimeCode], [s].[StartTime], [s].[Status]
FROM [Showtimes] AS [s]
WHERE [s].[Status] IN (N'Đã lên lịch', N'Đang mở bán', N'Sap chieu') AND [s].[StartTime] <= @__now_0 AND [s].[EndTime] > @__now_0
2026-05-27 18:30:10.067 +07:00 [INF] Executed DbCommand (2ms) [Parameters=[@__now_0='?' (DbType = DateTime2)], CommandType='"Text"', CommandTimeout='30']
SELECT [s].[ShowtimeID], [s].[EndTime], [s].[MovieID], [s].[RoomID], [s].[ShowtimeCode], [s].[StartTime], [s].[Status]
FROM [Showtimes] AS [s]
WHERE [s].[Status] IN (N'Đã lên lịch', N'Đang mở bán', N'Đang chiếu', N'Sap chieu', N'Dang dien ra') AND [s].[EndTime] <= @__now_0
2026-05-27 18:30:10.071 +07:00 [INF] Executed DbCommand (2ms) [Parameters=[@__today_0='?' (DbType = Date)], CommandType='"Text"', CommandTimeout='30']
SELECT [m].[MovieID], [m].[Actors], [m].[Description], [m].[Director], [m].[Duration], [m].[Genre], [m].[MovieCode], [m].[Poster], [m].[ReleaseDate], [m].[Status], [m].[Title], [m].[Trailer]
FROM [Movies] AS [m]
WHERE [m].[Status] = N'Sap chieu' AND [m].[ReleaseDate] <= @__today_0
2026-05-27 18:31:10.080 +07:00 [INF] Executed DbCommand (3ms) [Parameters=[], CommandType='"Text"', CommandTimeout='30']
SELECT [o].[OrderID], [o].[CheckInTime], [o].[FinalAmount], [o].[HoldExpiryTime], [o].[OrderCode], [o].[PayOSTransID], [o].[PromoID], [o].[QrCode], [o].[ShowtimeID], [o].[Status], [o].[TotalAmount], [o].[UserID]
FROM [Orders] AS [o]
WHERE [o].[Status] = N'Chờ thanh toán' AND [o].[HoldExpiryTime] <= GETDATE()
2026-05-27 18:31:10.086 +07:00 [INF] Executed DbCommand (4ms) [Parameters=[@__maxSellingDate_0='?' (DbType = DateTime2), @__now_1='?' (DbType = DateTime2)], CommandType='"Text"', CommandTimeout='30']
SELECT [s].[ShowtimeID], [s].[EndTime], [s].[MovieID], [s].[RoomID], [s].[ShowtimeCode], [s].[StartTime], [s].[Status]
FROM [Showtimes] AS [s]
WHERE [s].[Status] IN (N'Đã lên lịch', N'Sap chieu') AND CONVERT(date, [s].[StartTime]) <= @__maxSellingDate_0 AND [s].[StartTime] > @__now_1
2026-05-27 18:31:10.088 +07:00 [INF] Executed DbCommand (2ms) [Parameters=[@__now_0='?' (DbType = DateTime2)], CommandType='"Text"', CommandTimeout='30']
SELECT [s].[ShowtimeID], [s].[EndTime], [s].[MovieID], [s].[RoomID], [s].[ShowtimeCode], [s].[StartTime], [s].[Status]
FROM [Showtimes] AS [s]
WHERE [s].[Status] IN (N'Đã lên lịch', N'Đang mở bán', N'Sap chieu') AND [s].[StartTime] <= @__now_0 AND [s].[EndTime] > @__now_0
2026-05-27 18:31:10.092 +07:00 [INF] Executed DbCommand (3ms) [Parameters=[@__now_0='?' (DbType = DateTime2)], CommandType='"Text"', CommandTimeout='30']
SELECT [s].[ShowtimeID], [s].[EndTime], [s].[MovieID], [s].[RoomID], [s].[ShowtimeCode], [s].[StartTime], [s].[Status]
FROM [Showtimes] AS [s]
WHERE [s].[Status] IN (N'Đã lên lịch', N'Đang mở bán', N'Đang chiếu', N'Sap chieu', N'Dang dien ra') AND [s].[EndTime] <= @__now_0
2026-05-27 18:31:10.096 +07:00 [INF] Executed DbCommand (3ms) [Parameters=[@__today_0='?' (DbType = Date)], CommandType='"Text"', CommandTimeout='30']
SELECT [m].[MovieID], [m].[Actors], [m].[Description], [m].[Director], [m].[Duration], [m].[Genre], [m].[MovieCode], [m].[Poster], [m].[ReleaseDate], [m].[Status], [m].[Title], [m].[Trailer]
FROM [Movies] AS [m]
WHERE [m].[Status] = N'Sap chieu' AND [m].[ReleaseDate] <= @__today_0
2026-05-27 18:32:10.111 +07:00 [INF] Executed DbCommand (2ms) [Parameters=[], CommandType='"Text"', CommandTimeout='30']
SELECT [o].[OrderID], [o].[CheckInTime], [o].[FinalAmount], [o].[HoldExpiryTime], [o].[OrderCode], [o].[PayOSTransID], [o].[PromoID], [o].[QrCode], [o].[ShowtimeID], [o].[Status], [o].[TotalAmount], [o].[UserID]
FROM [Orders] AS [o]
WHERE [o].[Status] = N'Chờ thanh toán' AND [o].[HoldExpiryTime] <= GETDATE()
2026-05-27 18:32:10.115 +07:00 [INF] Executed DbCommand (2ms) [Parameters=[@__maxSellingDate_0='?' (DbType = DateTime2), @__now_1='?' (DbType = DateTime2)], CommandType='"Text"', CommandTimeout='30']
SELECT [s].[ShowtimeID], [s].[EndTime], [s].[MovieID], [s].[RoomID], [s].[ShowtimeCode], [s].[StartTime], [s].[Status]
FROM [Showtimes] AS [s]
WHERE [s].[Status] IN (N'Đã lên lịch', N'Sap chieu') AND CONVERT(date, [s].[StartTime]) <= @__maxSellingDate_0 AND [s].[StartTime] > @__now_1
2026-05-27 18:32:10.117 +07:00 [INF] Executed DbCommand (2ms) [Parameters=[@__now_0='?' (DbType = DateTime2)], CommandType='"Text"', CommandTimeout='30']
SELECT [s].[ShowtimeID], [s].[EndTime], [s].[MovieID], [s].[RoomID], [s].[ShowtimeCode], [s].[StartTime], [s].[Status]
FROM [Showtimes] AS [s]
WHERE [s].[Status] IN (N'Đã lên lịch', N'Đang mở bán', N'Sap chieu') AND [s].[StartTime] <= @__now_0 AND [s].[EndTime] > @__now_0
2026-05-27 18:32:10.120 +07:00 [INF] Executed DbCommand (2ms) [Parameters=[@__now_0='?' (DbType = DateTime2)], CommandType='"Text"', CommandTimeout='30']
SELECT [s].[ShowtimeID], [s].[EndTime], [s].[MovieID], [s].[RoomID], [s].[ShowtimeCode], [s].[StartTime], [s].[Status]
FROM [Showtimes] AS [s]
WHERE [s].[Status] IN (N'Đã lên lịch', N'Đang mở bán', N'Đang chiếu', N'Sap chieu', N'Dang dien ra') AND [s].[EndTime] <= @__now_0
2026-05-27 18:32:10.123 +07:00 [INF] Executed DbCommand (2ms) [Parameters=[@__today_0='?' (DbType = Date)], CommandType='"Text"', CommandTimeout='30']
SELECT [m].[MovieID], [m].[Actors], [m].[Description], [m].[Director], [m].[Duration], [m].[Genre], [m].[MovieCode], [m].[Poster], [m].[ReleaseDate], [m].[Status], [m].[Title], [m].[Trailer]
FROM [Movies] AS [m]
WHERE [m].[Status] = N'Sap chieu' AND [m].[ReleaseDate] <= @__today_0
2026-05-27 18:33:10.136 +07:00 [INF] Executed DbCommand (5ms) [Parameters=[], CommandType='"Text"', CommandTimeout='30']
SELECT [o].[OrderID], [o].[CheckInTime], [o].[FinalAmount], [o].[HoldExpiryTime], [o].[OrderCode], [o].[PayOSTransID], [o].[PromoID], [o].[QrCode], [o].[ShowtimeID], [o].[Status], [o].[TotalAmount], [o].[UserID]
FROM [Orders] AS [o]
WHERE [o].[Status] = N'Chờ thanh toán' AND [o].[HoldExpiryTime] <= GETDATE()
2026-05-27 18:33:10.143 +07:00 [INF] Executed DbCommand (5ms) [Parameters=[@__maxSellingDate_0='?' (DbType = DateTime2), @__now_1='?' (DbType = DateTime2)], CommandType='"Text"', CommandTimeout='30']
SELECT [s].[ShowtimeID], [s].[EndTime], [s].[MovieID], [s].[RoomID], [s].[ShowtimeCode], [s].[StartTime], [s].[Status]
FROM [Showtimes] AS [s]
WHERE [s].[Status] IN (N'Đã lên lịch', N'Sap chieu') AND CONVERT(date, [s].[StartTime]) <= @__maxSellingDate_0 AND [s].[StartTime] > @__now_1
2026-05-27 18:33:10.146 +07:00 [INF] Executed DbCommand (2ms) [Parameters=[@__now_0='?' (DbType = DateTime2)], CommandType='"Text"', CommandTimeout='30']
SELECT [s].[ShowtimeID], [s].[EndTime], [s].[MovieID], [s].[RoomID], [s].[ShowtimeCode], [s].[StartTime], [s].[Status]
FROM [Showtimes] AS [s]
WHERE [s].[Status] IN (N'Đã lên lịch', N'Đang mở bán', N'Sap chieu') AND [s].[StartTime] <= @__now_0 AND [s].[EndTime] > @__now_0
2026-05-27 18:33:10.151 +07:00 [INF] Executed DbCommand (4ms) [Parameters=[@__now_0='?' (DbType = DateTime2)], CommandType='"Text"', CommandTimeout='30']
SELECT [s].[ShowtimeID], [s].[EndTime], [s].[MovieID], [s].[RoomID], [s].[ShowtimeCode], [s].[StartTime], [s].[Status]
FROM [Showtimes] AS [s]
WHERE [s].[Status] IN (N'Đã lên lịch', N'Đang mở bán', N'Đang chiếu', N'Sap chieu', N'Dang dien ra') AND [s].[EndTime] <= @__now_0
2026-05-27 18:33:10.155 +07:00 [INF] Executed DbCommand (2ms) [Parameters=[@__today_0='?' (DbType = Date)], CommandType='"Text"', CommandTimeout='30']
SELECT [m].[MovieID], [m].[Actors], [m].[Description], [m].[Director], [m].[Duration], [m].[Genre], [m].[MovieCode], [m].[Poster], [m].[ReleaseDate], [m].[Status], [m].[Title], [m].[Trailer]
FROM [Movies] AS [m]
WHERE [m].[Status] = N'Sap chieu' AND [m].[ReleaseDate] <= @__today_0
2026-05-27 18:34:10.169 +07:00 [INF] Executed DbCommand (6ms) [Parameters=[], CommandType='"Text"', CommandTimeout='30']
SELECT [o].[OrderID], [o].[CheckInTime], [o].[FinalAmount], [o].[HoldExpiryTime], [o].[OrderCode], [o].[PayOSTransID], [o].[PromoID], [o].[QrCode], [o].[ShowtimeID], [o].[Status], [o].[TotalAmount], [o].[UserID]
FROM [Orders] AS [o]
WHERE [o].[Status] = N'Chờ thanh toán' AND [o].[HoldExpiryTime] <= GETDATE()
2026-05-27 18:34:10.175 +07:00 [INF] Executed DbCommand (4ms) [Parameters=[@__maxSellingDate_0='?' (DbType = DateTime2), @__now_1='?' (DbType = DateTime2)], CommandType='"Text"', CommandTimeout='30']
SELECT [s].[ShowtimeID], [s].[EndTime], [s].[MovieID], [s].[RoomID], [s].[ShowtimeCode], [s].[StartTime], [s].[Status]
FROM [Showtimes] AS [s]
WHERE [s].[Status] IN (N'Đã lên lịch', N'Sap chieu') AND CONVERT(date, [s].[StartTime]) <= @__maxSellingDate_0 AND [s].[StartTime] > @__now_1
2026-05-27 18:34:10.179 +07:00 [INF] Executed DbCommand (3ms) [Parameters=[@__now_0='?' (DbType = DateTime2)], CommandType='"Text"', CommandTimeout='30']
SELECT [s].[ShowtimeID], [s].[EndTime], [s].[MovieID], [s].[RoomID], [s].[ShowtimeCode], [s].[StartTime], [s].[Status]
FROM [Showtimes] AS [s]
WHERE [s].[Status] IN (N'Đã lên lịch', N'Đang mở bán', N'Sap chieu') AND [s].[StartTime] <= @__now_0 AND [s].[EndTime] > @__now_0
2026-05-27 18:34:10.183 +07:00 [INF] Executed DbCommand (3ms) [Parameters=[@__now_0='?' (DbType = DateTime2)], CommandType='"Text"', CommandTimeout='30']
SELECT [s].[ShowtimeID], [s].[EndTime], [s].[MovieID], [s].[RoomID], [s].[ShowtimeCode], [s].[StartTime], [s].[Status]
FROM [Showtimes] AS [s]
WHERE [s].[Status] IN (N'Đã lên lịch', N'Đang mở bán', N'Đang chiếu', N'Sap chieu', N'Dang dien ra') AND [s].[EndTime] <= @__now_0
2026-05-27 18:34:10.188 +07:00 [INF] Executed DbCommand (4ms) [Parameters=[@__today_0='?' (DbType = Date)], CommandType='"Text"', CommandTimeout='30']
SELECT [m].[MovieID], [m].[Actors], [m].[Description], [m].[Director], [m].[Duration], [m].[Genre], [m].[MovieCode], [m].[Poster], [m].[ReleaseDate], [m].[Status], [m].[Title], [m].[Trailer]
FROM [Movies] AS [m]
WHERE [m].[Status] = N'Sap chieu' AND [m].[ReleaseDate] <= @__today_0
2026-05-27 18:35:10.209 +07:00 [INF] Executed DbCommand (5ms) [Parameters=[], CommandType='"Text"', CommandTimeout='30']
SELECT [o].[OrderID], [o].[CheckInTime], [o].[FinalAmount], [o].[HoldExpiryTime], [o].[OrderCode], [o].[PayOSTransID], [o].[PromoID], [o].[QrCode], [o].[ShowtimeID], [o].[Status], [o].[TotalAmount], [o].[UserID]
FROM [Orders] AS [o]
WHERE [o].[Status] = N'Chờ thanh toán' AND [o].[HoldExpiryTime] <= GETDATE()
2026-05-27 18:35:10.215 +07:00 [INF] Executed DbCommand (4ms) [Parameters=[@__maxSellingDate_0='?' (DbType = DateTime2), @__now_1='?' (DbType = DateTime2)], CommandType='"Text"', CommandTimeout='30']
SELECT [s].[ShowtimeID], [s].[EndTime], [s].[MovieID], [s].[RoomID], [s].[ShowtimeCode], [s].[StartTime], [s].[Status]
FROM [Showtimes] AS [s]
WHERE [s].[Status] IN (N'Đã lên lịch', N'Sap chieu') AND CONVERT(date, [s].[StartTime]) <= @__maxSellingDate_0 AND [s].[StartTime] > @__now_1
2026-05-27 18:35:10.219 +07:00 [INF] Executed DbCommand (3ms) [Parameters=[@__now_0='?' (DbType = DateTime2)], CommandType='"Text"', CommandTimeout='30']
SELECT [s].[ShowtimeID], [s].[EndTime], [s].[MovieID], [s].[RoomID], [s].[ShowtimeCode], [s].[StartTime], [s].[Status]
FROM [Showtimes] AS [s]
WHERE [s].[Status] IN (N'Đã lên lịch', N'Đang mở bán', N'Sap chieu') AND [s].[StartTime] <= @__now_0 AND [s].[EndTime] > @__now_0
2026-05-27 18:35:10.223 +07:00 [INF] Executed DbCommand (3ms) [Parameters=[@__now_0='?' (DbType = DateTime2)], CommandType='"Text"', CommandTimeout='30']
SELECT [s].[ShowtimeID], [s].[EndTime], [s].[MovieID], [s].[RoomID], [s].[ShowtimeCode], [s].[StartTime], [s].[Status]
FROM [Showtimes] AS [s]
WHERE [s].[Status] IN (N'Đã lên lịch', N'Đang mở bán', N'Đang chiếu', N'Sap chieu', N'Dang dien ra') AND [s].[EndTime] <= @__now_0
2026-05-27 18:35:10.228 +07:00 [INF] Executed DbCommand (4ms) [Parameters=[@__today_0='?' (DbType = Date)], CommandType='"Text"', CommandTimeout='30']
SELECT [m].[MovieID], [m].[Actors], [m].[Description], [m].[Director], [m].[Duration], [m].[Genre], [m].[MovieCode], [m].[Poster], [m].[ReleaseDate], [m].[Status], [m].[Title], [m].[Trailer]
FROM [Movies] AS [m]
WHERE [m].[Status] = N'Sap chieu' AND [m].[ReleaseDate] <= @__today_0
2026-05-27 18:36:10.244 +07:00 [INF] Executed DbCommand (4ms) [Parameters=[], CommandType='"Text"', CommandTimeout='30']
SELECT [o].[OrderID], [o].[CheckInTime], [o].[FinalAmount], [o].[HoldExpiryTime], [o].[OrderCode], [o].[PayOSTransID], [o].[PromoID], [o].[QrCode], [o].[ShowtimeID], [o].[Status], [o].[TotalAmount], [o].[UserID]
FROM [Orders] AS [o]
WHERE [o].[Status] = N'Chờ thanh toán' AND [o].[HoldExpiryTime] <= GETDATE()
2026-05-27 18:36:10.250 +07:00 [INF] Executed DbCommand (5ms) [Parameters=[@__maxSellingDate_0='?' (DbType = DateTime2), @__now_1='?' (DbType = DateTime2)], CommandType='"Text"', CommandTimeout='30']
SELECT [s].[ShowtimeID], [s].[EndTime], [s].[MovieID], [s].[RoomID], [s].[ShowtimeCode], [s].[StartTime], [s].[Status]
FROM [Showtimes] AS [s]
WHERE [s].[Status] IN (N'Đã lên lịch', N'Sap chieu') AND CONVERT(date, [s].[StartTime]) <= @__maxSellingDate_0 AND [s].[StartTime] > @__now_1
2026-05-27 18:36:10.254 +07:00 [INF] Executed DbCommand (4ms) [Parameters=[@__now_0='?' (DbType = DateTime2)], CommandType='"Text"', CommandTimeout='30']
SELECT [s].[ShowtimeID], [s].[EndTime], [s].[MovieID], [s].[RoomID], [s].[ShowtimeCode], [s].[StartTime], [s].[Status]
FROM [Showtimes] AS [s]
WHERE [s].[Status] IN (N'Đã lên lịch', N'Đang mở bán', N'Sap chieu') AND [s].[StartTime] <= @__now_0 AND [s].[EndTime] > @__now_0
2026-05-27 18:36:10.256 +07:00 [INF] Executed DbCommand (2ms) [Parameters=[@__now_0='?' (DbType = DateTime2)], CommandType='"Text"', CommandTimeout='30']
SELECT [s].[ShowtimeID], [s].[EndTime], [s].[MovieID], [s].[RoomID], [s].[ShowtimeCode], [s].[StartTime], [s].[Status]
FROM [Showtimes] AS [s]
WHERE [s].[Status] IN (N'Đã lên lịch', N'Đang mở bán', N'Đang chiếu', N'Sap chieu', N'Dang dien ra') AND [s].[EndTime] <= @__now_0
2026-05-27 18:36:10.259 +07:00 [INF] Executed DbCommand (2ms) [Parameters=[@__today_0='?' (DbType = Date)], CommandType='"Text"', CommandTimeout='30']
SELECT [m].[MovieID], [m].[Actors], [m].[Description], [m].[Director], [m].[Duration], [m].[Genre], [m].[MovieCode], [m].[Poster], [m].[ReleaseDate], [m].[Status], [m].[Title], [m].[Trailer]
FROM [Movies] AS [m]
WHERE [m].[Status] = N'Sap chieu' AND [m].[ReleaseDate] <= @__today_0
2026-05-27 18:37:10.271 +07:00 [INF] Executed DbCommand (5ms) [Parameters=[], CommandType='"Text"', CommandTimeout='30']
SELECT [o].[OrderID], [o].[CheckInTime], [o].[FinalAmount], [o].[HoldExpiryTime], [o].[OrderCode], [o].[PayOSTransID], [o].[PromoID], [o].[QrCode], [o].[ShowtimeID], [o].[Status], [o].[TotalAmount], [o].[UserID]
FROM [Orders] AS [o]
WHERE [o].[Status] = N'Chờ thanh toán' AND [o].[HoldExpiryTime] <= GETDATE()
2026-05-27 18:37:10.277 +07:00 [INF] Executed DbCommand (4ms) [Parameters=[@__maxSellingDate_0='?' (DbType = DateTime2), @__now_1='?' (DbType = DateTime2)], CommandType='"Text"', CommandTimeout='30']
SELECT [s].[ShowtimeID], [s].[EndTime], [s].[MovieID], [s].[RoomID], [s].[ShowtimeCode], [s].[StartTime], [s].[Status]
FROM [Showtimes] AS [s]
WHERE [s].[Status] IN (N'Đã lên lịch', N'Sap chieu') AND CONVERT(date, [s].[StartTime]) <= @__maxSellingDate_0 AND [s].[StartTime] > @__now_1
2026-05-27 18:37:10.281 +07:00 [INF] Executed DbCommand (3ms) [Parameters=[@__now_0='?' (DbType = DateTime2)], CommandType='"Text"', CommandTimeout='30']
SELECT [s].[ShowtimeID], [s].[EndTime], [s].[MovieID], [s].[RoomID], [s].[ShowtimeCode], [s].[StartTime], [s].[Status]
FROM [Showtimes] AS [s]
WHERE [s].[Status] IN (N'Đã lên lịch', N'Đang mở bán', N'Sap chieu') AND [s].[StartTime] <= @__now_0 AND [s].[EndTime] > @__now_0
2026-05-27 18:37:10.284 +07:00 [INF] Executed DbCommand (3ms) [Parameters=[@__now_0='?' (DbType = DateTime2)], CommandType='"Text"', CommandTimeout='30']
SELECT [s].[ShowtimeID], [s].[EndTime], [s].[MovieID], [s].[RoomID], [s].[ShowtimeCode], [s].[StartTime], [s].[Status]
FROM [Showtimes] AS [s]
WHERE [s].[Status] IN (N'Đã lên lịch', N'Đang mở bán', N'Đang chiếu', N'Sap chieu', N'Dang dien ra') AND [s].[EndTime] <= @__now_0
2026-05-27 18:37:10.289 +07:00 [INF] Executed DbCommand (4ms) [Parameters=[@__today_0='?' (DbType = Date)], CommandType='"Text"', CommandTimeout='30']
SELECT [m].[MovieID], [m].[Actors], [m].[Description], [m].[Director], [m].[Duration], [m].[Genre], [m].[MovieCode], [m].[Poster], [m].[ReleaseDate], [m].[Status], [m].[Title], [m].[Trailer]
FROM [Movies] AS [m]
WHERE [m].[Status] = N'Sap chieu' AND [m].[ReleaseDate] <= @__today_0
2026-05-27 18:38:10.294 +07:00 [INF] Executed DbCommand (3ms) [Parameters=[], CommandType='"Text"', CommandTimeout='30']
SELECT [o].[OrderID], [o].[CheckInTime], [o].[FinalAmount], [o].[HoldExpiryTime], [o].[OrderCode], [o].[PayOSTransID], [o].[PromoID], [o].[QrCode], [o].[ShowtimeID], [o].[Status], [o].[TotalAmount], [o].[UserID]
FROM [Orders] AS [o]
WHERE [o].[Status] = N'Chờ thanh toán' AND [o].[HoldExpiryTime] <= GETDATE()
2026-05-27 18:38:10.299 +07:00 [INF] Executed DbCommand (4ms) [Parameters=[@__maxSellingDate_0='?' (DbType = DateTime2), @__now_1='?' (DbType = DateTime2)], CommandType='"Text"', CommandTimeout='30']
SELECT [s].[ShowtimeID], [s].[EndTime], [s].[MovieID], [s].[RoomID], [s].[ShowtimeCode], [s].[StartTime], [s].[Status]
FROM [Showtimes] AS [s]
WHERE [s].[Status] IN (N'Đã lên lịch', N'Sap chieu') AND CONVERT(date, [s].[StartTime]) <= @__maxSellingDate_0 AND [s].[StartTime] > @__now_1
2026-05-27 18:38:10.301 +07:00 [INF] Executed DbCommand (2ms) [Parameters=[@__now_0='?' (DbType = DateTime2)], CommandType='"Text"', CommandTimeout='30']
SELECT [s].[ShowtimeID], [s].[EndTime], [s].[MovieID], [s].[RoomID], [s].[ShowtimeCode], [s].[StartTime], [s].[Status]
FROM [Showtimes] AS [s]
WHERE [s].[Status] IN (N'Đã lên lịch', N'Đang mở bán', N'Sap chieu') AND [s].[StartTime] <= @__now_0 AND [s].[EndTime] > @__now_0
2026-05-27 18:38:10.305 +07:00 [INF] Executed DbCommand (3ms) [Parameters=[@__now_0='?' (DbType = DateTime2)], CommandType='"Text"', CommandTimeout='30']
SELECT [s].[ShowtimeID], [s].[EndTime], [s].[MovieID], [s].[RoomID], [s].[ShowtimeCode], [s].[StartTime], [s].[Status]
FROM [Showtimes] AS [s]
WHERE [s].[Status] IN (N'Đã lên lịch', N'Đang mở bán', N'Đang chiếu', N'Sap chieu', N'Dang dien ra') AND [s].[EndTime] <= @__now_0
2026-05-27 18:38:10.308 +07:00 [INF] Executed DbCommand (2ms) [Parameters=[@__today_0='?' (DbType = Date)], CommandType='"Text"', CommandTimeout='30']
SELECT [m].[MovieID], [m].[Actors], [m].[Description], [m].[Director], [m].[Duration], [m].[Genre], [m].[MovieCode], [m].[Poster], [m].[ReleaseDate], [m].[Status], [m].[Title], [m].[Trailer]
FROM [Movies] AS [m]
WHERE [m].[Status] = N'Sap chieu' AND [m].[ReleaseDate] <= @__today_0
2026-05-27 18:39:10.316 +07:00 [INF] Executed DbCommand (3ms) [Parameters=[], CommandType='"Text"', CommandTimeout='30']
SELECT [o].[OrderID], [o].[CheckInTime], [o].[FinalAmount], [o].[HoldExpiryTime], [o].[OrderCode], [o].[PayOSTransID], [o].[PromoID], [o].[QrCode], [o].[ShowtimeID], [o].[Status], [o].[TotalAmount], [o].[UserID]
FROM [Orders] AS [o]
WHERE [o].[Status] = N'Chờ thanh toán' AND [o].[HoldExpiryTime] <= GETDATE()
2026-05-27 18:39:10.320 +07:00 [INF] Executed DbCommand (2ms) [Parameters=[@__maxSellingDate_0='?' (DbType = DateTime2), @__now_1='?' (DbType = DateTime2)], CommandType='"Text"', CommandTimeout='30']
SELECT [s].[ShowtimeID], [s].[EndTime], [s].[MovieID], [s].[RoomID], [s].[ShowtimeCode], [s].[StartTime], [s].[Status]
FROM [Showtimes] AS [s]
WHERE [s].[Status] IN (N'Đã lên lịch', N'Sap chieu') AND CONVERT(date, [s].[StartTime]) <= @__maxSellingDate_0 AND [s].[StartTime] > @__now_1
2026-05-27 18:39:10.324 +07:00 [INF] Executed DbCommand (3ms) [Parameters=[@__now_0='?' (DbType = DateTime2)], CommandType='"Text"', CommandTimeout='30']
SELECT [s].[ShowtimeID], [s].[EndTime], [s].[MovieID], [s].[RoomID], [s].[ShowtimeCode], [s].[StartTime], [s].[Status]
FROM [Showtimes] AS [s]
WHERE [s].[Status] IN (N'Đã lên lịch', N'Đang mở bán', N'Sap chieu') AND [s].[StartTime] <= @__now_0 AND [s].[EndTime] > @__now_0
2026-05-27 18:39:10.327 +07:00 [INF] Executed DbCommand (2ms) [Parameters=[@__now_0='?' (DbType = DateTime2)], CommandType='"Text"', CommandTimeout='30']
SELECT [s].[ShowtimeID], [s].[EndTime], [s].[MovieID], [s].[RoomID], [s].[ShowtimeCode], [s].[StartTime], [s].[Status]
FROM [Showtimes] AS [s]
WHERE [s].[Status] IN (N'Đã lên lịch', N'Đang mở bán', N'Đang chiếu', N'Sap chieu', N'Dang dien ra') AND [s].[EndTime] <= @__now_0
2026-05-27 18:39:10.330 +07:00 [INF] Executed DbCommand (1ms) [Parameters=[@__today_0='?' (DbType = Date)], CommandType='"Text"', CommandTimeout='30']
SELECT [m].[MovieID], [m].[Actors], [m].[Description], [m].[Director], [m].[Duration], [m].[Genre], [m].[MovieCode], [m].[Poster], [m].[ReleaseDate], [m].[Status], [m].[Title], [m].[Trailer]
FROM [Movies] AS [m]
WHERE [m].[Status] = N'Sap chieu' AND [m].[ReleaseDate] <= @__today_0
2026-05-27 18:40:10.344 +07:00 [INF] Executed DbCommand (4ms) [Parameters=[], CommandType='"Text"', CommandTimeout='30']
SELECT [o].[OrderID], [o].[CheckInTime], [o].[FinalAmount], [o].[HoldExpiryTime], [o].[OrderCode], [o].[PayOSTransID], [o].[PromoID], [o].[QrCode], [o].[ShowtimeID], [o].[Status], [o].[TotalAmount], [o].[UserID]
FROM [Orders] AS [o]
WHERE [o].[Status] = N'Chờ thanh toán' AND [o].[HoldExpiryTime] <= GETDATE()
2026-05-27 18:40:10.350 +07:00 [INF] Executed DbCommand (5ms) [Parameters=[@__maxSellingDate_0='?' (DbType = DateTime2), @__now_1='?' (DbType = DateTime2)], CommandType='"Text"', CommandTimeout='30']
SELECT [s].[ShowtimeID], [s].[EndTime], [s].[MovieID], [s].[RoomID], [s].[ShowtimeCode], [s].[StartTime], [s].[Status]
FROM [Showtimes] AS [s]
WHERE [s].[Status] IN (N'Đã lên lịch', N'Sap chieu') AND CONVERT(date, [s].[StartTime]) <= @__maxSellingDate_0 AND [s].[StartTime] > @__now_1
2026-05-27 18:40:10.353 +07:00 [INF] Executed DbCommand (2ms) [Parameters=[@__now_0='?' (DbType = DateTime2)], CommandType='"Text"', CommandTimeout='30']
SELECT [s].[ShowtimeID], [s].[EndTime], [s].[MovieID], [s].[RoomID], [s].[ShowtimeCode], [s].[StartTime], [s].[Status]
FROM [Showtimes] AS [s]
WHERE [s].[Status] IN (N'Đã lên lịch', N'Đang mở bán', N'Sap chieu') AND [s].[StartTime] <= @__now_0 AND [s].[EndTime] > @__now_0
2026-05-27 18:40:10.355 +07:00 [INF] Executed DbCommand (2ms) [Parameters=[@__now_0='?' (DbType = DateTime2)], CommandType='"Text"', CommandTimeout='30']
SELECT [s].[ShowtimeID], [s].[EndTime], [s].[MovieID], [s].[RoomID], [s].[ShowtimeCode], [s].[StartTime], [s].[Status]
FROM [Showtimes] AS [s]
WHERE [s].[Status] IN (N'Đã lên lịch', N'Đang mở bán', N'Đang chiếu', N'Sap chieu', N'Dang dien ra') AND [s].[EndTime] <= @__now_0
2026-05-27 18:40:10.360 +07:00 [INF] Executed DbCommand (3ms) [Parameters=[@__today_0='?' (DbType = Date)], CommandType='"Text"', CommandTimeout='30']
SELECT [m].[MovieID], [m].[Actors], [m].[Description], [m].[Director], [m].[Duration], [m].[Genre], [m].[MovieCode], [m].[Poster], [m].[ReleaseDate], [m].[Status], [m].[Title], [m].[Trailer]
FROM [Movies] AS [m]
WHERE [m].[Status] = N'Sap chieu' AND [m].[ReleaseDate] <= @__today_0
2026-05-27 18:41:10.375 +07:00 [INF] Executed DbCommand (3ms) [Parameters=[], CommandType='"Text"', CommandTimeout='30']
SELECT [o].[OrderID], [o].[CheckInTime], [o].[FinalAmount], [o].[HoldExpiryTime], [o].[OrderCode], [o].[PayOSTransID], [o].[PromoID], [o].[QrCode], [o].[ShowtimeID], [o].[Status], [o].[TotalAmount], [o].[UserID]
FROM [Orders] AS [o]
WHERE [o].[Status] = N'Chờ thanh toán' AND [o].[HoldExpiryTime] <= GETDATE()
2026-05-27 18:41:10.379 +07:00 [INF] Executed DbCommand (4ms) [Parameters=[@__maxSellingDate_0='?' (DbType = DateTime2), @__now_1='?' (DbType = DateTime2)], CommandType='"Text"', CommandTimeout='30']
SELECT [s].[ShowtimeID], [s].[EndTime], [s].[MovieID], [s].[RoomID], [s].[ShowtimeCode], [s].[StartTime], [s].[Status]
FROM [Showtimes] AS [s]
WHERE [s].[Status] IN (N'Đã lên lịch', N'Sap chieu') AND CONVERT(date, [s].[StartTime]) <= @__maxSellingDate_0 AND [s].[StartTime] > @__now_1
2026-05-27 18:41:10.383 +07:00 [INF] Executed DbCommand (3ms) [Parameters=[@__now_0='?' (DbType = DateTime2)], CommandType='"Text"', CommandTimeout='30']
SELECT [s].[ShowtimeID], [s].[EndTime], [s].[MovieID], [s].[RoomID], [s].[ShowtimeCode], [s].[StartTime], [s].[Status]
FROM [Showtimes] AS [s]
WHERE [s].[Status] IN (N'Đã lên lịch', N'Đang mở bán', N'Sap chieu') AND [s].[StartTime] <= @__now_0 AND [s].[EndTime] > @__now_0
2026-05-27 18:41:10.386 +07:00 [INF] Executed DbCommand (3ms) [Parameters=[@__now_0='?' (DbType = DateTime2)], CommandType='"Text"', CommandTimeout='30']
SELECT [s].[ShowtimeID], [s].[EndTime], [s].[MovieID], [s].[RoomID], [s].[ShowtimeCode], [s].[StartTime], [s].[Status]
FROM [Showtimes] AS [s]
WHERE [s].[Status] IN (N'Đã lên lịch', N'Đang mở bán', N'Đang chiếu', N'Sap chieu', N'Dang dien ra') AND [s].[EndTime] <= @__now_0
2026-05-27 18:41:10.389 +07:00 [INF] Executed DbCommand (2ms) [Parameters=[@__today_0='?' (DbType = Date)], CommandType='"Text"', CommandTimeout='30']
SELECT [m].[MovieID], [m].[Actors], [m].[Description], [m].[Director], [m].[Duration], [m].[Genre], [m].[MovieCode], [m].[Poster], [m].[ReleaseDate], [m].[Status], [m].[Title], [m].[Trailer]
FROM [Movies] AS [m]
WHERE [m].[Status] = N'Sap chieu' AND [m].[ReleaseDate] <= @__today_0
2026-05-27 18:42:10.397 +07:00 [INF] Executed DbCommand (3ms) [Parameters=[], CommandType='"Text"', CommandTimeout='30']
SELECT [o].[OrderID], [o].[CheckInTime], [o].[FinalAmount], [o].[HoldExpiryTime], [o].[OrderCode], [o].[PayOSTransID], [o].[PromoID], [o].[QrCode], [o].[ShowtimeID], [o].[Status], [o].[TotalAmount], [o].[UserID]
FROM [Orders] AS [o]
WHERE [o].[Status] = N'Chờ thanh toán' AND [o].[HoldExpiryTime] <= GETDATE()
2026-05-27 18:42:10.401 +07:00 [INF] Executed DbCommand (3ms) [Parameters=[@__maxSellingDate_0='?' (DbType = DateTime2), @__now_1='?' (DbType = DateTime2)], CommandType='"Text"', CommandTimeout='30']
SELECT [s].[ShowtimeID], [s].[EndTime], [s].[MovieID], [s].[RoomID], [s].[ShowtimeCode], [s].[StartTime], [s].[Status]
FROM [Showtimes] AS [s]
WHERE [s].[Status] IN (N'Đã lên lịch', N'Sap chieu') AND CONVERT(date, [s].[StartTime]) <= @__maxSellingDate_0 AND [s].[StartTime] > @__now_1
2026-05-27 18:42:10.404 +07:00 [INF] Executed DbCommand (2ms) [Parameters=[@__now_0='?' (DbType = DateTime2)], CommandType='"Text"', CommandTimeout='30']
SELECT [s].[ShowtimeID], [s].[EndTime], [s].[MovieID], [s].[RoomID], [s].[ShowtimeCode], [s].[StartTime], [s].[Status]
FROM [Showtimes] AS [s]
WHERE [s].[Status] IN (N'Đã lên lịch', N'Đang mở bán', N'Sap chieu') AND [s].[StartTime] <= @__now_0 AND [s].[EndTime] > @__now_0
2026-05-27 18:42:10.407 +07:00 [INF] Executed DbCommand (2ms) [Parameters=[@__now_0='?' (DbType = DateTime2)], CommandType='"Text"', CommandTimeout='30']
SELECT [s].[ShowtimeID], [s].[EndTime], [s].[MovieID], [s].[RoomID], [s].[ShowtimeCode], [s].[StartTime], [s].[Status]
FROM [Showtimes] AS [s]
WHERE [s].[Status] IN (N'Đã lên lịch', N'Đang mở bán', N'Đang chiếu', N'Sap chieu', N'Dang dien ra') AND [s].[EndTime] <= @__now_0
2026-05-27 18:42:10.409 +07:00 [INF] Executed DbCommand (2ms) [Parameters=[@__today_0='?' (DbType = Date)], CommandType='"Text"', CommandTimeout='30']
SELECT [m].[MovieID], [m].[Actors], [m].[Description], [m].[Director], [m].[Duration], [m].[Genre], [m].[MovieCode], [m].[Poster], [m].[ReleaseDate], [m].[Status], [m].[Title], [m].[Trailer]
FROM [Movies] AS [m]
WHERE [m].[Status] = N'Sap chieu' AND [m].[ReleaseDate] <= @__today_0
2026-05-27 18:43:10.425 +07:00 [INF] Executed DbCommand (3ms) [Parameters=[], CommandType='"Text"', CommandTimeout='30']
SELECT [o].[OrderID], [o].[CheckInTime], [o].[FinalAmount], [o].[HoldExpiryTime], [o].[OrderCode], [o].[PayOSTransID], [o].[PromoID], [o].[QrCode], [o].[ShowtimeID], [o].[Status], [o].[TotalAmount], [o].[UserID]
FROM [Orders] AS [o]
WHERE [o].[Status] = N'Chờ thanh toán' AND [o].[HoldExpiryTime] <= GETDATE()
2026-05-27 18:43:10.430 +07:00 [INF] Executed DbCommand (3ms) [Parameters=[@__maxSellingDate_0='?' (DbType = DateTime2), @__now_1='?' (DbType = DateTime2)], CommandType='"Text"', CommandTimeout='30']
SELECT [s].[ShowtimeID], [s].[EndTime], [s].[MovieID], [s].[RoomID], [s].[ShowtimeCode], [s].[StartTime], [s].[Status]
FROM [Showtimes] AS [s]
WHERE [s].[Status] IN (N'Đã lên lịch', N'Sap chieu') AND CONVERT(date, [s].[StartTime]) <= @__maxSellingDate_0 AND [s].[StartTime] > @__now_1
2026-05-27 18:43:10.433 +07:00 [INF] Executed DbCommand (3ms) [Parameters=[@__now_0='?' (DbType = DateTime2)], CommandType='"Text"', CommandTimeout='30']
SELECT [s].[ShowtimeID], [s].[EndTime], [s].[MovieID], [s].[RoomID], [s].[ShowtimeCode], [s].[StartTime], [s].[Status]
FROM [Showtimes] AS [s]
WHERE [s].[Status] IN (N'Đã lên lịch', N'Đang mở bán', N'Sap chieu') AND [s].[StartTime] <= @__now_0 AND [s].[EndTime] > @__now_0
2026-05-27 18:43:10.435 +07:00 [INF] Executed DbCommand (2ms) [Parameters=[@__now_0='?' (DbType = DateTime2)], CommandType='"Text"', CommandTimeout='30']
SELECT [s].[ShowtimeID], [s].[EndTime], [s].[MovieID], [s].[RoomID], [s].[ShowtimeCode], [s].[StartTime], [s].[Status]
FROM [Showtimes] AS [s]
WHERE [s].[Status] IN (N'Đã lên lịch', N'Đang mở bán', N'Đang chiếu', N'Sap chieu', N'Dang dien ra') AND [s].[EndTime] <= @__now_0
2026-05-27 18:43:10.438 +07:00 [INF] Executed DbCommand (1ms) [Parameters=[@__today_0='?' (DbType = Date)], CommandType='"Text"', CommandTimeout='30']
SELECT [m].[MovieID], [m].[Actors], [m].[Description], [m].[Director], [m].[Duration], [m].[Genre], [m].[MovieCode], [m].[Poster], [m].[ReleaseDate], [m].[Status], [m].[Title], [m].[Trailer]
FROM [Movies] AS [m]
WHERE [m].[Status] = N'Sap chieu' AND [m].[ReleaseDate] <= @__today_0
2026-05-27 18:44:10.444 +07:00 [INF] Executed DbCommand (5ms) [Parameters=[], CommandType='"Text"', CommandTimeout='30']
SELECT [o].[OrderID], [o].[CheckInTime], [o].[FinalAmount], [o].[HoldExpiryTime], [o].[OrderCode], [o].[PayOSTransID], [o].[PromoID], [o].[QrCode], [o].[ShowtimeID], [o].[Status], [o].[TotalAmount], [o].[UserID]
FROM [Orders] AS [o]
WHERE [o].[Status] = N'Chờ thanh toán' AND [o].[HoldExpiryTime] <= GETDATE()
2026-05-27 18:44:10.449 +07:00 [INF] Executed DbCommand (3ms) [Parameters=[@__maxSellingDate_0='?' (DbType = DateTime2), @__now_1='?' (DbType = DateTime2)], CommandType='"Text"', CommandTimeout='30']
SELECT [s].[ShowtimeID], [s].[EndTime], [s].[MovieID], [s].[RoomID], [s].[ShowtimeCode], [s].[StartTime], [s].[Status]
FROM [Showtimes] AS [s]
WHERE [s].[Status] IN (N'Đã lên lịch', N'Sap chieu') AND CONVERT(date, [s].[StartTime]) <= @__maxSellingDate_0 AND [s].[StartTime] > @__now_1
2026-05-27 18:44:10.453 +07:00 [INF] Executed DbCommand (3ms) [Parameters=[@__now_0='?' (DbType = DateTime2)], CommandType='"Text"', CommandTimeout='30']
SELECT [s].[ShowtimeID], [s].[EndTime], [s].[MovieID], [s].[RoomID], [s].[ShowtimeCode], [s].[StartTime], [s].[Status]
FROM [Showtimes] AS [s]
WHERE [s].[Status] IN (N'Đã lên lịch', N'Đang mở bán', N'Sap chieu') AND [s].[StartTime] <= @__now_0 AND [s].[EndTime] > @__now_0
2026-05-27 18:44:10.455 +07:00 [INF] Executed DbCommand (2ms) [Parameters=[@__now_0='?' (DbType = DateTime2)], CommandType='"Text"', CommandTimeout='30']
SELECT [s].[ShowtimeID], [s].[EndTime], [s].[MovieID], [s].[RoomID], [s].[ShowtimeCode], [s].[StartTime], [s].[Status]
FROM [Showtimes] AS [s]
WHERE [s].[Status] IN (N'Đã lên lịch', N'Đang mở bán', N'Đang chiếu', N'Sap chieu', N'Dang dien ra') AND [s].[EndTime] <= @__now_0
2026-05-27 18:44:10.460 +07:00 [INF] Executed DbCommand (4ms) [Parameters=[@__today_0='?' (DbType = Date)], CommandType='"Text"', CommandTimeout='30']
SELECT [m].[MovieID], [m].[Actors], [m].[Description], [m].[Director], [m].[Duration], [m].[Genre], [m].[MovieCode], [m].[Poster], [m].[ReleaseDate], [m].[Status], [m].[Title], [m].[Trailer]
FROM [Movies] AS [m]
WHERE [m].[Status] = N'Sap chieu' AND [m].[ReleaseDate] <= @__today_0
2026-05-27 18:45:10.479 +07:00 [INF] Executed DbCommand (3ms) [Parameters=[], CommandType='"Text"', CommandTimeout='30']
SELECT [o].[OrderID], [o].[CheckInTime], [o].[FinalAmount], [o].[HoldExpiryTime], [o].[OrderCode], [o].[PayOSTransID], [o].[PromoID], [o].[QrCode], [o].[ShowtimeID], [o].[Status], [o].[TotalAmount], [o].[UserID]
FROM [Orders] AS [o]
WHERE [o].[Status] = N'Chờ thanh toán' AND [o].[HoldExpiryTime] <= GETDATE()
2026-05-27 18:45:10.484 +07:00 [INF] Executed DbCommand (3ms) [Parameters=[@__maxSellingDate_0='?' (DbType = DateTime2), @__now_1='?' (DbType = DateTime2)], CommandType='"Text"', CommandTimeout='30']
SELECT [s].[ShowtimeID], [s].[EndTime], [s].[MovieID], [s].[RoomID], [s].[ShowtimeCode], [s].[StartTime], [s].[Status]
FROM [Showtimes] AS [s]
WHERE [s].[Status] IN (N'Đã lên lịch', N'Sap chieu') AND CONVERT(date, [s].[StartTime]) <= @__maxSellingDate_0 AND [s].[StartTime] > @__now_1
2026-05-27 18:45:10.487 +07:00 [INF] Executed DbCommand (2ms) [Parameters=[@__now_0='?' (DbType = DateTime2)], CommandType='"Text"', CommandTimeout='30']
SELECT [s].[ShowtimeID], [s].[EndTime], [s].[MovieID], [s].[RoomID], [s].[ShowtimeCode], [s].[StartTime], [s].[Status]
FROM [Showtimes] AS [s]
WHERE [s].[Status] IN (N'Đã lên lịch', N'Đang mở bán', N'Sap chieu') AND [s].[StartTime] <= @__now_0 AND [s].[EndTime] > @__now_0
2026-05-27 18:45:10.490 +07:00 [INF] Executed DbCommand (3ms) [Parameters=[@__now_0='?' (DbType = DateTime2)], CommandType='"Text"', CommandTimeout='30']
SELECT [s].[ShowtimeID], [s].[EndTime], [s].[MovieID], [s].[RoomID], [s].[ShowtimeCode], [s].[StartTime], [s].[Status]
FROM [Showtimes] AS [s]
WHERE [s].[Status] IN (N'Đã lên lịch', N'Đang mở bán', N'Đang chiếu', N'Sap chieu', N'Dang dien ra') AND [s].[EndTime] <= @__now_0
2026-05-27 18:45:10.493 +07:00 [INF] Executed DbCommand (2ms) [Parameters=[@__today_0='?' (DbType = Date)], CommandType='"Text"', CommandTimeout='30']
SELECT [m].[MovieID], [m].[Actors], [m].[Description], [m].[Director], [m].[Duration], [m].[Genre], [m].[MovieCode], [m].[Poster], [m].[ReleaseDate], [m].[Status], [m].[Title], [m].[Trailer]
FROM [Movies] AS [m]
WHERE [m].[Status] = N'Sap chieu' AND [m].[ReleaseDate] <= @__today_0
2026-05-27 18:46:10.513 +07:00 [INF] Executed DbCommand (4ms) [Parameters=[], CommandType='"Text"', CommandTimeout='30']
SELECT [o].[OrderID], [o].[CheckInTime], [o].[FinalAmount], [o].[HoldExpiryTime], [o].[OrderCode], [o].[PayOSTransID], [o].[PromoID], [o].[QrCode], [o].[ShowtimeID], [o].[Status], [o].[TotalAmount], [o].[UserID]
FROM [Orders] AS [o]
WHERE [o].[Status] = N'Chờ thanh toán' AND [o].[HoldExpiryTime] <= GETDATE()
2026-05-27 18:46:10.520 +07:00 [INF] Executed DbCommand (5ms) [Parameters=[@__maxSellingDate_0='?' (DbType = DateTime2), @__now_1='?' (DbType = DateTime2)], CommandType='"Text"', CommandTimeout='30']
SELECT [s].[ShowtimeID], [s].[EndTime], [s].[MovieID], [s].[RoomID], [s].[ShowtimeCode], [s].[StartTime], [s].[Status]
FROM [Showtimes] AS [s]
WHERE [s].[Status] IN (N'Đã lên lịch', N'Sap chieu') AND CONVERT(date, [s].[StartTime]) <= @__maxSellingDate_0 AND [s].[StartTime] > @__now_1
2026-05-27 18:46:10.524 +07:00 [INF] Executed DbCommand (3ms) [Parameters=[@__now_0='?' (DbType = DateTime2)], CommandType='"Text"', CommandTimeout='30']
SELECT [s].[ShowtimeID], [s].[EndTime], [s].[MovieID], [s].[RoomID], [s].[ShowtimeCode], [s].[StartTime], [s].[Status]
FROM [Showtimes] AS [s]
WHERE [s].[Status] IN (N'Đã lên lịch', N'Đang mở bán', N'Sap chieu') AND [s].[StartTime] <= @__now_0 AND [s].[EndTime] > @__now_0
2026-05-27 18:46:10.526 +07:00 [INF] Executed DbCommand (1ms) [Parameters=[@__now_0='?' (DbType = DateTime2)], CommandType='"Text"', CommandTimeout='30']
SELECT [s].[ShowtimeID], [s].[EndTime], [s].[MovieID], [s].[RoomID], [s].[ShowtimeCode], [s].[StartTime], [s].[Status]
FROM [Showtimes] AS [s]
WHERE [s].[Status] IN (N'Đã lên lịch', N'Đang mở bán', N'Đang chiếu', N'Sap chieu', N'Dang dien ra') AND [s].[EndTime] <= @__now_0
2026-05-27 18:46:10.530 +07:00 [INF] Executed DbCommand (3ms) [Parameters=[@__today_0='?' (DbType = Date)], CommandType='"Text"', CommandTimeout='30']
SELECT [m].[MovieID], [m].[Actors], [m].[Description], [m].[Director], [m].[Duration], [m].[Genre], [m].[MovieCode], [m].[Poster], [m].[ReleaseDate], [m].[Status], [m].[Title], [m].[Trailer]
FROM [Movies] AS [m]
WHERE [m].[Status] = N'Sap chieu' AND [m].[ReleaseDate] <= @__today_0
2026-05-27 18:47:10.537 +07:00 [INF] Executed DbCommand (4ms) [Parameters=[], CommandType='"Text"', CommandTimeout='30']
SELECT [o].[OrderID], [o].[CheckInTime], [o].[FinalAmount], [o].[HoldExpiryTime], [o].[OrderCode], [o].[PayOSTransID], [o].[PromoID], [o].[QrCode], [o].[ShowtimeID], [o].[Status], [o].[TotalAmount], [o].[UserID]
FROM [Orders] AS [o]
WHERE [o].[Status] = N'Chờ thanh toán' AND [o].[HoldExpiryTime] <= GETDATE()
2026-05-27 18:47:10.541 +07:00 [INF] Executed DbCommand (3ms) [Parameters=[@__maxSellingDate_0='?' (DbType = DateTime2), @__now_1='?' (DbType = DateTime2)], CommandType='"Text"', CommandTimeout='30']
SELECT [s].[ShowtimeID], [s].[EndTime], [s].[MovieID], [s].[RoomID], [s].[ShowtimeCode], [s].[StartTime], [s].[Status]
FROM [Showtimes] AS [s]
WHERE [s].[Status] IN (N'Đã lên lịch', N'Sap chieu') AND CONVERT(date, [s].[StartTime]) <= @__maxSellingDate_0 AND [s].[StartTime] > @__now_1
2026-05-27 18:47:10.543 +07:00 [INF] Executed DbCommand (2ms) [Parameters=[@__now_0='?' (DbType = DateTime2)], CommandType='"Text"', CommandTimeout='30']
SELECT [s].[ShowtimeID], [s].[EndTime], [s].[MovieID], [s].[RoomID], [s].[ShowtimeCode], [s].[StartTime], [s].[Status]
FROM [Showtimes] AS [s]
WHERE [s].[Status] IN (N'Đã lên lịch', N'Đang mở bán', N'Sap chieu') AND [s].[StartTime] <= @__now_0 AND [s].[EndTime] > @__now_0
2026-05-27 18:47:10.545 +07:00 [INF] Executed DbCommand (2ms) [Parameters=[@__now_0='?' (DbType = DateTime2)], CommandType='"Text"', CommandTimeout='30']
SELECT [s].[ShowtimeID], [s].[EndTime], [s].[MovieID], [s].[RoomID], [s].[ShowtimeCode], [s].[StartTime], [s].[Status]
FROM [Showtimes] AS [s]
WHERE [s].[Status] IN (N'Đã lên lịch', N'Đang mở bán', N'Đang chiếu', N'Sap chieu', N'Dang dien ra') AND [s].[EndTime] <= @__now_0
2026-05-27 18:47:10.548 +07:00 [INF] Executed DbCommand (2ms) [Parameters=[@__today_0='?' (DbType = Date)], CommandType='"Text"', CommandTimeout='30']
SELECT [m].[MovieID], [m].[Actors], [m].[Description], [m].[Director], [m].[Duration], [m].[Genre], [m].[MovieCode], [m].[Poster], [m].[ReleaseDate], [m].[Status], [m].[Title], [m].[Trailer]
FROM [Movies] AS [m]
WHERE [m].[Status] = N'Sap chieu' AND [m].[ReleaseDate] <= @__today_0
2026-05-27 18:48:10.564 +07:00 [INF] Executed DbCommand (8ms) [Parameters=[], CommandType='"Text"', CommandTimeout='30']
SELECT [o].[OrderID], [o].[CheckInTime], [o].[FinalAmount], [o].[HoldExpiryTime], [o].[OrderCode], [o].[PayOSTransID], [o].[PromoID], [o].[QrCode], [o].[ShowtimeID], [o].[Status], [o].[TotalAmount], [o].[UserID]
FROM [Orders] AS [o]
WHERE [o].[Status] = N'Chờ thanh toán' AND [o].[HoldExpiryTime] <= GETDATE()
2026-05-27 18:48:10.569 +07:00 [INF] Executed DbCommand (4ms) [Parameters=[@__maxSellingDate_0='?' (DbType = DateTime2), @__now_1='?' (DbType = DateTime2)], CommandType='"Text"', CommandTimeout='30']
SELECT [s].[ShowtimeID], [s].[EndTime], [s].[MovieID], [s].[RoomID], [s].[ShowtimeCode], [s].[StartTime], [s].[Status]
FROM [Showtimes] AS [s]
WHERE [s].[Status] IN (N'Đã lên lịch', N'Sap chieu') AND CONVERT(date, [s].[StartTime]) <= @__maxSellingDate_0 AND [s].[StartTime] > @__now_1
2026-05-27 18:48:10.574 +07:00 [INF] Executed DbCommand (3ms) [Parameters=[@__now_0='?' (DbType = DateTime2)], CommandType='"Text"', CommandTimeout='30']
SELECT [s].[ShowtimeID], [s].[EndTime], [s].[MovieID], [s].[RoomID], [s].[ShowtimeCode], [s].[StartTime], [s].[Status]
FROM [Showtimes] AS [s]
WHERE [s].[Status] IN (N'Đã lên lịch', N'Đang mở bán', N'Sap chieu') AND [s].[StartTime] <= @__now_0 AND [s].[EndTime] > @__now_0
2026-05-27 18:48:10.576 +07:00 [INF] Executed DbCommand (1ms) [Parameters=[@__now_0='?' (DbType = DateTime2)], CommandType='"Text"', CommandTimeout='30']
SELECT [s].[ShowtimeID], [s].[EndTime], [s].[MovieID], [s].[RoomID], [s].[ShowtimeCode], [s].[StartTime], [s].[Status]
FROM [Showtimes] AS [s]
WHERE [s].[Status] IN (N'Đã lên lịch', N'Đang mở bán', N'Đang chiếu', N'Sap chieu', N'Dang dien ra') AND [s].[EndTime] <= @__now_0
2026-05-27 18:48:10.580 +07:00 [INF] Executed DbCommand (2ms) [Parameters=[@__today_0='?' (DbType = Date)], CommandType='"Text"', CommandTimeout='30']
SELECT [m].[MovieID], [m].[Actors], [m].[Description], [m].[Director], [m].[Duration], [m].[Genre], [m].[MovieCode], [m].[Poster], [m].[ReleaseDate], [m].[Status], [m].[Title], [m].[Trailer]
FROM [Movies] AS [m]
WHERE [m].[Status] = N'Sap chieu' AND [m].[ReleaseDate] <= @__today_0
2026-05-27 18:49:10.594 +07:00 [INF] Executed DbCommand (4ms) [Parameters=[], CommandType='"Text"', CommandTimeout='30']
SELECT [o].[OrderID], [o].[CheckInTime], [o].[FinalAmount], [o].[HoldExpiryTime], [o].[OrderCode], [o].[PayOSTransID], [o].[PromoID], [o].[QrCode], [o].[ShowtimeID], [o].[Status], [o].[TotalAmount], [o].[UserID]
FROM [Orders] AS [o]
WHERE [o].[Status] = N'Chờ thanh toán' AND [o].[HoldExpiryTime] <= GETDATE()
2026-05-27 18:49:10.597 +07:00 [INF] Executed DbCommand (2ms) [Parameters=[@__maxSellingDate_0='?' (DbType = DateTime2), @__now_1='?' (DbType = DateTime2)], CommandType='"Text"', CommandTimeout='30']
SELECT [s].[ShowtimeID], [s].[EndTime], [s].[MovieID], [s].[RoomID], [s].[ShowtimeCode], [s].[StartTime], [s].[Status]
FROM [Showtimes] AS [s]
WHERE [s].[Status] IN (N'Đã lên lịch', N'Sap chieu') AND CONVERT(date, [s].[StartTime]) <= @__maxSellingDate_0 AND [s].[StartTime] > @__now_1
2026-05-27 18:49:10.600 +07:00 [INF] Executed DbCommand (2ms) [Parameters=[@__now_0='?' (DbType = DateTime2)], CommandType='"Text"', CommandTimeout='30']
SELECT [s].[ShowtimeID], [s].[EndTime], [s].[MovieID], [s].[RoomID], [s].[ShowtimeCode], [s].[StartTime], [s].[Status]
FROM [Showtimes] AS [s]
WHERE [s].[Status] IN (N'Đã lên lịch', N'Đang mở bán', N'Sap chieu') AND [s].[StartTime] <= @__now_0 AND [s].[EndTime] > @__now_0
2026-05-27 18:49:10.603 +07:00 [INF] Executed DbCommand (2ms) [Parameters=[@__now_0='?' (DbType = DateTime2)], CommandType='"Text"', CommandTimeout='30']
SELECT [s].[ShowtimeID], [s].[EndTime], [s].[MovieID], [s].[RoomID], [s].[ShowtimeCode], [s].[StartTime], [s].[Status]
FROM [Showtimes] AS [s]
WHERE [s].[Status] IN (N'Đã lên lịch', N'Đang mở bán', N'Đang chiếu', N'Sap chieu', N'Dang dien ra') AND [s].[EndTime] <= @__now_0
2026-05-27 18:49:10.606 +07:00 [INF] Executed DbCommand (2ms) [Parameters=[@__today_0='?' (DbType = Date)], CommandType='"Text"', CommandTimeout='30']
SELECT [m].[MovieID], [m].[Actors], [m].[Description], [m].[Director], [m].[Duration], [m].[Genre], [m].[MovieCode], [m].[Poster], [m].[ReleaseDate], [m].[Status], [m].[Title], [m].[Trailer]
FROM [Movies] AS [m]
WHERE [m].[Status] = N'Sap chieu' AND [m].[ReleaseDate] <= @__today_0
2026-05-27 18:50:10.617 +07:00 [INF] Executed DbCommand (4ms) [Parameters=[], CommandType='"Text"', CommandTimeout='30']
SELECT [o].[OrderID], [o].[CheckInTime], [o].[FinalAmount], [o].[HoldExpiryTime], [o].[OrderCode], [o].[PayOSTransID], [o].[PromoID], [o].[QrCode], [o].[ShowtimeID], [o].[Status], [o].[TotalAmount], [o].[UserID]
FROM [Orders] AS [o]
WHERE [o].[Status] = N'Chờ thanh toán' AND [o].[HoldExpiryTime] <= GETDATE()
2026-05-27 18:50:10.624 +07:00 [INF] Executed DbCommand (5ms) [Parameters=[@__maxSellingDate_0='?' (DbType = DateTime2), @__now_1='?' (DbType = DateTime2)], CommandType='"Text"', CommandTimeout='30']
SELECT [s].[ShowtimeID], [s].[EndTime], [s].[MovieID], [s].[RoomID], [s].[ShowtimeCode], [s].[StartTime], [s].[Status]
FROM [Showtimes] AS [s]
WHERE [s].[Status] IN (N'Đã lên lịch', N'Sap chieu') AND CONVERT(date, [s].[StartTime]) <= @__maxSellingDate_0 AND [s].[StartTime] > @__now_1
2026-05-27 18:50:10.627 +07:00 [INF] Executed DbCommand (2ms) [Parameters=[@__now_0='?' (DbType = DateTime2)], CommandType='"Text"', CommandTimeout='30']
SELECT [s].[ShowtimeID], [s].[EndTime], [s].[MovieID], [s].[RoomID], [s].[ShowtimeCode], [s].[StartTime], [s].[Status]
FROM [Showtimes] AS [s]
WHERE [s].[Status] IN (N'Đã lên lịch', N'Đang mở bán', N'Sap chieu') AND [s].[StartTime] <= @__now_0 AND [s].[EndTime] > @__now_0
2026-05-27 18:50:10.630 +07:00 [INF] Executed DbCommand (2ms) [Parameters=[@__now_0='?' (DbType = DateTime2)], CommandType='"Text"', CommandTimeout='30']
SELECT [s].[ShowtimeID], [s].[EndTime], [s].[MovieID], [s].[RoomID], [s].[ShowtimeCode], [s].[StartTime], [s].[Status]
FROM [Showtimes] AS [s]
WHERE [s].[Status] IN (N'Đã lên lịch', N'Đang mở bán', N'Đang chiếu', N'Sap chieu', N'Dang dien ra') AND [s].[EndTime] <= @__now_0
2026-05-27 18:50:10.634 +07:00 [INF] Executed DbCommand (3ms) [Parameters=[@__today_0='?' (DbType = Date)], CommandType='"Text"', CommandTimeout='30']
SELECT [m].[MovieID], [m].[Actors], [m].[Description], [m].[Director], [m].[Duration], [m].[Genre], [m].[MovieCode], [m].[Poster], [m].[ReleaseDate], [m].[Status], [m].[Title], [m].[Trailer]
FROM [Movies] AS [m]
WHERE [m].[Status] = N'Sap chieu' AND [m].[ReleaseDate] <= @__today_0
2026-05-27 18:51:10.650 +07:00 [INF] Executed DbCommand (5ms) [Parameters=[], CommandType='"Text"', CommandTimeout='30']
SELECT [o].[OrderID], [o].[CheckInTime], [o].[FinalAmount], [o].[HoldExpiryTime], [o].[OrderCode], [o].[PayOSTransID], [o].[PromoID], [o].[QrCode], [o].[ShowtimeID], [o].[Status], [o].[TotalAmount], [o].[UserID]
FROM [Orders] AS [o]
WHERE [o].[Status] = N'Chờ thanh toán' AND [o].[HoldExpiryTime] <= GETDATE()
2026-05-27 18:51:10.655 +07:00 [INF] Executed DbCommand (4ms) [Parameters=[@__maxSellingDate_0='?' (DbType = DateTime2), @__now_1='?' (DbType = DateTime2)], CommandType='"Text"', CommandTimeout='30']
SELECT [s].[ShowtimeID], [s].[EndTime], [s].[MovieID], [s].[RoomID], [s].[ShowtimeCode], [s].[StartTime], [s].[Status]
FROM [Showtimes] AS [s]
WHERE [s].[Status] IN (N'Đã lên lịch', N'Sap chieu') AND CONVERT(date, [s].[StartTime]) <= @__maxSellingDate_0 AND [s].[StartTime] > @__now_1
2026-05-27 18:51:10.657 +07:00 [INF] Executed DbCommand (2ms) [Parameters=[@__now_0='?' (DbType = DateTime2)], CommandType='"Text"', CommandTimeout='30']
SELECT [s].[ShowtimeID], [s].[EndTime], [s].[MovieID], [s].[RoomID], [s].[ShowtimeCode], [s].[StartTime], [s].[Status]
FROM [Showtimes] AS [s]
WHERE [s].[Status] IN (N'Đã lên lịch', N'Đang mở bán', N'Sap chieu') AND [s].[StartTime] <= @__now_0 AND [s].[EndTime] > @__now_0
2026-05-27 18:51:10.660 +07:00 [INF] Executed DbCommand (2ms) [Parameters=[@__now_0='?' (DbType = DateTime2)], CommandType='"Text"', CommandTimeout='30']
SELECT [s].[ShowtimeID], [s].[EndTime], [s].[MovieID], [s].[RoomID], [s].[ShowtimeCode], [s].[StartTime], [s].[Status]
FROM [Showtimes] AS [s]
WHERE [s].[Status] IN (N'Đã lên lịch', N'Đang mở bán', N'Đang chiếu', N'Sap chieu', N'Dang dien ra') AND [s].[EndTime] <= @__now_0
2026-05-27 18:51:10.662 +07:00 [INF] Executed DbCommand (2ms) [Parameters=[@__today_0='?' (DbType = Date)], CommandType='"Text"', CommandTimeout='30']
SELECT [m].[MovieID], [m].[Actors], [m].[Description], [m].[Director], [m].[Duration], [m].[Genre], [m].[MovieCode], [m].[Poster], [m].[ReleaseDate], [m].[Status], [m].[Title], [m].[Trailer]
FROM [Movies] AS [m]
WHERE [m].[Status] = N'Sap chieu' AND [m].[ReleaseDate] <= @__today_0
2026-05-27 18:52:10.672 +07:00 [INF] Executed DbCommand (3ms) [Parameters=[], CommandType='"Text"', CommandTimeout='30']
SELECT [o].[OrderID], [o].[CheckInTime], [o].[FinalAmount], [o].[HoldExpiryTime], [o].[OrderCode], [o].[PayOSTransID], [o].[PromoID], [o].[QrCode], [o].[ShowtimeID], [o].[Status], [o].[TotalAmount], [o].[UserID]
FROM [Orders] AS [o]
WHERE [o].[Status] = N'Chờ thanh toán' AND [o].[HoldExpiryTime] <= GETDATE()
2026-05-27 18:52:10.677 +07:00 [INF] Executed DbCommand (3ms) [Parameters=[@__maxSellingDate_0='?' (DbType = DateTime2), @__now_1='?' (DbType = DateTime2)], CommandType='"Text"', CommandTimeout='30']
SELECT [s].[ShowtimeID], [s].[EndTime], [s].[MovieID], [s].[RoomID], [s].[ShowtimeCode], [s].[StartTime], [s].[Status]
FROM [Showtimes] AS [s]
WHERE [s].[Status] IN (N'Đã lên lịch', N'Sap chieu') AND CONVERT(date, [s].[StartTime]) <= @__maxSellingDate_0 AND [s].[StartTime] > @__now_1
2026-05-27 18:52:10.679 +07:00 [INF] Executed DbCommand (1ms) [Parameters=[@__now_0='?' (DbType = DateTime2)], CommandType='"Text"', CommandTimeout='30']
SELECT [s].[ShowtimeID], [s].[EndTime], [s].[MovieID], [s].[RoomID], [s].[ShowtimeCode], [s].[StartTime], [s].[Status]
FROM [Showtimes] AS [s]
WHERE [s].[Status] IN (N'Đã lên lịch', N'Đang mở bán', N'Sap chieu') AND [s].[StartTime] <= @__now_0 AND [s].[EndTime] > @__now_0
2026-05-27 18:52:10.681 +07:00 [INF] Executed DbCommand (2ms) [Parameters=[@__now_0='?' (DbType = DateTime2)], CommandType='"Text"', CommandTimeout='30']
SELECT [s].[ShowtimeID], [s].[EndTime], [s].[MovieID], [s].[RoomID], [s].[ShowtimeCode], [s].[StartTime], [s].[Status]
FROM [Showtimes] AS [s]
WHERE [s].[Status] IN (N'Đã lên lịch', N'Đang mở bán', N'Đang chiếu', N'Sap chieu', N'Dang dien ra') AND [s].[EndTime] <= @__now_0
2026-05-27 18:52:10.684 +07:00 [INF] Executed DbCommand (2ms) [Parameters=[@__today_0='?' (DbType = Date)], CommandType='"Text"', CommandTimeout='30']
SELECT [m].[MovieID], [m].[Actors], [m].[Description], [m].[Director], [m].[Duration], [m].[Genre], [m].[MovieCode], [m].[Poster], [m].[ReleaseDate], [m].[Status], [m].[Title], [m].[Trailer]
FROM [Movies] AS [m]
WHERE [m].[Status] = N'Sap chieu' AND [m].[ReleaseDate] <= @__today_0
2026-05-27 18:53:10.693 +07:00 [INF] Executed DbCommand (3ms) [Parameters=[], CommandType='"Text"', CommandTimeout='30']
SELECT [o].[OrderID], [o].[CheckInTime], [o].[FinalAmount], [o].[HoldExpiryTime], [o].[OrderCode], [o].[PayOSTransID], [o].[PromoID], [o].[QrCode], [o].[ShowtimeID], [o].[Status], [o].[TotalAmount], [o].[UserID]
FROM [Orders] AS [o]
WHERE [o].[Status] = N'Chờ thanh toán' AND [o].[HoldExpiryTime] <= GETDATE()
2026-05-27 18:53:10.697 +07:00 [INF] Executed DbCommand (3ms) [Parameters=[@__maxSellingDate_0='?' (DbType = DateTime2), @__now_1='?' (DbType = DateTime2)], CommandType='"Text"', CommandTimeout='30']
SELECT [s].[ShowtimeID], [s].[EndTime], [s].[MovieID], [s].[RoomID], [s].[ShowtimeCode], [s].[StartTime], [s].[Status]
FROM [Showtimes] AS [s]
WHERE [s].[Status] IN (N'Đã lên lịch', N'Sap chieu') AND CONVERT(date, [s].[StartTime]) <= @__maxSellingDate_0 AND [s].[StartTime] > @__now_1
2026-05-27 18:53:10.699 +07:00 [INF] Executed DbCommand (2ms) [Parameters=[@__now_0='?' (DbType = DateTime2)], CommandType='"Text"', CommandTimeout='30']
SELECT [s].[ShowtimeID], [s].[EndTime], [s].[MovieID], [s].[RoomID], [s].[ShowtimeCode], [s].[StartTime], [s].[Status]
FROM [Showtimes] AS [s]
WHERE [s].[Status] IN (N'Đã lên lịch', N'Đang mở bán', N'Sap chieu') AND [s].[StartTime] <= @__now_0 AND [s].[EndTime] > @__now_0
2026-05-27 18:53:10.703 +07:00 [INF] Executed DbCommand (3ms) [Parameters=[@__now_0='?' (DbType = DateTime2)], CommandType='"Text"', CommandTimeout='30']
SELECT [s].[ShowtimeID], [s].[EndTime], [s].[MovieID], [s].[RoomID], [s].[ShowtimeCode], [s].[StartTime], [s].[Status]
FROM [Showtimes] AS [s]
WHERE [s].[Status] IN (N'Đã lên lịch', N'Đang mở bán', N'Đang chiếu', N'Sap chieu', N'Dang dien ra') AND [s].[EndTime] <= @__now_0
2026-05-27 18:53:10.706 +07:00 [INF] Executed DbCommand (2ms) [Parameters=[@__today_0='?' (DbType = Date)], CommandType='"Text"', CommandTimeout='30']
SELECT [m].[MovieID], [m].[Actors], [m].[Description], [m].[Director], [m].[Duration], [m].[Genre], [m].[MovieCode], [m].[Poster], [m].[ReleaseDate], [m].[Status], [m].[Title], [m].[Trailer]
FROM [Movies] AS [m]
WHERE [m].[Status] = N'Sap chieu' AND [m].[ReleaseDate] <= @__today_0
2026-05-27 18:54:10.725 +07:00 [INF] Executed DbCommand (3ms) [Parameters=[], CommandType='"Text"', CommandTimeout='30']
SELECT [o].[OrderID], [o].[CheckInTime], [o].[FinalAmount], [o].[HoldExpiryTime], [o].[OrderCode], [o].[PayOSTransID], [o].[PromoID], [o].[QrCode], [o].[ShowtimeID], [o].[Status], [o].[TotalAmount], [o].[UserID]
FROM [Orders] AS [o]
WHERE [o].[Status] = N'Chờ thanh toán' AND [o].[HoldExpiryTime] <= GETDATE()
2026-05-27 18:54:10.729 +07:00 [INF] Executed DbCommand (3ms) [Parameters=[@__maxSellingDate_0='?' (DbType = DateTime2), @__now_1='?' (DbType = DateTime2)], CommandType='"Text"', CommandTimeout='30']
SELECT [s].[ShowtimeID], [s].[EndTime], [s].[MovieID], [s].[RoomID], [s].[ShowtimeCode], [s].[StartTime], [s].[Status]
FROM [Showtimes] AS [s]
WHERE [s].[Status] IN (N'Đã lên lịch', N'Sap chieu') AND CONVERT(date, [s].[StartTime]) <= @__maxSellingDate_0 AND [s].[StartTime] > @__now_1
2026-05-27 18:54:10.731 +07:00 [INF] Executed DbCommand (2ms) [Parameters=[@__now_0='?' (DbType = DateTime2)], CommandType='"Text"', CommandTimeout='30']
SELECT [s].[ShowtimeID], [s].[EndTime], [s].[MovieID], [s].[RoomID], [s].[ShowtimeCode], [s].[StartTime], [s].[Status]
FROM [Showtimes] AS [s]
WHERE [s].[Status] IN (N'Đã lên lịch', N'Đang mở bán', N'Sap chieu') AND [s].[StartTime] <= @__now_0 AND [s].[EndTime] > @__now_0
2026-05-27 18:54:10.733 +07:00 [INF] Executed DbCommand (2ms) [Parameters=[@__now_0='?' (DbType = DateTime2)], CommandType='"Text"', CommandTimeout='30']
SELECT [s].[ShowtimeID], [s].[EndTime], [s].[MovieID], [s].[RoomID], [s].[ShowtimeCode], [s].[StartTime], [s].[Status]
FROM [Showtimes] AS [s]
WHERE [s].[Status] IN (N'Đã lên lịch', N'Đang mở bán', N'Đang chiếu', N'Sap chieu', N'Dang dien ra') AND [s].[EndTime] <= @__now_0
2026-05-27 18:54:10.738 +07:00 [INF] Executed DbCommand (2ms) [Parameters=[@__today_0='?' (DbType = Date)], CommandType='"Text"', CommandTimeout='30']
SELECT [m].[MovieID], [m].[Actors], [m].[Description], [m].[Director], [m].[Duration], [m].[Genre], [m].[MovieCode], [m].[Poster], [m].[ReleaseDate], [m].[Status], [m].[Title], [m].[Trailer]
FROM [Movies] AS [m]
WHERE [m].[Status] = N'Sap chieu' AND [m].[ReleaseDate] <= @__today_0
2026-05-27 18:55:10.745 +07:00 [INF] Executed DbCommand (4ms) [Parameters=[], CommandType='"Text"', CommandTimeout='30']
SELECT [o].[OrderID], [o].[CheckInTime], [o].[FinalAmount], [o].[HoldExpiryTime], [o].[OrderCode], [o].[PayOSTransID], [o].[PromoID], [o].[QrCode], [o].[ShowtimeID], [o].[Status], [o].[TotalAmount], [o].[UserID]
FROM [Orders] AS [o]
WHERE [o].[Status] = N'Chờ thanh toán' AND [o].[HoldExpiryTime] <= GETDATE()
2026-05-27 18:55:10.748 +07:00 [INF] Executed DbCommand (3ms) [Parameters=[@__maxSellingDate_0='?' (DbType = DateTime2), @__now_1='?' (DbType = DateTime2)], CommandType='"Text"', CommandTimeout='30']
SELECT [s].[ShowtimeID], [s].[EndTime], [s].[MovieID], [s].[RoomID], [s].[ShowtimeCode], [s].[StartTime], [s].[Status]
FROM [Showtimes] AS [s]
WHERE [s].[Status] IN (N'Đã lên lịch', N'Sap chieu') AND CONVERT(date, [s].[StartTime]) <= @__maxSellingDate_0 AND [s].[StartTime] > @__now_1
2026-05-27 18:55:10.750 +07:00 [INF] Executed DbCommand (2ms) [Parameters=[@__now_0='?' (DbType = DateTime2)], CommandType='"Text"', CommandTimeout='30']
SELECT [s].[ShowtimeID], [s].[EndTime], [s].[MovieID], [s].[RoomID], [s].[ShowtimeCode], [s].[StartTime], [s].[Status]
FROM [Showtimes] AS [s]
WHERE [s].[Status] IN (N'Đã lên lịch', N'Đang mở bán', N'Sap chieu') AND [s].[StartTime] <= @__now_0 AND [s].[EndTime] > @__now_0
2026-05-27 18:55:10.754 +07:00 [INF] Executed DbCommand (3ms) [Parameters=[@__now_0='?' (DbType = DateTime2)], CommandType='"Text"', CommandTimeout='30']
SELECT [s].[ShowtimeID], [s].[EndTime], [s].[MovieID], [s].[RoomID], [s].[ShowtimeCode], [s].[StartTime], [s].[Status]
FROM [Showtimes] AS [s]
WHERE [s].[Status] IN (N'Đã lên lịch', N'Đang mở bán', N'Đang chiếu', N'Sap chieu', N'Dang dien ra') AND [s].[EndTime] <= @__now_0
2026-05-27 18:55:10.757 +07:00 [INF] Executed DbCommand (2ms) [Parameters=[@__today_0='?' (DbType = Date)], CommandType='"Text"', CommandTimeout='30']
SELECT [m].[MovieID], [m].[Actors], [m].[Description], [m].[Director], [m].[Duration], [m].[Genre], [m].[MovieCode], [m].[Poster], [m].[ReleaseDate], [m].[Status], [m].[Title], [m].[Trailer]
FROM [Movies] AS [m]
WHERE [m].[Status] = N'Sap chieu' AND [m].[ReleaseDate] <= @__today_0
2026-05-27 18:56:10.769 +07:00 [INF] Executed DbCommand (3ms) [Parameters=[], CommandType='"Text"', CommandTimeout='30']
SELECT [o].[OrderID], [o].[CheckInTime], [o].[FinalAmount], [o].[HoldExpiryTime], [o].[OrderCode], [o].[PayOSTransID], [o].[PromoID], [o].[QrCode], [o].[ShowtimeID], [o].[Status], [o].[TotalAmount], [o].[UserID]
FROM [Orders] AS [o]
WHERE [o].[Status] = N'Chờ thanh toán' AND [o].[HoldExpiryTime] <= GETDATE()
2026-05-27 18:56:10.775 +07:00 [INF] Executed DbCommand (4ms) [Parameters=[@__maxSellingDate_0='?' (DbType = DateTime2), @__now_1='?' (DbType = DateTime2)], CommandType='"Text"', CommandTimeout='30']
SELECT [s].[ShowtimeID], [s].[EndTime], [s].[MovieID], [s].[RoomID], [s].[ShowtimeCode], [s].[StartTime], [s].[Status]
FROM [Showtimes] AS [s]
WHERE [s].[Status] IN (N'Đã lên lịch', N'Sap chieu') AND CONVERT(date, [s].[StartTime]) <= @__maxSellingDate_0 AND [s].[StartTime] > @__now_1
2026-05-27 18:56:10.777 +07:00 [INF] Executed DbCommand (1ms) [Parameters=[@__now_0='?' (DbType = DateTime2)], CommandType='"Text"', CommandTimeout='30']
SELECT [s].[ShowtimeID], [s].[EndTime], [s].[MovieID], [s].[RoomID], [s].[ShowtimeCode], [s].[StartTime], [s].[Status]
FROM [Showtimes] AS [s]
WHERE [s].[Status] IN (N'Đã lên lịch', N'Đang mở bán', N'Sap chieu') AND [s].[StartTime] <= @__now_0 AND [s].[EndTime] > @__now_0
2026-05-27 18:56:10.779 +07:00 [INF] Executed DbCommand (2ms) [Parameters=[@__now_0='?' (DbType = DateTime2)], CommandType='"Text"', CommandTimeout='30']
SELECT [s].[ShowtimeID], [s].[EndTime], [s].[MovieID], [s].[RoomID], [s].[ShowtimeCode], [s].[StartTime], [s].[Status]
FROM [Showtimes] AS [s]
WHERE [s].[Status] IN (N'Đã lên lịch', N'Đang mở bán', N'Đang chiếu', N'Sap chieu', N'Dang dien ra') AND [s].[EndTime] <= @__now_0
2026-05-27 18:56:10.781 +07:00 [INF] Executed DbCommand (1ms) [Parameters=[@__today_0='?' (DbType = Date)], CommandType='"Text"', CommandTimeout='30']
SELECT [m].[MovieID], [m].[Actors], [m].[Description], [m].[Director], [m].[Duration], [m].[Genre], [m].[MovieCode], [m].[Poster], [m].[ReleaseDate], [m].[Status], [m].[Title], [m].[Trailer]
FROM [Movies] AS [m]
WHERE [m].[Status] = N'Sap chieu' AND [m].[ReleaseDate] <= @__today_0
2026-05-27 18:57:10.794 +07:00 [INF] Executed DbCommand (2ms) [Parameters=[], CommandType='"Text"', CommandTimeout='30']
SELECT [o].[OrderID], [o].[CheckInTime], [o].[FinalAmount], [o].[HoldExpiryTime], [o].[OrderCode], [o].[PayOSTransID], [o].[PromoID], [o].[QrCode], [o].[ShowtimeID], [o].[Status], [o].[TotalAmount], [o].[UserID]
FROM [Orders] AS [o]
WHERE [o].[Status] = N'Chờ thanh toán' AND [o].[HoldExpiryTime] <= GETDATE()
2026-05-27 18:57:10.798 +07:00 [INF] Executed DbCommand (3ms) [Parameters=[@__maxSellingDate_0='?' (DbType = DateTime2), @__now_1='?' (DbType = DateTime2)], CommandType='"Text"', CommandTimeout='30']
SELECT [s].[ShowtimeID], [s].[EndTime], [s].[MovieID], [s].[RoomID], [s].[ShowtimeCode], [s].[StartTime], [s].[Status]
FROM [Showtimes] AS [s]
WHERE [s].[Status] IN (N'Đã lên lịch', N'Sap chieu') AND CONVERT(date, [s].[StartTime]) <= @__maxSellingDate_0 AND [s].[StartTime] > @__now_1
2026-05-27 18:57:10.800 +07:00 [INF] Executed DbCommand (2ms) [Parameters=[@__now_0='?' (DbType = DateTime2)], CommandType='"Text"', CommandTimeout='30']
SELECT [s].[ShowtimeID], [s].[EndTime], [s].[MovieID], [s].[RoomID], [s].[ShowtimeCode], [s].[StartTime], [s].[Status]
FROM [Showtimes] AS [s]
WHERE [s].[Status] IN (N'Đã lên lịch', N'Đang mở bán', N'Sap chieu') AND [s].[StartTime] <= @__now_0 AND [s].[EndTime] > @__now_0
2026-05-27 18:57:10.802 +07:00 [INF] Executed DbCommand (1ms) [Parameters=[@__now_0='?' (DbType = DateTime2)], CommandType='"Text"', CommandTimeout='30']
SELECT [s].[ShowtimeID], [s].[EndTime], [s].[MovieID], [s].[RoomID], [s].[ShowtimeCode], [s].[StartTime], [s].[Status]
FROM [Showtimes] AS [s]
WHERE [s].[Status] IN (N'Đã lên lịch', N'Đang mở bán', N'Đang chiếu', N'Sap chieu', N'Dang dien ra') AND [s].[EndTime] <= @__now_0
2026-05-27 18:57:10.804 +07:00 [INF] Executed DbCommand (1ms) [Parameters=[@__today_0='?' (DbType = Date)], CommandType='"Text"', CommandTimeout='30']
SELECT [m].[MovieID], [m].[Actors], [m].[Description], [m].[Director], [m].[Duration], [m].[Genre], [m].[MovieCode], [m].[Poster], [m].[ReleaseDate], [m].[Status], [m].[Title], [m].[Trailer]
FROM [Movies] AS [m]
WHERE [m].[Status] = N'Sap chieu' AND [m].[ReleaseDate] <= @__today_0
2026-05-27 18:58:10.812 +07:00 [INF] Executed DbCommand (5ms) [Parameters=[], CommandType='"Text"', CommandTimeout='30']
SELECT [o].[OrderID], [o].[CheckInTime], [o].[FinalAmount], [o].[HoldExpiryTime], [o].[OrderCode], [o].[PayOSTransID], [o].[PromoID], [o].[QrCode], [o].[ShowtimeID], [o].[Status], [o].[TotalAmount], [o].[UserID]
FROM [Orders] AS [o]
WHERE [o].[Status] = N'Chờ thanh toán' AND [o].[HoldExpiryTime] <= GETDATE()
2026-05-27 18:58:10.816 +07:00 [INF] Executed DbCommand (3ms) [Parameters=[@__maxSellingDate_0='?' (DbType = DateTime2), @__now_1='?' (DbType = DateTime2)], CommandType='"Text"', CommandTimeout='30']
SELECT [s].[ShowtimeID], [s].[EndTime], [s].[MovieID], [s].[RoomID], [s].[ShowtimeCode], [s].[StartTime], [s].[Status]
FROM [Showtimes] AS [s]
WHERE [s].[Status] IN (N'Đã lên lịch', N'Sap chieu') AND CONVERT(date, [s].[StartTime]) <= @__maxSellingDate_0 AND [s].[StartTime] > @__now_1
2026-05-27 18:58:10.822 +07:00 [INF] Executed DbCommand (4ms) [Parameters=[@__now_0='?' (DbType = DateTime2)], CommandType='"Text"', CommandTimeout='30']
SELECT [s].[ShowtimeID], [s].[EndTime], [s].[MovieID], [s].[RoomID], [s].[ShowtimeCode], [s].[StartTime], [s].[Status]
FROM [Showtimes] AS [s]
WHERE [s].[Status] IN (N'Đã lên lịch', N'Đang mở bán', N'Sap chieu') AND [s].[StartTime] <= @__now_0 AND [s].[EndTime] > @__now_0
2026-05-27 18:58:10.825 +07:00 [INF] Executed DbCommand (2ms) [Parameters=[@__now_0='?' (DbType = DateTime2)], CommandType='"Text"', CommandTimeout='30']
SELECT [s].[ShowtimeID], [s].[EndTime], [s].[MovieID], [s].[RoomID], [s].[ShowtimeCode], [s].[StartTime], [s].[Status]
FROM [Showtimes] AS [s]
WHERE [s].[Status] IN (N'Đã lên lịch', N'Đang mở bán', N'Đang chiếu', N'Sap chieu', N'Dang dien ra') AND [s].[EndTime] <= @__now_0
2026-05-27 18:58:10.827 +07:00 [INF] Executed DbCommand (2ms) [Parameters=[@__today_0='?' (DbType = Date)], CommandType='"Text"', CommandTimeout='30']
SELECT [m].[MovieID], [m].[Actors], [m].[Description], [m].[Director], [m].[Duration], [m].[Genre], [m].[MovieCode], [m].[Poster], [m].[ReleaseDate], [m].[Status], [m].[Title], [m].[Trailer]
FROM [Movies] AS [m]
WHERE [m].[Status] = N'Sap chieu' AND [m].[ReleaseDate] <= @__today_0
2026-05-27 18:59:10.842 +07:00 [INF] Executed DbCommand (5ms) [Parameters=[], CommandType='"Text"', CommandTimeout='30']
SELECT [o].[OrderID], [o].[CheckInTime], [o].[FinalAmount], [o].[HoldExpiryTime], [o].[OrderCode], [o].[PayOSTransID], [o].[PromoID], [o].[QrCode], [o].[ShowtimeID], [o].[Status], [o].[TotalAmount], [o].[UserID]
FROM [Orders] AS [o]
WHERE [o].[Status] = N'Chờ thanh toán' AND [o].[HoldExpiryTime] <= GETDATE()
2026-05-27 18:59:10.846 +07:00 [INF] Executed DbCommand (3ms) [Parameters=[@__maxSellingDate_0='?' (DbType = DateTime2), @__now_1='?' (DbType = DateTime2)], CommandType='"Text"', CommandTimeout='30']
SELECT [s].[ShowtimeID], [s].[EndTime], [s].[MovieID], [s].[RoomID], [s].[ShowtimeCode], [s].[StartTime], [s].[Status]
FROM [Showtimes] AS [s]
WHERE [s].[Status] IN (N'Đã lên lịch', N'Sap chieu') AND CONVERT(date, [s].[StartTime]) <= @__maxSellingDate_0 AND [s].[StartTime] > @__now_1
2026-05-27 18:59:10.849 +07:00 [INF] Executed DbCommand (2ms) [Parameters=[@__now_0='?' (DbType = DateTime2)], CommandType='"Text"', CommandTimeout='30']
SELECT [s].[ShowtimeID], [s].[EndTime], [s].[MovieID], [s].[RoomID], [s].[ShowtimeCode], [s].[StartTime], [s].[Status]
FROM [Showtimes] AS [s]
WHERE [s].[Status] IN (N'Đã lên lịch', N'Đang mở bán', N'Sap chieu') AND [s].[StartTime] <= @__now_0 AND [s].[EndTime] > @__now_0
2026-05-27 18:59:10.851 +07:00 [INF] Executed DbCommand (2ms) [Parameters=[@__now_0='?' (DbType = DateTime2)], CommandType='"Text"', CommandTimeout='30']
SELECT [s].[ShowtimeID], [s].[EndTime], [s].[MovieID], [s].[RoomID], [s].[ShowtimeCode], [s].[StartTime], [s].[Status]
FROM [Showtimes] AS [s]
WHERE [s].[Status] IN (N'Đã lên lịch', N'Đang mở bán', N'Đang chiếu', N'Sap chieu', N'Dang dien ra') AND [s].[EndTime] <= @__now_0
2026-05-27 18:59:10.854 +07:00 [INF] Executed DbCommand (2ms) [Parameters=[@__today_0='?' (DbType = Date)], CommandType='"Text"', CommandTimeout='30']
SELECT [m].[MovieID], [m].[Actors], [m].[Description], [m].[Director], [m].[Duration], [m].[Genre], [m].[MovieCode], [m].[Poster], [m].[ReleaseDate], [m].[Status], [m].[Title], [m].[Trailer]
FROM [Movies] AS [m]
WHERE [m].[Status] = N'Sap chieu' AND [m].[ReleaseDate] <= @__today_0
2026-05-27 19:00:10.864 +07:00 [INF] Executed DbCommand (1ms) [Parameters=[], CommandType='"Text"', CommandTimeout='30']
SELECT [o].[OrderID], [o].[CheckInTime], [o].[FinalAmount], [o].[HoldExpiryTime], [o].[OrderCode], [o].[PayOSTransID], [o].[PromoID], [o].[QrCode], [o].[ShowtimeID], [o].[Status], [o].[TotalAmount], [o].[UserID]
FROM [Orders] AS [o]
WHERE [o].[Status] = N'Chờ thanh toán' AND [o].[HoldExpiryTime] <= GETDATE()
2026-05-27 19:00:10.865 +07:00 [INF] Executed DbCommand (0ms) [Parameters=[@__maxSellingDate_0='?' (DbType = DateTime2), @__now_1='?' (DbType = DateTime2)], CommandType='"Text"', CommandTimeout='30']
SELECT [s].[ShowtimeID], [s].[EndTime], [s].[MovieID], [s].[RoomID], [s].[ShowtimeCode], [s].[StartTime], [s].[Status]
FROM [Showtimes] AS [s]
WHERE [s].[Status] IN (N'Đã lên lịch', N'Sap chieu') AND CONVERT(date, [s].[StartTime]) <= @__maxSellingDate_0 AND [s].[StartTime] > @__now_1
2026-05-27 19:00:10.866 +07:00 [INF] Executed DbCommand (0ms) [Parameters=[@__now_0='?' (DbType = DateTime2)], CommandType='"Text"', CommandTimeout='30']
SELECT [s].[ShowtimeID], [s].[EndTime], [s].[MovieID], [s].[RoomID], [s].[ShowtimeCode], [s].[StartTime], [s].[Status]
FROM [Showtimes] AS [s]
WHERE [s].[Status] IN (N'Đã lên lịch', N'Đang mở bán', N'Sap chieu') AND [s].[StartTime] <= @__now_0 AND [s].[EndTime] > @__now_0
2026-05-27 19:00:10.867 +07:00 [INF] Executed DbCommand (0ms) [Parameters=[@__now_0='?' (DbType = DateTime2)], CommandType='"Text"', CommandTimeout='30']
SELECT [s].[ShowtimeID], [s].[EndTime], [s].[MovieID], [s].[RoomID], [s].[ShowtimeCode], [s].[StartTime], [s].[Status]
FROM [Showtimes] AS [s]
WHERE [s].[Status] IN (N'Đã lên lịch', N'Đang mở bán', N'Đang chiếu', N'Sap chieu', N'Dang dien ra') AND [s].[EndTime] <= @__now_0
2026-05-27 19:00:10.868 +07:00 [INF] Executed DbCommand (0ms) [Parameters=[@__today_0='?' (DbType = Date)], CommandType='"Text"', CommandTimeout='30']
SELECT [m].[MovieID], [m].[Actors], [m].[Description], [m].[Director], [m].[Duration], [m].[Genre], [m].[MovieCode], [m].[Poster], [m].[ReleaseDate], [m].[Status], [m].[Title], [m].[Trailer]
FROM [Movies] AS [m]
WHERE [m].[Status] = N'Sap chieu' AND [m].[ReleaseDate] <= @__today_0
2026-05-27 19:01:10.882 +07:00 [INF] Executed DbCommand (2ms) [Parameters=[], CommandType='"Text"', CommandTimeout='30']
SELECT [o].[OrderID], [o].[CheckInTime], [o].[FinalAmount], [o].[HoldExpiryTime], [o].[OrderCode], [o].[PayOSTransID], [o].[PromoID], [o].[QrCode], [o].[ShowtimeID], [o].[Status], [o].[TotalAmount], [o].[UserID]
FROM [Orders] AS [o]
WHERE [o].[Status] = N'Chờ thanh toán' AND [o].[HoldExpiryTime] <= GETDATE()
2026-05-27 19:01:10.885 +07:00 [INF] Executed DbCommand (3ms) [Parameters=[@__maxSellingDate_0='?' (DbType = DateTime2), @__now_1='?' (DbType = DateTime2)], CommandType='"Text"', CommandTimeout='30']
SELECT [s].[ShowtimeID], [s].[EndTime], [s].[MovieID], [s].[RoomID], [s].[ShowtimeCode], [s].[StartTime], [s].[Status]
FROM [Showtimes] AS [s]
WHERE [s].[Status] IN (N'Đã lên lịch', N'Sap chieu') AND CONVERT(date, [s].[StartTime]) <= @__maxSellingDate_0 AND [s].[StartTime] > @__now_1
2026-05-27 19:01:10.887 +07:00 [INF] Executed DbCommand (2ms) [Parameters=[@__now_0='?' (DbType = DateTime2)], CommandType='"Text"', CommandTimeout='30']
SELECT [s].[ShowtimeID], [s].[EndTime], [s].[MovieID], [s].[RoomID], [s].[ShowtimeCode], [s].[StartTime], [s].[Status]
FROM [Showtimes] AS [s]
WHERE [s].[Status] IN (N'Đã lên lịch', N'Đang mở bán', N'Sap chieu') AND [s].[StartTime] <= @__now_0 AND [s].[EndTime] > @__now_0
2026-05-27 19:01:10.889 +07:00 [INF] Executed DbCommand (2ms) [Parameters=[@__now_0='?' (DbType = DateTime2)], CommandType='"Text"', CommandTimeout='30']
SELECT [s].[ShowtimeID], [s].[EndTime], [s].[MovieID], [s].[RoomID], [s].[ShowtimeCode], [s].[StartTime], [s].[Status]
FROM [Showtimes] AS [s]
WHERE [s].[Status] IN (N'Đã lên lịch', N'Đang mở bán', N'Đang chiếu', N'Sap chieu', N'Dang dien ra') AND [s].[EndTime] <= @__now_0
2026-05-27 19:01:10.892 +07:00 [INF] Executed DbCommand (2ms) [Parameters=[@__today_0='?' (DbType = Date)], CommandType='"Text"', CommandTimeout='30']
SELECT [m].[MovieID], [m].[Actors], [m].[Description], [m].[Director], [m].[Duration], [m].[Genre], [m].[MovieCode], [m].[Poster], [m].[ReleaseDate], [m].[Status], [m].[Title], [m].[Trailer]
FROM [Movies] AS [m]
WHERE [m].[Status] = N'Sap chieu' AND [m].[ReleaseDate] <= @__today_0
2026-05-27 19:02:10.912 +07:00 [INF] Executed DbCommand (5ms) [Parameters=[], CommandType='"Text"', CommandTimeout='30']
SELECT [o].[OrderID], [o].[CheckInTime], [o].[FinalAmount], [o].[HoldExpiryTime], [o].[OrderCode], [o].[PayOSTransID], [o].[PromoID], [o].[QrCode], [o].[ShowtimeID], [o].[Status], [o].[TotalAmount], [o].[UserID]
FROM [Orders] AS [o]
WHERE [o].[Status] = N'Chờ thanh toán' AND [o].[HoldExpiryTime] <= GETDATE()
2026-05-27 19:02:10.919 +07:00 [INF] Executed DbCommand (6ms) [Parameters=[@__maxSellingDate_0='?' (DbType = DateTime2), @__now_1='?' (DbType = DateTime2)], CommandType='"Text"', CommandTimeout='30']
SELECT [s].[ShowtimeID], [s].[EndTime], [s].[MovieID], [s].[RoomID], [s].[ShowtimeCode], [s].[StartTime], [s].[Status]
FROM [Showtimes] AS [s]
WHERE [s].[Status] IN (N'Đã lên lịch', N'Sap chieu') AND CONVERT(date, [s].[StartTime]) <= @__maxSellingDate_0 AND [s].[StartTime] > @__now_1
2026-05-27 19:02:10.923 +07:00 [INF] Executed DbCommand (3ms) [Parameters=[@__now_0='?' (DbType = DateTime2)], CommandType='"Text"', CommandTimeout='30']
SELECT [s].[ShowtimeID], [s].[EndTime], [s].[MovieID], [s].[RoomID], [s].[ShowtimeCode], [s].[StartTime], [s].[Status]
FROM [Showtimes] AS [s]
WHERE [s].[Status] IN (N'Đã lên lịch', N'Đang mở bán', N'Sap chieu') AND [s].[StartTime] <= @__now_0 AND [s].[EndTime] > @__now_0
2026-05-27 19:02:10.926 +07:00 [INF] Executed DbCommand (2ms) [Parameters=[@__now_0='?' (DbType = DateTime2)], CommandType='"Text"', CommandTimeout='30']
SELECT [s].[ShowtimeID], [s].[EndTime], [s].[MovieID], [s].[RoomID], [s].[ShowtimeCode], [s].[StartTime], [s].[Status]
FROM [Showtimes] AS [s]
WHERE [s].[Status] IN (N'Đã lên lịch', N'Đang mở bán', N'Đang chiếu', N'Sap chieu', N'Dang dien ra') AND [s].[EndTime] <= @__now_0
2026-05-27 19:02:10.931 +07:00 [INF] Executed DbCommand (4ms) [Parameters=[@__today_0='?' (DbType = Date)], CommandType='"Text"', CommandTimeout='30']
SELECT [m].[MovieID], [m].[Actors], [m].[Description], [m].[Director], [m].[Duration], [m].[Genre], [m].[MovieCode], [m].[Poster], [m].[ReleaseDate], [m].[Status], [m].[Title], [m].[Trailer]
FROM [Movies] AS [m]
WHERE [m].[Status] = N'Sap chieu' AND [m].[ReleaseDate] <= @__today_0
2026-05-27 19:03:10.949 +07:00 [INF] Executed DbCommand (5ms) [Parameters=[], CommandType='"Text"', CommandTimeout='30']
SELECT [o].[OrderID], [o].[CheckInTime], [o].[FinalAmount], [o].[HoldExpiryTime], [o].[OrderCode], [o].[PayOSTransID], [o].[PromoID], [o].[QrCode], [o].[ShowtimeID], [o].[Status], [o].[TotalAmount], [o].[UserID]
FROM [Orders] AS [o]
WHERE [o].[Status] = N'Chờ thanh toán' AND [o].[HoldExpiryTime] <= GETDATE()
2026-05-27 19:03:10.956 +07:00 [INF] Executed DbCommand (5ms) [Parameters=[@__maxSellingDate_0='?' (DbType = DateTime2), @__now_1='?' (DbType = DateTime2)], CommandType='"Text"', CommandTimeout='30']
SELECT [s].[ShowtimeID], [s].[EndTime], [s].[MovieID], [s].[RoomID], [s].[ShowtimeCode], [s].[StartTime], [s].[Status]
FROM [Showtimes] AS [s]
WHERE [s].[Status] IN (N'Đã lên lịch', N'Sap chieu') AND CONVERT(date, [s].[StartTime]) <= @__maxSellingDate_0 AND [s].[StartTime] > @__now_1
2026-05-27 19:03:10.960 +07:00 [INF] Executed DbCommand (3ms) [Parameters=[@__now_0='?' (DbType = DateTime2)], CommandType='"Text"', CommandTimeout='30']
SELECT [s].[ShowtimeID], [s].[EndTime], [s].[MovieID], [s].[RoomID], [s].[ShowtimeCode], [s].[StartTime], [s].[Status]
FROM [Showtimes] AS [s]
WHERE [s].[Status] IN (N'Đã lên lịch', N'Đang mở bán', N'Sap chieu') AND [s].[StartTime] <= @__now_0 AND [s].[EndTime] > @__now_0
2026-05-27 19:03:10.963 +07:00 [INF] Executed DbCommand (2ms) [Parameters=[@__now_0='?' (DbType = DateTime2)], CommandType='"Text"', CommandTimeout='30']
SELECT [s].[ShowtimeID], [s].[EndTime], [s].[MovieID], [s].[RoomID], [s].[ShowtimeCode], [s].[StartTime], [s].[Status]
FROM [Showtimes] AS [s]
WHERE [s].[Status] IN (N'Đã lên lịch', N'Đang mở bán', N'Đang chiếu', N'Sap chieu', N'Dang dien ra') AND [s].[EndTime] <= @__now_0
2026-05-27 19:03:10.965 +07:00 [INF] Executed DbCommand (2ms) [Parameters=[@__today_0='?' (DbType = Date)], CommandType='"Text"', CommandTimeout='30']
SELECT [m].[MovieID], [m].[Actors], [m].[Description], [m].[Director], [m].[Duration], [m].[Genre], [m].[MovieCode], [m].[Poster], [m].[ReleaseDate], [m].[Status], [m].[Title], [m].[Trailer]
FROM [Movies] AS [m]
WHERE [m].[Status] = N'Sap chieu' AND [m].[ReleaseDate] <= @__today_0
2026-05-27 19:04:10.985 +07:00 [INF] Executed DbCommand (4ms) [Parameters=[], CommandType='"Text"', CommandTimeout='30']
SELECT [o].[OrderID], [o].[CheckInTime], [o].[FinalAmount], [o].[HoldExpiryTime], [o].[OrderCode], [o].[PayOSTransID], [o].[PromoID], [o].[QrCode], [o].[ShowtimeID], [o].[Status], [o].[TotalAmount], [o].[UserID]
FROM [Orders] AS [o]
WHERE [o].[Status] = N'Chờ thanh toán' AND [o].[HoldExpiryTime] <= GETDATE()
2026-05-27 19:04:10.990 +07:00 [INF] Executed DbCommand (3ms) [Parameters=[@__maxSellingDate_0='?' (DbType = DateTime2), @__now_1='?' (DbType = DateTime2)], CommandType='"Text"', CommandTimeout='30']
SELECT [s].[ShowtimeID], [s].[EndTime], [s].[MovieID], [s].[RoomID], [s].[ShowtimeCode], [s].[StartTime], [s].[Status]
FROM [Showtimes] AS [s]
WHERE [s].[Status] IN (N'Đã lên lịch', N'Sap chieu') AND CONVERT(date, [s].[StartTime]) <= @__maxSellingDate_0 AND [s].[StartTime] > @__now_1
2026-05-27 19:04:10.993 +07:00 [INF] Executed DbCommand (2ms) [Parameters=[@__now_0='?' (DbType = DateTime2)], CommandType='"Text"', CommandTimeout='30']
SELECT [s].[ShowtimeID], [s].[EndTime], [s].[MovieID], [s].[RoomID], [s].[ShowtimeCode], [s].[StartTime], [s].[Status]
FROM [Showtimes] AS [s]
WHERE [s].[Status] IN (N'Đã lên lịch', N'Đang mở bán', N'Sap chieu') AND [s].[StartTime] <= @__now_0 AND [s].[EndTime] > @__now_0
2026-05-27 19:04:10.996 +07:00 [INF] Executed DbCommand (2ms) [Parameters=[@__now_0='?' (DbType = DateTime2)], CommandType='"Text"', CommandTimeout='30']
SELECT [s].[ShowtimeID], [s].[EndTime], [s].[MovieID], [s].[RoomID], [s].[ShowtimeCode], [s].[StartTime], [s].[Status]
FROM [Showtimes] AS [s]
WHERE [s].[Status] IN (N'Đã lên lịch', N'Đang mở bán', N'Đang chiếu', N'Sap chieu', N'Dang dien ra') AND [s].[EndTime] <= @__now_0
2026-05-27 19:04:10.999 +07:00 [INF] Executed DbCommand (2ms) [Parameters=[@__today_0='?' (DbType = Date)], CommandType='"Text"', CommandTimeout='30']
SELECT [m].[MovieID], [m].[Actors], [m].[Description], [m].[Director], [m].[Duration], [m].[Genre], [m].[MovieCode], [m].[Poster], [m].[ReleaseDate], [m].[Status], [m].[Title], [m].[Trailer]
FROM [Movies] AS [m]
WHERE [m].[Status] = N'Sap chieu' AND [m].[ReleaseDate] <= @__today_0
2026-05-27 19:05:11.019 +07:00 [INF] Executed DbCommand (4ms) [Parameters=[], CommandType='"Text"', CommandTimeout='30']
SELECT [o].[OrderID], [o].[CheckInTime], [o].[FinalAmount], [o].[HoldExpiryTime], [o].[OrderCode], [o].[PayOSTransID], [o].[PromoID], [o].[QrCode], [o].[ShowtimeID], [o].[Status], [o].[TotalAmount], [o].[UserID]
FROM [Orders] AS [o]
WHERE [o].[Status] = N'Chờ thanh toán' AND [o].[HoldExpiryTime] <= GETDATE()
2026-05-27 19:05:11.023 +07:00 [INF] Executed DbCommand (3ms) [Parameters=[@__maxSellingDate_0='?' (DbType = DateTime2), @__now_1='?' (DbType = DateTime2)], CommandType='"Text"', CommandTimeout='30']
SELECT [s].[ShowtimeID], [s].[EndTime], [s].[MovieID], [s].[RoomID], [s].[ShowtimeCode], [s].[StartTime], [s].[Status]
FROM [Showtimes] AS [s]
WHERE [s].[Status] IN (N'Đã lên lịch', N'Sap chieu') AND CONVERT(date, [s].[StartTime]) <= @__maxSellingDate_0 AND [s].[StartTime] > @__now_1
2026-05-27 19:05:11.025 +07:00 [INF] Executed DbCommand (1ms) [Parameters=[@__now_0='?' (DbType = DateTime2)], CommandType='"Text"', CommandTimeout='30']
SELECT [s].[ShowtimeID], [s].[EndTime], [s].[MovieID], [s].[RoomID], [s].[ShowtimeCode], [s].[StartTime], [s].[Status]
FROM [Showtimes] AS [s]
WHERE [s].[Status] IN (N'Đã lên lịch', N'Đang mở bán', N'Sap chieu') AND [s].[StartTime] <= @__now_0 AND [s].[EndTime] > @__now_0
2026-05-27 19:05:11.028 +07:00 [INF] Executed DbCommand (2ms) [Parameters=[@__now_0='?' (DbType = DateTime2)], CommandType='"Text"', CommandTimeout='30']
SELECT [s].[ShowtimeID], [s].[EndTime], [s].[MovieID], [s].[RoomID], [s].[ShowtimeCode], [s].[StartTime], [s].[Status]
FROM [Showtimes] AS [s]
WHERE [s].[Status] IN (N'Đã lên lịch', N'Đang mở bán', N'Đang chiếu', N'Sap chieu', N'Dang dien ra') AND [s].[EndTime] <= @__now_0
2026-05-27 19:05:11.032 +07:00 [INF] Executed DbCommand (3ms) [Parameters=[@__today_0='?' (DbType = Date)], CommandType='"Text"', CommandTimeout='30']
SELECT [m].[MovieID], [m].[Actors], [m].[Description], [m].[Director], [m].[Duration], [m].[Genre], [m].[MovieCode], [m].[Poster], [m].[ReleaseDate], [m].[Status], [m].[Title], [m].[Trailer]
FROM [Movies] AS [m]
WHERE [m].[Status] = N'Sap chieu' AND [m].[ReleaseDate] <= @__today_0
2026-05-27 19:06:11.049 +07:00 [INF] Executed DbCommand (3ms) [Parameters=[], CommandType='"Text"', CommandTimeout='30']
SELECT [o].[OrderID], [o].[CheckInTime], [o].[FinalAmount], [o].[HoldExpiryTime], [o].[OrderCode], [o].[PayOSTransID], [o].[PromoID], [o].[QrCode], [o].[ShowtimeID], [o].[Status], [o].[TotalAmount], [o].[UserID]
FROM [Orders] AS [o]
WHERE [o].[Status] = N'Chờ thanh toán' AND [o].[HoldExpiryTime] <= GETDATE()
2026-05-27 19:06:11.053 +07:00 [INF] Executed DbCommand (3ms) [Parameters=[@__maxSellingDate_0='?' (DbType = DateTime2), @__now_1='?' (DbType = DateTime2)], CommandType='"Text"', CommandTimeout='30']
SELECT [s].[ShowtimeID], [s].[EndTime], [s].[MovieID], [s].[RoomID], [s].[ShowtimeCode], [s].[StartTime], [s].[Status]
FROM [Showtimes] AS [s]
WHERE [s].[Status] IN (N'Đã lên lịch', N'Sap chieu') AND CONVERT(date, [s].[StartTime]) <= @__maxSellingDate_0 AND [s].[StartTime] > @__now_1
2026-05-27 19:06:11.056 +07:00 [INF] Executed DbCommand (2ms) [Parameters=[@__now_0='?' (DbType = DateTime2)], CommandType='"Text"', CommandTimeout='30']
SELECT [s].[ShowtimeID], [s].[EndTime], [s].[MovieID], [s].[RoomID], [s].[ShowtimeCode], [s].[StartTime], [s].[Status]
FROM [Showtimes] AS [s]
WHERE [s].[Status] IN (N'Đã lên lịch', N'Đang mở bán', N'Sap chieu') AND [s].[StartTime] <= @__now_0 AND [s].[EndTime] > @__now_0
2026-05-27 19:06:11.058 +07:00 [INF] Executed DbCommand (2ms) [Parameters=[@__now_0='?' (DbType = DateTime2)], CommandType='"Text"', CommandTimeout='30']
SELECT [s].[ShowtimeID], [s].[EndTime], [s].[MovieID], [s].[RoomID], [s].[ShowtimeCode], [s].[StartTime], [s].[Status]
FROM [Showtimes] AS [s]
WHERE [s].[Status] IN (N'Đã lên lịch', N'Đang mở bán', N'Đang chiếu', N'Sap chieu', N'Dang dien ra') AND [s].[EndTime] <= @__now_0
2026-05-27 19:06:11.061 +07:00 [INF] Executed DbCommand (2ms) [Parameters=[@__today_0='?' (DbType = Date)], CommandType='"Text"', CommandTimeout='30']
SELECT [m].[MovieID], [m].[Actors], [m].[Description], [m].[Director], [m].[Duration], [m].[Genre], [m].[MovieCode], [m].[Poster], [m].[ReleaseDate], [m].[Status], [m].[Title], [m].[Trailer]
FROM [Movies] AS [m]
WHERE [m].[Status] = N'Sap chieu' AND [m].[ReleaseDate] <= @__today_0
2026-05-27 19:07:11.074 +07:00 [INF] Executed DbCommand (6ms) [Parameters=[], CommandType='"Text"', CommandTimeout='30']
SELECT [o].[OrderID], [o].[CheckInTime], [o].[FinalAmount], [o].[HoldExpiryTime], [o].[OrderCode], [o].[PayOSTransID], [o].[PromoID], [o].[QrCode], [o].[ShowtimeID], [o].[Status], [o].[TotalAmount], [o].[UserID]
FROM [Orders] AS [o]
WHERE [o].[Status] = N'Chờ thanh toán' AND [o].[HoldExpiryTime] <= GETDATE()
2026-05-27 19:07:11.081 +07:00 [INF] Executed DbCommand (6ms) [Parameters=[@__maxSellingDate_0='?' (DbType = DateTime2), @__now_1='?' (DbType = DateTime2)], CommandType='"Text"', CommandTimeout='30']
SELECT [s].[ShowtimeID], [s].[EndTime], [s].[MovieID], [s].[RoomID], [s].[ShowtimeCode], [s].[StartTime], [s].[Status]
FROM [Showtimes] AS [s]
WHERE [s].[Status] IN (N'Đã lên lịch', N'Sap chieu') AND CONVERT(date, [s].[StartTime]) <= @__maxSellingDate_0 AND [s].[StartTime] > @__now_1
2026-05-27 19:07:11.087 +07:00 [INF] Executed DbCommand (5ms) [Parameters=[@__now_0='?' (DbType = DateTime2)], CommandType='"Text"', CommandTimeout='30']
SELECT [s].[ShowtimeID], [s].[EndTime], [s].[MovieID], [s].[RoomID], [s].[ShowtimeCode], [s].[StartTime], [s].[Status]
FROM [Showtimes] AS [s]
WHERE [s].[Status] IN (N'Đã lên lịch', N'Đang mở bán', N'Sap chieu') AND [s].[StartTime] <= @__now_0 AND [s].[EndTime] > @__now_0
2026-05-27 19:07:11.092 +07:00 [INF] Executed DbCommand (4ms) [Parameters=[@__now_0='?' (DbType = DateTime2)], CommandType='"Text"', CommandTimeout='30']
SELECT [s].[ShowtimeID], [s].[EndTime], [s].[MovieID], [s].[RoomID], [s].[ShowtimeCode], [s].[StartTime], [s].[Status]
FROM [Showtimes] AS [s]
WHERE [s].[Status] IN (N'Đã lên lịch', N'Đang mở bán', N'Đang chiếu', N'Sap chieu', N'Dang dien ra') AND [s].[EndTime] <= @__now_0
2026-05-27 19:07:11.098 +07:00 [INF] Executed DbCommand (4ms) [Parameters=[@__today_0='?' (DbType = Date)], CommandType='"Text"', CommandTimeout='30']
SELECT [m].[MovieID], [m].[Actors], [m].[Description], [m].[Director], [m].[Duration], [m].[Genre], [m].[MovieCode], [m].[Poster], [m].[ReleaseDate], [m].[Status], [m].[Title], [m].[Trailer]
FROM [Movies] AS [m]
WHERE [m].[Status] = N'Sap chieu' AND [m].[ReleaseDate] <= @__today_0
2026-05-27 19:08:11.122 +07:00 [INF] Executed DbCommand (3ms) [Parameters=[], CommandType='"Text"', CommandTimeout='30']
SELECT [o].[OrderID], [o].[CheckInTime], [o].[FinalAmount], [o].[HoldExpiryTime], [o].[OrderCode], [o].[PayOSTransID], [o].[PromoID], [o].[QrCode], [o].[ShowtimeID], [o].[Status], [o].[TotalAmount], [o].[UserID]
FROM [Orders] AS [o]
WHERE [o].[Status] = N'Chờ thanh toán' AND [o].[HoldExpiryTime] <= GETDATE()
2026-05-27 19:08:11.128 +07:00 [INF] Executed DbCommand (4ms) [Parameters=[@__maxSellingDate_0='?' (DbType = DateTime2), @__now_1='?' (DbType = DateTime2)], CommandType='"Text"', CommandTimeout='30']
SELECT [s].[ShowtimeID], [s].[EndTime], [s].[MovieID], [s].[RoomID], [s].[ShowtimeCode], [s].[StartTime], [s].[Status]
FROM [Showtimes] AS [s]
WHERE [s].[Status] IN (N'Đã lên lịch', N'Sap chieu') AND CONVERT(date, [s].[StartTime]) <= @__maxSellingDate_0 AND [s].[StartTime] > @__now_1
2026-05-27 19:08:11.132 +07:00 [INF] Executed DbCommand (3ms) [Parameters=[@__now_0='?' (DbType = DateTime2)], CommandType='"Text"', CommandTimeout='30']
SELECT [s].[ShowtimeID], [s].[EndTime], [s].[MovieID], [s].[RoomID], [s].[ShowtimeCode], [s].[StartTime], [s].[Status]
FROM [Showtimes] AS [s]
WHERE [s].[Status] IN (N'Đã lên lịch', N'Đang mở bán', N'Sap chieu') AND [s].[StartTime] <= @__now_0 AND [s].[EndTime] > @__now_0
2026-05-27 19:08:11.135 +07:00 [INF] Executed DbCommand (2ms) [Parameters=[@__now_0='?' (DbType = DateTime2)], CommandType='"Text"', CommandTimeout='30']
SELECT [s].[ShowtimeID], [s].[EndTime], [s].[MovieID], [s].[RoomID], [s].[ShowtimeCode], [s].[StartTime], [s].[Status]
FROM [Showtimes] AS [s]
WHERE [s].[Status] IN (N'Đã lên lịch', N'Đang mở bán', N'Đang chiếu', N'Sap chieu', N'Dang dien ra') AND [s].[EndTime] <= @__now_0
2026-05-27 19:08:11.137 +07:00 [INF] Executed DbCommand (2ms) [Parameters=[@__today_0='?' (DbType = Date)], CommandType='"Text"', CommandTimeout='30']
SELECT [m].[MovieID], [m].[Actors], [m].[Description], [m].[Director], [m].[Duration], [m].[Genre], [m].[MovieCode], [m].[Poster], [m].[ReleaseDate], [m].[Status], [m].[Title], [m].[Trailer]
FROM [Movies] AS [m]
WHERE [m].[Status] = N'Sap chieu' AND [m].[ReleaseDate] <= @__today_0
2026-05-27 19:09:11.156 +07:00 [INF] Executed DbCommand (4ms) [Parameters=[], CommandType='"Text"', CommandTimeout='30']
SELECT [o].[OrderID], [o].[CheckInTime], [o].[FinalAmount], [o].[HoldExpiryTime], [o].[OrderCode], [o].[PayOSTransID], [o].[PromoID], [o].[QrCode], [o].[ShowtimeID], [o].[Status], [o].[TotalAmount], [o].[UserID]
FROM [Orders] AS [o]
WHERE [o].[Status] = N'Chờ thanh toán' AND [o].[HoldExpiryTime] <= GETDATE()
2026-05-27 19:09:11.162 +07:00 [INF] Executed DbCommand (4ms) [Parameters=[@__maxSellingDate_0='?' (DbType = DateTime2), @__now_1='?' (DbType = DateTime2)], CommandType='"Text"', CommandTimeout='30']
SELECT [s].[ShowtimeID], [s].[EndTime], [s].[MovieID], [s].[RoomID], [s].[ShowtimeCode], [s].[StartTime], [s].[Status]
FROM [Showtimes] AS [s]
WHERE [s].[Status] IN (N'Đã lên lịch', N'Sap chieu') AND CONVERT(date, [s].[StartTime]) <= @__maxSellingDate_0 AND [s].[StartTime] > @__now_1
2026-05-27 19:09:11.165 +07:00 [INF] Executed DbCommand (2ms) [Parameters=[@__now_0='?' (DbType = DateTime2)], CommandType='"Text"', CommandTimeout='30']
SELECT [s].[ShowtimeID], [s].[EndTime], [s].[MovieID], [s].[RoomID], [s].[ShowtimeCode], [s].[StartTime], [s].[Status]
FROM [Showtimes] AS [s]
WHERE [s].[Status] IN (N'Đã lên lịch', N'Đang mở bán', N'Sap chieu') AND [s].[StartTime] <= @__now_0 AND [s].[EndTime] > @__now_0
2026-05-27 19:09:11.167 +07:00 [INF] Executed DbCommand (2ms) [Parameters=[@__now_0='?' (DbType = DateTime2)], CommandType='"Text"', CommandTimeout='30']
SELECT [s].[ShowtimeID], [s].[EndTime], [s].[MovieID], [s].[RoomID], [s].[ShowtimeCode], [s].[StartTime], [s].[Status]
FROM [Showtimes] AS [s]
WHERE [s].[Status] IN (N'Đã lên lịch', N'Đang mở bán', N'Đang chiếu', N'Sap chieu', N'Dang dien ra') AND [s].[EndTime] <= @__now_0
2026-05-27 19:09:11.170 +07:00 [INF] Executed DbCommand (2ms) [Parameters=[@__today_0='?' (DbType = Date)], CommandType='"Text"', CommandTimeout='30']
SELECT [m].[MovieID], [m].[Actors], [m].[Description], [m].[Director], [m].[Duration], [m].[Genre], [m].[MovieCode], [m].[Poster], [m].[ReleaseDate], [m].[Status], [m].[Title], [m].[Trailer]
FROM [Movies] AS [m]
WHERE [m].[Status] = N'Sap chieu' AND [m].[ReleaseDate] <= @__today_0
2026-05-27 19:10:11.181 +07:00 [INF] Executed DbCommand (3ms) [Parameters=[], CommandType='"Text"', CommandTimeout='30']
SELECT [o].[OrderID], [o].[CheckInTime], [o].[FinalAmount], [o].[HoldExpiryTime], [o].[OrderCode], [o].[PayOSTransID], [o].[PromoID], [o].[QrCode], [o].[ShowtimeID], [o].[Status], [o].[TotalAmount], [o].[UserID]
FROM [Orders] AS [o]
WHERE [o].[Status] = N'Chờ thanh toán' AND [o].[HoldExpiryTime] <= GETDATE()
2026-05-27 19:10:11.185 +07:00 [INF] Executed DbCommand (3ms) [Parameters=[@__maxSellingDate_0='?' (DbType = DateTime2), @__now_1='?' (DbType = DateTime2)], CommandType='"Text"', CommandTimeout='30']
SELECT [s].[ShowtimeID], [s].[EndTime], [s].[MovieID], [s].[RoomID], [s].[ShowtimeCode], [s].[StartTime], [s].[Status]
FROM [Showtimes] AS [s]
WHERE [s].[Status] IN (N'Đã lên lịch', N'Sap chieu') AND CONVERT(date, [s].[StartTime]) <= @__maxSellingDate_0 AND [s].[StartTime] > @__now_1
2026-05-27 19:10:11.187 +07:00 [INF] Executed DbCommand (2ms) [Parameters=[@__now_0='?' (DbType = DateTime2)], CommandType='"Text"', CommandTimeout='30']
SELECT [s].[ShowtimeID], [s].[EndTime], [s].[MovieID], [s].[RoomID], [s].[ShowtimeCode], [s].[StartTime], [s].[Status]
FROM [Showtimes] AS [s]
WHERE [s].[Status] IN (N'Đã lên lịch', N'Đang mở bán', N'Sap chieu') AND [s].[StartTime] <= @__now_0 AND [s].[EndTime] > @__now_0
2026-05-27 19:10:11.189 +07:00 [INF] Executed DbCommand (2ms) [Parameters=[@__now_0='?' (DbType = DateTime2)], CommandType='"Text"', CommandTimeout='30']
SELECT [s].[ShowtimeID], [s].[EndTime], [s].[MovieID], [s].[RoomID], [s].[ShowtimeCode], [s].[StartTime], [s].[Status]
FROM [Showtimes] AS [s]
WHERE [s].[Status] IN (N'Đã lên lịch', N'Đang mở bán', N'Đang chiếu', N'Sap chieu', N'Dang dien ra') AND [s].[EndTime] <= @__now_0
2026-05-27 19:10:11.191 +07:00 [INF] Executed DbCommand (2ms) [Parameters=[@__today_0='?' (DbType = Date)], CommandType='"Text"', CommandTimeout='30']
SELECT [m].[MovieID], [m].[Actors], [m].[Description], [m].[Director], [m].[Duration], [m].[Genre], [m].[MovieCode], [m].[Poster], [m].[ReleaseDate], [m].[Status], [m].[Title], [m].[Trailer]
FROM [Movies] AS [m]
WHERE [m].[Status] = N'Sap chieu' AND [m].[ReleaseDate] <= @__today_0
2026-05-27 19:11:11.207 +07:00 [INF] Executed DbCommand (6ms) [Parameters=[], CommandType='"Text"', CommandTimeout='30']
SELECT [o].[OrderID], [o].[CheckInTime], [o].[FinalAmount], [o].[HoldExpiryTime], [o].[OrderCode], [o].[PayOSTransID], [o].[PromoID], [o].[QrCode], [o].[ShowtimeID], [o].[Status], [o].[TotalAmount], [o].[UserID]
FROM [Orders] AS [o]
WHERE [o].[Status] = N'Chờ thanh toán' AND [o].[HoldExpiryTime] <= GETDATE()
2026-05-27 19:11:11.211 +07:00 [INF] Executed DbCommand (3ms) [Parameters=[@__maxSellingDate_0='?' (DbType = DateTime2), @__now_1='?' (DbType = DateTime2)], CommandType='"Text"', CommandTimeout='30']
SELECT [s].[ShowtimeID], [s].[EndTime], [s].[MovieID], [s].[RoomID], [s].[ShowtimeCode], [s].[StartTime], [s].[Status]
FROM [Showtimes] AS [s]
WHERE [s].[Status] IN (N'Đã lên lịch', N'Sap chieu') AND CONVERT(date, [s].[StartTime]) <= @__maxSellingDate_0 AND [s].[StartTime] > @__now_1
2026-05-27 19:11:11.215 +07:00 [INF] Executed DbCommand (4ms) [Parameters=[@__now_0='?' (DbType = DateTime2)], CommandType='"Text"', CommandTimeout='30']
SELECT [s].[ShowtimeID], [s].[EndTime], [s].[MovieID], [s].[RoomID], [s].[ShowtimeCode], [s].[StartTime], [s].[Status]
FROM [Showtimes] AS [s]
WHERE [s].[Status] IN (N'Đã lên lịch', N'Đang mở bán', N'Sap chieu') AND [s].[StartTime] <= @__now_0 AND [s].[EndTime] > @__now_0
2026-05-27 19:11:11.218 +07:00 [INF] Executed DbCommand (2ms) [Parameters=[@__now_0='?' (DbType = DateTime2)], CommandType='"Text"', CommandTimeout='30']
SELECT [s].[ShowtimeID], [s].[EndTime], [s].[MovieID], [s].[RoomID], [s].[ShowtimeCode], [s].[StartTime], [s].[Status]
FROM [Showtimes] AS [s]
WHERE [s].[Status] IN (N'Đã lên lịch', N'Đang mở bán', N'Đang chiếu', N'Sap chieu', N'Dang dien ra') AND [s].[EndTime] <= @__now_0
2026-05-27 19:11:11.223 +07:00 [INF] Executed DbCommand (4ms) [Parameters=[@__today_0='?' (DbType = Date)], CommandType='"Text"', CommandTimeout='30']
SELECT [m].[MovieID], [m].[Actors], [m].[Description], [m].[Director], [m].[Duration], [m].[Genre], [m].[MovieCode], [m].[Poster], [m].[ReleaseDate], [m].[Status], [m].[Title], [m].[Trailer]
FROM [Movies] AS [m]
WHERE [m].[Status] = N'Sap chieu' AND [m].[ReleaseDate] <= @__today_0
2026-05-27 19:12:11.241 +07:00 [INF] Executed DbCommand (5ms) [Parameters=[], CommandType='"Text"', CommandTimeout='30']
SELECT [o].[OrderID], [o].[CheckInTime], [o].[FinalAmount], [o].[HoldExpiryTime], [o].[OrderCode], [o].[PayOSTransID], [o].[PromoID], [o].[QrCode], [o].[ShowtimeID], [o].[Status], [o].[TotalAmount], [o].[UserID]
FROM [Orders] AS [o]
WHERE [o].[Status] = N'Chờ thanh toán' AND [o].[HoldExpiryTime] <= GETDATE()
2026-05-27 19:12:11.248 +07:00 [INF] Executed DbCommand (6ms) [Parameters=[@__maxSellingDate_0='?' (DbType = DateTime2), @__now_1='?' (DbType = DateTime2)], CommandType='"Text"', CommandTimeout='30']
SELECT [s].[ShowtimeID], [s].[EndTime], [s].[MovieID], [s].[RoomID], [s].[ShowtimeCode], [s].[StartTime], [s].[Status]
FROM [Showtimes] AS [s]
WHERE [s].[Status] IN (N'Đã lên lịch', N'Sap chieu') AND CONVERT(date, [s].[StartTime]) <= @__maxSellingDate_0 AND [s].[StartTime] > @__now_1
2026-05-27 19:12:11.252 +07:00 [INF] Executed DbCommand (3ms) [Parameters=[@__now_0='?' (DbType = DateTime2)], CommandType='"Text"', CommandTimeout='30']
SELECT [s].[ShowtimeID], [s].[EndTime], [s].[MovieID], [s].[RoomID], [s].[ShowtimeCode], [s].[StartTime], [s].[Status]
FROM [Showtimes] AS [s]
WHERE [s].[Status] IN (N'Đã lên lịch', N'Đang mở bán', N'Sap chieu') AND [s].[StartTime] <= @__now_0 AND [s].[EndTime] > @__now_0
2026-05-27 19:12:11.256 +07:00 [INF] Executed DbCommand (4ms) [Parameters=[@__now_0='?' (DbType = DateTime2)], CommandType='"Text"', CommandTimeout='30']
SELECT [s].[ShowtimeID], [s].[EndTime], [s].[MovieID], [s].[RoomID], [s].[ShowtimeCode], [s].[StartTime], [s].[Status]
FROM [Showtimes] AS [s]
WHERE [s].[Status] IN (N'Đã lên lịch', N'Đang mở bán', N'Đang chiếu', N'Sap chieu', N'Dang dien ra') AND [s].[EndTime] <= @__now_0
2026-05-27 19:12:11.260 +07:00 [INF] Executed DbCommand (2ms) [Parameters=[@__today_0='?' (DbType = Date)], CommandType='"Text"', CommandTimeout='30']
SELECT [m].[MovieID], [m].[Actors], [m].[Description], [m].[Director], [m].[Duration], [m].[Genre], [m].[MovieCode], [m].[Poster], [m].[ReleaseDate], [m].[Status], [m].[Title], [m].[Trailer]
FROM [Movies] AS [m]
WHERE [m].[Status] = N'Sap chieu' AND [m].[ReleaseDate] <= @__today_0
2026-05-27 19:13:11.274 +07:00 [INF] Executed DbCommand (3ms) [Parameters=[], CommandType='"Text"', CommandTimeout='30']
SELECT [o].[OrderID], [o].[CheckInTime], [o].[FinalAmount], [o].[HoldExpiryTime], [o].[OrderCode], [o].[PayOSTransID], [o].[PromoID], [o].[QrCode], [o].[ShowtimeID], [o].[Status], [o].[TotalAmount], [o].[UserID]
FROM [Orders] AS [o]
WHERE [o].[Status] = N'Chờ thanh toán' AND [o].[HoldExpiryTime] <= GETDATE()
2026-05-27 19:13:11.277 +07:00 [INF] Executed DbCommand (2ms) [Parameters=[@__maxSellingDate_0='?' (DbType = DateTime2), @__now_1='?' (DbType = DateTime2)], CommandType='"Text"', CommandTimeout='30']
SELECT [s].[ShowtimeID], [s].[EndTime], [s].[MovieID], [s].[RoomID], [s].[ShowtimeCode], [s].[StartTime], [s].[Status]
FROM [Showtimes] AS [s]
WHERE [s].[Status] IN (N'Đã lên lịch', N'Sap chieu') AND CONVERT(date, [s].[StartTime]) <= @__maxSellingDate_0 AND [s].[StartTime] > @__now_1
2026-05-27 19:13:11.279 +07:00 [INF] Executed DbCommand (2ms) [Parameters=[@__now_0='?' (DbType = DateTime2)], CommandType='"Text"', CommandTimeout='30']
SELECT [s].[ShowtimeID], [s].[EndTime], [s].[MovieID], [s].[RoomID], [s].[ShowtimeCode], [s].[StartTime], [s].[Status]
FROM [Showtimes] AS [s]
WHERE [s].[Status] IN (N'Đã lên lịch', N'Đang mở bán', N'Sap chieu') AND [s].[StartTime] <= @__now_0 AND [s].[EndTime] > @__now_0
2026-05-27 19:13:11.282 +07:00 [INF] Executed DbCommand (2ms) [Parameters=[@__now_0='?' (DbType = DateTime2)], CommandType='"Text"', CommandTimeout='30']
SELECT [s].[ShowtimeID], [s].[EndTime], [s].[MovieID], [s].[RoomID], [s].[ShowtimeCode], [s].[StartTime], [s].[Status]
FROM [Showtimes] AS [s]
WHERE [s].[Status] IN (N'Đã lên lịch', N'Đang mở bán', N'Đang chiếu', N'Sap chieu', N'Dang dien ra') AND [s].[EndTime] <= @__now_0
2026-05-27 19:13:11.285 +07:00 [INF] Executed DbCommand (2ms) [Parameters=[@__today_0='?' (DbType = Date)], CommandType='"Text"', CommandTimeout='30']
SELECT [m].[MovieID], [m].[Actors], [m].[Description], [m].[Director], [m].[Duration], [m].[Genre], [m].[MovieCode], [m].[Poster], [m].[ReleaseDate], [m].[Status], [m].[Title], [m].[Trailer]
FROM [Movies] AS [m]
WHERE [m].[Status] = N'Sap chieu' AND [m].[ReleaseDate] <= @__today_0
2026-05-27 19:14:11.293 +07:00 [INF] Executed DbCommand (3ms) [Parameters=[], CommandType='"Text"', CommandTimeout='30']
SELECT [o].[OrderID], [o].[CheckInTime], [o].[FinalAmount], [o].[HoldExpiryTime], [o].[OrderCode], [o].[PayOSTransID], [o].[PromoID], [o].[QrCode], [o].[ShowtimeID], [o].[Status], [o].[TotalAmount], [o].[UserID]
FROM [Orders] AS [o]
WHERE [o].[Status] = N'Chờ thanh toán' AND [o].[HoldExpiryTime] <= GETDATE()
2026-05-27 19:14:11.297 +07:00 [INF] Executed DbCommand (2ms) [Parameters=[@__maxSellingDate_0='?' (DbType = DateTime2), @__now_1='?' (DbType = DateTime2)], CommandType='"Text"', CommandTimeout='30']
SELECT [s].[ShowtimeID], [s].[EndTime], [s].[MovieID], [s].[RoomID], [s].[ShowtimeCode], [s].[StartTime], [s].[Status]
FROM [Showtimes] AS [s]
WHERE [s].[Status] IN (N'Đã lên lịch', N'Sap chieu') AND CONVERT(date, [s].[StartTime]) <= @__maxSellingDate_0 AND [s].[StartTime] > @__now_1
2026-05-27 19:14:11.301 +07:00 [INF] Executed DbCommand (3ms) [Parameters=[@__now_0='?' (DbType = DateTime2)], CommandType='"Text"', CommandTimeout='30']
SELECT [s].[ShowtimeID], [s].[EndTime], [s].[MovieID], [s].[RoomID], [s].[ShowtimeCode], [s].[StartTime], [s].[Status]
FROM [Showtimes] AS [s]
WHERE [s].[Status] IN (N'Đã lên lịch', N'Đang mở bán', N'Sap chieu') AND [s].[StartTime] <= @__now_0 AND [s].[EndTime] > @__now_0
2026-05-27 19:14:11.303 +07:00 [INF] Executed DbCommand (2ms) [Parameters=[@__now_0='?' (DbType = DateTime2)], CommandType='"Text"', CommandTimeout='30']
SELECT [s].[ShowtimeID], [s].[EndTime], [s].[MovieID], [s].[RoomID], [s].[ShowtimeCode], [s].[StartTime], [s].[Status]
FROM [Showtimes] AS [s]
WHERE [s].[Status] IN (N'Đã lên lịch', N'Đang mở bán', N'Đang chiếu', N'Sap chieu', N'Dang dien ra') AND [s].[EndTime] <= @__now_0
2026-05-27 19:14:11.306 +07:00 [INF] Executed DbCommand (2ms) [Parameters=[@__today_0='?' (DbType = Date)], CommandType='"Text"', CommandTimeout='30']
SELECT [m].[MovieID], [m].[Actors], [m].[Description], [m].[Director], [m].[Duration], [m].[Genre], [m].[MovieCode], [m].[Poster], [m].[ReleaseDate], [m].[Status], [m].[Title], [m].[Trailer]
FROM [Movies] AS [m]
WHERE [m].[Status] = N'Sap chieu' AND [m].[ReleaseDate] <= @__today_0
2026-05-27 19:15:11.318 +07:00 [INF] Executed DbCommand (7ms) [Parameters=[], CommandType='"Text"', CommandTimeout='30']
SELECT [o].[OrderID], [o].[CheckInTime], [o].[FinalAmount], [o].[HoldExpiryTime], [o].[OrderCode], [o].[PayOSTransID], [o].[PromoID], [o].[QrCode], [o].[ShowtimeID], [o].[Status], [o].[TotalAmount], [o].[UserID]
FROM [Orders] AS [o]
WHERE [o].[Status] = N'Chờ thanh toán' AND [o].[HoldExpiryTime] <= GETDATE()
2026-05-27 19:15:11.327 +07:00 [INF] Executed DbCommand (4ms) [Parameters=[@__maxSellingDate_0='?' (DbType = DateTime2), @__now_1='?' (DbType = DateTime2)], CommandType='"Text"', CommandTimeout='30']
SELECT [s].[ShowtimeID], [s].[EndTime], [s].[MovieID], [s].[RoomID], [s].[ShowtimeCode], [s].[StartTime], [s].[Status]
FROM [Showtimes] AS [s]
WHERE [s].[Status] IN (N'Đã lên lịch', N'Sap chieu') AND CONVERT(date, [s].[StartTime]) <= @__maxSellingDate_0 AND [s].[StartTime] > @__now_1
2026-05-27 19:15:11.330 +07:00 [INF] Executed DbCommand (1ms) [Parameters=[@__now_0='?' (DbType = DateTime2)], CommandType='"Text"', CommandTimeout='30']
SELECT [s].[ShowtimeID], [s].[EndTime], [s].[MovieID], [s].[RoomID], [s].[ShowtimeCode], [s].[StartTime], [s].[Status]
FROM [Showtimes] AS [s]
WHERE [s].[Status] IN (N'Đã lên lịch', N'Đang mở bán', N'Sap chieu') AND [s].[StartTime] <= @__now_0 AND [s].[EndTime] > @__now_0
2026-05-27 19:15:11.332 +07:00 [INF] Executed DbCommand (2ms) [Parameters=[@__now_0='?' (DbType = DateTime2)], CommandType='"Text"', CommandTimeout='30']
SELECT [s].[ShowtimeID], [s].[EndTime], [s].[MovieID], [s].[RoomID], [s].[ShowtimeCode], [s].[StartTime], [s].[Status]
FROM [Showtimes] AS [s]
WHERE [s].[Status] IN (N'Đã lên lịch', N'Đang mở bán', N'Đang chiếu', N'Sap chieu', N'Dang dien ra') AND [s].[EndTime] <= @__now_0
2026-05-27 19:15:11.336 +07:00 [INF] Executed DbCommand (3ms) [Parameters=[@__today_0='?' (DbType = Date)], CommandType='"Text"', CommandTimeout='30']
SELECT [m].[MovieID], [m].[Actors], [m].[Description], [m].[Director], [m].[Duration], [m].[Genre], [m].[MovieCode], [m].[Poster], [m].[ReleaseDate], [m].[Status], [m].[Title], [m].[Trailer]
FROM [Movies] AS [m]
WHERE [m].[Status] = N'Sap chieu' AND [m].[ReleaseDate] <= @__today_0
2026-05-27 19:16:11.349 +07:00 [INF] Executed DbCommand (4ms) [Parameters=[], CommandType='"Text"', CommandTimeout='30']
SELECT [o].[OrderID], [o].[CheckInTime], [o].[FinalAmount], [o].[HoldExpiryTime], [o].[OrderCode], [o].[PayOSTransID], [o].[PromoID], [o].[QrCode], [o].[ShowtimeID], [o].[Status], [o].[TotalAmount], [o].[UserID]
FROM [Orders] AS [o]
WHERE [o].[Status] = N'Chờ thanh toán' AND [o].[HoldExpiryTime] <= GETDATE()
2026-05-27 19:16:11.353 +07:00 [INF] Executed DbCommand (3ms) [Parameters=[@__maxSellingDate_0='?' (DbType = DateTime2), @__now_1='?' (DbType = DateTime2)], CommandType='"Text"', CommandTimeout='30']
SELECT [s].[ShowtimeID], [s].[EndTime], [s].[MovieID], [s].[RoomID], [s].[ShowtimeCode], [s].[StartTime], [s].[Status]
FROM [Showtimes] AS [s]
WHERE [s].[Status] IN (N'Đã lên lịch', N'Sap chieu') AND CONVERT(date, [s].[StartTime]) <= @__maxSellingDate_0 AND [s].[StartTime] > @__now_1
2026-05-27 19:16:11.355 +07:00 [INF] Executed DbCommand (1ms) [Parameters=[@__now_0='?' (DbType = DateTime2)], CommandType='"Text"', CommandTimeout='30']
SELECT [s].[ShowtimeID], [s].[EndTime], [s].[MovieID], [s].[RoomID], [s].[ShowtimeCode], [s].[StartTime], [s].[Status]
FROM [Showtimes] AS [s]
WHERE [s].[Status] IN (N'Đã lên lịch', N'Đang mở bán', N'Sap chieu') AND [s].[StartTime] <= @__now_0 AND [s].[EndTime] > @__now_0
2026-05-27 19:16:11.359 +07:00 [INF] Executed DbCommand (3ms) [Parameters=[@__now_0='?' (DbType = DateTime2)], CommandType='"Text"', CommandTimeout='30']
SELECT [s].[ShowtimeID], [s].[EndTime], [s].[MovieID], [s].[RoomID], [s].[ShowtimeCode], [s].[StartTime], [s].[Status]
FROM [Showtimes] AS [s]
WHERE [s].[Status] IN (N'Đã lên lịch', N'Đang mở bán', N'Đang chiếu', N'Sap chieu', N'Dang dien ra') AND [s].[EndTime] <= @__now_0
2026-05-27 19:16:11.363 +07:00 [INF] Executed DbCommand (3ms) [Parameters=[@__today_0='?' (DbType = Date)], CommandType='"Text"', CommandTimeout='30']
SELECT [m].[MovieID], [m].[Actors], [m].[Description], [m].[Director], [m].[Duration], [m].[Genre], [m].[MovieCode], [m].[Poster], [m].[ReleaseDate], [m].[Status], [m].[Title], [m].[Trailer]
FROM [Movies] AS [m]
WHERE [m].[Status] = N'Sap chieu' AND [m].[ReleaseDate] <= @__today_0
2026-05-27 19:17:11.380 +07:00 [INF] Executed DbCommand (4ms) [Parameters=[], CommandType='"Text"', CommandTimeout='30']
SELECT [o].[OrderID], [o].[CheckInTime], [o].[FinalAmount], [o].[HoldExpiryTime], [o].[OrderCode], [o].[PayOSTransID], [o].[PromoID], [o].[QrCode], [o].[ShowtimeID], [o].[Status], [o].[TotalAmount], [o].[UserID]
FROM [Orders] AS [o]
WHERE [o].[Status] = N'Chờ thanh toán' AND [o].[HoldExpiryTime] <= GETDATE()
2026-05-27 19:17:11.387 +07:00 [INF] Executed DbCommand (5ms) [Parameters=[@__maxSellingDate_0='?' (DbType = DateTime2), @__now_1='?' (DbType = DateTime2)], CommandType='"Text"', CommandTimeout='30']
SELECT [s].[ShowtimeID], [s].[EndTime], [s].[MovieID], [s].[RoomID], [s].[ShowtimeCode], [s].[StartTime], [s].[Status]
FROM [Showtimes] AS [s]
WHERE [s].[Status] IN (N'Đã lên lịch', N'Sap chieu') AND CONVERT(date, [s].[StartTime]) <= @__maxSellingDate_0 AND [s].[StartTime] > @__now_1
2026-05-27 19:17:11.389 +07:00 [INF] Executed DbCommand (1ms) [Parameters=[@__now_0='?' (DbType = DateTime2)], CommandType='"Text"', CommandTimeout='30']
SELECT [s].[ShowtimeID], [s].[EndTime], [s].[MovieID], [s].[RoomID], [s].[ShowtimeCode], [s].[StartTime], [s].[Status]
FROM [Showtimes] AS [s]
WHERE [s].[Status] IN (N'Đã lên lịch', N'Đang mở bán', N'Sap chieu') AND [s].[StartTime] <= @__now_0 AND [s].[EndTime] > @__now_0
2026-05-27 19:17:11.393 +07:00 [INF] Executed DbCommand (3ms) [Parameters=[@__now_0='?' (DbType = DateTime2)], CommandType='"Text"', CommandTimeout='30']
SELECT [s].[ShowtimeID], [s].[EndTime], [s].[MovieID], [s].[RoomID], [s].[ShowtimeCode], [s].[StartTime], [s].[Status]
FROM [Showtimes] AS [s]
WHERE [s].[Status] IN (N'Đã lên lịch', N'Đang mở bán', N'Đang chiếu', N'Sap chieu', N'Dang dien ra') AND [s].[EndTime] <= @__now_0
2026-05-27 19:17:11.396 +07:00 [INF] Executed DbCommand (2ms) [Parameters=[@__today_0='?' (DbType = Date)], CommandType='"Text"', CommandTimeout='30']
SELECT [m].[MovieID], [m].[Actors], [m].[Description], [m].[Director], [m].[Duration], [m].[Genre], [m].[MovieCode], [m].[Poster], [m].[ReleaseDate], [m].[Status], [m].[Title], [m].[Trailer]
FROM [Movies] AS [m]
WHERE [m].[Status] = N'Sap chieu' AND [m].[ReleaseDate] <= @__today_0
2026-05-27 19:18:11.404 +07:00 [INF] Executed DbCommand (3ms) [Parameters=[], CommandType='"Text"', CommandTimeout='30']
SELECT [o].[OrderID], [o].[CheckInTime], [o].[FinalAmount], [o].[HoldExpiryTime], [o].[OrderCode], [o].[PayOSTransID], [o].[PromoID], [o].[QrCode], [o].[ShowtimeID], [o].[Status], [o].[TotalAmount], [o].[UserID]
FROM [Orders] AS [o]
WHERE [o].[Status] = N'Chờ thanh toán' AND [o].[HoldExpiryTime] <= GETDATE()
2026-05-27 19:18:11.408 +07:00 [INF] Executed DbCommand (3ms) [Parameters=[@__maxSellingDate_0='?' (DbType = DateTime2), @__now_1='?' (DbType = DateTime2)], CommandType='"Text"', CommandTimeout='30']
SELECT [s].[ShowtimeID], [s].[EndTime], [s].[MovieID], [s].[RoomID], [s].[ShowtimeCode], [s].[StartTime], [s].[Status]
FROM [Showtimes] AS [s]
WHERE [s].[Status] IN (N'Đã lên lịch', N'Sap chieu') AND CONVERT(date, [s].[StartTime]) <= @__maxSellingDate_0 AND [s].[StartTime] > @__now_1
2026-05-27 19:18:11.410 +07:00 [INF] Executed DbCommand (2ms) [Parameters=[@__now_0='?' (DbType = DateTime2)], CommandType='"Text"', CommandTimeout='30']
SELECT [s].[ShowtimeID], [s].[EndTime], [s].[MovieID], [s].[RoomID], [s].[ShowtimeCode], [s].[StartTime], [s].[Status]
FROM [Showtimes] AS [s]
WHERE [s].[Status] IN (N'Đã lên lịch', N'Đang mở bán', N'Sap chieu') AND [s].[StartTime] <= @__now_0 AND [s].[EndTime] > @__now_0
2026-05-27 19:18:11.412 +07:00 [INF] Executed DbCommand (2ms) [Parameters=[@__now_0='?' (DbType = DateTime2)], CommandType='"Text"', CommandTimeout='30']
SELECT [s].[ShowtimeID], [s].[EndTime], [s].[MovieID], [s].[RoomID], [s].[ShowtimeCode], [s].[StartTime], [s].[Status]
FROM [Showtimes] AS [s]
WHERE [s].[Status] IN (N'Đã lên lịch', N'Đang mở bán', N'Đang chiếu', N'Sap chieu', N'Dang dien ra') AND [s].[EndTime] <= @__now_0
2026-05-27 19:18:11.416 +07:00 [INF] Executed DbCommand (2ms) [Parameters=[@__today_0='?' (DbType = Date)], CommandType='"Text"', CommandTimeout='30']
SELECT [m].[MovieID], [m].[Actors], [m].[Description], [m].[Director], [m].[Duration], [m].[Genre], [m].[MovieCode], [m].[Poster], [m].[ReleaseDate], [m].[Status], [m].[Title], [m].[Trailer]
FROM [Movies] AS [m]
WHERE [m].[Status] = N'Sap chieu' AND [m].[ReleaseDate] <= @__today_0
2026-05-27 19:19:11.430 +07:00 [INF] Executed DbCommand (3ms) [Parameters=[], CommandType='"Text"', CommandTimeout='30']
SELECT [o].[OrderID], [o].[CheckInTime], [o].[FinalAmount], [o].[HoldExpiryTime], [o].[OrderCode], [o].[PayOSTransID], [o].[PromoID], [o].[QrCode], [o].[ShowtimeID], [o].[Status], [o].[TotalAmount], [o].[UserID]
FROM [Orders] AS [o]
WHERE [o].[Status] = N'Chờ thanh toán' AND [o].[HoldExpiryTime] <= GETDATE()
2026-05-27 19:19:11.435 +07:00 [INF] Executed DbCommand (4ms) [Parameters=[@__maxSellingDate_0='?' (DbType = DateTime2), @__now_1='?' (DbType = DateTime2)], CommandType='"Text"', CommandTimeout='30']
SELECT [s].[ShowtimeID], [s].[EndTime], [s].[MovieID], [s].[RoomID], [s].[ShowtimeCode], [s].[StartTime], [s].[Status]
FROM [Showtimes] AS [s]
WHERE [s].[Status] IN (N'Đã lên lịch', N'Sap chieu') AND CONVERT(date, [s].[StartTime]) <= @__maxSellingDate_0 AND [s].[StartTime] > @__now_1
2026-05-27 19:19:11.437 +07:00 [INF] Executed DbCommand (2ms) [Parameters=[@__now_0='?' (DbType = DateTime2)], CommandType='"Text"', CommandTimeout='30']
SELECT [s].[ShowtimeID], [s].[EndTime], [s].[MovieID], [s].[RoomID], [s].[ShowtimeCode], [s].[StartTime], [s].[Status]
FROM [Showtimes] AS [s]
WHERE [s].[Status] IN (N'Đã lên lịch', N'Đang mở bán', N'Sap chieu') AND [s].[StartTime] <= @__now_0 AND [s].[EndTime] > @__now_0
2026-05-27 19:19:11.440 +07:00 [INF] Executed DbCommand (2ms) [Parameters=[@__now_0='?' (DbType = DateTime2)], CommandType='"Text"', CommandTimeout='30']
SELECT [s].[ShowtimeID], [s].[EndTime], [s].[MovieID], [s].[RoomID], [s].[ShowtimeCode], [s].[StartTime], [s].[Status]
FROM [Showtimes] AS [s]
WHERE [s].[Status] IN (N'Đã lên lịch', N'Đang mở bán', N'Đang chiếu', N'Sap chieu', N'Dang dien ra') AND [s].[EndTime] <= @__now_0
2026-05-27 19:19:11.444 +07:00 [INF] Executed DbCommand (3ms) [Parameters=[@__today_0='?' (DbType = Date)], CommandType='"Text"', CommandTimeout='30']
SELECT [m].[MovieID], [m].[Actors], [m].[Description], [m].[Director], [m].[Duration], [m].[Genre], [m].[MovieCode], [m].[Poster], [m].[ReleaseDate], [m].[Status], [m].[Title], [m].[Trailer]
FROM [Movies] AS [m]
WHERE [m].[Status] = N'Sap chieu' AND [m].[ReleaseDate] <= @__today_0
2026-05-27 19:20:11.459 +07:00 [INF] Executed DbCommand (4ms) [Parameters=[], CommandType='"Text"', CommandTimeout='30']
SELECT [o].[OrderID], [o].[CheckInTime], [o].[FinalAmount], [o].[HoldExpiryTime], [o].[OrderCode], [o].[PayOSTransID], [o].[PromoID], [o].[QrCode], [o].[ShowtimeID], [o].[Status], [o].[TotalAmount], [o].[UserID]
FROM [Orders] AS [o]
WHERE [o].[Status] = N'Chờ thanh toán' AND [o].[HoldExpiryTime] <= GETDATE()
2026-05-27 19:20:11.464 +07:00 [INF] Executed DbCommand (3ms) [Parameters=[@__maxSellingDate_0='?' (DbType = DateTime2), @__now_1='?' (DbType = DateTime2)], CommandType='"Text"', CommandTimeout='30']
SELECT [s].[ShowtimeID], [s].[EndTime], [s].[MovieID], [s].[RoomID], [s].[ShowtimeCode], [s].[StartTime], [s].[Status]
FROM [Showtimes] AS [s]
WHERE [s].[Status] IN (N'Đã lên lịch', N'Sap chieu') AND CONVERT(date, [s].[StartTime]) <= @__maxSellingDate_0 AND [s].[StartTime] > @__now_1
2026-05-27 19:20:11.467 +07:00 [INF] Executed DbCommand (2ms) [Parameters=[@__now_0='?' (DbType = DateTime2)], CommandType='"Text"', CommandTimeout='30']
SELECT [s].[ShowtimeID], [s].[EndTime], [s].[MovieID], [s].[RoomID], [s].[ShowtimeCode], [s].[StartTime], [s].[Status]
FROM [Showtimes] AS [s]
WHERE [s].[Status] IN (N'Đã lên lịch', N'Đang mở bán', N'Sap chieu') AND [s].[StartTime] <= @__now_0 AND [s].[EndTime] > @__now_0
2026-05-27 19:20:11.470 +07:00 [INF] Executed DbCommand (3ms) [Parameters=[@__now_0='?' (DbType = DateTime2)], CommandType='"Text"', CommandTimeout='30']
SELECT [s].[ShowtimeID], [s].[EndTime], [s].[MovieID], [s].[RoomID], [s].[ShowtimeCode], [s].[StartTime], [s].[Status]
FROM [Showtimes] AS [s]
WHERE [s].[Status] IN (N'Đã lên lịch', N'Đang mở bán', N'Đang chiếu', N'Sap chieu', N'Dang dien ra') AND [s].[EndTime] <= @__now_0
2026-05-27 19:20:11.474 +07:00 [INF] Executed DbCommand (2ms) [Parameters=[@__today_0='?' (DbType = Date)], CommandType='"Text"', CommandTimeout='30']
SELECT [m].[MovieID], [m].[Actors], [m].[Description], [m].[Director], [m].[Duration], [m].[Genre], [m].[MovieCode], [m].[Poster], [m].[ReleaseDate], [m].[Status], [m].[Title], [m].[Trailer]
FROM [Movies] AS [m]
WHERE [m].[Status] = N'Sap chieu' AND [m].[ReleaseDate] <= @__today_0
2026-05-27 19:21:11.488 +07:00 [INF] Executed DbCommand (3ms) [Parameters=[], CommandType='"Text"', CommandTimeout='30']
SELECT [o].[OrderID], [o].[CheckInTime], [o].[FinalAmount], [o].[HoldExpiryTime], [o].[OrderCode], [o].[PayOSTransID], [o].[PromoID], [o].[QrCode], [o].[ShowtimeID], [o].[Status], [o].[TotalAmount], [o].[UserID]
FROM [Orders] AS [o]
WHERE [o].[Status] = N'Chờ thanh toán' AND [o].[HoldExpiryTime] <= GETDATE()
2026-05-27 19:21:11.493 +07:00 [INF] Executed DbCommand (4ms) [Parameters=[@__maxSellingDate_0='?' (DbType = DateTime2), @__now_1='?' (DbType = DateTime2)], CommandType='"Text"', CommandTimeout='30']
SELECT [s].[ShowtimeID], [s].[EndTime], [s].[MovieID], [s].[RoomID], [s].[ShowtimeCode], [s].[StartTime], [s].[Status]
FROM [Showtimes] AS [s]
WHERE [s].[Status] IN (N'Đã lên lịch', N'Sap chieu') AND CONVERT(date, [s].[StartTime]) <= @__maxSellingDate_0 AND [s].[StartTime] > @__now_1
2026-05-27 19:21:11.497 +07:00 [INF] Executed DbCommand (3ms) [Parameters=[@__now_0='?' (DbType = DateTime2)], CommandType='"Text"', CommandTimeout='30']
SELECT [s].[ShowtimeID], [s].[EndTime], [s].[MovieID], [s].[RoomID], [s].[ShowtimeCode], [s].[StartTime], [s].[Status]
FROM [Showtimes] AS [s]
WHERE [s].[Status] IN (N'Đã lên lịch', N'Đang mở bán', N'Sap chieu') AND [s].[StartTime] <= @__now_0 AND [s].[EndTime] > @__now_0
2026-05-27 19:21:11.500 +07:00 [INF] Executed DbCommand (2ms) [Parameters=[@__now_0='?' (DbType = DateTime2)], CommandType='"Text"', CommandTimeout='30']
SELECT [s].[ShowtimeID], [s].[EndTime], [s].[MovieID], [s].[RoomID], [s].[ShowtimeCode], [s].[StartTime], [s].[Status]
FROM [Showtimes] AS [s]
WHERE [s].[Status] IN (N'Đã lên lịch', N'Đang mở bán', N'Đang chiếu', N'Sap chieu', N'Dang dien ra') AND [s].[EndTime] <= @__now_0
2026-05-27 19:21:11.502 +07:00 [INF] Executed DbCommand (2ms) [Parameters=[@__today_0='?' (DbType = Date)], CommandType='"Text"', CommandTimeout='30']
SELECT [m].[MovieID], [m].[Actors], [m].[Description], [m].[Director], [m].[Duration], [m].[Genre], [m].[MovieCode], [m].[Poster], [m].[ReleaseDate], [m].[Status], [m].[Title], [m].[Trailer]
FROM [Movies] AS [m]
WHERE [m].[Status] = N'Sap chieu' AND [m].[ReleaseDate] <= @__today_0
2026-05-27 19:22:11.521 +07:00 [INF] Executed DbCommand (2ms) [Parameters=[], CommandType='"Text"', CommandTimeout='30']
SELECT [o].[OrderID], [o].[CheckInTime], [o].[FinalAmount], [o].[HoldExpiryTime], [o].[OrderCode], [o].[PayOSTransID], [o].[PromoID], [o].[QrCode], [o].[ShowtimeID], [o].[Status], [o].[TotalAmount], [o].[UserID]
FROM [Orders] AS [o]
WHERE [o].[Status] = N'Chờ thanh toán' AND [o].[HoldExpiryTime] <= GETDATE()
2026-05-27 19:22:11.525 +07:00 [INF] Executed DbCommand (3ms) [Parameters=[@__maxSellingDate_0='?' (DbType = DateTime2), @__now_1='?' (DbType = DateTime2)], CommandType='"Text"', CommandTimeout='30']
SELECT [s].[ShowtimeID], [s].[EndTime], [s].[MovieID], [s].[RoomID], [s].[ShowtimeCode], [s].[StartTime], [s].[Status]
FROM [Showtimes] AS [s]
WHERE [s].[Status] IN (N'Đã lên lịch', N'Sap chieu') AND CONVERT(date, [s].[StartTime]) <= @__maxSellingDate_0 AND [s].[StartTime] > @__now_1
2026-05-27 19:22:11.528 +07:00 [INF] Executed DbCommand (2ms) [Parameters=[@__now_0='?' (DbType = DateTime2)], CommandType='"Text"', CommandTimeout='30']
SELECT [s].[ShowtimeID], [s].[EndTime], [s].[MovieID], [s].[RoomID], [s].[ShowtimeCode], [s].[StartTime], [s].[Status]
FROM [Showtimes] AS [s]
WHERE [s].[Status] IN (N'Đã lên lịch', N'Đang mở bán', N'Sap chieu') AND [s].[StartTime] <= @__now_0 AND [s].[EndTime] > @__now_0
2026-05-27 19:22:11.530 +07:00 [INF] Executed DbCommand (1ms) [Parameters=[@__now_0='?' (DbType = DateTime2)], CommandType='"Text"', CommandTimeout='30']
SELECT [s].[ShowtimeID], [s].[EndTime], [s].[MovieID], [s].[RoomID], [s].[ShowtimeCode], [s].[StartTime], [s].[Status]
FROM [Showtimes] AS [s]
WHERE [s].[Status] IN (N'Đã lên lịch', N'Đang mở bán', N'Đang chiếu', N'Sap chieu', N'Dang dien ra') AND [s].[EndTime] <= @__now_0
2026-05-27 19:22:11.533 +07:00 [INF] Executed DbCommand (2ms) [Parameters=[@__today_0='?' (DbType = Date)], CommandType='"Text"', CommandTimeout='30']
SELECT [m].[MovieID], [m].[Actors], [m].[Description], [m].[Director], [m].[Duration], [m].[Genre], [m].[MovieCode], [m].[Poster], [m].[ReleaseDate], [m].[Status], [m].[Title], [m].[Trailer]
FROM [Movies] AS [m]
WHERE [m].[Status] = N'Sap chieu' AND [m].[ReleaseDate] <= @__today_0
2026-05-27 19:23:11.549 +07:00 [INF] Executed DbCommand (4ms) [Parameters=[], CommandType='"Text"', CommandTimeout='30']
SELECT [o].[OrderID], [o].[CheckInTime], [o].[FinalAmount], [o].[HoldExpiryTime], [o].[OrderCode], [o].[PayOSTransID], [o].[PromoID], [o].[QrCode], [o].[ShowtimeID], [o].[Status], [o].[TotalAmount], [o].[UserID]
FROM [Orders] AS [o]
WHERE [o].[Status] = N'Chờ thanh toán' AND [o].[HoldExpiryTime] <= GETDATE()
2026-05-27 19:23:11.555 +07:00 [INF] Executed DbCommand (5ms) [Parameters=[@__maxSellingDate_0='?' (DbType = DateTime2), @__now_1='?' (DbType = DateTime2)], CommandType='"Text"', CommandTimeout='30']
SELECT [s].[ShowtimeID], [s].[EndTime], [s].[MovieID], [s].[RoomID], [s].[ShowtimeCode], [s].[StartTime], [s].[Status]
FROM [Showtimes] AS [s]
WHERE [s].[Status] IN (N'Đã lên lịch', N'Sap chieu') AND CONVERT(date, [s].[StartTime]) <= @__maxSellingDate_0 AND [s].[StartTime] > @__now_1
2026-05-27 19:23:11.558 +07:00 [INF] Executed DbCommand (2ms) [Parameters=[@__now_0='?' (DbType = DateTime2)], CommandType='"Text"', CommandTimeout='30']
SELECT [s].[ShowtimeID], [s].[EndTime], [s].[MovieID], [s].[RoomID], [s].[ShowtimeCode], [s].[StartTime], [s].[Status]
FROM [Showtimes] AS [s]
WHERE [s].[Status] IN (N'Đã lên lịch', N'Đang mở bán', N'Sap chieu') AND [s].[StartTime] <= @__now_0 AND [s].[EndTime] > @__now_0
2026-05-27 19:23:11.559 +07:00 [INF] Executed DbCommand (1ms) [Parameters=[@__now_0='?' (DbType = DateTime2)], CommandType='"Text"', CommandTimeout='30']
SELECT [s].[ShowtimeID], [s].[EndTime], [s].[MovieID], [s].[RoomID], [s].[ShowtimeCode], [s].[StartTime], [s].[Status]
FROM [Showtimes] AS [s]
WHERE [s].[Status] IN (N'Đã lên lịch', N'Đang mở bán', N'Đang chiếu', N'Sap chieu', N'Dang dien ra') AND [s].[EndTime] <= @__now_0
2026-05-27 19:23:11.565 +07:00 [INF] Executed DbCommand (1ms) [Parameters=[@__today_0='?' (DbType = Date)], CommandType='"Text"', CommandTimeout='30']
SELECT [m].[MovieID], [m].[Actors], [m].[Description], [m].[Director], [m].[Duration], [m].[Genre], [m].[MovieCode], [m].[Poster], [m].[ReleaseDate], [m].[Status], [m].[Title], [m].[Trailer]
FROM [Movies] AS [m]
WHERE [m].[Status] = N'Sap chieu' AND [m].[ReleaseDate] <= @__today_0
2026-05-27 19:24:11.582 +07:00 [INF] Executed DbCommand (4ms) [Parameters=[], CommandType='"Text"', CommandTimeout='30']
SELECT [o].[OrderID], [o].[CheckInTime], [o].[FinalAmount], [o].[HoldExpiryTime], [o].[OrderCode], [o].[PayOSTransID], [o].[PromoID], [o].[QrCode], [o].[ShowtimeID], [o].[Status], [o].[TotalAmount], [o].[UserID]
FROM [Orders] AS [o]
WHERE [o].[Status] = N'Chờ thanh toán' AND [o].[HoldExpiryTime] <= GETDATE()
2026-05-27 19:24:11.587 +07:00 [INF] Executed DbCommand (3ms) [Parameters=[@__maxSellingDate_0='?' (DbType = DateTime2), @__now_1='?' (DbType = DateTime2)], CommandType='"Text"', CommandTimeout='30']
SELECT [s].[ShowtimeID], [s].[EndTime], [s].[MovieID], [s].[RoomID], [s].[ShowtimeCode], [s].[StartTime], [s].[Status]
FROM [Showtimes] AS [s]
WHERE [s].[Status] IN (N'Đã lên lịch', N'Sap chieu') AND CONVERT(date, [s].[StartTime]) <= @__maxSellingDate_0 AND [s].[StartTime] > @__now_1
2026-05-27 19:24:11.589 +07:00 [INF] Executed DbCommand (2ms) [Parameters=[@__now_0='?' (DbType = DateTime2)], CommandType='"Text"', CommandTimeout='30']
SELECT [s].[ShowtimeID], [s].[EndTime], [s].[MovieID], [s].[RoomID], [s].[ShowtimeCode], [s].[StartTime], [s].[Status]
FROM [Showtimes] AS [s]
WHERE [s].[Status] IN (N'Đã lên lịch', N'Đang mở bán', N'Sap chieu') AND [s].[StartTime] <= @__now_0 AND [s].[EndTime] > @__now_0
2026-05-27 19:24:11.591 +07:00 [INF] Executed DbCommand (1ms) [Parameters=[@__now_0='?' (DbType = DateTime2)], CommandType='"Text"', CommandTimeout='30']
SELECT [s].[ShowtimeID], [s].[EndTime], [s].[MovieID], [s].[RoomID], [s].[ShowtimeCode], [s].[StartTime], [s].[Status]
FROM [Showtimes] AS [s]
WHERE [s].[Status] IN (N'Đã lên lịch', N'Đang mở bán', N'Đang chiếu', N'Sap chieu', N'Dang dien ra') AND [s].[EndTime] <= @__now_0
2026-05-27 19:24:11.594 +07:00 [INF] Executed DbCommand (2ms) [Parameters=[@__today_0='?' (DbType = Date)], CommandType='"Text"', CommandTimeout='30']
SELECT [m].[MovieID], [m].[Actors], [m].[Description], [m].[Director], [m].[Duration], [m].[Genre], [m].[MovieCode], [m].[Poster], [m].[ReleaseDate], [m].[Status], [m].[Title], [m].[Trailer]
FROM [Movies] AS [m]
WHERE [m].[Status] = N'Sap chieu' AND [m].[ReleaseDate] <= @__today_0
2026-05-27 19:25:11.605 +07:00 [INF] Executed DbCommand (4ms) [Parameters=[], CommandType='"Text"', CommandTimeout='30']
SELECT [o].[OrderID], [o].[CheckInTime], [o].[FinalAmount], [o].[HoldExpiryTime], [o].[OrderCode], [o].[PayOSTransID], [o].[PromoID], [o].[QrCode], [o].[ShowtimeID], [o].[Status], [o].[TotalAmount], [o].[UserID]
FROM [Orders] AS [o]
WHERE [o].[Status] = N'Chờ thanh toán' AND [o].[HoldExpiryTime] <= GETDATE()
2026-05-27 19:25:11.610 +07:00 [INF] Executed DbCommand (4ms) [Parameters=[@__maxSellingDate_0='?' (DbType = DateTime2), @__now_1='?' (DbType = DateTime2)], CommandType='"Text"', CommandTimeout='30']
SELECT [s].[ShowtimeID], [s].[EndTime], [s].[MovieID], [s].[RoomID], [s].[ShowtimeCode], [s].[StartTime], [s].[Status]
FROM [Showtimes] AS [s]
WHERE [s].[Status] IN (N'Đã lên lịch', N'Sap chieu') AND CONVERT(date, [s].[StartTime]) <= @__maxSellingDate_0 AND [s].[StartTime] > @__now_1
2026-05-27 19:25:11.612 +07:00 [INF] Executed DbCommand (2ms) [Parameters=[@__now_0='?' (DbType = DateTime2)], CommandType='"Text"', CommandTimeout='30']
SELECT [s].[ShowtimeID], [s].[EndTime], [s].[MovieID], [s].[RoomID], [s].[ShowtimeCode], [s].[StartTime], [s].[Status]
FROM [Showtimes] AS [s]
WHERE [s].[Status] IN (N'Đã lên lịch', N'Đang mở bán', N'Sap chieu') AND [s].[StartTime] <= @__now_0 AND [s].[EndTime] > @__now_0
2026-05-27 19:25:11.615 +07:00 [INF] Executed DbCommand (3ms) [Parameters=[@__now_0='?' (DbType = DateTime2)], CommandType='"Text"', CommandTimeout='30']
SELECT [s].[ShowtimeID], [s].[EndTime], [s].[MovieID], [s].[RoomID], [s].[ShowtimeCode], [s].[StartTime], [s].[Status]
FROM [Showtimes] AS [s]
WHERE [s].[Status] IN (N'Đã lên lịch', N'Đang mở bán', N'Đang chiếu', N'Sap chieu', N'Dang dien ra') AND [s].[EndTime] <= @__now_0
2026-05-27 19:25:11.618 +07:00 [INF] Executed DbCommand (2ms) [Parameters=[@__today_0='?' (DbType = Date)], CommandType='"Text"', CommandTimeout='30']
SELECT [m].[MovieID], [m].[Actors], [m].[Description], [m].[Director], [m].[Duration], [m].[Genre], [m].[MovieCode], [m].[Poster], [m].[ReleaseDate], [m].[Status], [m].[Title], [m].[Trailer]
FROM [Movies] AS [m]
WHERE [m].[Status] = N'Sap chieu' AND [m].[ReleaseDate] <= @__today_0
2026-05-27 19:26:11.631 +07:00 [INF] Executed DbCommand (4ms) [Parameters=[], CommandType='"Text"', CommandTimeout='30']
SELECT [o].[OrderID], [o].[CheckInTime], [o].[FinalAmount], [o].[HoldExpiryTime], [o].[OrderCode], [o].[PayOSTransID], [o].[PromoID], [o].[QrCode], [o].[ShowtimeID], [o].[Status], [o].[TotalAmount], [o].[UserID]
FROM [Orders] AS [o]
WHERE [o].[Status] = N'Chờ thanh toán' AND [o].[HoldExpiryTime] <= GETDATE()
2026-05-27 19:26:11.637 +07:00 [INF] Executed DbCommand (5ms) [Parameters=[@__maxSellingDate_0='?' (DbType = DateTime2), @__now_1='?' (DbType = DateTime2)], CommandType='"Text"', CommandTimeout='30']
SELECT [s].[ShowtimeID], [s].[EndTime], [s].[MovieID], [s].[RoomID], [s].[ShowtimeCode], [s].[StartTime], [s].[Status]
FROM [Showtimes] AS [s]
WHERE [s].[Status] IN (N'Đã lên lịch', N'Sap chieu') AND CONVERT(date, [s].[StartTime]) <= @__maxSellingDate_0 AND [s].[StartTime] > @__now_1
2026-05-27 19:26:11.641 +07:00 [INF] Executed DbCommand (3ms) [Parameters=[@__now_0='?' (DbType = DateTime2)], CommandType='"Text"', CommandTimeout='30']
SELECT [s].[ShowtimeID], [s].[EndTime], [s].[MovieID], [s].[RoomID], [s].[ShowtimeCode], [s].[StartTime], [s].[Status]
FROM [Showtimes] AS [s]
WHERE [s].[Status] IN (N'Đã lên lịch', N'Đang mở bán', N'Sap chieu') AND [s].[StartTime] <= @__now_0 AND [s].[EndTime] > @__now_0
2026-05-27 19:26:11.645 +07:00 [INF] Executed DbCommand (4ms) [Parameters=[@__now_0='?' (DbType = DateTime2)], CommandType='"Text"', CommandTimeout='30']
SELECT [s].[ShowtimeID], [s].[EndTime], [s].[MovieID], [s].[RoomID], [s].[ShowtimeCode], [s].[StartTime], [s].[Status]
FROM [Showtimes] AS [s]
WHERE [s].[Status] IN (N'Đã lên lịch', N'Đang mở bán', N'Đang chiếu', N'Sap chieu', N'Dang dien ra') AND [s].[EndTime] <= @__now_0
2026-05-27 19:26:11.649 +07:00 [INF] Executed DbCommand (2ms) [Parameters=[@__today_0='?' (DbType = Date)], CommandType='"Text"', CommandTimeout='30']
SELECT [m].[MovieID], [m].[Actors], [m].[Description], [m].[Director], [m].[Duration], [m].[Genre], [m].[MovieCode], [m].[Poster], [m].[ReleaseDate], [m].[Status], [m].[Title], [m].[Trailer]
FROM [Movies] AS [m]
WHERE [m].[Status] = N'Sap chieu' AND [m].[ReleaseDate] <= @__today_0
2026-05-27 19:27:11.663 +07:00 [INF] Executed DbCommand (4ms) [Parameters=[], CommandType='"Text"', CommandTimeout='30']
SELECT [o].[OrderID], [o].[CheckInTime], [o].[FinalAmount], [o].[HoldExpiryTime], [o].[OrderCode], [o].[PayOSTransID], [o].[PromoID], [o].[QrCode], [o].[ShowtimeID], [o].[Status], [o].[TotalAmount], [o].[UserID]
FROM [Orders] AS [o]
WHERE [o].[Status] = N'Chờ thanh toán' AND [o].[HoldExpiryTime] <= GETDATE()
2026-05-27 19:27:11.670 +07:00 [INF] Executed DbCommand (5ms) [Parameters=[@__maxSellingDate_0='?' (DbType = DateTime2), @__now_1='?' (DbType = DateTime2)], CommandType='"Text"', CommandTimeout='30']
SELECT [s].[ShowtimeID], [s].[EndTime], [s].[MovieID], [s].[RoomID], [s].[ShowtimeCode], [s].[StartTime], [s].[Status]
FROM [Showtimes] AS [s]
WHERE [s].[Status] IN (N'Đã lên lịch', N'Sap chieu') AND CONVERT(date, [s].[StartTime]) <= @__maxSellingDate_0 AND [s].[StartTime] > @__now_1
2026-05-27 19:27:11.673 +07:00 [INF] Executed DbCommand (2ms) [Parameters=[@__now_0='?' (DbType = DateTime2)], CommandType='"Text"', CommandTimeout='30']
SELECT [s].[ShowtimeID], [s].[EndTime], [s].[MovieID], [s].[RoomID], [s].[ShowtimeCode], [s].[StartTime], [s].[Status]
FROM [Showtimes] AS [s]
WHERE [s].[Status] IN (N'Đã lên lịch', N'Đang mở bán', N'Sap chieu') AND [s].[StartTime] <= @__now_0 AND [s].[EndTime] > @__now_0
2026-05-27 19:27:11.677 +07:00 [INF] Executed DbCommand (3ms) [Parameters=[@__now_0='?' (DbType = DateTime2)], CommandType='"Text"', CommandTimeout='30']
SELECT [s].[ShowtimeID], [s].[EndTime], [s].[MovieID], [s].[RoomID], [s].[ShowtimeCode], [s].[StartTime], [s].[Status]
FROM [Showtimes] AS [s]
WHERE [s].[Status] IN (N'Đã lên lịch', N'Đang mở bán', N'Đang chiếu', N'Sap chieu', N'Dang dien ra') AND [s].[EndTime] <= @__now_0
2026-05-27 19:27:11.682 +07:00 [INF] Executed DbCommand (4ms) [Parameters=[@__today_0='?' (DbType = Date)], CommandType='"Text"', CommandTimeout='30']
SELECT [m].[MovieID], [m].[Actors], [m].[Description], [m].[Director], [m].[Duration], [m].[Genre], [m].[MovieCode], [m].[Poster], [m].[ReleaseDate], [m].[Status], [m].[Title], [m].[Trailer]
FROM [Movies] AS [m]
WHERE [m].[Status] = N'Sap chieu' AND [m].[ReleaseDate] <= @__today_0
2026-05-27 19:28:11.694 +07:00 [INF] Executed DbCommand (4ms) [Parameters=[], CommandType='"Text"', CommandTimeout='30']
SELECT [o].[OrderID], [o].[CheckInTime], [o].[FinalAmount], [o].[HoldExpiryTime], [o].[OrderCode], [o].[PayOSTransID], [o].[PromoID], [o].[QrCode], [o].[ShowtimeID], [o].[Status], [o].[TotalAmount], [o].[UserID]
FROM [Orders] AS [o]
WHERE [o].[Status] = N'Chờ thanh toán' AND [o].[HoldExpiryTime] <= GETDATE()
2026-05-27 19:28:11.701 +07:00 [INF] Executed DbCommand (6ms) [Parameters=[@__maxSellingDate_0='?' (DbType = DateTime2), @__now_1='?' (DbType = DateTime2)], CommandType='"Text"', CommandTimeout='30']
SELECT [s].[ShowtimeID], [s].[EndTime], [s].[MovieID], [s].[RoomID], [s].[ShowtimeCode], [s].[StartTime], [s].[Status]
FROM [Showtimes] AS [s]
WHERE [s].[Status] IN (N'Đã lên lịch', N'Sap chieu') AND CONVERT(date, [s].[StartTime]) <= @__maxSellingDate_0 AND [s].[StartTime] > @__now_1
2026-05-27 19:28:11.705 +07:00 [INF] Executed DbCommand (3ms) [Parameters=[@__now_0='?' (DbType = DateTime2)], CommandType='"Text"', CommandTimeout='30']
SELECT [s].[ShowtimeID], [s].[EndTime], [s].[MovieID], [s].[RoomID], [s].[ShowtimeCode], [s].[StartTime], [s].[Status]
FROM [Showtimes] AS [s]
WHERE [s].[Status] IN (N'Đã lên lịch', N'Đang mở bán', N'Sap chieu') AND [s].[StartTime] <= @__now_0 AND [s].[EndTime] > @__now_0
2026-05-27 19:28:11.710 +07:00 [INF] Executed DbCommand (4ms) [Parameters=[@__now_0='?' (DbType = DateTime2)], CommandType='"Text"', CommandTimeout='30']
SELECT [s].[ShowtimeID], [s].[EndTime], [s].[MovieID], [s].[RoomID], [s].[ShowtimeCode], [s].[StartTime], [s].[Status]
FROM [Showtimes] AS [s]
WHERE [s].[Status] IN (N'Đã lên lịch', N'Đang mở bán', N'Đang chiếu', N'Sap chieu', N'Dang dien ra') AND [s].[EndTime] <= @__now_0
2026-05-27 19:28:11.715 +07:00 [INF] Executed DbCommand (4ms) [Parameters=[@__today_0='?' (DbType = Date)], CommandType='"Text"', CommandTimeout='30']
SELECT [m].[MovieID], [m].[Actors], [m].[Description], [m].[Director], [m].[Duration], [m].[Genre], [m].[MovieCode], [m].[Poster], [m].[ReleaseDate], [m].[Status], [m].[Title], [m].[Trailer]
FROM [Movies] AS [m]
WHERE [m].[Status] = N'Sap chieu' AND [m].[ReleaseDate] <= @__today_0
2026-05-27 19:29:11.723 +07:00 [INF] Executed DbCommand (4ms) [Parameters=[], CommandType='"Text"', CommandTimeout='30']
SELECT [o].[OrderID], [o].[CheckInTime], [o].[FinalAmount], [o].[HoldExpiryTime], [o].[OrderCode], [o].[PayOSTransID], [o].[PromoID], [o].[QrCode], [o].[ShowtimeID], [o].[Status], [o].[TotalAmount], [o].[UserID]
FROM [Orders] AS [o]
WHERE [o].[Status] = N'Chờ thanh toán' AND [o].[HoldExpiryTime] <= GETDATE()
2026-05-27 19:29:11.726 +07:00 [INF] Executed DbCommand (2ms) [Parameters=[@__maxSellingDate_0='?' (DbType = DateTime2), @__now_1='?' (DbType = DateTime2)], CommandType='"Text"', CommandTimeout='30']
SELECT [s].[ShowtimeID], [s].[EndTime], [s].[MovieID], [s].[RoomID], [s].[ShowtimeCode], [s].[StartTime], [s].[Status]
FROM [Showtimes] AS [s]
WHERE [s].[Status] IN (N'Đã lên lịch', N'Sap chieu') AND CONVERT(date, [s].[StartTime]) <= @__maxSellingDate_0 AND [s].[StartTime] > @__now_1
2026-05-27 19:29:11.729 +07:00 [INF] Executed DbCommand (2ms) [Parameters=[@__now_0='?' (DbType = DateTime2)], CommandType='"Text"', CommandTimeout='30']
SELECT [s].[ShowtimeID], [s].[EndTime], [s].[MovieID], [s].[RoomID], [s].[ShowtimeCode], [s].[StartTime], [s].[Status]
FROM [Showtimes] AS [s]
WHERE [s].[Status] IN (N'Đã lên lịch', N'Đang mở bán', N'Sap chieu') AND [s].[StartTime] <= @__now_0 AND [s].[EndTime] > @__now_0
2026-05-27 19:29:11.731 +07:00 [INF] Executed DbCommand (2ms) [Parameters=[@__now_0='?' (DbType = DateTime2)], CommandType='"Text"', CommandTimeout='30']
SELECT [s].[ShowtimeID], [s].[EndTime], [s].[MovieID], [s].[RoomID], [s].[ShowtimeCode], [s].[StartTime], [s].[Status]
FROM [Showtimes] AS [s]
WHERE [s].[Status] IN (N'Đã lên lịch', N'Đang mở bán', N'Đang chiếu', N'Sap chieu', N'Dang dien ra') AND [s].[EndTime] <= @__now_0
2026-05-27 19:29:11.735 +07:00 [INF] Executed DbCommand (2ms) [Parameters=[@__today_0='?' (DbType = Date)], CommandType='"Text"', CommandTimeout='30']
SELECT [m].[MovieID], [m].[Actors], [m].[Description], [m].[Director], [m].[Duration], [m].[Genre], [m].[MovieCode], [m].[Poster], [m].[ReleaseDate], [m].[Status], [m].[Title], [m].[Trailer]
FROM [Movies] AS [m]
WHERE [m].[Status] = N'Sap chieu' AND [m].[ReleaseDate] <= @__today_0
2026-05-27 19:30:11.755 +07:00 [INF] Executed DbCommand (4ms) [Parameters=[], CommandType='"Text"', CommandTimeout='30']
SELECT [o].[OrderID], [o].[CheckInTime], [o].[FinalAmount], [o].[HoldExpiryTime], [o].[OrderCode], [o].[PayOSTransID], [o].[PromoID], [o].[QrCode], [o].[ShowtimeID], [o].[Status], [o].[TotalAmount], [o].[UserID]
FROM [Orders] AS [o]
WHERE [o].[Status] = N'Chờ thanh toán' AND [o].[HoldExpiryTime] <= GETDATE()
2026-05-27 19:30:11.759 +07:00 [INF] Executed DbCommand (3ms) [Parameters=[@__maxSellingDate_0='?' (DbType = DateTime2), @__now_1='?' (DbType = DateTime2)], CommandType='"Text"', CommandTimeout='30']
SELECT [s].[ShowtimeID], [s].[EndTime], [s].[MovieID], [s].[RoomID], [s].[ShowtimeCode], [s].[StartTime], [s].[Status]
FROM [Showtimes] AS [s]
WHERE [s].[Status] IN (N'Đã lên lịch', N'Sap chieu') AND CONVERT(date, [s].[StartTime]) <= @__maxSellingDate_0 AND [s].[StartTime] > @__now_1
2026-05-27 19:30:11.762 +07:00 [INF] Executed DbCommand (2ms) [Parameters=[@__now_0='?' (DbType = DateTime2)], CommandType='"Text"', CommandTimeout='30']
SELECT [s].[ShowtimeID], [s].[EndTime], [s].[MovieID], [s].[RoomID], [s].[ShowtimeCode], [s].[StartTime], [s].[Status]
FROM [Showtimes] AS [s]
WHERE [s].[Status] IN (N'Đã lên lịch', N'Đang mở bán', N'Sap chieu') AND [s].[StartTime] <= @__now_0 AND [s].[EndTime] > @__now_0
2026-05-27 19:30:11.765 +07:00 [INF] Executed DbCommand (2ms) [Parameters=[@__now_0='?' (DbType = DateTime2)], CommandType='"Text"', CommandTimeout='30']
SELECT [s].[ShowtimeID], [s].[EndTime], [s].[MovieID], [s].[RoomID], [s].[ShowtimeCode], [s].[StartTime], [s].[Status]
FROM [Showtimes] AS [s]
WHERE [s].[Status] IN (N'Đã lên lịch', N'Đang mở bán', N'Đang chiếu', N'Sap chieu', N'Dang dien ra') AND [s].[EndTime] <= @__now_0
2026-05-27 19:30:11.768 +07:00 [INF] Executed DbCommand (2ms) [Parameters=[@__today_0='?' (DbType = Date)], CommandType='"Text"', CommandTimeout='30']
SELECT [m].[MovieID], [m].[Actors], [m].[Description], [m].[Director], [m].[Duration], [m].[Genre], [m].[MovieCode], [m].[Poster], [m].[ReleaseDate], [m].[Status], [m].[Title], [m].[Trailer]
FROM [Movies] AS [m]
WHERE [m].[Status] = N'Sap chieu' AND [m].[ReleaseDate] <= @__today_0
2026-05-27 19:31:11.783 +07:00 [INF] Executed DbCommand (3ms) [Parameters=[], CommandType='"Text"', CommandTimeout='30']
SELECT [o].[OrderID], [o].[CheckInTime], [o].[FinalAmount], [o].[HoldExpiryTime], [o].[OrderCode], [o].[PayOSTransID], [o].[PromoID], [o].[QrCode], [o].[ShowtimeID], [o].[Status], [o].[TotalAmount], [o].[UserID]
FROM [Orders] AS [o]
WHERE [o].[Status] = N'Chờ thanh toán' AND [o].[HoldExpiryTime] <= GETDATE()
2026-05-27 19:31:11.788 +07:00 [INF] Executed DbCommand (3ms) [Parameters=[@__maxSellingDate_0='?' (DbType = DateTime2), @__now_1='?' (DbType = DateTime2)], CommandType='"Text"', CommandTimeout='30']
SELECT [s].[ShowtimeID], [s].[EndTime], [s].[MovieID], [s].[RoomID], [s].[ShowtimeCode], [s].[StartTime], [s].[Status]
FROM [Showtimes] AS [s]
WHERE [s].[Status] IN (N'Đã lên lịch', N'Sap chieu') AND CONVERT(date, [s].[StartTime]) <= @__maxSellingDate_0 AND [s].[StartTime] > @__now_1
2026-05-27 19:31:11.791 +07:00 [INF] Executed DbCommand (2ms) [Parameters=[@__now_0='?' (DbType = DateTime2)], CommandType='"Text"', CommandTimeout='30']
SELECT [s].[ShowtimeID], [s].[EndTime], [s].[MovieID], [s].[RoomID], [s].[ShowtimeCode], [s].[StartTime], [s].[Status]
FROM [Showtimes] AS [s]
WHERE [s].[Status] IN (N'Đã lên lịch', N'Đang mở bán', N'Sap chieu') AND [s].[StartTime] <= @__now_0 AND [s].[EndTime] > @__now_0
2026-05-27 19:31:11.795 +07:00 [INF] Executed DbCommand (3ms) [Parameters=[@__now_0='?' (DbType = DateTime2)], CommandType='"Text"', CommandTimeout='30']
SELECT [s].[ShowtimeID], [s].[EndTime], [s].[MovieID], [s].[RoomID], [s].[ShowtimeCode], [s].[StartTime], [s].[Status]
FROM [Showtimes] AS [s]
WHERE [s].[Status] IN (N'Đã lên lịch', N'Đang mở bán', N'Đang chiếu', N'Sap chieu', N'Dang dien ra') AND [s].[EndTime] <= @__now_0
2026-05-27 19:31:11.800 +07:00 [INF] Executed DbCommand (4ms) [Parameters=[@__today_0='?' (DbType = Date)], CommandType='"Text"', CommandTimeout='30']
SELECT [m].[MovieID], [m].[Actors], [m].[Description], [m].[Director], [m].[Duration], [m].[Genre], [m].[MovieCode], [m].[Poster], [m].[ReleaseDate], [m].[Status], [m].[Title], [m].[Trailer]
FROM [Movies] AS [m]
WHERE [m].[Status] = N'Sap chieu' AND [m].[ReleaseDate] <= @__today_0
2026-05-27 19:32:11.812 +07:00 [INF] Executed DbCommand (4ms) [Parameters=[], CommandType='"Text"', CommandTimeout='30']
SELECT [o].[OrderID], [o].[CheckInTime], [o].[FinalAmount], [o].[HoldExpiryTime], [o].[OrderCode], [o].[PayOSTransID], [o].[PromoID], [o].[QrCode], [o].[ShowtimeID], [o].[Status], [o].[TotalAmount], [o].[UserID]
FROM [Orders] AS [o]
WHERE [o].[Status] = N'Chờ thanh toán' AND [o].[HoldExpiryTime] <= GETDATE()
2026-05-27 19:32:11.817 +07:00 [INF] Executed DbCommand (4ms) [Parameters=[@__maxSellingDate_0='?' (DbType = DateTime2), @__now_1='?' (DbType = DateTime2)], CommandType='"Text"', CommandTimeout='30']
SELECT [s].[ShowtimeID], [s].[EndTime], [s].[MovieID], [s].[RoomID], [s].[ShowtimeCode], [s].[StartTime], [s].[Status]
FROM [Showtimes] AS [s]
WHERE [s].[Status] IN (N'Đã lên lịch', N'Sap chieu') AND CONVERT(date, [s].[StartTime]) <= @__maxSellingDate_0 AND [s].[StartTime] > @__now_1
2026-05-27 19:32:11.819 +07:00 [INF] Executed DbCommand (2ms) [Parameters=[@__now_0='?' (DbType = DateTime2)], CommandType='"Text"', CommandTimeout='30']
SELECT [s].[ShowtimeID], [s].[EndTime], [s].[MovieID], [s].[RoomID], [s].[ShowtimeCode], [s].[StartTime], [s].[Status]
FROM [Showtimes] AS [s]
WHERE [s].[Status] IN (N'Đã lên lịch', N'Đang mở bán', N'Sap chieu') AND [s].[StartTime] <= @__now_0 AND [s].[EndTime] > @__now_0
2026-05-27 19:32:11.821 +07:00 [INF] Executed DbCommand (1ms) [Parameters=[@__now_0='?' (DbType = DateTime2)], CommandType='"Text"', CommandTimeout='30']
SELECT [s].[ShowtimeID], [s].[EndTime], [s].[MovieID], [s].[RoomID], [s].[ShowtimeCode], [s].[StartTime], [s].[Status]
FROM [Showtimes] AS [s]
WHERE [s].[Status] IN (N'Đã lên lịch', N'Đang mở bán', N'Đang chiếu', N'Sap chieu', N'Dang dien ra') AND [s].[EndTime] <= @__now_0
2026-05-27 19:32:11.824 +07:00 [INF] Executed DbCommand (2ms) [Parameters=[@__today_0='?' (DbType = Date)], CommandType='"Text"', CommandTimeout='30']
SELECT [m].[MovieID], [m].[Actors], [m].[Description], [m].[Director], [m].[Duration], [m].[Genre], [m].[MovieCode], [m].[Poster], [m].[ReleaseDate], [m].[Status], [m].[Title], [m].[Trailer]
FROM [Movies] AS [m]
WHERE [m].[Status] = N'Sap chieu' AND [m].[ReleaseDate] <= @__today_0
2026-05-27 19:33:11.831 +07:00 [INF] Executed DbCommand (4ms) [Parameters=[], CommandType='"Text"', CommandTimeout='30']
SELECT [o].[OrderID], [o].[CheckInTime], [o].[FinalAmount], [o].[HoldExpiryTime], [o].[OrderCode], [o].[PayOSTransID], [o].[PromoID], [o].[QrCode], [o].[ShowtimeID], [o].[Status], [o].[TotalAmount], [o].[UserID]
FROM [Orders] AS [o]
WHERE [o].[Status] = N'Chờ thanh toán' AND [o].[HoldExpiryTime] <= GETDATE()
2026-05-27 19:33:11.836 +07:00 [INF] Executed DbCommand (3ms) [Parameters=[@__maxSellingDate_0='?' (DbType = DateTime2), @__now_1='?' (DbType = DateTime2)], CommandType='"Text"', CommandTimeout='30']
SELECT [s].[ShowtimeID], [s].[EndTime], [s].[MovieID], [s].[RoomID], [s].[ShowtimeCode], [s].[StartTime], [s].[Status]
FROM [Showtimes] AS [s]
WHERE [s].[Status] IN (N'Đã lên lịch', N'Sap chieu') AND CONVERT(date, [s].[StartTime]) <= @__maxSellingDate_0 AND [s].[StartTime] > @__now_1
2026-05-27 19:33:11.840 +07:00 [INF] Executed DbCommand (4ms) [Parameters=[@__now_0='?' (DbType = DateTime2)], CommandType='"Text"', CommandTimeout='30']
SELECT [s].[ShowtimeID], [s].[EndTime], [s].[MovieID], [s].[RoomID], [s].[ShowtimeCode], [s].[StartTime], [s].[Status]
FROM [Showtimes] AS [s]
WHERE [s].[Status] IN (N'Đã lên lịch', N'Đang mở bán', N'Sap chieu') AND [s].[StartTime] <= @__now_0 AND [s].[EndTime] > @__now_0
2026-05-27 19:33:11.842 +07:00 [INF] Executed DbCommand (2ms) [Parameters=[@__now_0='?' (DbType = DateTime2)], CommandType='"Text"', CommandTimeout='30']
SELECT [s].[ShowtimeID], [s].[EndTime], [s].[MovieID], [s].[RoomID], [s].[ShowtimeCode], [s].[StartTime], [s].[Status]
FROM [Showtimes] AS [s]
WHERE [s].[Status] IN (N'Đã lên lịch', N'Đang mở bán', N'Đang chiếu', N'Sap chieu', N'Dang dien ra') AND [s].[EndTime] <= @__now_0
2026-05-27 19:33:11.847 +07:00 [INF] Executed DbCommand (3ms) [Parameters=[@__today_0='?' (DbType = Date)], CommandType='"Text"', CommandTimeout='30']
SELECT [m].[MovieID], [m].[Actors], [m].[Description], [m].[Director], [m].[Duration], [m].[Genre], [m].[MovieCode], [m].[Poster], [m].[ReleaseDate], [m].[Status], [m].[Title], [m].[Trailer]
FROM [Movies] AS [m]
WHERE [m].[Status] = N'Sap chieu' AND [m].[ReleaseDate] <= @__today_0
2026-05-27 19:34:11.870 +07:00 [INF] Executed DbCommand (5ms) [Parameters=[], CommandType='"Text"', CommandTimeout='30']
SELECT [o].[OrderID], [o].[CheckInTime], [o].[FinalAmount], [o].[HoldExpiryTime], [o].[OrderCode], [o].[PayOSTransID], [o].[PromoID], [o].[QrCode], [o].[ShowtimeID], [o].[Status], [o].[TotalAmount], [o].[UserID]
FROM [Orders] AS [o]
WHERE [o].[Status] = N'Chờ thanh toán' AND [o].[HoldExpiryTime] <= GETDATE()
2026-05-27 19:34:11.877 +07:00 [INF] Executed DbCommand (5ms) [Parameters=[@__maxSellingDate_0='?' (DbType = DateTime2), @__now_1='?' (DbType = DateTime2)], CommandType='"Text"', CommandTimeout='30']
SELECT [s].[ShowtimeID], [s].[EndTime], [s].[MovieID], [s].[RoomID], [s].[ShowtimeCode], [s].[StartTime], [s].[Status]
FROM [Showtimes] AS [s]
WHERE [s].[Status] IN (N'Đã lên lịch', N'Sap chieu') AND CONVERT(date, [s].[StartTime]) <= @__maxSellingDate_0 AND [s].[StartTime] > @__now_1
2026-05-27 19:34:11.879 +07:00 [INF] Executed DbCommand (2ms) [Parameters=[@__now_0='?' (DbType = DateTime2)], CommandType='"Text"', CommandTimeout='30']
SELECT [s].[ShowtimeID], [s].[EndTime], [s].[MovieID], [s].[RoomID], [s].[ShowtimeCode], [s].[StartTime], [s].[Status]
FROM [Showtimes] AS [s]
WHERE [s].[Status] IN (N'Đã lên lịch', N'Đang mở bán', N'Sap chieu') AND [s].[StartTime] <= @__now_0 AND [s].[EndTime] > @__now_0
2026-05-27 19:34:11.882 +07:00 [INF] Executed DbCommand (2ms) [Parameters=[@__now_0='?' (DbType = DateTime2)], CommandType='"Text"', CommandTimeout='30']
SELECT [s].[ShowtimeID], [s].[EndTime], [s].[MovieID], [s].[RoomID], [s].[ShowtimeCode], [s].[StartTime], [s].[Status]
FROM [Showtimes] AS [s]
WHERE [s].[Status] IN (N'Đã lên lịch', N'Đang mở bán', N'Đang chiếu', N'Sap chieu', N'Dang dien ra') AND [s].[EndTime] <= @__now_0
2026-05-27 19:34:11.885 +07:00 [INF] Executed DbCommand (2ms) [Parameters=[@__today_0='?' (DbType = Date)], CommandType='"Text"', CommandTimeout='30']
SELECT [m].[MovieID], [m].[Actors], [m].[Description], [m].[Director], [m].[Duration], [m].[Genre], [m].[MovieCode], [m].[Poster], [m].[ReleaseDate], [m].[Status], [m].[Title], [m].[Trailer]
FROM [Movies] AS [m]
WHERE [m].[Status] = N'Sap chieu' AND [m].[ReleaseDate] <= @__today_0
2026-05-27 19:35:11.904 +07:00 [INF] Executed DbCommand (2ms) [Parameters=[], CommandType='"Text"', CommandTimeout='30']
SELECT [o].[OrderID], [o].[CheckInTime], [o].[FinalAmount], [o].[HoldExpiryTime], [o].[OrderCode], [o].[PayOSTransID], [o].[PromoID], [o].[QrCode], [o].[ShowtimeID], [o].[Status], [o].[TotalAmount], [o].[UserID]
FROM [Orders] AS [o]
WHERE [o].[Status] = N'Chờ thanh toán' AND [o].[HoldExpiryTime] <= GETDATE()
2026-05-27 19:35:11.906 +07:00 [INF] Executed DbCommand (2ms) [Parameters=[@__maxSellingDate_0='?' (DbType = DateTime2), @__now_1='?' (DbType = DateTime2)], CommandType='"Text"', CommandTimeout='30']
SELECT [s].[ShowtimeID], [s].[EndTime], [s].[MovieID], [s].[RoomID], [s].[ShowtimeCode], [s].[StartTime], [s].[Status]
FROM [Showtimes] AS [s]
WHERE [s].[Status] IN (N'Đã lên lịch', N'Sap chieu') AND CONVERT(date, [s].[StartTime]) <= @__maxSellingDate_0 AND [s].[StartTime] > @__now_1
2026-05-27 19:35:11.909 +07:00 [INF] Executed DbCommand (2ms) [Parameters=[@__now_0='?' (DbType = DateTime2)], CommandType='"Text"', CommandTimeout='30']
SELECT [s].[ShowtimeID], [s].[EndTime], [s].[MovieID], [s].[RoomID], [s].[ShowtimeCode], [s].[StartTime], [s].[Status]
FROM [Showtimes] AS [s]
WHERE [s].[Status] IN (N'Đã lên lịch', N'Đang mở bán', N'Sap chieu') AND [s].[StartTime] <= @__now_0 AND [s].[EndTime] > @__now_0
2026-05-27 19:35:11.911 +07:00 [INF] Executed DbCommand (2ms) [Parameters=[@__now_0='?' (DbType = DateTime2)], CommandType='"Text"', CommandTimeout='30']
SELECT [s].[ShowtimeID], [s].[EndTime], [s].[MovieID], [s].[RoomID], [s].[ShowtimeCode], [s].[StartTime], [s].[Status]
FROM [Showtimes] AS [s]
WHERE [s].[Status] IN (N'Đã lên lịch', N'Đang mở bán', N'Đang chiếu', N'Sap chieu', N'Dang dien ra') AND [s].[EndTime] <= @__now_0
2026-05-27 19:35:11.914 +07:00 [INF] Executed DbCommand (2ms) [Parameters=[@__today_0='?' (DbType = Date)], CommandType='"Text"', CommandTimeout='30']
SELECT [m].[MovieID], [m].[Actors], [m].[Description], [m].[Director], [m].[Duration], [m].[Genre], [m].[MovieCode], [m].[Poster], [m].[ReleaseDate], [m].[Status], [m].[Title], [m].[Trailer]
FROM [Movies] AS [m]
WHERE [m].[Status] = N'Sap chieu' AND [m].[ReleaseDate] <= @__today_0
2026-05-27 19:36:11.934 +07:00 [INF] Executed DbCommand (3ms) [Parameters=[], CommandType='"Text"', CommandTimeout='30']
SELECT [o].[OrderID], [o].[CheckInTime], [o].[FinalAmount], [o].[HoldExpiryTime], [o].[OrderCode], [o].[PayOSTransID], [o].[PromoID], [o].[QrCode], [o].[ShowtimeID], [o].[Status], [o].[TotalAmount], [o].[UserID]
FROM [Orders] AS [o]
WHERE [o].[Status] = N'Chờ thanh toán' AND [o].[HoldExpiryTime] <= GETDATE()
2026-05-27 19:36:11.940 +07:00 [INF] Executed DbCommand (5ms) [Parameters=[@__maxSellingDate_0='?' (DbType = DateTime2), @__now_1='?' (DbType = DateTime2)], CommandType='"Text"', CommandTimeout='30']
SELECT [s].[ShowtimeID], [s].[EndTime], [s].[MovieID], [s].[RoomID], [s].[ShowtimeCode], [s].[StartTime], [s].[Status]
FROM [Showtimes] AS [s]
WHERE [s].[Status] IN (N'Đã lên lịch', N'Sap chieu') AND CONVERT(date, [s].[StartTime]) <= @__maxSellingDate_0 AND [s].[StartTime] > @__now_1
2026-05-27 19:36:11.942 +07:00 [INF] Executed DbCommand (2ms) [Parameters=[@__now_0='?' (DbType = DateTime2)], CommandType='"Text"', CommandTimeout='30']
SELECT [s].[ShowtimeID], [s].[EndTime], [s].[MovieID], [s].[RoomID], [s].[ShowtimeCode], [s].[StartTime], [s].[Status]
FROM [Showtimes] AS [s]
WHERE [s].[Status] IN (N'Đã lên lịch', N'Đang mở bán', N'Sap chieu') AND [s].[StartTime] <= @__now_0 AND [s].[EndTime] > @__now_0
2026-05-27 19:36:11.944 +07:00 [INF] Executed DbCommand (2ms) [Parameters=[@__now_0='?' (DbType = DateTime2)], CommandType='"Text"', CommandTimeout='30']
SELECT [s].[ShowtimeID], [s].[EndTime], [s].[MovieID], [s].[RoomID], [s].[ShowtimeCode], [s].[StartTime], [s].[Status]
FROM [Showtimes] AS [s]
WHERE [s].[Status] IN (N'Đã lên lịch', N'Đang mở bán', N'Đang chiếu', N'Sap chieu', N'Dang dien ra') AND [s].[EndTime] <= @__now_0
2026-05-27 19:36:11.947 +07:00 [INF] Executed DbCommand (2ms) [Parameters=[@__today_0='?' (DbType = Date)], CommandType='"Text"', CommandTimeout='30']
SELECT [m].[MovieID], [m].[Actors], [m].[Description], [m].[Director], [m].[Duration], [m].[Genre], [m].[MovieCode], [m].[Poster], [m].[ReleaseDate], [m].[Status], [m].[Title], [m].[Trailer]
FROM [Movies] AS [m]
WHERE [m].[Status] = N'Sap chieu' AND [m].[ReleaseDate] <= @__today_0
2026-05-27 19:37:11.956 +07:00 [INF] Executed DbCommand (3ms) [Parameters=[], CommandType='"Text"', CommandTimeout='30']
SELECT [o].[OrderID], [o].[CheckInTime], [o].[FinalAmount], [o].[HoldExpiryTime], [o].[OrderCode], [o].[PayOSTransID], [o].[PromoID], [o].[QrCode], [o].[ShowtimeID], [o].[Status], [o].[TotalAmount], [o].[UserID]
FROM [Orders] AS [o]
WHERE [o].[Status] = N'Chờ thanh toán' AND [o].[HoldExpiryTime] <= GETDATE()
2026-05-27 19:37:11.959 +07:00 [INF] Executed DbCommand (2ms) [Parameters=[@__maxSellingDate_0='?' (DbType = DateTime2), @__now_1='?' (DbType = DateTime2)], CommandType='"Text"', CommandTimeout='30']
SELECT [s].[ShowtimeID], [s].[EndTime], [s].[MovieID], [s].[RoomID], [s].[ShowtimeCode], [s].[StartTime], [s].[Status]
FROM [Showtimes] AS [s]
WHERE [s].[Status] IN (N'Đã lên lịch', N'Sap chieu') AND CONVERT(date, [s].[StartTime]) <= @__maxSellingDate_0 AND [s].[StartTime] > @__now_1
2026-05-27 19:37:11.961 +07:00 [INF] Executed DbCommand (2ms) [Parameters=[@__now_0='?' (DbType = DateTime2)], CommandType='"Text"', CommandTimeout='30']
SELECT [s].[ShowtimeID], [s].[EndTime], [s].[MovieID], [s].[RoomID], [s].[ShowtimeCode], [s].[StartTime], [s].[Status]
FROM [Showtimes] AS [s]
WHERE [s].[Status] IN (N'Đã lên lịch', N'Đang mở bán', N'Sap chieu') AND [s].[StartTime] <= @__now_0 AND [s].[EndTime] > @__now_0
2026-05-27 19:37:11.963 +07:00 [INF] Executed DbCommand (1ms) [Parameters=[@__now_0='?' (DbType = DateTime2)], CommandType='"Text"', CommandTimeout='30']
SELECT [s].[ShowtimeID], [s].[EndTime], [s].[MovieID], [s].[RoomID], [s].[ShowtimeCode], [s].[StartTime], [s].[Status]
FROM [Showtimes] AS [s]
WHERE [s].[Status] IN (N'Đã lên lịch', N'Đang mở bán', N'Đang chiếu', N'Sap chieu', N'Dang dien ra') AND [s].[EndTime] <= @__now_0
2026-05-27 19:37:11.967 +07:00 [INF] Executed DbCommand (2ms) [Parameters=[@__today_0='?' (DbType = Date)], CommandType='"Text"', CommandTimeout='30']
SELECT [m].[MovieID], [m].[Actors], [m].[Description], [m].[Director], [m].[Duration], [m].[Genre], [m].[MovieCode], [m].[Poster], [m].[ReleaseDate], [m].[Status], [m].[Title], [m].[Trailer]
FROM [Movies] AS [m]
WHERE [m].[Status] = N'Sap chieu' AND [m].[ReleaseDate] <= @__today_0
2026-05-27 19:38:11.981 +07:00 [INF] Executed DbCommand (4ms) [Parameters=[], CommandType='"Text"', CommandTimeout='30']
SELECT [o].[OrderID], [o].[CheckInTime], [o].[FinalAmount], [o].[HoldExpiryTime], [o].[OrderCode], [o].[PayOSTransID], [o].[PromoID], [o].[QrCode], [o].[ShowtimeID], [o].[Status], [o].[TotalAmount], [o].[UserID]
FROM [Orders] AS [o]
WHERE [o].[Status] = N'Chờ thanh toán' AND [o].[HoldExpiryTime] <= GETDATE()
2026-05-27 19:38:11.987 +07:00 [INF] Executed DbCommand (4ms) [Parameters=[@__maxSellingDate_0='?' (DbType = DateTime2), @__now_1='?' (DbType = DateTime2)], CommandType='"Text"', CommandTimeout='30']
SELECT [s].[ShowtimeID], [s].[EndTime], [s].[MovieID], [s].[RoomID], [s].[ShowtimeCode], [s].[StartTime], [s].[Status]
FROM [Showtimes] AS [s]
WHERE [s].[Status] IN (N'Đã lên lịch', N'Sap chieu') AND CONVERT(date, [s].[StartTime]) <= @__maxSellingDate_0 AND [s].[StartTime] > @__now_1
2026-05-27 19:38:11.989 +07:00 [INF] Executed DbCommand (2ms) [Parameters=[@__now_0='?' (DbType = DateTime2)], CommandType='"Text"', CommandTimeout='30']
SELECT [s].[ShowtimeID], [s].[EndTime], [s].[MovieID], [s].[RoomID], [s].[ShowtimeCode], [s].[StartTime], [s].[Status]
FROM [Showtimes] AS [s]
WHERE [s].[Status] IN (N'Đã lên lịch', N'Đang mở bán', N'Sap chieu') AND [s].[StartTime] <= @__now_0 AND [s].[EndTime] > @__now_0
2026-05-27 19:38:11.991 +07:00 [INF] Executed DbCommand (2ms) [Parameters=[@__now_0='?' (DbType = DateTime2)], CommandType='"Text"', CommandTimeout='30']
SELECT [s].[ShowtimeID], [s].[EndTime], [s].[MovieID], [s].[RoomID], [s].[ShowtimeCode], [s].[StartTime], [s].[Status]
FROM [Showtimes] AS [s]
WHERE [s].[Status] IN (N'Đã lên lịch', N'Đang mở bán', N'Đang chiếu', N'Sap chieu', N'Dang dien ra') AND [s].[EndTime] <= @__now_0
2026-05-27 19:38:11.994 +07:00 [INF] Executed DbCommand (2ms) [Parameters=[@__today_0='?' (DbType = Date)], CommandType='"Text"', CommandTimeout='30']
SELECT [m].[MovieID], [m].[Actors], [m].[Description], [m].[Director], [m].[Duration], [m].[Genre], [m].[MovieCode], [m].[Poster], [m].[ReleaseDate], [m].[Status], [m].[Title], [m].[Trailer]
FROM [Movies] AS [m]
WHERE [m].[Status] = N'Sap chieu' AND [m].[ReleaseDate] <= @__today_0
2026-05-27 19:39:12.011 +07:00 [INF] Executed DbCommand (4ms) [Parameters=[], CommandType='"Text"', CommandTimeout='30']
SELECT [o].[OrderID], [o].[CheckInTime], [o].[FinalAmount], [o].[HoldExpiryTime], [o].[OrderCode], [o].[PayOSTransID], [o].[PromoID], [o].[QrCode], [o].[ShowtimeID], [o].[Status], [o].[TotalAmount], [o].[UserID]
FROM [Orders] AS [o]
WHERE [o].[Status] = N'Chờ thanh toán' AND [o].[HoldExpiryTime] <= GETDATE()
2026-05-27 19:39:12.017 +07:00 [INF] Executed DbCommand (4ms) [Parameters=[@__maxSellingDate_0='?' (DbType = DateTime2), @__now_1='?' (DbType = DateTime2)], CommandType='"Text"', CommandTimeout='30']
SELECT [s].[ShowtimeID], [s].[EndTime], [s].[MovieID], [s].[RoomID], [s].[ShowtimeCode], [s].[StartTime], [s].[Status]
FROM [Showtimes] AS [s]
WHERE [s].[Status] IN (N'Đã lên lịch', N'Sap chieu') AND CONVERT(date, [s].[StartTime]) <= @__maxSellingDate_0 AND [s].[StartTime] > @__now_1
2026-05-27 19:39:12.019 +07:00 [INF] Executed DbCommand (2ms) [Parameters=[@__now_0='?' (DbType = DateTime2)], CommandType='"Text"', CommandTimeout='30']
SELECT [s].[ShowtimeID], [s].[EndTime], [s].[MovieID], [s].[RoomID], [s].[ShowtimeCode], [s].[StartTime], [s].[Status]
FROM [Showtimes] AS [s]
WHERE [s].[Status] IN (N'Đã lên lịch', N'Đang mở bán', N'Sap chieu') AND [s].[StartTime] <= @__now_0 AND [s].[EndTime] > @__now_0
2026-05-27 19:39:12.021 +07:00 [INF] Executed DbCommand (2ms) [Parameters=[@__now_0='?' (DbType = DateTime2)], CommandType='"Text"', CommandTimeout='30']
SELECT [s].[ShowtimeID], [s].[EndTime], [s].[MovieID], [s].[RoomID], [s].[ShowtimeCode], [s].[StartTime], [s].[Status]
FROM [Showtimes] AS [s]
WHERE [s].[Status] IN (N'Đã lên lịch', N'Đang mở bán', N'Đang chiếu', N'Sap chieu', N'Dang dien ra') AND [s].[EndTime] <= @__now_0
2026-05-27 19:39:12.024 +07:00 [INF] Executed DbCommand (2ms) [Parameters=[@__today_0='?' (DbType = Date)], CommandType='"Text"', CommandTimeout='30']
SELECT [m].[MovieID], [m].[Actors], [m].[Description], [m].[Director], [m].[Duration], [m].[Genre], [m].[MovieCode], [m].[Poster], [m].[ReleaseDate], [m].[Status], [m].[Title], [m].[Trailer]
FROM [Movies] AS [m]
WHERE [m].[Status] = N'Sap chieu' AND [m].[ReleaseDate] <= @__today_0
2026-05-27 19:40:12.038 +07:00 [INF] Executed DbCommand (2ms) [Parameters=[], CommandType='"Text"', CommandTimeout='30']
SELECT [o].[OrderID], [o].[CheckInTime], [o].[FinalAmount], [o].[HoldExpiryTime], [o].[OrderCode], [o].[PayOSTransID], [o].[PromoID], [o].[QrCode], [o].[ShowtimeID], [o].[Status], [o].[TotalAmount], [o].[UserID]
FROM [Orders] AS [o]
WHERE [o].[Status] = N'Chờ thanh toán' AND [o].[HoldExpiryTime] <= GETDATE()
2026-05-27 19:40:12.041 +07:00 [INF] Executed DbCommand (3ms) [Parameters=[@__maxSellingDate_0='?' (DbType = DateTime2), @__now_1='?' (DbType = DateTime2)], CommandType='"Text"', CommandTimeout='30']
SELECT [s].[ShowtimeID], [s].[EndTime], [s].[MovieID], [s].[RoomID], [s].[ShowtimeCode], [s].[StartTime], [s].[Status]
FROM [Showtimes] AS [s]
WHERE [s].[Status] IN (N'Đã lên lịch', N'Sap chieu') AND CONVERT(date, [s].[StartTime]) <= @__maxSellingDate_0 AND [s].[StartTime] > @__now_1
2026-05-27 19:40:12.045 +07:00 [INF] Executed DbCommand (3ms) [Parameters=[@__now_0='?' (DbType = DateTime2)], CommandType='"Text"', CommandTimeout='30']
SELECT [s].[ShowtimeID], [s].[EndTime], [s].[MovieID], [s].[RoomID], [s].[ShowtimeCode], [s].[StartTime], [s].[Status]
FROM [Showtimes] AS [s]
WHERE [s].[Status] IN (N'Đã lên lịch', N'Đang mở bán', N'Sap chieu') AND [s].[StartTime] <= @__now_0 AND [s].[EndTime] > @__now_0
2026-05-27 19:40:12.048 +07:00 [INF] Executed DbCommand (2ms) [Parameters=[@__now_0='?' (DbType = DateTime2)], CommandType='"Text"', CommandTimeout='30']
SELECT [s].[ShowtimeID], [s].[EndTime], [s].[MovieID], [s].[RoomID], [s].[ShowtimeCode], [s].[StartTime], [s].[Status]
FROM [Showtimes] AS [s]
WHERE [s].[Status] IN (N'Đã lên lịch', N'Đang mở bán', N'Đang chiếu', N'Sap chieu', N'Dang dien ra') AND [s].[EndTime] <= @__now_0
2026-05-27 19:40:12.050 +07:00 [INF] Executed DbCommand (1ms) [Parameters=[@__today_0='?' (DbType = Date)], CommandType='"Text"', CommandTimeout='30']
SELECT [m].[MovieID], [m].[Actors], [m].[Description], [m].[Director], [m].[Duration], [m].[Genre], [m].[MovieCode], [m].[Poster], [m].[ReleaseDate], [m].[Status], [m].[Title], [m].[Trailer]
FROM [Movies] AS [m]
WHERE [m].[Status] = N'Sap chieu' AND [m].[ReleaseDate] <= @__today_0
2026-05-27 19:41:12.062 +07:00 [INF] Executed DbCommand (4ms) [Parameters=[], CommandType='"Text"', CommandTimeout='30']
SELECT [o].[OrderID], [o].[CheckInTime], [o].[FinalAmount], [o].[HoldExpiryTime], [o].[OrderCode], [o].[PayOSTransID], [o].[PromoID], [o].[QrCode], [o].[ShowtimeID], [o].[Status], [o].[TotalAmount], [o].[UserID]
FROM [Orders] AS [o]
WHERE [o].[Status] = N'Chờ thanh toán' AND [o].[HoldExpiryTime] <= GETDATE()
2026-05-27 19:41:12.067 +07:00 [INF] Executed DbCommand (4ms) [Parameters=[@__maxSellingDate_0='?' (DbType = DateTime2), @__now_1='?' (DbType = DateTime2)], CommandType='"Text"', CommandTimeout='30']
SELECT [s].[ShowtimeID], [s].[EndTime], [s].[MovieID], [s].[RoomID], [s].[ShowtimeCode], [s].[StartTime], [s].[Status]
FROM [Showtimes] AS [s]
WHERE [s].[Status] IN (N'Đã lên lịch', N'Sap chieu') AND CONVERT(date, [s].[StartTime]) <= @__maxSellingDate_0 AND [s].[StartTime] > @__now_1
2026-05-27 19:41:12.069 +07:00 [INF] Executed DbCommand (2ms) [Parameters=[@__now_0='?' (DbType = DateTime2)], CommandType='"Text"', CommandTimeout='30']
SELECT [s].[ShowtimeID], [s].[EndTime], [s].[MovieID], [s].[RoomID], [s].[ShowtimeCode], [s].[StartTime], [s].[Status]
FROM [Showtimes] AS [s]
WHERE [s].[Status] IN (N'Đã lên lịch', N'Đang mở bán', N'Sap chieu') AND [s].[StartTime] <= @__now_0 AND [s].[EndTime] > @__now_0
2026-05-27 19:41:12.072 +07:00 [INF] Executed DbCommand (2ms) [Parameters=[@__now_0='?' (DbType = DateTime2)], CommandType='"Text"', CommandTimeout='30']
SELECT [s].[ShowtimeID], [s].[EndTime], [s].[MovieID], [s].[RoomID], [s].[ShowtimeCode], [s].[StartTime], [s].[Status]
FROM [Showtimes] AS [s]
WHERE [s].[Status] IN (N'Đã lên lịch', N'Đang mở bán', N'Đang chiếu', N'Sap chieu', N'Dang dien ra') AND [s].[EndTime] <= @__now_0
2026-05-27 19:41:12.075 +07:00 [INF] Executed DbCommand (2ms) [Parameters=[@__today_0='?' (DbType = Date)], CommandType='"Text"', CommandTimeout='30']
SELECT [m].[MovieID], [m].[Actors], [m].[Description], [m].[Director], [m].[Duration], [m].[Genre], [m].[MovieCode], [m].[Poster], [m].[ReleaseDate], [m].[Status], [m].[Title], [m].[Trailer]
FROM [Movies] AS [m]
WHERE [m].[Status] = N'Sap chieu' AND [m].[ReleaseDate] <= @__today_0
2026-05-27 19:42:12.087 +07:00 [INF] Executed DbCommand (2ms) [Parameters=[], CommandType='"Text"', CommandTimeout='30']
SELECT [o].[OrderID], [o].[CheckInTime], [o].[FinalAmount], [o].[HoldExpiryTime], [o].[OrderCode], [o].[PayOSTransID], [o].[PromoID], [o].[QrCode], [o].[ShowtimeID], [o].[Status], [o].[TotalAmount], [o].[UserID]
FROM [Orders] AS [o]
WHERE [o].[Status] = N'Chờ thanh toán' AND [o].[HoldExpiryTime] <= GETDATE()
2026-05-27 19:42:12.090 +07:00 [INF] Executed DbCommand (2ms) [Parameters=[@__maxSellingDate_0='?' (DbType = DateTime2), @__now_1='?' (DbType = DateTime2)], CommandType='"Text"', CommandTimeout='30']
SELECT [s].[ShowtimeID], [s].[EndTime], [s].[MovieID], [s].[RoomID], [s].[ShowtimeCode], [s].[StartTime], [s].[Status]
FROM [Showtimes] AS [s]
WHERE [s].[Status] IN (N'Đã lên lịch', N'Sap chieu') AND CONVERT(date, [s].[StartTime]) <= @__maxSellingDate_0 AND [s].[StartTime] > @__now_1
2026-05-27 19:42:12.093 +07:00 [INF] Executed DbCommand (2ms) [Parameters=[@__now_0='?' (DbType = DateTime2)], CommandType='"Text"', CommandTimeout='30']
SELECT [s].[ShowtimeID], [s].[EndTime], [s].[MovieID], [s].[RoomID], [s].[ShowtimeCode], [s].[StartTime], [s].[Status]
FROM [Showtimes] AS [s]
WHERE [s].[Status] IN (N'Đã lên lịch', N'Đang mở bán', N'Sap chieu') AND [s].[StartTime] <= @__now_0 AND [s].[EndTime] > @__now_0
2026-05-27 19:42:12.095 +07:00 [INF] Executed DbCommand (1ms) [Parameters=[@__now_0='?' (DbType = DateTime2)], CommandType='"Text"', CommandTimeout='30']
SELECT [s].[ShowtimeID], [s].[EndTime], [s].[MovieID], [s].[RoomID], [s].[ShowtimeCode], [s].[StartTime], [s].[Status]
FROM [Showtimes] AS [s]
WHERE [s].[Status] IN (N'Đã lên lịch', N'Đang mở bán', N'Đang chiếu', N'Sap chieu', N'Dang dien ra') AND [s].[EndTime] <= @__now_0
2026-05-27 19:42:12.097 +07:00 [INF] Executed DbCommand (2ms) [Parameters=[@__today_0='?' (DbType = Date)], CommandType='"Text"', CommandTimeout='30']
SELECT [m].[MovieID], [m].[Actors], [m].[Description], [m].[Director], [m].[Duration], [m].[Genre], [m].[MovieCode], [m].[Poster], [m].[ReleaseDate], [m].[Status], [m].[Title], [m].[Trailer]
FROM [Movies] AS [m]
WHERE [m].[Status] = N'Sap chieu' AND [m].[ReleaseDate] <= @__today_0
2026-05-27 19:43:12.107 +07:00 [INF] Executed DbCommand (4ms) [Parameters=[], CommandType='"Text"', CommandTimeout='30']
SELECT [o].[OrderID], [o].[CheckInTime], [o].[FinalAmount], [o].[HoldExpiryTime], [o].[OrderCode], [o].[PayOSTransID], [o].[PromoID], [o].[QrCode], [o].[ShowtimeID], [o].[Status], [o].[TotalAmount], [o].[UserID]
FROM [Orders] AS [o]
WHERE [o].[Status] = N'Chờ thanh toán' AND [o].[HoldExpiryTime] <= GETDATE()
2026-05-27 19:43:12.113 +07:00 [INF] Executed DbCommand (5ms) [Parameters=[@__maxSellingDate_0='?' (DbType = DateTime2), @__now_1='?' (DbType = DateTime2)], CommandType='"Text"', CommandTimeout='30']
SELECT [s].[ShowtimeID], [s].[EndTime], [s].[MovieID], [s].[RoomID], [s].[ShowtimeCode], [s].[StartTime], [s].[Status]
FROM [Showtimes] AS [s]
WHERE [s].[Status] IN (N'Đã lên lịch', N'Sap chieu') AND CONVERT(date, [s].[StartTime]) <= @__maxSellingDate_0 AND [s].[StartTime] > @__now_1
2026-05-27 19:43:12.118 +07:00 [INF] Executed DbCommand (4ms) [Parameters=[@__now_0='?' (DbType = DateTime2)], CommandType='"Text"', CommandTimeout='30']
SELECT [s].[ShowtimeID], [s].[EndTime], [s].[MovieID], [s].[RoomID], [s].[ShowtimeCode], [s].[StartTime], [s].[Status]
FROM [Showtimes] AS [s]
WHERE [s].[Status] IN (N'Đã lên lịch', N'Đang mở bán', N'Sap chieu') AND [s].[StartTime] <= @__now_0 AND [s].[EndTime] > @__now_0
2026-05-27 19:43:12.121 +07:00 [INF] Executed DbCommand (2ms) [Parameters=[@__now_0='?' (DbType = DateTime2)], CommandType='"Text"', CommandTimeout='30']
SELECT [s].[ShowtimeID], [s].[EndTime], [s].[MovieID], [s].[RoomID], [s].[ShowtimeCode], [s].[StartTime], [s].[Status]
FROM [Showtimes] AS [s]
WHERE [s].[Status] IN (N'Đã lên lịch', N'Đang mở bán', N'Đang chiếu', N'Sap chieu', N'Dang dien ra') AND [s].[EndTime] <= @__now_0
2026-05-27 19:43:12.126 +07:00 [INF] Executed DbCommand (3ms) [Parameters=[@__today_0='?' (DbType = Date)], CommandType='"Text"', CommandTimeout='30']
SELECT [m].[MovieID], [m].[Actors], [m].[Description], [m].[Director], [m].[Duration], [m].[Genre], [m].[MovieCode], [m].[Poster], [m].[ReleaseDate], [m].[Status], [m].[Title], [m].[Trailer]
FROM [Movies] AS [m]
WHERE [m].[Status] = N'Sap chieu' AND [m].[ReleaseDate] <= @__today_0
2026-05-27 19:44:12.144 +07:00 [INF] Executed DbCommand (3ms) [Parameters=[], CommandType='"Text"', CommandTimeout='30']
SELECT [o].[OrderID], [o].[CheckInTime], [o].[FinalAmount], [o].[HoldExpiryTime], [o].[OrderCode], [o].[PayOSTransID], [o].[PromoID], [o].[QrCode], [o].[ShowtimeID], [o].[Status], [o].[TotalAmount], [o].[UserID]
FROM [Orders] AS [o]
WHERE [o].[Status] = N'Chờ thanh toán' AND [o].[HoldExpiryTime] <= GETDATE()
2026-05-27 19:44:12.150 +07:00 [INF] Executed DbCommand (5ms) [Parameters=[@__maxSellingDate_0='?' (DbType = DateTime2), @__now_1='?' (DbType = DateTime2)], CommandType='"Text"', CommandTimeout='30']
SELECT [s].[ShowtimeID], [s].[EndTime], [s].[MovieID], [s].[RoomID], [s].[ShowtimeCode], [s].[StartTime], [s].[Status]
FROM [Showtimes] AS [s]
WHERE [s].[Status] IN (N'Đã lên lịch', N'Sap chieu') AND CONVERT(date, [s].[StartTime]) <= @__maxSellingDate_0 AND [s].[StartTime] > @__now_1
2026-05-27 19:44:12.153 +07:00 [INF] Executed DbCommand (2ms) [Parameters=[@__now_0='?' (DbType = DateTime2)], CommandType='"Text"', CommandTimeout='30']
SELECT [s].[ShowtimeID], [s].[EndTime], [s].[MovieID], [s].[RoomID], [s].[ShowtimeCode], [s].[StartTime], [s].[Status]
FROM [Showtimes] AS [s]
WHERE [s].[Status] IN (N'Đã lên lịch', N'Đang mở bán', N'Sap chieu') AND [s].[StartTime] <= @__now_0 AND [s].[EndTime] > @__now_0
2026-05-27 19:44:12.156 +07:00 [INF] Executed DbCommand (2ms) [Parameters=[@__now_0='?' (DbType = DateTime2)], CommandType='"Text"', CommandTimeout='30']
SELECT [s].[ShowtimeID], [s].[EndTime], [s].[MovieID], [s].[RoomID], [s].[ShowtimeCode], [s].[StartTime], [s].[Status]
FROM [Showtimes] AS [s]
WHERE [s].[Status] IN (N'Đã lên lịch', N'Đang mở bán', N'Đang chiếu', N'Sap chieu', N'Dang dien ra') AND [s].[EndTime] <= @__now_0
2026-05-27 19:44:12.161 +07:00 [INF] Executed DbCommand (4ms) [Parameters=[@__today_0='?' (DbType = Date)], CommandType='"Text"', CommandTimeout='30']
SELECT [m].[MovieID], [m].[Actors], [m].[Description], [m].[Director], [m].[Duration], [m].[Genre], [m].[MovieCode], [m].[Poster], [m].[ReleaseDate], [m].[Status], [m].[Title], [m].[Trailer]
FROM [Movies] AS [m]
WHERE [m].[Status] = N'Sap chieu' AND [m].[ReleaseDate] <= @__today_0
2026-05-27 19:45:12.167 +07:00 [INF] Executed DbCommand (1ms) [Parameters=[], CommandType='"Text"', CommandTimeout='30']
SELECT [o].[OrderID], [o].[CheckInTime], [o].[FinalAmount], [o].[HoldExpiryTime], [o].[OrderCode], [o].[PayOSTransID], [o].[PromoID], [o].[QrCode], [o].[ShowtimeID], [o].[Status], [o].[TotalAmount], [o].[UserID]
FROM [Orders] AS [o]
WHERE [o].[Status] = N'Chờ thanh toán' AND [o].[HoldExpiryTime] <= GETDATE()
2026-05-27 19:45:12.174 +07:00 [INF] Executed DbCommand (1ms) [Parameters=[@__maxSellingDate_0='?' (DbType = DateTime2), @__now_1='?' (DbType = DateTime2)], CommandType='"Text"', CommandTimeout='30']
SELECT [s].[ShowtimeID], [s].[EndTime], [s].[MovieID], [s].[RoomID], [s].[ShowtimeCode], [s].[StartTime], [s].[Status]
FROM [Showtimes] AS [s]
WHERE [s].[Status] IN (N'Đã lên lịch', N'Sap chieu') AND CONVERT(date, [s].[StartTime]) <= @__maxSellingDate_0 AND [s].[StartTime] > @__now_1
2026-05-27 19:45:12.176 +07:00 [INF] Executed DbCommand (1ms) [Parameters=[@__now_0='?' (DbType = DateTime2)], CommandType='"Text"', CommandTimeout='30']
SELECT [s].[ShowtimeID], [s].[EndTime], [s].[MovieID], [s].[RoomID], [s].[ShowtimeCode], [s].[StartTime], [s].[Status]
FROM [Showtimes] AS [s]
WHERE [s].[Status] IN (N'Đã lên lịch', N'Đang mở bán', N'Sap chieu') AND [s].[StartTime] <= @__now_0 AND [s].[EndTime] > @__now_0
2026-05-27 19:45:12.177 +07:00 [INF] Executed DbCommand (0ms) [Parameters=[@__now_0='?' (DbType = DateTime2)], CommandType='"Text"', CommandTimeout='30']
SELECT [s].[ShowtimeID], [s].[EndTime], [s].[MovieID], [s].[RoomID], [s].[ShowtimeCode], [s].[StartTime], [s].[Status]
FROM [Showtimes] AS [s]
WHERE [s].[Status] IN (N'Đã lên lịch', N'Đang mở bán', N'Đang chiếu', N'Sap chieu', N'Dang dien ra') AND [s].[EndTime] <= @__now_0
2026-05-27 19:45:12.179 +07:00 [INF] Executed DbCommand (0ms) [Parameters=[@__today_0='?' (DbType = Date)], CommandType='"Text"', CommandTimeout='30']
SELECT [m].[MovieID], [m].[Actors], [m].[Description], [m].[Director], [m].[Duration], [m].[Genre], [m].[MovieCode], [m].[Poster], [m].[ReleaseDate], [m].[Status], [m].[Title], [m].[Trailer]
FROM [Movies] AS [m]
WHERE [m].[Status] = N'Sap chieu' AND [m].[ReleaseDate] <= @__today_0
2026-05-27 19:46:12.197 +07:00 [INF] Executed DbCommand (4ms) [Parameters=[], CommandType='"Text"', CommandTimeout='30']
SELECT [o].[OrderID], [o].[CheckInTime], [o].[FinalAmount], [o].[HoldExpiryTime], [o].[OrderCode], [o].[PayOSTransID], [o].[PromoID], [o].[QrCode], [o].[ShowtimeID], [o].[Status], [o].[TotalAmount], [o].[UserID]
FROM [Orders] AS [o]
WHERE [o].[Status] = N'Chờ thanh toán' AND [o].[HoldExpiryTime] <= GETDATE()
2026-05-27 19:46:12.202 +07:00 [INF] Executed DbCommand (4ms) [Parameters=[@__maxSellingDate_0='?' (DbType = DateTime2), @__now_1='?' (DbType = DateTime2)], CommandType='"Text"', CommandTimeout='30']
SELECT [s].[ShowtimeID], [s].[EndTime], [s].[MovieID], [s].[RoomID], [s].[ShowtimeCode], [s].[StartTime], [s].[Status]
FROM [Showtimes] AS [s]
WHERE [s].[Status] IN (N'Đã lên lịch', N'Sap chieu') AND CONVERT(date, [s].[StartTime]) <= @__maxSellingDate_0 AND [s].[StartTime] > @__now_1
2026-05-27 19:46:12.205 +07:00 [INF] Executed DbCommand (2ms) [Parameters=[@__now_0='?' (DbType = DateTime2)], CommandType='"Text"', CommandTimeout='30']
SELECT [s].[ShowtimeID], [s].[EndTime], [s].[MovieID], [s].[RoomID], [s].[ShowtimeCode], [s].[StartTime], [s].[Status]
FROM [Showtimes] AS [s]
WHERE [s].[Status] IN (N'Đã lên lịch', N'Đang mở bán', N'Sap chieu') AND [s].[StartTime] <= @__now_0 AND [s].[EndTime] > @__now_0
2026-05-27 19:46:12.207 +07:00 [INF] Executed DbCommand (1ms) [Parameters=[@__now_0='?' (DbType = DateTime2)], CommandType='"Text"', CommandTimeout='30']
SELECT [s].[ShowtimeID], [s].[EndTime], [s].[MovieID], [s].[RoomID], [s].[ShowtimeCode], [s].[StartTime], [s].[Status]
FROM [Showtimes] AS [s]
WHERE [s].[Status] IN (N'Đã lên lịch', N'Đang mở bán', N'Đang chiếu', N'Sap chieu', N'Dang dien ra') AND [s].[EndTime] <= @__now_0
2026-05-27 19:46:12.209 +07:00 [INF] Executed DbCommand (2ms) [Parameters=[@__today_0='?' (DbType = Date)], CommandType='"Text"', CommandTimeout='30']
SELECT [m].[MovieID], [m].[Actors], [m].[Description], [m].[Director], [m].[Duration], [m].[Genre], [m].[MovieCode], [m].[Poster], [m].[ReleaseDate], [m].[Status], [m].[Title], [m].[Trailer]
FROM [Movies] AS [m]
WHERE [m].[Status] = N'Sap chieu' AND [m].[ReleaseDate] <= @__today_0
2026-05-27 19:47:12.225 +07:00 [INF] Executed DbCommand (4ms) [Parameters=[], CommandType='"Text"', CommandTimeout='30']
SELECT [o].[OrderID], [o].[CheckInTime], [o].[FinalAmount], [o].[HoldExpiryTime], [o].[OrderCode], [o].[PayOSTransID], [o].[PromoID], [o].[QrCode], [o].[ShowtimeID], [o].[Status], [o].[TotalAmount], [o].[UserID]
FROM [Orders] AS [o]
WHERE [o].[Status] = N'Chờ thanh toán' AND [o].[HoldExpiryTime] <= GETDATE()
2026-05-27 19:47:12.231 +07:00 [INF] Executed DbCommand (5ms) [Parameters=[@__maxSellingDate_0='?' (DbType = DateTime2), @__now_1='?' (DbType = DateTime2)], CommandType='"Text"', CommandTimeout='30']
SELECT [s].[ShowtimeID], [s].[EndTime], [s].[MovieID], [s].[RoomID], [s].[ShowtimeCode], [s].[StartTime], [s].[Status]
FROM [Showtimes] AS [s]
WHERE [s].[Status] IN (N'Đã lên lịch', N'Sap chieu') AND CONVERT(date, [s].[StartTime]) <= @__maxSellingDate_0 AND [s].[StartTime] > @__now_1
2026-05-27 19:47:12.236 +07:00 [INF] Executed DbCommand (4ms) [Parameters=[@__now_0='?' (DbType = DateTime2)], CommandType='"Text"', CommandTimeout='30']
SELECT [s].[ShowtimeID], [s].[EndTime], [s].[MovieID], [s].[RoomID], [s].[ShowtimeCode], [s].[StartTime], [s].[Status]
FROM [Showtimes] AS [s]
WHERE [s].[Status] IN (N'Đã lên lịch', N'Đang mở bán', N'Sap chieu') AND [s].[StartTime] <= @__now_0 AND [s].[EndTime] > @__now_0
2026-05-27 19:47:12.240 +07:00 [INF] Executed DbCommand (3ms) [Parameters=[@__now_0='?' (DbType = DateTime2)], CommandType='"Text"', CommandTimeout='30']
SELECT [s].[ShowtimeID], [s].[EndTime], [s].[MovieID], [s].[RoomID], [s].[ShowtimeCode], [s].[StartTime], [s].[Status]
FROM [Showtimes] AS [s]
WHERE [s].[Status] IN (N'Đã lên lịch', N'Đang mở bán', N'Đang chiếu', N'Sap chieu', N'Dang dien ra') AND [s].[EndTime] <= @__now_0
2026-05-27 19:47:12.244 +07:00 [INF] Executed DbCommand (3ms) [Parameters=[@__today_0='?' (DbType = Date)], CommandType='"Text"', CommandTimeout='30']
SELECT [m].[MovieID], [m].[Actors], [m].[Description], [m].[Director], [m].[Duration], [m].[Genre], [m].[MovieCode], [m].[Poster], [m].[ReleaseDate], [m].[Status], [m].[Title], [m].[Trailer]
FROM [Movies] AS [m]
WHERE [m].[Status] = N'Sap chieu' AND [m].[ReleaseDate] <= @__today_0
2026-05-27 19:48:12.255 +07:00 [INF] Executed DbCommand (4ms) [Parameters=[], CommandType='"Text"', CommandTimeout='30']
SELECT [o].[OrderID], [o].[CheckInTime], [o].[FinalAmount], [o].[HoldExpiryTime], [o].[OrderCode], [o].[PayOSTransID], [o].[PromoID], [o].[QrCode], [o].[ShowtimeID], [o].[Status], [o].[TotalAmount], [o].[UserID]
FROM [Orders] AS [o]
WHERE [o].[Status] = N'Chờ thanh toán' AND [o].[HoldExpiryTime] <= GETDATE()
2026-05-27 19:48:12.261 +07:00 [INF] Executed DbCommand (4ms) [Parameters=[@__maxSellingDate_0='?' (DbType = DateTime2), @__now_1='?' (DbType = DateTime2)], CommandType='"Text"', CommandTimeout='30']
SELECT [s].[ShowtimeID], [s].[EndTime], [s].[MovieID], [s].[RoomID], [s].[ShowtimeCode], [s].[StartTime], [s].[Status]
FROM [Showtimes] AS [s]
WHERE [s].[Status] IN (N'Đã lên lịch', N'Sap chieu') AND CONVERT(date, [s].[StartTime]) <= @__maxSellingDate_0 AND [s].[StartTime] > @__now_1
2026-05-27 19:48:12.265 +07:00 [INF] Executed DbCommand (4ms) [Parameters=[@__now_0='?' (DbType = DateTime2)], CommandType='"Text"', CommandTimeout='30']
SELECT [s].[ShowtimeID], [s].[EndTime], [s].[MovieID], [s].[RoomID], [s].[ShowtimeCode], [s].[StartTime], [s].[Status]
FROM [Showtimes] AS [s]
WHERE [s].[Status] IN (N'Đã lên lịch', N'Đang mở bán', N'Sap chieu') AND [s].[StartTime] <= @__now_0 AND [s].[EndTime] > @__now_0
2026-05-27 19:48:12.270 +07:00 [INF] Executed DbCommand (4ms) [Parameters=[@__now_0='?' (DbType = DateTime2)], CommandType='"Text"', CommandTimeout='30']
SELECT [s].[ShowtimeID], [s].[EndTime], [s].[MovieID], [s].[RoomID], [s].[ShowtimeCode], [s].[StartTime], [s].[Status]
FROM [Showtimes] AS [s]
WHERE [s].[Status] IN (N'Đã lên lịch', N'Đang mở bán', N'Đang chiếu', N'Sap chieu', N'Dang dien ra') AND [s].[EndTime] <= @__now_0
2026-05-27 19:48:12.275 +07:00 [INF] Executed DbCommand (3ms) [Parameters=[@__today_0='?' (DbType = Date)], CommandType='"Text"', CommandTimeout='30']
SELECT [m].[MovieID], [m].[Actors], [m].[Description], [m].[Director], [m].[Duration], [m].[Genre], [m].[MovieCode], [m].[Poster], [m].[ReleaseDate], [m].[Status], [m].[Title], [m].[Trailer]
FROM [Movies] AS [m]
WHERE [m].[Status] = N'Sap chieu' AND [m].[ReleaseDate] <= @__today_0
2026-05-27 19:49:12.280 +07:00 [INF] Executed DbCommand (3ms) [Parameters=[], CommandType='"Text"', CommandTimeout='30']
SELECT [o].[OrderID], [o].[CheckInTime], [o].[FinalAmount], [o].[HoldExpiryTime], [o].[OrderCode], [o].[PayOSTransID], [o].[PromoID], [o].[QrCode], [o].[ShowtimeID], [o].[Status], [o].[TotalAmount], [o].[UserID]
FROM [Orders] AS [o]
WHERE [o].[Status] = N'Chờ thanh toán' AND [o].[HoldExpiryTime] <= GETDATE()
2026-05-27 19:49:12.285 +07:00 [INF] Executed DbCommand (4ms) [Parameters=[@__maxSellingDate_0='?' (DbType = DateTime2), @__now_1='?' (DbType = DateTime2)], CommandType='"Text"', CommandTimeout='30']
SELECT [s].[ShowtimeID], [s].[EndTime], [s].[MovieID], [s].[RoomID], [s].[ShowtimeCode], [s].[StartTime], [s].[Status]
FROM [Showtimes] AS [s]
WHERE [s].[Status] IN (N'Đã lên lịch', N'Sap chieu') AND CONVERT(date, [s].[StartTime]) <= @__maxSellingDate_0 AND [s].[StartTime] > @__now_1
2026-05-27 19:49:12.287 +07:00 [INF] Executed DbCommand (2ms) [Parameters=[@__now_0='?' (DbType = DateTime2)], CommandType='"Text"', CommandTimeout='30']
SELECT [s].[ShowtimeID], [s].[EndTime], [s].[MovieID], [s].[RoomID], [s].[ShowtimeCode], [s].[StartTime], [s].[Status]
FROM [Showtimes] AS [s]
WHERE [s].[Status] IN (N'Đã lên lịch', N'Đang mở bán', N'Sap chieu') AND [s].[StartTime] <= @__now_0 AND [s].[EndTime] > @__now_0
2026-05-27 19:49:12.290 +07:00 [INF] Executed DbCommand (2ms) [Parameters=[@__now_0='?' (DbType = DateTime2)], CommandType='"Text"', CommandTimeout='30']
SELECT [s].[ShowtimeID], [s].[EndTime], [s].[MovieID], [s].[RoomID], [s].[ShowtimeCode], [s].[StartTime], [s].[Status]
FROM [Showtimes] AS [s]
WHERE [s].[Status] IN (N'Đã lên lịch', N'Đang mở bán', N'Đang chiếu', N'Sap chieu', N'Dang dien ra') AND [s].[EndTime] <= @__now_0
2026-05-27 19:49:12.294 +07:00 [INF] Executed DbCommand (3ms) [Parameters=[@__today_0='?' (DbType = Date)], CommandType='"Text"', CommandTimeout='30']
SELECT [m].[MovieID], [m].[Actors], [m].[Description], [m].[Director], [m].[Duration], [m].[Genre], [m].[MovieCode], [m].[Poster], [m].[ReleaseDate], [m].[Status], [m].[Title], [m].[Trailer]
FROM [Movies] AS [m]
WHERE [m].[Status] = N'Sap chieu' AND [m].[ReleaseDate] <= @__today_0
2026-05-27 19:50:12.310 +07:00 [INF] Executed DbCommand (3ms) [Parameters=[], CommandType='"Text"', CommandTimeout='30']
SELECT [o].[OrderID], [o].[CheckInTime], [o].[FinalAmount], [o].[HoldExpiryTime], [o].[OrderCode], [o].[PayOSTransID], [o].[PromoID], [o].[QrCode], [o].[ShowtimeID], [o].[Status], [o].[TotalAmount], [o].[UserID]
FROM [Orders] AS [o]
WHERE [o].[Status] = N'Chờ thanh toán' AND [o].[HoldExpiryTime] <= GETDATE()
2026-05-27 19:50:12.314 +07:00 [INF] Executed DbCommand (4ms) [Parameters=[@__maxSellingDate_0='?' (DbType = DateTime2), @__now_1='?' (DbType = DateTime2)], CommandType='"Text"', CommandTimeout='30']
SELECT [s].[ShowtimeID], [s].[EndTime], [s].[MovieID], [s].[RoomID], [s].[ShowtimeCode], [s].[StartTime], [s].[Status]
FROM [Showtimes] AS [s]
WHERE [s].[Status] IN (N'Đã lên lịch', N'Sap chieu') AND CONVERT(date, [s].[StartTime]) <= @__maxSellingDate_0 AND [s].[StartTime] > @__now_1
2026-05-27 19:50:12.317 +07:00 [INF] Executed DbCommand (2ms) [Parameters=[@__now_0='?' (DbType = DateTime2)], CommandType='"Text"', CommandTimeout='30']
SELECT [s].[ShowtimeID], [s].[EndTime], [s].[MovieID], [s].[RoomID], [s].[ShowtimeCode], [s].[StartTime], [s].[Status]
FROM [Showtimes] AS [s]
WHERE [s].[Status] IN (N'Đã lên lịch', N'Đang mở bán', N'Sap chieu') AND [s].[StartTime] <= @__now_0 AND [s].[EndTime] > @__now_0
2026-05-27 19:50:12.319 +07:00 [INF] Executed DbCommand (1ms) [Parameters=[@__now_0='?' (DbType = DateTime2)], CommandType='"Text"', CommandTimeout='30']
SELECT [s].[ShowtimeID], [s].[EndTime], [s].[MovieID], [s].[RoomID], [s].[ShowtimeCode], [s].[StartTime], [s].[Status]
FROM [Showtimes] AS [s]
WHERE [s].[Status] IN (N'Đã lên lịch', N'Đang mở bán', N'Đang chiếu', N'Sap chieu', N'Dang dien ra') AND [s].[EndTime] <= @__now_0
2026-05-27 19:50:12.321 +07:00 [INF] Executed DbCommand (2ms) [Parameters=[@__today_0='?' (DbType = Date)], CommandType='"Text"', CommandTimeout='30']
SELECT [m].[MovieID], [m].[Actors], [m].[Description], [m].[Director], [m].[Duration], [m].[Genre], [m].[MovieCode], [m].[Poster], [m].[ReleaseDate], [m].[Status], [m].[Title], [m].[Trailer]
FROM [Movies] AS [m]
WHERE [m].[Status] = N'Sap chieu' AND [m].[ReleaseDate] <= @__today_0
2026-05-27 19:51:12.344 +07:00 [INF] Executed DbCommand (5ms) [Parameters=[], CommandType='"Text"', CommandTimeout='30']
SELECT [o].[OrderID], [o].[CheckInTime], [o].[FinalAmount], [o].[HoldExpiryTime], [o].[OrderCode], [o].[PayOSTransID], [o].[PromoID], [o].[QrCode], [o].[ShowtimeID], [o].[Status], [o].[TotalAmount], [o].[UserID]
FROM [Orders] AS [o]
WHERE [o].[Status] = N'Chờ thanh toán' AND [o].[HoldExpiryTime] <= GETDATE()
2026-05-27 19:51:12.349 +07:00 [INF] Executed DbCommand (4ms) [Parameters=[@__maxSellingDate_0='?' (DbType = DateTime2), @__now_1='?' (DbType = DateTime2)], CommandType='"Text"', CommandTimeout='30']
SELECT [s].[ShowtimeID], [s].[EndTime], [s].[MovieID], [s].[RoomID], [s].[ShowtimeCode], [s].[StartTime], [s].[Status]
FROM [Showtimes] AS [s]
WHERE [s].[Status] IN (N'Đã lên lịch', N'Sap chieu') AND CONVERT(date, [s].[StartTime]) <= @__maxSellingDate_0 AND [s].[StartTime] > @__now_1
2026-05-27 19:51:12.352 +07:00 [INF] Executed DbCommand (2ms) [Parameters=[@__now_0='?' (DbType = DateTime2)], CommandType='"Text"', CommandTimeout='30']
SELECT [s].[ShowtimeID], [s].[EndTime], [s].[MovieID], [s].[RoomID], [s].[ShowtimeCode], [s].[StartTime], [s].[Status]
FROM [Showtimes] AS [s]
WHERE [s].[Status] IN (N'Đã lên lịch', N'Đang mở bán', N'Sap chieu') AND [s].[StartTime] <= @__now_0 AND [s].[EndTime] > @__now_0
2026-05-27 19:51:12.355 +07:00 [INF] Executed DbCommand (3ms) [Parameters=[@__now_0='?' (DbType = DateTime2)], CommandType='"Text"', CommandTimeout='30']
SELECT [s].[ShowtimeID], [s].[EndTime], [s].[MovieID], [s].[RoomID], [s].[ShowtimeCode], [s].[StartTime], [s].[Status]
FROM [Showtimes] AS [s]
WHERE [s].[Status] IN (N'Đã lên lịch', N'Đang mở bán', N'Đang chiếu', N'Sap chieu', N'Dang dien ra') AND [s].[EndTime] <= @__now_0
2026-05-27 19:51:12.359 +07:00 [INF] Executed DbCommand (2ms) [Parameters=[@__today_0='?' (DbType = Date)], CommandType='"Text"', CommandTimeout='30']
SELECT [m].[MovieID], [m].[Actors], [m].[Description], [m].[Director], [m].[Duration], [m].[Genre], [m].[MovieCode], [m].[Poster], [m].[ReleaseDate], [m].[Status], [m].[Title], [m].[Trailer]
FROM [Movies] AS [m]
WHERE [m].[Status] = N'Sap chieu' AND [m].[ReleaseDate] <= @__today_0
2026-05-27 19:52:12.373 +07:00 [INF] Executed DbCommand (2ms) [Parameters=[], CommandType='"Text"', CommandTimeout='30']
SELECT [o].[OrderID], [o].[CheckInTime], [o].[FinalAmount], [o].[HoldExpiryTime], [o].[OrderCode], [o].[PayOSTransID], [o].[PromoID], [o].[QrCode], [o].[ShowtimeID], [o].[Status], [o].[TotalAmount], [o].[UserID]
FROM [Orders] AS [o]
WHERE [o].[Status] = N'Chờ thanh toán' AND [o].[HoldExpiryTime] <= GETDATE()
2026-05-27 19:52:12.376 +07:00 [INF] Executed DbCommand (2ms) [Parameters=[@__maxSellingDate_0='?' (DbType = DateTime2), @__now_1='?' (DbType = DateTime2)], CommandType='"Text"', CommandTimeout='30']
SELECT [s].[ShowtimeID], [s].[EndTime], [s].[MovieID], [s].[RoomID], [s].[ShowtimeCode], [s].[StartTime], [s].[Status]
FROM [Showtimes] AS [s]
WHERE [s].[Status] IN (N'Đã lên lịch', N'Sap chieu') AND CONVERT(date, [s].[StartTime]) <= @__maxSellingDate_0 AND [s].[StartTime] > @__now_1
2026-05-27 19:52:12.379 +07:00 [INF] Executed DbCommand (2ms) [Parameters=[@__now_0='?' (DbType = DateTime2)], CommandType='"Text"', CommandTimeout='30']
SELECT [s].[ShowtimeID], [s].[EndTime], [s].[MovieID], [s].[RoomID], [s].[ShowtimeCode], [s].[StartTime], [s].[Status]
FROM [Showtimes] AS [s]
WHERE [s].[Status] IN (N'Đã lên lịch', N'Đang mở bán', N'Sap chieu') AND [s].[StartTime] <= @__now_0 AND [s].[EndTime] > @__now_0
2026-05-27 19:52:12.382 +07:00 [INF] Executed DbCommand (3ms) [Parameters=[@__now_0='?' (DbType = DateTime2)], CommandType='"Text"', CommandTimeout='30']
SELECT [s].[ShowtimeID], [s].[EndTime], [s].[MovieID], [s].[RoomID], [s].[ShowtimeCode], [s].[StartTime], [s].[Status]
FROM [Showtimes] AS [s]
WHERE [s].[Status] IN (N'Đã lên lịch', N'Đang mở bán', N'Đang chiếu', N'Sap chieu', N'Dang dien ra') AND [s].[EndTime] <= @__now_0
2026-05-27 19:52:12.385 +07:00 [INF] Executed DbCommand (2ms) [Parameters=[@__today_0='?' (DbType = Date)], CommandType='"Text"', CommandTimeout='30']
SELECT [m].[MovieID], [m].[Actors], [m].[Description], [m].[Director], [m].[Duration], [m].[Genre], [m].[MovieCode], [m].[Poster], [m].[ReleaseDate], [m].[Status], [m].[Title], [m].[Trailer]
FROM [Movies] AS [m]
WHERE [m].[Status] = N'Sap chieu' AND [m].[ReleaseDate] <= @__today_0
2026-05-27 19:53:12.394 +07:00 [INF] Executed DbCommand (3ms) [Parameters=[], CommandType='"Text"', CommandTimeout='30']
SELECT [o].[OrderID], [o].[CheckInTime], [o].[FinalAmount], [o].[HoldExpiryTime], [o].[OrderCode], [o].[PayOSTransID], [o].[PromoID], [o].[QrCode], [o].[ShowtimeID], [o].[Status], [o].[TotalAmount], [o].[UserID]
FROM [Orders] AS [o]
WHERE [o].[Status] = N'Chờ thanh toán' AND [o].[HoldExpiryTime] <= GETDATE()
2026-05-27 19:53:12.398 +07:00 [INF] Executed DbCommand (3ms) [Parameters=[@__maxSellingDate_0='?' (DbType = DateTime2), @__now_1='?' (DbType = DateTime2)], CommandType='"Text"', CommandTimeout='30']
SELECT [s].[ShowtimeID], [s].[EndTime], [s].[MovieID], [s].[RoomID], [s].[ShowtimeCode], [s].[StartTime], [s].[Status]
FROM [Showtimes] AS [s]
WHERE [s].[Status] IN (N'Đã lên lịch', N'Sap chieu') AND CONVERT(date, [s].[StartTime]) <= @__maxSellingDate_0 AND [s].[StartTime] > @__now_1
2026-05-27 19:53:12.400 +07:00 [INF] Executed DbCommand (2ms) [Parameters=[@__now_0='?' (DbType = DateTime2)], CommandType='"Text"', CommandTimeout='30']
SELECT [s].[ShowtimeID], [s].[EndTime], [s].[MovieID], [s].[RoomID], [s].[ShowtimeCode], [s].[StartTime], [s].[Status]
FROM [Showtimes] AS [s]
WHERE [s].[Status] IN (N'Đã lên lịch', N'Đang mở bán', N'Sap chieu') AND [s].[StartTime] <= @__now_0 AND [s].[EndTime] > @__now_0
2026-05-27 19:53:12.402 +07:00 [INF] Executed DbCommand (1ms) [Parameters=[@__now_0='?' (DbType = DateTime2)], CommandType='"Text"', CommandTimeout='30']
SELECT [s].[ShowtimeID], [s].[EndTime], [s].[MovieID], [s].[RoomID], [s].[ShowtimeCode], [s].[StartTime], [s].[Status]
FROM [Showtimes] AS [s]
WHERE [s].[Status] IN (N'Đã lên lịch', N'Đang mở bán', N'Đang chiếu', N'Sap chieu', N'Dang dien ra') AND [s].[EndTime] <= @__now_0
2026-05-27 19:53:12.404 +07:00 [INF] Executed DbCommand (1ms) [Parameters=[@__today_0='?' (DbType = Date)], CommandType='"Text"', CommandTimeout='30']
SELECT [m].[MovieID], [m].[Actors], [m].[Description], [m].[Director], [m].[Duration], [m].[Genre], [m].[MovieCode], [m].[Poster], [m].[ReleaseDate], [m].[Status], [m].[Title], [m].[Trailer]
FROM [Movies] AS [m]
WHERE [m].[Status] = N'Sap chieu' AND [m].[ReleaseDate] <= @__today_0
2026-05-27 19:54:12.412 +07:00 [INF] Executed DbCommand (2ms) [Parameters=[], CommandType='"Text"', CommandTimeout='30']
SELECT [o].[OrderID], [o].[CheckInTime], [o].[FinalAmount], [o].[HoldExpiryTime], [o].[OrderCode], [o].[PayOSTransID], [o].[PromoID], [o].[QrCode], [o].[ShowtimeID], [o].[Status], [o].[TotalAmount], [o].[UserID]
FROM [Orders] AS [o]
WHERE [o].[Status] = N'Chờ thanh toán' AND [o].[HoldExpiryTime] <= GETDATE()
2026-05-27 19:54:12.416 +07:00 [INF] Executed DbCommand (2ms) [Parameters=[@__maxSellingDate_0='?' (DbType = DateTime2), @__now_1='?' (DbType = DateTime2)], CommandType='"Text"', CommandTimeout='30']
SELECT [s].[ShowtimeID], [s].[EndTime], [s].[MovieID], [s].[RoomID], [s].[ShowtimeCode], [s].[StartTime], [s].[Status]
FROM [Showtimes] AS [s]
WHERE [s].[Status] IN (N'Đã lên lịch', N'Sap chieu') AND CONVERT(date, [s].[StartTime]) <= @__maxSellingDate_0 AND [s].[StartTime] > @__now_1
2026-05-27 19:54:12.418 +07:00 [INF] Executed DbCommand (2ms) [Parameters=[@__now_0='?' (DbType = DateTime2)], CommandType='"Text"', CommandTimeout='30']
SELECT [s].[ShowtimeID], [s].[EndTime], [s].[MovieID], [s].[RoomID], [s].[ShowtimeCode], [s].[StartTime], [s].[Status]
FROM [Showtimes] AS [s]
WHERE [s].[Status] IN (N'Đã lên lịch', N'Đang mở bán', N'Sap chieu') AND [s].[StartTime] <= @__now_0 AND [s].[EndTime] > @__now_0
2026-05-27 19:54:12.424 +07:00 [INF] Executed DbCommand (4ms) [Parameters=[@__now_0='?' (DbType = DateTime2)], CommandType='"Text"', CommandTimeout='30']
SELECT [s].[ShowtimeID], [s].[EndTime], [s].[MovieID], [s].[RoomID], [s].[ShowtimeCode], [s].[StartTime], [s].[Status]
FROM [Showtimes] AS [s]
WHERE [s].[Status] IN (N'Đã lên lịch', N'Đang mở bán', N'Đang chiếu', N'Sap chieu', N'Dang dien ra') AND [s].[EndTime] <= @__now_0
2026-05-27 19:54:12.428 +07:00 [INF] Executed DbCommand (2ms) [Parameters=[@__today_0='?' (DbType = Date)], CommandType='"Text"', CommandTimeout='30']
SELECT [m].[MovieID], [m].[Actors], [m].[Description], [m].[Director], [m].[Duration], [m].[Genre], [m].[MovieCode], [m].[Poster], [m].[ReleaseDate], [m].[Status], [m].[Title], [m].[Trailer]
FROM [Movies] AS [m]
WHERE [m].[Status] = N'Sap chieu' AND [m].[ReleaseDate] <= @__today_0
2026-05-27 19:55:12.439 +07:00 [INF] Executed DbCommand (3ms) [Parameters=[], CommandType='"Text"', CommandTimeout='30']
SELECT [o].[OrderID], [o].[CheckInTime], [o].[FinalAmount], [o].[HoldExpiryTime], [o].[OrderCode], [o].[PayOSTransID], [o].[PromoID], [o].[QrCode], [o].[ShowtimeID], [o].[Status], [o].[TotalAmount], [o].[UserID]
FROM [Orders] AS [o]
WHERE [o].[Status] = N'Chờ thanh toán' AND [o].[HoldExpiryTime] <= GETDATE()
2026-05-27 19:55:12.444 +07:00 [INF] Executed DbCommand (3ms) [Parameters=[@__maxSellingDate_0='?' (DbType = DateTime2), @__now_1='?' (DbType = DateTime2)], CommandType='"Text"', CommandTimeout='30']
SELECT [s].[ShowtimeID], [s].[EndTime], [s].[MovieID], [s].[RoomID], [s].[ShowtimeCode], [s].[StartTime], [s].[Status]
FROM [Showtimes] AS [s]
WHERE [s].[Status] IN (N'Đã lên lịch', N'Sap chieu') AND CONVERT(date, [s].[StartTime]) <= @__maxSellingDate_0 AND [s].[StartTime] > @__now_1
2026-05-27 19:55:12.446 +07:00 [INF] Executed DbCommand (2ms) [Parameters=[@__now_0='?' (DbType = DateTime2)], CommandType='"Text"', CommandTimeout='30']
SELECT [s].[ShowtimeID], [s].[EndTime], [s].[MovieID], [s].[RoomID], [s].[ShowtimeCode], [s].[StartTime], [s].[Status]
FROM [Showtimes] AS [s]
WHERE [s].[Status] IN (N'Đã lên lịch', N'Đang mở bán', N'Sap chieu') AND [s].[StartTime] <= @__now_0 AND [s].[EndTime] > @__now_0
2026-05-27 19:55:12.449 +07:00 [INF] Executed DbCommand (2ms) [Parameters=[@__now_0='?' (DbType = DateTime2)], CommandType='"Text"', CommandTimeout='30']
SELECT [s].[ShowtimeID], [s].[EndTime], [s].[MovieID], [s].[RoomID], [s].[ShowtimeCode], [s].[StartTime], [s].[Status]
FROM [Showtimes] AS [s]
WHERE [s].[Status] IN (N'Đã lên lịch', N'Đang mở bán', N'Đang chiếu', N'Sap chieu', N'Dang dien ra') AND [s].[EndTime] <= @__now_0
2026-05-27 19:55:12.452 +07:00 [INF] Executed DbCommand (1ms) [Parameters=[@__today_0='?' (DbType = Date)], CommandType='"Text"', CommandTimeout='30']
SELECT [m].[MovieID], [m].[Actors], [m].[Description], [m].[Director], [m].[Duration], [m].[Genre], [m].[MovieCode], [m].[Poster], [m].[ReleaseDate], [m].[Status], [m].[Title], [m].[Trailer]
FROM [Movies] AS [m]
WHERE [m].[Status] = N'Sap chieu' AND [m].[ReleaseDate] <= @__today_0
2026-05-27 19:56:12.471 +07:00 [INF] Executed DbCommand (3ms) [Parameters=[], CommandType='"Text"', CommandTimeout='30']
SELECT [o].[OrderID], [o].[CheckInTime], [o].[FinalAmount], [o].[HoldExpiryTime], [o].[OrderCode], [o].[PayOSTransID], [o].[PromoID], [o].[QrCode], [o].[ShowtimeID], [o].[Status], [o].[TotalAmount], [o].[UserID]
FROM [Orders] AS [o]
WHERE [o].[Status] = N'Chờ thanh toán' AND [o].[HoldExpiryTime] <= GETDATE()
2026-05-27 19:56:12.476 +07:00 [INF] Executed DbCommand (4ms) [Parameters=[@__maxSellingDate_0='?' (DbType = DateTime2), @__now_1='?' (DbType = DateTime2)], CommandType='"Text"', CommandTimeout='30']
SELECT [s].[ShowtimeID], [s].[EndTime], [s].[MovieID], [s].[RoomID], [s].[ShowtimeCode], [s].[StartTime], [s].[Status]
FROM [Showtimes] AS [s]
WHERE [s].[Status] IN (N'Đã lên lịch', N'Sap chieu') AND CONVERT(date, [s].[StartTime]) <= @__maxSellingDate_0 AND [s].[StartTime] > @__now_1
2026-05-27 19:56:12.479 +07:00 [INF] Executed DbCommand (2ms) [Parameters=[@__now_0='?' (DbType = DateTime2)], CommandType='"Text"', CommandTimeout='30']
SELECT [s].[ShowtimeID], [s].[EndTime], [s].[MovieID], [s].[RoomID], [s].[ShowtimeCode], [s].[StartTime], [s].[Status]
FROM [Showtimes] AS [s]
WHERE [s].[Status] IN (N'Đã lên lịch', N'Đang mở bán', N'Sap chieu') AND [s].[StartTime] <= @__now_0 AND [s].[EndTime] > @__now_0
2026-05-27 19:56:12.482 +07:00 [INF] Executed DbCommand (2ms) [Parameters=[@__now_0='?' (DbType = DateTime2)], CommandType='"Text"', CommandTimeout='30']
SELECT [s].[ShowtimeID], [s].[EndTime], [s].[MovieID], [s].[RoomID], [s].[ShowtimeCode], [s].[StartTime], [s].[Status]
FROM [Showtimes] AS [s]
WHERE [s].[Status] IN (N'Đã lên lịch', N'Đang mở bán', N'Đang chiếu', N'Sap chieu', N'Dang dien ra') AND [s].[EndTime] <= @__now_0
2026-05-27 19:56:12.486 +07:00 [INF] Executed DbCommand (3ms) [Parameters=[@__today_0='?' (DbType = Date)], CommandType='"Text"', CommandTimeout='30']
SELECT [m].[MovieID], [m].[Actors], [m].[Description], [m].[Director], [m].[Duration], [m].[Genre], [m].[MovieCode], [m].[Poster], [m].[ReleaseDate], [m].[Status], [m].[Title], [m].[Trailer]
FROM [Movies] AS [m]
WHERE [m].[Status] = N'Sap chieu' AND [m].[ReleaseDate] <= @__today_0
2026-05-27 19:57:12.490 +07:00 [INF] Executed DbCommand (3ms) [Parameters=[], CommandType='"Text"', CommandTimeout='30']
SELECT [o].[OrderID], [o].[CheckInTime], [o].[FinalAmount], [o].[HoldExpiryTime], [o].[OrderCode], [o].[PayOSTransID], [o].[PromoID], [o].[QrCode], [o].[ShowtimeID], [o].[Status], [o].[TotalAmount], [o].[UserID]
FROM [Orders] AS [o]
WHERE [o].[Status] = N'Chờ thanh toán' AND [o].[HoldExpiryTime] <= GETDATE()
2026-05-27 19:57:12.494 +07:00 [INF] Executed DbCommand (3ms) [Parameters=[@__maxSellingDate_0='?' (DbType = DateTime2), @__now_1='?' (DbType = DateTime2)], CommandType='"Text"', CommandTimeout='30']
SELECT [s].[ShowtimeID], [s].[EndTime], [s].[MovieID], [s].[RoomID], [s].[ShowtimeCode], [s].[StartTime], [s].[Status]
FROM [Showtimes] AS [s]
WHERE [s].[Status] IN (N'Đã lên lịch', N'Sap chieu') AND CONVERT(date, [s].[StartTime]) <= @__maxSellingDate_0 AND [s].[StartTime] > @__now_1
2026-05-27 19:57:12.496 +07:00 [INF] Executed DbCommand (2ms) [Parameters=[@__now_0='?' (DbType = DateTime2)], CommandType='"Text"', CommandTimeout='30']
SELECT [s].[ShowtimeID], [s].[EndTime], [s].[MovieID], [s].[RoomID], [s].[ShowtimeCode], [s].[StartTime], [s].[Status]
FROM [Showtimes] AS [s]
WHERE [s].[Status] IN (N'Đã lên lịch', N'Đang mở bán', N'Sap chieu') AND [s].[StartTime] <= @__now_0 AND [s].[EndTime] > @__now_0
2026-05-27 19:57:12.498 +07:00 [INF] Executed DbCommand (2ms) [Parameters=[@__now_0='?' (DbType = DateTime2)], CommandType='"Text"', CommandTimeout='30']
SELECT [s].[ShowtimeID], [s].[EndTime], [s].[MovieID], [s].[RoomID], [s].[ShowtimeCode], [s].[StartTime], [s].[Status]
FROM [Showtimes] AS [s]
WHERE [s].[Status] IN (N'Đã lên lịch', N'Đang mở bán', N'Đang chiếu', N'Sap chieu', N'Dang dien ra') AND [s].[EndTime] <= @__now_0
2026-05-27 19:57:12.501 +07:00 [INF] Executed DbCommand (2ms) [Parameters=[@__today_0='?' (DbType = Date)], CommandType='"Text"', CommandTimeout='30']
SELECT [m].[MovieID], [m].[Actors], [m].[Description], [m].[Director], [m].[Duration], [m].[Genre], [m].[MovieCode], [m].[Poster], [m].[ReleaseDate], [m].[Status], [m].[Title], [m].[Trailer]
FROM [Movies] AS [m]
WHERE [m].[Status] = N'Sap chieu' AND [m].[ReleaseDate] <= @__today_0
2026-05-27 19:58:12.518 +07:00 [INF] Executed DbCommand (3ms) [Parameters=[], CommandType='"Text"', CommandTimeout='30']
SELECT [o].[OrderID], [o].[CheckInTime], [o].[FinalAmount], [o].[HoldExpiryTime], [o].[OrderCode], [o].[PayOSTransID], [o].[PromoID], [o].[QrCode], [o].[ShowtimeID], [o].[Status], [o].[TotalAmount], [o].[UserID]
FROM [Orders] AS [o]
WHERE [o].[Status] = N'Chờ thanh toán' AND [o].[HoldExpiryTime] <= GETDATE()
2026-05-27 19:58:12.524 +07:00 [INF] Executed DbCommand (5ms) [Parameters=[@__maxSellingDate_0='?' (DbType = DateTime2), @__now_1='?' (DbType = DateTime2)], CommandType='"Text"', CommandTimeout='30']
SELECT [s].[ShowtimeID], [s].[EndTime], [s].[MovieID], [s].[RoomID], [s].[ShowtimeCode], [s].[StartTime], [s].[Status]
FROM [Showtimes] AS [s]
WHERE [s].[Status] IN (N'Đã lên lịch', N'Sap chieu') AND CONVERT(date, [s].[StartTime]) <= @__maxSellingDate_0 AND [s].[StartTime] > @__now_1
2026-05-27 19:58:12.528 +07:00 [INF] Executed DbCommand (3ms) [Parameters=[@__now_0='?' (DbType = DateTime2)], CommandType='"Text"', CommandTimeout='30']
SELECT [s].[ShowtimeID], [s].[EndTime], [s].[MovieID], [s].[RoomID], [s].[ShowtimeCode], [s].[StartTime], [s].[Status]
FROM [Showtimes] AS [s]
WHERE [s].[Status] IN (N'Đã lên lịch', N'Đang mở bán', N'Sap chieu') AND [s].[StartTime] <= @__now_0 AND [s].[EndTime] > @__now_0
2026-05-27 19:58:12.532 +07:00 [INF] Executed DbCommand (3ms) [Parameters=[@__now_0='?' (DbType = DateTime2)], CommandType='"Text"', CommandTimeout='30']
SELECT [s].[ShowtimeID], [s].[EndTime], [s].[MovieID], [s].[RoomID], [s].[ShowtimeCode], [s].[StartTime], [s].[Status]
FROM [Showtimes] AS [s]
WHERE [s].[Status] IN (N'Đã lên lịch', N'Đang mở bán', N'Đang chiếu', N'Sap chieu', N'Dang dien ra') AND [s].[EndTime] <= @__now_0
2026-05-27 19:58:12.535 +07:00 [INF] Executed DbCommand (2ms) [Parameters=[@__today_0='?' (DbType = Date)], CommandType='"Text"', CommandTimeout='30']
SELECT [m].[MovieID], [m].[Actors], [m].[Description], [m].[Director], [m].[Duration], [m].[Genre], [m].[MovieCode], [m].[Poster], [m].[ReleaseDate], [m].[Status], [m].[Title], [m].[Trailer]
FROM [Movies] AS [m]
WHERE [m].[Status] = N'Sap chieu' AND [m].[ReleaseDate] <= @__today_0
2026-05-27 19:59:12.551 +07:00 [INF] Executed DbCommand (4ms) [Parameters=[], CommandType='"Text"', CommandTimeout='30']
SELECT [o].[OrderID], [o].[CheckInTime], [o].[FinalAmount], [o].[HoldExpiryTime], [o].[OrderCode], [o].[PayOSTransID], [o].[PromoID], [o].[QrCode], [o].[ShowtimeID], [o].[Status], [o].[TotalAmount], [o].[UserID]
FROM [Orders] AS [o]
WHERE [o].[Status] = N'Chờ thanh toán' AND [o].[HoldExpiryTime] <= GETDATE()
2026-05-27 19:59:12.557 +07:00 [INF] Executed DbCommand (5ms) [Parameters=[@__maxSellingDate_0='?' (DbType = DateTime2), @__now_1='?' (DbType = DateTime2)], CommandType='"Text"', CommandTimeout='30']
SELECT [s].[ShowtimeID], [s].[EndTime], [s].[MovieID], [s].[RoomID], [s].[ShowtimeCode], [s].[StartTime], [s].[Status]
FROM [Showtimes] AS [s]
WHERE [s].[Status] IN (N'Đã lên lịch', N'Sap chieu') AND CONVERT(date, [s].[StartTime]) <= @__maxSellingDate_0 AND [s].[StartTime] > @__now_1
2026-05-27 19:59:12.560 +07:00 [INF] Executed DbCommand (2ms) [Parameters=[@__now_0='?' (DbType = DateTime2)], CommandType='"Text"', CommandTimeout='30']
SELECT [s].[ShowtimeID], [s].[EndTime], [s].[MovieID], [s].[RoomID], [s].[ShowtimeCode], [s].[StartTime], [s].[Status]
FROM [Showtimes] AS [s]
WHERE [s].[Status] IN (N'Đã lên lịch', N'Đang mở bán', N'Sap chieu') AND [s].[StartTime] <= @__now_0 AND [s].[EndTime] > @__now_0
2026-05-27 19:59:12.563 +07:00 [INF] Executed DbCommand (2ms) [Parameters=[@__now_0='?' (DbType = DateTime2)], CommandType='"Text"', CommandTimeout='30']
SELECT [s].[ShowtimeID], [s].[EndTime], [s].[MovieID], [s].[RoomID], [s].[ShowtimeCode], [s].[StartTime], [s].[Status]
FROM [Showtimes] AS [s]
WHERE [s].[Status] IN (N'Đã lên lịch', N'Đang mở bán', N'Đang chiếu', N'Sap chieu', N'Dang dien ra') AND [s].[EndTime] <= @__now_0
2026-05-27 19:59:12.565 +07:00 [INF] Executed DbCommand (2ms) [Parameters=[@__today_0='?' (DbType = Date)], CommandType='"Text"', CommandTimeout='30']
SELECT [m].[MovieID], [m].[Actors], [m].[Description], [m].[Director], [m].[Duration], [m].[Genre], [m].[MovieCode], [m].[Poster], [m].[ReleaseDate], [m].[Status], [m].[Title], [m].[Trailer]
FROM [Movies] AS [m]
WHERE [m].[Status] = N'Sap chieu' AND [m].[ReleaseDate] <= @__today_0
2026-05-27 20:00:12.575 +07:00 [INF] Executed DbCommand (5ms) [Parameters=[], CommandType='"Text"', CommandTimeout='30']
SELECT [o].[OrderID], [o].[CheckInTime], [o].[FinalAmount], [o].[HoldExpiryTime], [o].[OrderCode], [o].[PayOSTransID], [o].[PromoID], [o].[QrCode], [o].[ShowtimeID], [o].[Status], [o].[TotalAmount], [o].[UserID]
FROM [Orders] AS [o]
WHERE [o].[Status] = N'Chờ thanh toán' AND [o].[HoldExpiryTime] <= GETDATE()
2026-05-27 20:00:12.585 +07:00 [INF] Executed DbCommand (5ms) [Parameters=[@__maxSellingDate_0='?' (DbType = DateTime2), @__now_1='?' (DbType = DateTime2)], CommandType='"Text"', CommandTimeout='30']
SELECT [s].[ShowtimeID], [s].[EndTime], [s].[MovieID], [s].[RoomID], [s].[ShowtimeCode], [s].[StartTime], [s].[Status]
FROM [Showtimes] AS [s]
WHERE [s].[Status] IN (N'Đã lên lịch', N'Sap chieu') AND CONVERT(date, [s].[StartTime]) <= @__maxSellingDate_0 AND [s].[StartTime] > @__now_1
2026-05-27 20:00:12.588 +07:00 [INF] Executed DbCommand (2ms) [Parameters=[@__now_0='?' (DbType = DateTime2)], CommandType='"Text"', CommandTimeout='30']
SELECT [s].[ShowtimeID], [s].[EndTime], [s].[MovieID], [s].[RoomID], [s].[ShowtimeCode], [s].[StartTime], [s].[Status]
FROM [Showtimes] AS [s]
WHERE [s].[Status] IN (N'Đã lên lịch', N'Đang mở bán', N'Sap chieu') AND [s].[StartTime] <= @__now_0 AND [s].[EndTime] > @__now_0
2026-05-27 20:00:12.591 +07:00 [INF] Executed DbCommand (2ms) [Parameters=[@__now_0='?' (DbType = DateTime2)], CommandType='"Text"', CommandTimeout='30']
SELECT [s].[ShowtimeID], [s].[EndTime], [s].[MovieID], [s].[RoomID], [s].[ShowtimeCode], [s].[StartTime], [s].[Status]
FROM [Showtimes] AS [s]
WHERE [s].[Status] IN (N'Đã lên lịch', N'Đang mở bán', N'Đang chiếu', N'Sap chieu', N'Dang dien ra') AND [s].[EndTime] <= @__now_0
2026-05-27 20:00:12.597 +07:00 [INF] Executed DbCommand (4ms) [Parameters=[@__today_0='?' (DbType = Date)], CommandType='"Text"', CommandTimeout='30']
SELECT [m].[MovieID], [m].[Actors], [m].[Description], [m].[Director], [m].[Duration], [m].[Genre], [m].[MovieCode], [m].[Poster], [m].[ReleaseDate], [m].[Status], [m].[Title], [m].[Trailer]
FROM [Movies] AS [m]
WHERE [m].[Status] = N'Sap chieu' AND [m].[ReleaseDate] <= @__today_0
2026-05-27 20:01:12.615 +07:00 [INF] Executed DbCommand (3ms) [Parameters=[], CommandType='"Text"', CommandTimeout='30']
SELECT [o].[OrderID], [o].[CheckInTime], [o].[FinalAmount], [o].[HoldExpiryTime], [o].[OrderCode], [o].[PayOSTransID], [o].[PromoID], [o].[QrCode], [o].[ShowtimeID], [o].[Status], [o].[TotalAmount], [o].[UserID]
FROM [Orders] AS [o]
WHERE [o].[Status] = N'Chờ thanh toán' AND [o].[HoldExpiryTime] <= GETDATE()
2026-05-27 20:01:12.619 +07:00 [INF] Executed DbCommand (2ms) [Parameters=[@__maxSellingDate_0='?' (DbType = DateTime2), @__now_1='?' (DbType = DateTime2)], CommandType='"Text"', CommandTimeout='30']
SELECT [s].[ShowtimeID], [s].[EndTime], [s].[MovieID], [s].[RoomID], [s].[ShowtimeCode], [s].[StartTime], [s].[Status]
FROM [Showtimes] AS [s]
WHERE [s].[Status] IN (N'Đã lên lịch', N'Sap chieu') AND CONVERT(date, [s].[StartTime]) <= @__maxSellingDate_0 AND [s].[StartTime] > @__now_1
2026-05-27 20:01:12.622 +07:00 [INF] Executed DbCommand (3ms) [Parameters=[@__now_0='?' (DbType = DateTime2)], CommandType='"Text"', CommandTimeout='30']
SELECT [s].[ShowtimeID], [s].[EndTime], [s].[MovieID], [s].[RoomID], [s].[ShowtimeCode], [s].[StartTime], [s].[Status]
FROM [Showtimes] AS [s]
WHERE [s].[Status] IN (N'Đã lên lịch', N'Đang mở bán', N'Sap chieu') AND [s].[StartTime] <= @__now_0 AND [s].[EndTime] > @__now_0
2026-05-27 20:01:12.624 +07:00 [INF] Executed DbCommand (1ms) [Parameters=[@__now_0='?' (DbType = DateTime2)], CommandType='"Text"', CommandTimeout='30']
SELECT [s].[ShowtimeID], [s].[EndTime], [s].[MovieID], [s].[RoomID], [s].[ShowtimeCode], [s].[StartTime], [s].[Status]
FROM [Showtimes] AS [s]
WHERE [s].[Status] IN (N'Đã lên lịch', N'Đang mở bán', N'Đang chiếu', N'Sap chieu', N'Dang dien ra') AND [s].[EndTime] <= @__now_0
2026-05-27 20:01:12.627 +07:00 [INF] Executed DbCommand (2ms) [Parameters=[@__today_0='?' (DbType = Date)], CommandType='"Text"', CommandTimeout='30']
SELECT [m].[MovieID], [m].[Actors], [m].[Description], [m].[Director], [m].[Duration], [m].[Genre], [m].[MovieCode], [m].[Poster], [m].[ReleaseDate], [m].[Status], [m].[Title], [m].[Trailer]
FROM [Movies] AS [m]
WHERE [m].[Status] = N'Sap chieu' AND [m].[ReleaseDate] <= @__today_0
2026-05-27 20:02:12.646 +07:00 [INF] Executed DbCommand (4ms) [Parameters=[], CommandType='"Text"', CommandTimeout='30']
SELECT [o].[OrderID], [o].[CheckInTime], [o].[FinalAmount], [o].[HoldExpiryTime], [o].[OrderCode], [o].[PayOSTransID], [o].[PromoID], [o].[QrCode], [o].[ShowtimeID], [o].[Status], [o].[TotalAmount], [o].[UserID]
FROM [Orders] AS [o]
WHERE [o].[Status] = N'Chờ thanh toán' AND [o].[HoldExpiryTime] <= GETDATE()
2026-05-27 20:02:12.653 +07:00 [INF] Executed DbCommand (5ms) [Parameters=[@__maxSellingDate_0='?' (DbType = DateTime2), @__now_1='?' (DbType = DateTime2)], CommandType='"Text"', CommandTimeout='30']
SELECT [s].[ShowtimeID], [s].[EndTime], [s].[MovieID], [s].[RoomID], [s].[ShowtimeCode], [s].[StartTime], [s].[Status]
FROM [Showtimes] AS [s]
WHERE [s].[Status] IN (N'Đã lên lịch', N'Sap chieu') AND CONVERT(date, [s].[StartTime]) <= @__maxSellingDate_0 AND [s].[StartTime] > @__now_1
2026-05-27 20:02:12.656 +07:00 [INF] Executed DbCommand (3ms) [Parameters=[@__now_0='?' (DbType = DateTime2)], CommandType='"Text"', CommandTimeout='30']
SELECT [s].[ShowtimeID], [s].[EndTime], [s].[MovieID], [s].[RoomID], [s].[ShowtimeCode], [s].[StartTime], [s].[Status]
FROM [Showtimes] AS [s]
WHERE [s].[Status] IN (N'Đã lên lịch', N'Đang mở bán', N'Sap chieu') AND [s].[StartTime] <= @__now_0 AND [s].[EndTime] > @__now_0
2026-05-27 20:02:12.659 +07:00 [INF] Executed DbCommand (2ms) [Parameters=[@__now_0='?' (DbType = DateTime2)], CommandType='"Text"', CommandTimeout='30']
SELECT [s].[ShowtimeID], [s].[EndTime], [s].[MovieID], [s].[RoomID], [s].[ShowtimeCode], [s].[StartTime], [s].[Status]
FROM [Showtimes] AS [s]
WHERE [s].[Status] IN (N'Đã lên lịch', N'Đang mở bán', N'Đang chiếu', N'Sap chieu', N'Dang dien ra') AND [s].[EndTime] <= @__now_0
2026-05-27 20:02:12.662 +07:00 [INF] Executed DbCommand (2ms) [Parameters=[@__today_0='?' (DbType = Date)], CommandType='"Text"', CommandTimeout='30']
SELECT [m].[MovieID], [m].[Actors], [m].[Description], [m].[Director], [m].[Duration], [m].[Genre], [m].[MovieCode], [m].[Poster], [m].[ReleaseDate], [m].[Status], [m].[Title], [m].[Trailer]
FROM [Movies] AS [m]
WHERE [m].[Status] = N'Sap chieu' AND [m].[ReleaseDate] <= @__today_0
2026-05-27 20:03:12.678 +07:00 [INF] Executed DbCommand (4ms) [Parameters=[], CommandType='"Text"', CommandTimeout='30']
SELECT [o].[OrderID], [o].[CheckInTime], [o].[FinalAmount], [o].[HoldExpiryTime], [o].[OrderCode], [o].[PayOSTransID], [o].[PromoID], [o].[QrCode], [o].[ShowtimeID], [o].[Status], [o].[TotalAmount], [o].[UserID]
FROM [Orders] AS [o]
WHERE [o].[Status] = N'Chờ thanh toán' AND [o].[HoldExpiryTime] <= GETDATE()
2026-05-27 20:03:12.684 +07:00 [INF] Executed DbCommand (5ms) [Parameters=[@__maxSellingDate_0='?' (DbType = DateTime2), @__now_1='?' (DbType = DateTime2)], CommandType='"Text"', CommandTimeout='30']
SELECT [s].[ShowtimeID], [s].[EndTime], [s].[MovieID], [s].[RoomID], [s].[ShowtimeCode], [s].[StartTime], [s].[Status]
FROM [Showtimes] AS [s]
WHERE [s].[Status] IN (N'Đã lên lịch', N'Sap chieu') AND CONVERT(date, [s].[StartTime]) <= @__maxSellingDate_0 AND [s].[StartTime] > @__now_1
2026-05-27 20:03:12.689 +07:00 [INF] Executed DbCommand (4ms) [Parameters=[@__now_0='?' (DbType = DateTime2)], CommandType='"Text"', CommandTimeout='30']
SELECT [s].[ShowtimeID], [s].[EndTime], [s].[MovieID], [s].[RoomID], [s].[ShowtimeCode], [s].[StartTime], [s].[Status]
FROM [Showtimes] AS [s]
WHERE [s].[Status] IN (N'Đã lên lịch', N'Đang mở bán', N'Sap chieu') AND [s].[StartTime] <= @__now_0 AND [s].[EndTime] > @__now_0
2026-05-27 20:03:12.692 +07:00 [INF] Executed DbCommand (3ms) [Parameters=[@__now_0='?' (DbType = DateTime2)], CommandType='"Text"', CommandTimeout='30']
SELECT [s].[ShowtimeID], [s].[EndTime], [s].[MovieID], [s].[RoomID], [s].[ShowtimeCode], [s].[StartTime], [s].[Status]
FROM [Showtimes] AS [s]
WHERE [s].[Status] IN (N'Đã lên lịch', N'Đang mở bán', N'Đang chiếu', N'Sap chieu', N'Dang dien ra') AND [s].[EndTime] <= @__now_0
2026-05-27 20:03:12.698 +07:00 [INF] Executed DbCommand (4ms) [Parameters=[@__today_0='?' (DbType = Date)], CommandType='"Text"', CommandTimeout='30']
SELECT [m].[MovieID], [m].[Actors], [m].[Description], [m].[Director], [m].[Duration], [m].[Genre], [m].[MovieCode], [m].[Poster], [m].[ReleaseDate], [m].[Status], [m].[Title], [m].[Trailer]
FROM [Movies] AS [m]
WHERE [m].[Status] = N'Sap chieu' AND [m].[ReleaseDate] <= @__today_0
2026-05-27 20:04:12.707 +07:00 [INF] Executed DbCommand (3ms) [Parameters=[], CommandType='"Text"', CommandTimeout='30']
SELECT [o].[OrderID], [o].[CheckInTime], [o].[FinalAmount], [o].[HoldExpiryTime], [o].[OrderCode], [o].[PayOSTransID], [o].[PromoID], [o].[QrCode], [o].[ShowtimeID], [o].[Status], [o].[TotalAmount], [o].[UserID]
FROM [Orders] AS [o]
WHERE [o].[Status] = N'Chờ thanh toán' AND [o].[HoldExpiryTime] <= GETDATE()
2026-05-27 20:04:12.713 +07:00 [INF] Executed DbCommand (4ms) [Parameters=[@__maxSellingDate_0='?' (DbType = DateTime2), @__now_1='?' (DbType = DateTime2)], CommandType='"Text"', CommandTimeout='30']
SELECT [s].[ShowtimeID], [s].[EndTime], [s].[MovieID], [s].[RoomID], [s].[ShowtimeCode], [s].[StartTime], [s].[Status]
FROM [Showtimes] AS [s]
WHERE [s].[Status] IN (N'Đã lên lịch', N'Sap chieu') AND CONVERT(date, [s].[StartTime]) <= @__maxSellingDate_0 AND [s].[StartTime] > @__now_1
2026-05-27 20:04:12.717 +07:00 [INF] Executed DbCommand (3ms) [Parameters=[@__now_0='?' (DbType = DateTime2)], CommandType='"Text"', CommandTimeout='30']
SELECT [s].[ShowtimeID], [s].[EndTime], [s].[MovieID], [s].[RoomID], [s].[ShowtimeCode], [s].[StartTime], [s].[Status]
FROM [Showtimes] AS [s]
WHERE [s].[Status] IN (N'Đã lên lịch', N'Đang mở bán', N'Sap chieu') AND [s].[StartTime] <= @__now_0 AND [s].[EndTime] > @__now_0
2026-05-27 20:04:12.720 +07:00 [INF] Executed DbCommand (2ms) [Parameters=[@__now_0='?' (DbType = DateTime2)], CommandType='"Text"', CommandTimeout='30']
SELECT [s].[ShowtimeID], [s].[EndTime], [s].[MovieID], [s].[RoomID], [s].[ShowtimeCode], [s].[StartTime], [s].[Status]
FROM [Showtimes] AS [s]
WHERE [s].[Status] IN (N'Đã lên lịch', N'Đang mở bán', N'Đang chiếu', N'Sap chieu', N'Dang dien ra') AND [s].[EndTime] <= @__now_0
2026-05-27 20:04:12.724 +07:00 [INF] Executed DbCommand (3ms) [Parameters=[@__today_0='?' (DbType = Date)], CommandType='"Text"', CommandTimeout='30']
SELECT [m].[MovieID], [m].[Actors], [m].[Description], [m].[Director], [m].[Duration], [m].[Genre], [m].[MovieCode], [m].[Poster], [m].[ReleaseDate], [m].[Status], [m].[Title], [m].[Trailer]
FROM [Movies] AS [m]
WHERE [m].[Status] = N'Sap chieu' AND [m].[ReleaseDate] <= @__today_0
2026-05-27 20:05:12.732 +07:00 [INF] Executed DbCommand (4ms) [Parameters=[], CommandType='"Text"', CommandTimeout='30']
SELECT [o].[OrderID], [o].[CheckInTime], [o].[FinalAmount], [o].[HoldExpiryTime], [o].[OrderCode], [o].[PayOSTransID], [o].[PromoID], [o].[QrCode], [o].[ShowtimeID], [o].[Status], [o].[TotalAmount], [o].[UserID]
FROM [Orders] AS [o]
WHERE [o].[Status] = N'Chờ thanh toán' AND [o].[HoldExpiryTime] <= GETDATE()
2026-05-27 20:05:12.738 +07:00 [INF] Executed DbCommand (5ms) [Parameters=[@__maxSellingDate_0='?' (DbType = DateTime2), @__now_1='?' (DbType = DateTime2)], CommandType='"Text"', CommandTimeout='30']
SELECT [s].[ShowtimeID], [s].[EndTime], [s].[MovieID], [s].[RoomID], [s].[ShowtimeCode], [s].[StartTime], [s].[Status]
FROM [Showtimes] AS [s]
WHERE [s].[Status] IN (N'Đã lên lịch', N'Sap chieu') AND CONVERT(date, [s].[StartTime]) <= @__maxSellingDate_0 AND [s].[StartTime] > @__now_1
2026-05-27 20:05:12.741 +07:00 [INF] Executed DbCommand (2ms) [Parameters=[@__now_0='?' (DbType = DateTime2)], CommandType='"Text"', CommandTimeout='30']
SELECT [s].[ShowtimeID], [s].[EndTime], [s].[MovieID], [s].[RoomID], [s].[ShowtimeCode], [s].[StartTime], [s].[Status]
FROM [Showtimes] AS [s]
WHERE [s].[Status] IN (N'Đã lên lịch', N'Đang mở bán', N'Sap chieu') AND [s].[StartTime] <= @__now_0 AND [s].[EndTime] > @__now_0
2026-05-27 20:05:12.744 +07:00 [INF] Executed DbCommand (2ms) [Parameters=[@__now_0='?' (DbType = DateTime2)], CommandType='"Text"', CommandTimeout='30']
SELECT [s].[ShowtimeID], [s].[EndTime], [s].[MovieID], [s].[RoomID], [s].[ShowtimeCode], [s].[StartTime], [s].[Status]
FROM [Showtimes] AS [s]
WHERE [s].[Status] IN (N'Đã lên lịch', N'Đang mở bán', N'Đang chiếu', N'Sap chieu', N'Dang dien ra') AND [s].[EndTime] <= @__now_0
2026-05-27 20:05:12.747 +07:00 [INF] Executed DbCommand (2ms) [Parameters=[@__today_0='?' (DbType = Date)], CommandType='"Text"', CommandTimeout='30']
SELECT [m].[MovieID], [m].[Actors], [m].[Description], [m].[Director], [m].[Duration], [m].[Genre], [m].[MovieCode], [m].[Poster], [m].[ReleaseDate], [m].[Status], [m].[Title], [m].[Trailer]
FROM [Movies] AS [m]
WHERE [m].[Status] = N'Sap chieu' AND [m].[ReleaseDate] <= @__today_0
2026-05-27 20:06:12.755 +07:00 [INF] Executed DbCommand (2ms) [Parameters=[], CommandType='"Text"', CommandTimeout='30']
SELECT [o].[OrderID], [o].[CheckInTime], [o].[FinalAmount], [o].[HoldExpiryTime], [o].[OrderCode], [o].[PayOSTransID], [o].[PromoID], [o].[QrCode], [o].[ShowtimeID], [o].[Status], [o].[TotalAmount], [o].[UserID]
FROM [Orders] AS [o]
WHERE [o].[Status] = N'Chờ thanh toán' AND [o].[HoldExpiryTime] <= GETDATE()
2026-05-27 20:06:12.759 +07:00 [INF] Executed DbCommand (3ms) [Parameters=[@__maxSellingDate_0='?' (DbType = DateTime2), @__now_1='?' (DbType = DateTime2)], CommandType='"Text"', CommandTimeout='30']
SELECT [s].[ShowtimeID], [s].[EndTime], [s].[MovieID], [s].[RoomID], [s].[ShowtimeCode], [s].[StartTime], [s].[Status]
FROM [Showtimes] AS [s]
WHERE [s].[Status] IN (N'Đã lên lịch', N'Sap chieu') AND CONVERT(date, [s].[StartTime]) <= @__maxSellingDate_0 AND [s].[StartTime] > @__now_1
2026-05-27 20:06:12.761 +07:00 [INF] Executed DbCommand (2ms) [Parameters=[@__now_0='?' (DbType = DateTime2)], CommandType='"Text"', CommandTimeout='30']
SELECT [s].[ShowtimeID], [s].[EndTime], [s].[MovieID], [s].[RoomID], [s].[ShowtimeCode], [s].[StartTime], [s].[Status]
FROM [Showtimes] AS [s]
WHERE [s].[Status] IN (N'Đã lên lịch', N'Đang mở bán', N'Sap chieu') AND [s].[StartTime] <= @__now_0 AND [s].[EndTime] > @__now_0
2026-05-27 20:06:12.763 +07:00 [INF] Executed DbCommand (1ms) [Parameters=[@__now_0='?' (DbType = DateTime2)], CommandType='"Text"', CommandTimeout='30']
SELECT [s].[ShowtimeID], [s].[EndTime], [s].[MovieID], [s].[RoomID], [s].[ShowtimeCode], [s].[StartTime], [s].[Status]
FROM [Showtimes] AS [s]
WHERE [s].[Status] IN (N'Đã lên lịch', N'Đang mở bán', N'Đang chiếu', N'Sap chieu', N'Dang dien ra') AND [s].[EndTime] <= @__now_0
2026-05-27 20:06:12.765 +07:00 [INF] Executed DbCommand (1ms) [Parameters=[@__today_0='?' (DbType = Date)], CommandType='"Text"', CommandTimeout='30']
SELECT [m].[MovieID], [m].[Actors], [m].[Description], [m].[Director], [m].[Duration], [m].[Genre], [m].[MovieCode], [m].[Poster], [m].[ReleaseDate], [m].[Status], [m].[Title], [m].[Trailer]
FROM [Movies] AS [m]
WHERE [m].[Status] = N'Sap chieu' AND [m].[ReleaseDate] <= @__today_0
2026-05-27 20:07:12.772 +07:00 [INF] Executed DbCommand (5ms) [Parameters=[], CommandType='"Text"', CommandTimeout='30']
SELECT [o].[OrderID], [o].[CheckInTime], [o].[FinalAmount], [o].[HoldExpiryTime], [o].[OrderCode], [o].[PayOSTransID], [o].[PromoID], [o].[QrCode], [o].[ShowtimeID], [o].[Status], [o].[TotalAmount], [o].[UserID]
FROM [Orders] AS [o]
WHERE [o].[Status] = N'Chờ thanh toán' AND [o].[HoldExpiryTime] <= GETDATE()
2026-05-27 20:07:12.779 +07:00 [INF] Executed DbCommand (3ms) [Parameters=[@__maxSellingDate_0='?' (DbType = DateTime2), @__now_1='?' (DbType = DateTime2)], CommandType='"Text"', CommandTimeout='30']
SELECT [s].[ShowtimeID], [s].[EndTime], [s].[MovieID], [s].[RoomID], [s].[ShowtimeCode], [s].[StartTime], [s].[Status]
FROM [Showtimes] AS [s]
WHERE [s].[Status] IN (N'Đã lên lịch', N'Sap chieu') AND CONVERT(date, [s].[StartTime]) <= @__maxSellingDate_0 AND [s].[StartTime] > @__now_1
2026-05-27 20:07:12.781 +07:00 [INF] Executed DbCommand (2ms) [Parameters=[@__now_0='?' (DbType = DateTime2)], CommandType='"Text"', CommandTimeout='30']
SELECT [s].[ShowtimeID], [s].[EndTime], [s].[MovieID], [s].[RoomID], [s].[ShowtimeCode], [s].[StartTime], [s].[Status]
FROM [Showtimes] AS [s]
WHERE [s].[Status] IN (N'Đã lên lịch', N'Đang mở bán', N'Sap chieu') AND [s].[StartTime] <= @__now_0 AND [s].[EndTime] > @__now_0
2026-05-27 20:07:12.784 +07:00 [INF] Executed DbCommand (2ms) [Parameters=[@__now_0='?' (DbType = DateTime2)], CommandType='"Text"', CommandTimeout='30']
SELECT [s].[ShowtimeID], [s].[EndTime], [s].[MovieID], [s].[RoomID], [s].[ShowtimeCode], [s].[StartTime], [s].[Status]
FROM [Showtimes] AS [s]
WHERE [s].[Status] IN (N'Đã lên lịch', N'Đang mở bán', N'Đang chiếu', N'Sap chieu', N'Dang dien ra') AND [s].[EndTime] <= @__now_0
2026-05-27 20:07:12.786 +07:00 [INF] Executed DbCommand (2ms) [Parameters=[@__today_0='?' (DbType = Date)], CommandType='"Text"', CommandTimeout='30']
SELECT [m].[MovieID], [m].[Actors], [m].[Description], [m].[Director], [m].[Duration], [m].[Genre], [m].[MovieCode], [m].[Poster], [m].[ReleaseDate], [m].[Status], [m].[Title], [m].[Trailer]
FROM [Movies] AS [m]
WHERE [m].[Status] = N'Sap chieu' AND [m].[ReleaseDate] <= @__today_0
2026-05-27 20:08:12.803 +07:00 [INF] Executed DbCommand (5ms) [Parameters=[], CommandType='"Text"', CommandTimeout='30']
SELECT [o].[OrderID], [o].[CheckInTime], [o].[FinalAmount], [o].[HoldExpiryTime], [o].[OrderCode], [o].[PayOSTransID], [o].[PromoID], [o].[QrCode], [o].[ShowtimeID], [o].[Status], [o].[TotalAmount], [o].[UserID]
FROM [Orders] AS [o]
WHERE [o].[Status] = N'Chờ thanh toán' AND [o].[HoldExpiryTime] <= GETDATE()
2026-05-27 20:08:12.808 +07:00 [INF] Executed DbCommand (4ms) [Parameters=[@__maxSellingDate_0='?' (DbType = DateTime2), @__now_1='?' (DbType = DateTime2)], CommandType='"Text"', CommandTimeout='30']
SELECT [s].[ShowtimeID], [s].[EndTime], [s].[MovieID], [s].[RoomID], [s].[ShowtimeCode], [s].[StartTime], [s].[Status]
FROM [Showtimes] AS [s]
WHERE [s].[Status] IN (N'Đã lên lịch', N'Sap chieu') AND CONVERT(date, [s].[StartTime]) <= @__maxSellingDate_0 AND [s].[StartTime] > @__now_1
2026-05-27 20:08:12.812 +07:00 [INF] Executed DbCommand (3ms) [Parameters=[@__now_0='?' (DbType = DateTime2)], CommandType='"Text"', CommandTimeout='30']
SELECT [s].[ShowtimeID], [s].[EndTime], [s].[MovieID], [s].[RoomID], [s].[ShowtimeCode], [s].[StartTime], [s].[Status]
FROM [Showtimes] AS [s]
WHERE [s].[Status] IN (N'Đã lên lịch', N'Đang mở bán', N'Sap chieu') AND [s].[StartTime] <= @__now_0 AND [s].[EndTime] > @__now_0
2026-05-27 20:08:12.815 +07:00 [INF] Executed DbCommand (2ms) [Parameters=[@__now_0='?' (DbType = DateTime2)], CommandType='"Text"', CommandTimeout='30']
SELECT [s].[ShowtimeID], [s].[EndTime], [s].[MovieID], [s].[RoomID], [s].[ShowtimeCode], [s].[StartTime], [s].[Status]
FROM [Showtimes] AS [s]
WHERE [s].[Status] IN (N'Đã lên lịch', N'Đang mở bán', N'Đang chiếu', N'Sap chieu', N'Dang dien ra') AND [s].[EndTime] <= @__now_0
2026-05-27 20:08:12.819 +07:00 [INF] Executed DbCommand (2ms) [Parameters=[@__today_0='?' (DbType = Date)], CommandType='"Text"', CommandTimeout='30']
SELECT [m].[MovieID], [m].[Actors], [m].[Description], [m].[Director], [m].[Duration], [m].[Genre], [m].[MovieCode], [m].[Poster], [m].[ReleaseDate], [m].[Status], [m].[Title], [m].[Trailer]
FROM [Movies] AS [m]
WHERE [m].[Status] = N'Sap chieu' AND [m].[ReleaseDate] <= @__today_0
2026-05-27 20:09:12.825 +07:00 [INF] Executed DbCommand (3ms) [Parameters=[], CommandType='"Text"', CommandTimeout='30']
SELECT [o].[OrderID], [o].[CheckInTime], [o].[FinalAmount], [o].[HoldExpiryTime], [o].[OrderCode], [o].[PayOSTransID], [o].[PromoID], [o].[QrCode], [o].[ShowtimeID], [o].[Status], [o].[TotalAmount], [o].[UserID]
FROM [Orders] AS [o]
WHERE [o].[Status] = N'Chờ thanh toán' AND [o].[HoldExpiryTime] <= GETDATE()
2026-05-27 20:09:12.829 +07:00 [INF] Executed DbCommand (4ms) [Parameters=[@__maxSellingDate_0='?' (DbType = DateTime2), @__now_1='?' (DbType = DateTime2)], CommandType='"Text"', CommandTimeout='30']
SELECT [s].[ShowtimeID], [s].[EndTime], [s].[MovieID], [s].[RoomID], [s].[ShowtimeCode], [s].[StartTime], [s].[Status]
FROM [Showtimes] AS [s]
WHERE [s].[Status] IN (N'Đã lên lịch', N'Sap chieu') AND CONVERT(date, [s].[StartTime]) <= @__maxSellingDate_0 AND [s].[StartTime] > @__now_1
2026-05-27 20:09:12.832 +07:00 [INF] Executed DbCommand (2ms) [Parameters=[@__now_0='?' (DbType = DateTime2)], CommandType='"Text"', CommandTimeout='30']
SELECT [s].[ShowtimeID], [s].[EndTime], [s].[MovieID], [s].[RoomID], [s].[ShowtimeCode], [s].[StartTime], [s].[Status]
FROM [Showtimes] AS [s]
WHERE [s].[Status] IN (N'Đã lên lịch', N'Đang mở bán', N'Sap chieu') AND [s].[StartTime] <= @__now_0 AND [s].[EndTime] > @__now_0
2026-05-27 20:09:12.835 +07:00 [INF] Executed DbCommand (2ms) [Parameters=[@__now_0='?' (DbType = DateTime2)], CommandType='"Text"', CommandTimeout='30']
SELECT [s].[ShowtimeID], [s].[EndTime], [s].[MovieID], [s].[RoomID], [s].[ShowtimeCode], [s].[StartTime], [s].[Status]
FROM [Showtimes] AS [s]
WHERE [s].[Status] IN (N'Đã lên lịch', N'Đang mở bán', N'Đang chiếu', N'Sap chieu', N'Dang dien ra') AND [s].[EndTime] <= @__now_0
2026-05-27 20:09:12.837 +07:00 [INF] Executed DbCommand (2ms) [Parameters=[@__today_0='?' (DbType = Date)], CommandType='"Text"', CommandTimeout='30']
SELECT [m].[MovieID], [m].[Actors], [m].[Description], [m].[Director], [m].[Duration], [m].[Genre], [m].[MovieCode], [m].[Poster], [m].[ReleaseDate], [m].[Status], [m].[Title], [m].[Trailer]
FROM [Movies] AS [m]
WHERE [m].[Status] = N'Sap chieu' AND [m].[ReleaseDate] <= @__today_0
2026-05-27 20:10:12.844 +07:00 [INF] Executed DbCommand (5ms) [Parameters=[], CommandType='"Text"', CommandTimeout='30']
SELECT [o].[OrderID], [o].[CheckInTime], [o].[FinalAmount], [o].[HoldExpiryTime], [o].[OrderCode], [o].[PayOSTransID], [o].[PromoID], [o].[QrCode], [o].[ShowtimeID], [o].[Status], [o].[TotalAmount], [o].[UserID]
FROM [Orders] AS [o]
WHERE [o].[Status] = N'Chờ thanh toán' AND [o].[HoldExpiryTime] <= GETDATE()
2026-05-27 20:10:12.850 +07:00 [INF] Executed DbCommand (4ms) [Parameters=[@__maxSellingDate_0='?' (DbType = DateTime2), @__now_1='?' (DbType = DateTime2)], CommandType='"Text"', CommandTimeout='30']
SELECT [s].[ShowtimeID], [s].[EndTime], [s].[MovieID], [s].[RoomID], [s].[ShowtimeCode], [s].[StartTime], [s].[Status]
FROM [Showtimes] AS [s]
WHERE [s].[Status] IN (N'Đã lên lịch', N'Sap chieu') AND CONVERT(date, [s].[StartTime]) <= @__maxSellingDate_0 AND [s].[StartTime] > @__now_1
2026-05-27 20:10:12.852 +07:00 [INF] Executed DbCommand (2ms) [Parameters=[@__now_0='?' (DbType = DateTime2)], CommandType='"Text"', CommandTimeout='30']
SELECT [s].[ShowtimeID], [s].[EndTime], [s].[MovieID], [s].[RoomID], [s].[ShowtimeCode], [s].[StartTime], [s].[Status]
FROM [Showtimes] AS [s]
WHERE [s].[Status] IN (N'Đã lên lịch', N'Đang mở bán', N'Sap chieu') AND [s].[StartTime] <= @__now_0 AND [s].[EndTime] > @__now_0
2026-05-27 20:10:12.857 +07:00 [INF] Executed DbCommand (4ms) [Parameters=[@__now_0='?' (DbType = DateTime2)], CommandType='"Text"', CommandTimeout='30']
SELECT [s].[ShowtimeID], [s].[EndTime], [s].[MovieID], [s].[RoomID], [s].[ShowtimeCode], [s].[StartTime], [s].[Status]
FROM [Showtimes] AS [s]
WHERE [s].[Status] IN (N'Đã lên lịch', N'Đang mở bán', N'Đang chiếu', N'Sap chieu', N'Dang dien ra') AND [s].[EndTime] <= @__now_0
2026-05-27 20:10:12.861 +07:00 [INF] Executed DbCommand (3ms) [Parameters=[@__today_0='?' (DbType = Date)], CommandType='"Text"', CommandTimeout='30']
SELECT [m].[MovieID], [m].[Actors], [m].[Description], [m].[Director], [m].[Duration], [m].[Genre], [m].[MovieCode], [m].[Poster], [m].[ReleaseDate], [m].[Status], [m].[Title], [m].[Trailer]
FROM [Movies] AS [m]
WHERE [m].[Status] = N'Sap chieu' AND [m].[ReleaseDate] <= @__today_0
2026-05-27 20:11:12.880 +07:00 [INF] Executed DbCommand (3ms) [Parameters=[], CommandType='"Text"', CommandTimeout='30']
SELECT [o].[OrderID], [o].[CheckInTime], [o].[FinalAmount], [o].[HoldExpiryTime], [o].[OrderCode], [o].[PayOSTransID], [o].[PromoID], [o].[QrCode], [o].[ShowtimeID], [o].[Status], [o].[TotalAmount], [o].[UserID]
FROM [Orders] AS [o]
WHERE [o].[Status] = N'Chờ thanh toán' AND [o].[HoldExpiryTime] <= GETDATE()
2026-05-27 20:11:12.884 +07:00 [INF] Executed DbCommand (2ms) [Parameters=[@__maxSellingDate_0='?' (DbType = DateTime2), @__now_1='?' (DbType = DateTime2)], CommandType='"Text"', CommandTimeout='30']
SELECT [s].[ShowtimeID], [s].[EndTime], [s].[MovieID], [s].[RoomID], [s].[ShowtimeCode], [s].[StartTime], [s].[Status]
FROM [Showtimes] AS [s]
WHERE [s].[Status] IN (N'Đã lên lịch', N'Sap chieu') AND CONVERT(date, [s].[StartTime]) <= @__maxSellingDate_0 AND [s].[StartTime] > @__now_1
2026-05-27 20:11:12.887 +07:00 [INF] Executed DbCommand (3ms) [Parameters=[@__now_0='?' (DbType = DateTime2)], CommandType='"Text"', CommandTimeout='30']
SELECT [s].[ShowtimeID], [s].[EndTime], [s].[MovieID], [s].[RoomID], [s].[ShowtimeCode], [s].[StartTime], [s].[Status]
FROM [Showtimes] AS [s]
WHERE [s].[Status] IN (N'Đã lên lịch', N'Đang mở bán', N'Sap chieu') AND [s].[StartTime] <= @__now_0 AND [s].[EndTime] > @__now_0
2026-05-27 20:11:12.890 +07:00 [INF] Executed DbCommand (2ms) [Parameters=[@__now_0='?' (DbType = DateTime2)], CommandType='"Text"', CommandTimeout='30']
SELECT [s].[ShowtimeID], [s].[EndTime], [s].[MovieID], [s].[RoomID], [s].[ShowtimeCode], [s].[StartTime], [s].[Status]
FROM [Showtimes] AS [s]
WHERE [s].[Status] IN (N'Đã lên lịch', N'Đang mở bán', N'Đang chiếu', N'Sap chieu', N'Dang dien ra') AND [s].[EndTime] <= @__now_0
2026-05-27 20:11:12.893 +07:00 [INF] Executed DbCommand (3ms) [Parameters=[@__today_0='?' (DbType = Date)], CommandType='"Text"', CommandTimeout='30']
SELECT [m].[MovieID], [m].[Actors], [m].[Description], [m].[Director], [m].[Duration], [m].[Genre], [m].[MovieCode], [m].[Poster], [m].[ReleaseDate], [m].[Status], [m].[Title], [m].[Trailer]
FROM [Movies] AS [m]
WHERE [m].[Status] = N'Sap chieu' AND [m].[ReleaseDate] <= @__today_0
2026-05-27 20:12:12.900 +07:00 [INF] Executed DbCommand (3ms) [Parameters=[], CommandType='"Text"', CommandTimeout='30']
SELECT [o].[OrderID], [o].[CheckInTime], [o].[FinalAmount], [o].[HoldExpiryTime], [o].[OrderCode], [o].[PayOSTransID], [o].[PromoID], [o].[QrCode], [o].[ShowtimeID], [o].[Status], [o].[TotalAmount], [o].[UserID]
FROM [Orders] AS [o]
WHERE [o].[Status] = N'Chờ thanh toán' AND [o].[HoldExpiryTime] <= GETDATE()
2026-05-27 20:12:12.904 +07:00 [INF] Executed DbCommand (3ms) [Parameters=[@__maxSellingDate_0='?' (DbType = DateTime2), @__now_1='?' (DbType = DateTime2)], CommandType='"Text"', CommandTimeout='30']
SELECT [s].[ShowtimeID], [s].[EndTime], [s].[MovieID], [s].[RoomID], [s].[ShowtimeCode], [s].[StartTime], [s].[Status]
FROM [Showtimes] AS [s]
WHERE [s].[Status] IN (N'Đã lên lịch', N'Sap chieu') AND CONVERT(date, [s].[StartTime]) <= @__maxSellingDate_0 AND [s].[StartTime] > @__now_1
2026-05-27 20:12:12.907 +07:00 [INF] Executed DbCommand (2ms) [Parameters=[@__now_0='?' (DbType = DateTime2)], CommandType='"Text"', CommandTimeout='30']
SELECT [s].[ShowtimeID], [s].[EndTime], [s].[MovieID], [s].[RoomID], [s].[ShowtimeCode], [s].[StartTime], [s].[Status]
FROM [Showtimes] AS [s]
WHERE [s].[Status] IN (N'Đã lên lịch', N'Đang mở bán', N'Sap chieu') AND [s].[StartTime] <= @__now_0 AND [s].[EndTime] > @__now_0
2026-05-27 20:12:12.910 +07:00 [INF] Executed DbCommand (2ms) [Parameters=[@__now_0='?' (DbType = DateTime2)], CommandType='"Text"', CommandTimeout='30']
SELECT [s].[ShowtimeID], [s].[EndTime], [s].[MovieID], [s].[RoomID], [s].[ShowtimeCode], [s].[StartTime], [s].[Status]
FROM [Showtimes] AS [s]
WHERE [s].[Status] IN (N'Đã lên lịch', N'Đang mở bán', N'Đang chiếu', N'Sap chieu', N'Dang dien ra') AND [s].[EndTime] <= @__now_0
2026-05-27 20:12:12.914 +07:00 [INF] Executed DbCommand (2ms) [Parameters=[@__today_0='?' (DbType = Date)], CommandType='"Text"', CommandTimeout='30']
SELECT [m].[MovieID], [m].[Actors], [m].[Description], [m].[Director], [m].[Duration], [m].[Genre], [m].[MovieCode], [m].[Poster], [m].[ReleaseDate], [m].[Status], [m].[Title], [m].[Trailer]
FROM [Movies] AS [m]
WHERE [m].[Status] = N'Sap chieu' AND [m].[ReleaseDate] <= @__today_0
2026-05-27 20:13:12.928 +07:00 [INF] Executed DbCommand (4ms) [Parameters=[], CommandType='"Text"', CommandTimeout='30']
SELECT [o].[OrderID], [o].[CheckInTime], [o].[FinalAmount], [o].[HoldExpiryTime], [o].[OrderCode], [o].[PayOSTransID], [o].[PromoID], [o].[QrCode], [o].[ShowtimeID], [o].[Status], [o].[TotalAmount], [o].[UserID]
FROM [Orders] AS [o]
WHERE [o].[Status] = N'Chờ thanh toán' AND [o].[HoldExpiryTime] <= GETDATE()
2026-05-27 20:13:12.932 +07:00 [INF] Executed DbCommand (2ms) [Parameters=[@__maxSellingDate_0='?' (DbType = DateTime2), @__now_1='?' (DbType = DateTime2)], CommandType='"Text"', CommandTimeout='30']
SELECT [s].[ShowtimeID], [s].[EndTime], [s].[MovieID], [s].[RoomID], [s].[ShowtimeCode], [s].[StartTime], [s].[Status]
FROM [Showtimes] AS [s]
WHERE [s].[Status] IN (N'Đã lên lịch', N'Sap chieu') AND CONVERT(date, [s].[StartTime]) <= @__maxSellingDate_0 AND [s].[StartTime] > @__now_1
2026-05-27 20:13:12.934 +07:00 [INF] Executed DbCommand (2ms) [Parameters=[@__now_0='?' (DbType = DateTime2)], CommandType='"Text"', CommandTimeout='30']
SELECT [s].[ShowtimeID], [s].[EndTime], [s].[MovieID], [s].[RoomID], [s].[ShowtimeCode], [s].[StartTime], [s].[Status]
FROM [Showtimes] AS [s]
WHERE [s].[Status] IN (N'Đã lên lịch', N'Đang mở bán', N'Sap chieu') AND [s].[StartTime] <= @__now_0 AND [s].[EndTime] > @__now_0
2026-05-27 20:13:12.937 +07:00 [INF] Executed DbCommand (3ms) [Parameters=[@__now_0='?' (DbType = DateTime2)], CommandType='"Text"', CommandTimeout='30']
SELECT [s].[ShowtimeID], [s].[EndTime], [s].[MovieID], [s].[RoomID], [s].[ShowtimeCode], [s].[StartTime], [s].[Status]
FROM [Showtimes] AS [s]
WHERE [s].[Status] IN (N'Đã lên lịch', N'Đang mở bán', N'Đang chiếu', N'Sap chieu', N'Dang dien ra') AND [s].[EndTime] <= @__now_0
2026-05-27 20:13:12.941 +07:00 [INF] Executed DbCommand (3ms) [Parameters=[@__today_0='?' (DbType = Date)], CommandType='"Text"', CommandTimeout='30']
SELECT [m].[MovieID], [m].[Actors], [m].[Description], [m].[Director], [m].[Duration], [m].[Genre], [m].[MovieCode], [m].[Poster], [m].[ReleaseDate], [m].[Status], [m].[Title], [m].[Trailer]
FROM [Movies] AS [m]
WHERE [m].[Status] = N'Sap chieu' AND [m].[ReleaseDate] <= @__today_0
2026-05-27 20:14:12.956 +07:00 [INF] Executed DbCommand (3ms) [Parameters=[], CommandType='"Text"', CommandTimeout='30']
SELECT [o].[OrderID], [o].[CheckInTime], [o].[FinalAmount], [o].[HoldExpiryTime], [o].[OrderCode], [o].[PayOSTransID], [o].[PromoID], [o].[QrCode], [o].[ShowtimeID], [o].[Status], [o].[TotalAmount], [o].[UserID]
FROM [Orders] AS [o]
WHERE [o].[Status] = N'Chờ thanh toán' AND [o].[HoldExpiryTime] <= GETDATE()
2026-05-27 20:14:12.959 +07:00 [INF] Executed DbCommand (2ms) [Parameters=[@__maxSellingDate_0='?' (DbType = DateTime2), @__now_1='?' (DbType = DateTime2)], CommandType='"Text"', CommandTimeout='30']
SELECT [s].[ShowtimeID], [s].[EndTime], [s].[MovieID], [s].[RoomID], [s].[ShowtimeCode], [s].[StartTime], [s].[Status]
FROM [Showtimes] AS [s]
WHERE [s].[Status] IN (N'Đã lên lịch', N'Sap chieu') AND CONVERT(date, [s].[StartTime]) <= @__maxSellingDate_0 AND [s].[StartTime] > @__now_1
2026-05-27 20:14:12.961 +07:00 [INF] Executed DbCommand (2ms) [Parameters=[@__now_0='?' (DbType = DateTime2)], CommandType='"Text"', CommandTimeout='30']
SELECT [s].[ShowtimeID], [s].[EndTime], [s].[MovieID], [s].[RoomID], [s].[ShowtimeCode], [s].[StartTime], [s].[Status]
FROM [Showtimes] AS [s]
WHERE [s].[Status] IN (N'Đã lên lịch', N'Đang mở bán', N'Sap chieu') AND [s].[StartTime] <= @__now_0 AND [s].[EndTime] > @__now_0
2026-05-27 20:14:12.965 +07:00 [INF] Executed DbCommand (3ms) [Parameters=[@__now_0='?' (DbType = DateTime2)], CommandType='"Text"', CommandTimeout='30']
SELECT [s].[ShowtimeID], [s].[EndTime], [s].[MovieID], [s].[RoomID], [s].[ShowtimeCode], [s].[StartTime], [s].[Status]
FROM [Showtimes] AS [s]
WHERE [s].[Status] IN (N'Đã lên lịch', N'Đang mở bán', N'Đang chiếu', N'Sap chieu', N'Dang dien ra') AND [s].[EndTime] <= @__now_0
2026-05-27 20:14:12.970 +07:00 [INF] Executed DbCommand (3ms) [Parameters=[@__today_0='?' (DbType = Date)], CommandType='"Text"', CommandTimeout='30']
SELECT [m].[MovieID], [m].[Actors], [m].[Description], [m].[Director], [m].[Duration], [m].[Genre], [m].[MovieCode], [m].[Poster], [m].[ReleaseDate], [m].[Status], [m].[Title], [m].[Trailer]
FROM [Movies] AS [m]
WHERE [m].[Status] = N'Sap chieu' AND [m].[ReleaseDate] <= @__today_0
2026-05-27 20:15:12.985 +07:00 [INF] Executed DbCommand (4ms) [Parameters=[], CommandType='"Text"', CommandTimeout='30']
SELECT [o].[OrderID], [o].[CheckInTime], [o].[FinalAmount], [o].[HoldExpiryTime], [o].[OrderCode], [o].[PayOSTransID], [o].[PromoID], [o].[QrCode], [o].[ShowtimeID], [o].[Status], [o].[TotalAmount], [o].[UserID]
FROM [Orders] AS [o]
WHERE [o].[Status] = N'Chờ thanh toán' AND [o].[HoldExpiryTime] <= GETDATE()
2026-05-27 20:15:12.990 +07:00 [INF] Executed DbCommand (3ms) [Parameters=[@__maxSellingDate_0='?' (DbType = DateTime2), @__now_1='?' (DbType = DateTime2)], CommandType='"Text"', CommandTimeout='30']
SELECT [s].[ShowtimeID], [s].[EndTime], [s].[MovieID], [s].[RoomID], [s].[ShowtimeCode], [s].[StartTime], [s].[Status]
FROM [Showtimes] AS [s]
WHERE [s].[Status] IN (N'Đã lên lịch', N'Sap chieu') AND CONVERT(date, [s].[StartTime]) <= @__maxSellingDate_0 AND [s].[StartTime] > @__now_1
2026-05-27 20:15:12.992 +07:00 [INF] Executed DbCommand (2ms) [Parameters=[@__now_0='?' (DbType = DateTime2)], CommandType='"Text"', CommandTimeout='30']
SELECT [s].[ShowtimeID], [s].[EndTime], [s].[MovieID], [s].[RoomID], [s].[ShowtimeCode], [s].[StartTime], [s].[Status]
FROM [Showtimes] AS [s]
WHERE [s].[Status] IN (N'Đã lên lịch', N'Đang mở bán', N'Sap chieu') AND [s].[StartTime] <= @__now_0 AND [s].[EndTime] > @__now_0
2026-05-27 20:15:12.996 +07:00 [INF] Executed DbCommand (3ms) [Parameters=[@__now_0='?' (DbType = DateTime2)], CommandType='"Text"', CommandTimeout='30']
SELECT [s].[ShowtimeID], [s].[EndTime], [s].[MovieID], [s].[RoomID], [s].[ShowtimeCode], [s].[StartTime], [s].[Status]
FROM [Showtimes] AS [s]
WHERE [s].[Status] IN (N'Đã lên lịch', N'Đang mở bán', N'Đang chiếu', N'Sap chieu', N'Dang dien ra') AND [s].[EndTime] <= @__now_0
2026-05-27 20:15:12.999 +07:00 [INF] Executed DbCommand (2ms) [Parameters=[@__today_0='?' (DbType = Date)], CommandType='"Text"', CommandTimeout='30']
SELECT [m].[MovieID], [m].[Actors], [m].[Description], [m].[Director], [m].[Duration], [m].[Genre], [m].[MovieCode], [m].[Poster], [m].[ReleaseDate], [m].[Status], [m].[Title], [m].[Trailer]
FROM [Movies] AS [m]
WHERE [m].[Status] = N'Sap chieu' AND [m].[ReleaseDate] <= @__today_0
2026-05-27 20:16:13.010 +07:00 [INF] Executed DbCommand (3ms) [Parameters=[], CommandType='"Text"', CommandTimeout='30']
SELECT [o].[OrderID], [o].[CheckInTime], [o].[FinalAmount], [o].[HoldExpiryTime], [o].[OrderCode], [o].[PayOSTransID], [o].[PromoID], [o].[QrCode], [o].[ShowtimeID], [o].[Status], [o].[TotalAmount], [o].[UserID]
FROM [Orders] AS [o]
WHERE [o].[Status] = N'Chờ thanh toán' AND [o].[HoldExpiryTime] <= GETDATE()
2026-05-27 20:16:13.015 +07:00 [INF] Executed DbCommand (3ms) [Parameters=[@__maxSellingDate_0='?' (DbType = DateTime2), @__now_1='?' (DbType = DateTime2)], CommandType='"Text"', CommandTimeout='30']
SELECT [s].[ShowtimeID], [s].[EndTime], [s].[MovieID], [s].[RoomID], [s].[ShowtimeCode], [s].[StartTime], [s].[Status]
FROM [Showtimes] AS [s]
WHERE [s].[Status] IN (N'Đã lên lịch', N'Sap chieu') AND CONVERT(date, [s].[StartTime]) <= @__maxSellingDate_0 AND [s].[StartTime] > @__now_1
2026-05-27 20:16:13.017 +07:00 [INF] Executed DbCommand (2ms) [Parameters=[@__now_0='?' (DbType = DateTime2)], CommandType='"Text"', CommandTimeout='30']
SELECT [s].[ShowtimeID], [s].[EndTime], [s].[MovieID], [s].[RoomID], [s].[ShowtimeCode], [s].[StartTime], [s].[Status]
FROM [Showtimes] AS [s]
WHERE [s].[Status] IN (N'Đã lên lịch', N'Đang mở bán', N'Sap chieu') AND [s].[StartTime] <= @__now_0 AND [s].[EndTime] > @__now_0
2026-05-27 20:16:13.020 +07:00 [INF] Executed DbCommand (2ms) [Parameters=[@__now_0='?' (DbType = DateTime2)], CommandType='"Text"', CommandTimeout='30']
SELECT [s].[ShowtimeID], [s].[EndTime], [s].[MovieID], [s].[RoomID], [s].[ShowtimeCode], [s].[StartTime], [s].[Status]
FROM [Showtimes] AS [s]
WHERE [s].[Status] IN (N'Đã lên lịch', N'Đang mở bán', N'Đang chiếu', N'Sap chieu', N'Dang dien ra') AND [s].[EndTime] <= @__now_0
2026-05-27 20:16:13.023 +07:00 [INF] Executed DbCommand (2ms) [Parameters=[@__today_0='?' (DbType = Date)], CommandType='"Text"', CommandTimeout='30']
SELECT [m].[MovieID], [m].[Actors], [m].[Description], [m].[Director], [m].[Duration], [m].[Genre], [m].[MovieCode], [m].[Poster], [m].[ReleaseDate], [m].[Status], [m].[Title], [m].[Trailer]
FROM [Movies] AS [m]
WHERE [m].[Status] = N'Sap chieu' AND [m].[ReleaseDate] <= @__today_0
2026-05-27 20:17:13.035 +07:00 [INF] Executed DbCommand (3ms) [Parameters=[], CommandType='"Text"', CommandTimeout='30']
SELECT [o].[OrderID], [o].[CheckInTime], [o].[FinalAmount], [o].[HoldExpiryTime], [o].[OrderCode], [o].[PayOSTransID], [o].[PromoID], [o].[QrCode], [o].[ShowtimeID], [o].[Status], [o].[TotalAmount], [o].[UserID]
FROM [Orders] AS [o]
WHERE [o].[Status] = N'Chờ thanh toán' AND [o].[HoldExpiryTime] <= GETDATE()
2026-05-27 20:17:13.040 +07:00 [INF] Executed DbCommand (3ms) [Parameters=[@__maxSellingDate_0='?' (DbType = DateTime2), @__now_1='?' (DbType = DateTime2)], CommandType='"Text"', CommandTimeout='30']
SELECT [s].[ShowtimeID], [s].[EndTime], [s].[MovieID], [s].[RoomID], [s].[ShowtimeCode], [s].[StartTime], [s].[Status]
FROM [Showtimes] AS [s]
WHERE [s].[Status] IN (N'Đã lên lịch', N'Sap chieu') AND CONVERT(date, [s].[StartTime]) <= @__maxSellingDate_0 AND [s].[StartTime] > @__now_1
2026-05-27 20:17:13.042 +07:00 [INF] Executed DbCommand (2ms) [Parameters=[@__now_0='?' (DbType = DateTime2)], CommandType='"Text"', CommandTimeout='30']
SELECT [s].[ShowtimeID], [s].[EndTime], [s].[MovieID], [s].[RoomID], [s].[ShowtimeCode], [s].[StartTime], [s].[Status]
FROM [Showtimes] AS [s]
WHERE [s].[Status] IN (N'Đã lên lịch', N'Đang mở bán', N'Sap chieu') AND [s].[StartTime] <= @__now_0 AND [s].[EndTime] > @__now_0
2026-05-27 20:17:13.046 +07:00 [INF] Executed DbCommand (3ms) [Parameters=[@__now_0='?' (DbType = DateTime2)], CommandType='"Text"', CommandTimeout='30']
SELECT [s].[ShowtimeID], [s].[EndTime], [s].[MovieID], [s].[RoomID], [s].[ShowtimeCode], [s].[StartTime], [s].[Status]
FROM [Showtimes] AS [s]
WHERE [s].[Status] IN (N'Đã lên lịch', N'Đang mở bán', N'Đang chiếu', N'Sap chieu', N'Dang dien ra') AND [s].[EndTime] <= @__now_0
2026-05-27 20:17:13.048 +07:00 [INF] Executed DbCommand (2ms) [Parameters=[@__today_0='?' (DbType = Date)], CommandType='"Text"', CommandTimeout='30']
SELECT [m].[MovieID], [m].[Actors], [m].[Description], [m].[Director], [m].[Duration], [m].[Genre], [m].[MovieCode], [m].[Poster], [m].[ReleaseDate], [m].[Status], [m].[Title], [m].[Trailer]
FROM [Movies] AS [m]
WHERE [m].[Status] = N'Sap chieu' AND [m].[ReleaseDate] <= @__today_0
2026-05-27 20:18:13.067 +07:00 [INF] Executed DbCommand (6ms) [Parameters=[], CommandType='"Text"', CommandTimeout='30']
SELECT [o].[OrderID], [o].[CheckInTime], [o].[FinalAmount], [o].[HoldExpiryTime], [o].[OrderCode], [o].[PayOSTransID], [o].[PromoID], [o].[QrCode], [o].[ShowtimeID], [o].[Status], [o].[TotalAmount], [o].[UserID]
FROM [Orders] AS [o]
WHERE [o].[Status] = N'Chờ thanh toán' AND [o].[HoldExpiryTime] <= GETDATE()
2026-05-27 20:18:13.073 +07:00 [INF] Executed DbCommand (5ms) [Parameters=[@__maxSellingDate_0='?' (DbType = DateTime2), @__now_1='?' (DbType = DateTime2)], CommandType='"Text"', CommandTimeout='30']
SELECT [s].[ShowtimeID], [s].[EndTime], [s].[MovieID], [s].[RoomID], [s].[ShowtimeCode], [s].[StartTime], [s].[Status]
FROM [Showtimes] AS [s]
WHERE [s].[Status] IN (N'Đã lên lịch', N'Sap chieu') AND CONVERT(date, [s].[StartTime]) <= @__maxSellingDate_0 AND [s].[StartTime] > @__now_1
2026-05-27 20:18:13.076 +07:00 [INF] Executed DbCommand (3ms) [Parameters=[@__now_0='?' (DbType = DateTime2)], CommandType='"Text"', CommandTimeout='30']
SELECT [s].[ShowtimeID], [s].[EndTime], [s].[MovieID], [s].[RoomID], [s].[ShowtimeCode], [s].[StartTime], [s].[Status]
FROM [Showtimes] AS [s]
WHERE [s].[Status] IN (N'Đã lên lịch', N'Đang mở bán', N'Sap chieu') AND [s].[StartTime] <= @__now_0 AND [s].[EndTime] > @__now_0
2026-05-27 20:18:13.080 +07:00 [INF] Executed DbCommand (3ms) [Parameters=[@__now_0='?' (DbType = DateTime2)], CommandType='"Text"', CommandTimeout='30']
SELECT [s].[ShowtimeID], [s].[EndTime], [s].[MovieID], [s].[RoomID], [s].[ShowtimeCode], [s].[StartTime], [s].[Status]
FROM [Showtimes] AS [s]
WHERE [s].[Status] IN (N'Đã lên lịch', N'Đang mở bán', N'Đang chiếu', N'Sap chieu', N'Dang dien ra') AND [s].[EndTime] <= @__now_0
2026-05-27 20:18:13.085 +07:00 [INF] Executed DbCommand (4ms) [Parameters=[@__today_0='?' (DbType = Date)], CommandType='"Text"', CommandTimeout='30']
SELECT [m].[MovieID], [m].[Actors], [m].[Description], [m].[Director], [m].[Duration], [m].[Genre], [m].[MovieCode], [m].[Poster], [m].[ReleaseDate], [m].[Status], [m].[Title], [m].[Trailer]
FROM [Movies] AS [m]
WHERE [m].[Status] = N'Sap chieu' AND [m].[ReleaseDate] <= @__today_0
2026-05-27 20:19:13.097 +07:00 [INF] Executed DbCommand (3ms) [Parameters=[], CommandType='"Text"', CommandTimeout='30']
SELECT [o].[OrderID], [o].[CheckInTime], [o].[FinalAmount], [o].[HoldExpiryTime], [o].[OrderCode], [o].[PayOSTransID], [o].[PromoID], [o].[QrCode], [o].[ShowtimeID], [o].[Status], [o].[TotalAmount], [o].[UserID]
FROM [Orders] AS [o]
WHERE [o].[Status] = N'Chờ thanh toán' AND [o].[HoldExpiryTime] <= GETDATE()
2026-05-27 20:19:13.101 +07:00 [INF] Executed DbCommand (3ms) [Parameters=[@__maxSellingDate_0='?' (DbType = DateTime2), @__now_1='?' (DbType = DateTime2)], CommandType='"Text"', CommandTimeout='30']
SELECT [s].[ShowtimeID], [s].[EndTime], [s].[MovieID], [s].[RoomID], [s].[ShowtimeCode], [s].[StartTime], [s].[Status]
FROM [Showtimes] AS [s]
WHERE [s].[Status] IN (N'Đã lên lịch', N'Sap chieu') AND CONVERT(date, [s].[StartTime]) <= @__maxSellingDate_0 AND [s].[StartTime] > @__now_1
2026-05-27 20:19:13.104 +07:00 [INF] Executed DbCommand (2ms) [Parameters=[@__now_0='?' (DbType = DateTime2)], CommandType='"Text"', CommandTimeout='30']
SELECT [s].[ShowtimeID], [s].[EndTime], [s].[MovieID], [s].[RoomID], [s].[ShowtimeCode], [s].[StartTime], [s].[Status]
FROM [Showtimes] AS [s]
WHERE [s].[Status] IN (N'Đã lên lịch', N'Đang mở bán', N'Sap chieu') AND [s].[StartTime] <= @__now_0 AND [s].[EndTime] > @__now_0
2026-05-27 20:19:13.107 +07:00 [INF] Executed DbCommand (2ms) [Parameters=[@__now_0='?' (DbType = DateTime2)], CommandType='"Text"', CommandTimeout='30']
SELECT [s].[ShowtimeID], [s].[EndTime], [s].[MovieID], [s].[RoomID], [s].[ShowtimeCode], [s].[StartTime], [s].[Status]
FROM [Showtimes] AS [s]
WHERE [s].[Status] IN (N'Đã lên lịch', N'Đang mở bán', N'Đang chiếu', N'Sap chieu', N'Dang dien ra') AND [s].[EndTime] <= @__now_0
2026-05-27 20:19:13.109 +07:00 [INF] Executed DbCommand (2ms) [Parameters=[@__today_0='?' (DbType = Date)], CommandType='"Text"', CommandTimeout='30']
SELECT [m].[MovieID], [m].[Actors], [m].[Description], [m].[Director], [m].[Duration], [m].[Genre], [m].[MovieCode], [m].[Poster], [m].[ReleaseDate], [m].[Status], [m].[Title], [m].[Trailer]
FROM [Movies] AS [m]
WHERE [m].[Status] = N'Sap chieu' AND [m].[ReleaseDate] <= @__today_0
2026-05-27 20:20:13.120 +07:00 [INF] Executed DbCommand (4ms) [Parameters=[], CommandType='"Text"', CommandTimeout='30']
SELECT [o].[OrderID], [o].[CheckInTime], [o].[FinalAmount], [o].[HoldExpiryTime], [o].[OrderCode], [o].[PayOSTransID], [o].[PromoID], [o].[QrCode], [o].[ShowtimeID], [o].[Status], [o].[TotalAmount], [o].[UserID]
FROM [Orders] AS [o]
WHERE [o].[Status] = N'Chờ thanh toán' AND [o].[HoldExpiryTime] <= GETDATE()
2026-05-27 20:20:13.123 +07:00 [INF] Executed DbCommand (2ms) [Parameters=[@__maxSellingDate_0='?' (DbType = DateTime2), @__now_1='?' (DbType = DateTime2)], CommandType='"Text"', CommandTimeout='30']
SELECT [s].[ShowtimeID], [s].[EndTime], [s].[MovieID], [s].[RoomID], [s].[ShowtimeCode], [s].[StartTime], [s].[Status]
FROM [Showtimes] AS [s]
WHERE [s].[Status] IN (N'Đã lên lịch', N'Sap chieu') AND CONVERT(date, [s].[StartTime]) <= @__maxSellingDate_0 AND [s].[StartTime] > @__now_1
2026-05-27 20:20:13.126 +07:00 [INF] Executed DbCommand (3ms) [Parameters=[@__now_0='?' (DbType = DateTime2)], CommandType='"Text"', CommandTimeout='30']
SELECT [s].[ShowtimeID], [s].[EndTime], [s].[MovieID], [s].[RoomID], [s].[ShowtimeCode], [s].[StartTime], [s].[Status]
FROM [Showtimes] AS [s]
WHERE [s].[Status] IN (N'Đã lên lịch', N'Đang mở bán', N'Sap chieu') AND [s].[StartTime] <= @__now_0 AND [s].[EndTime] > @__now_0
2026-05-27 20:20:13.129 +07:00 [INF] Executed DbCommand (2ms) [Parameters=[@__now_0='?' (DbType = DateTime2)], CommandType='"Text"', CommandTimeout='30']
SELECT [s].[ShowtimeID], [s].[EndTime], [s].[MovieID], [s].[RoomID], [s].[ShowtimeCode], [s].[StartTime], [s].[Status]
FROM [Showtimes] AS [s]
WHERE [s].[Status] IN (N'Đã lên lịch', N'Đang mở bán', N'Đang chiếu', N'Sap chieu', N'Dang dien ra') AND [s].[EndTime] <= @__now_0
2026-05-27 20:20:13.132 +07:00 [INF] Executed DbCommand (2ms) [Parameters=[@__today_0='?' (DbType = Date)], CommandType='"Text"', CommandTimeout='30']
SELECT [m].[MovieID], [m].[Actors], [m].[Description], [m].[Director], [m].[Duration], [m].[Genre], [m].[MovieCode], [m].[Poster], [m].[ReleaseDate], [m].[Status], [m].[Title], [m].[Trailer]
FROM [Movies] AS [m]
WHERE [m].[Status] = N'Sap chieu' AND [m].[ReleaseDate] <= @__today_0
2026-05-27 20:21:13.152 +07:00 [INF] Executed DbCommand (3ms) [Parameters=[], CommandType='"Text"', CommandTimeout='30']
SELECT [o].[OrderID], [o].[CheckInTime], [o].[FinalAmount], [o].[HoldExpiryTime], [o].[OrderCode], [o].[PayOSTransID], [o].[PromoID], [o].[QrCode], [o].[ShowtimeID], [o].[Status], [o].[TotalAmount], [o].[UserID]
FROM [Orders] AS [o]
WHERE [o].[Status] = N'Chờ thanh toán' AND [o].[HoldExpiryTime] <= GETDATE()
2026-05-27 20:21:13.155 +07:00 [INF] Executed DbCommand (2ms) [Parameters=[@__maxSellingDate_0='?' (DbType = DateTime2), @__now_1='?' (DbType = DateTime2)], CommandType='"Text"', CommandTimeout='30']
SELECT [s].[ShowtimeID], [s].[EndTime], [s].[MovieID], [s].[RoomID], [s].[ShowtimeCode], [s].[StartTime], [s].[Status]
FROM [Showtimes] AS [s]
WHERE [s].[Status] IN (N'Đã lên lịch', N'Sap chieu') AND CONVERT(date, [s].[StartTime]) <= @__maxSellingDate_0 AND [s].[StartTime] > @__now_1
2026-05-27 20:21:13.157 +07:00 [INF] Executed DbCommand (2ms) [Parameters=[@__now_0='?' (DbType = DateTime2)], CommandType='"Text"', CommandTimeout='30']
SELECT [s].[ShowtimeID], [s].[EndTime], [s].[MovieID], [s].[RoomID], [s].[ShowtimeCode], [s].[StartTime], [s].[Status]
FROM [Showtimes] AS [s]
WHERE [s].[Status] IN (N'Đã lên lịch', N'Đang mở bán', N'Sap chieu') AND [s].[StartTime] <= @__now_0 AND [s].[EndTime] > @__now_0
2026-05-27 20:21:13.159 +07:00 [INF] Executed DbCommand (1ms) [Parameters=[@__now_0='?' (DbType = DateTime2)], CommandType='"Text"', CommandTimeout='30']
SELECT [s].[ShowtimeID], [s].[EndTime], [s].[MovieID], [s].[RoomID], [s].[ShowtimeCode], [s].[StartTime], [s].[Status]
FROM [Showtimes] AS [s]
WHERE [s].[Status] IN (N'Đã lên lịch', N'Đang mở bán', N'Đang chiếu', N'Sap chieu', N'Dang dien ra') AND [s].[EndTime] <= @__now_0
2026-05-27 20:21:13.162 +07:00 [INF] Executed DbCommand (2ms) [Parameters=[@__today_0='?' (DbType = Date)], CommandType='"Text"', CommandTimeout='30']
SELECT [m].[MovieID], [m].[Actors], [m].[Description], [m].[Director], [m].[Duration], [m].[Genre], [m].[MovieCode], [m].[Poster], [m].[ReleaseDate], [m].[Status], [m].[Title], [m].[Trailer]
FROM [Movies] AS [m]
WHERE [m].[Status] = N'Sap chieu' AND [m].[ReleaseDate] <= @__today_0
2026-05-27 20:22:13.177 +07:00 [INF] Executed DbCommand (3ms) [Parameters=[], CommandType='"Text"', CommandTimeout='30']
SELECT [o].[OrderID], [o].[CheckInTime], [o].[FinalAmount], [o].[HoldExpiryTime], [o].[OrderCode], [o].[PayOSTransID], [o].[PromoID], [o].[QrCode], [o].[ShowtimeID], [o].[Status], [o].[TotalAmount], [o].[UserID]
FROM [Orders] AS [o]
WHERE [o].[Status] = N'Chờ thanh toán' AND [o].[HoldExpiryTime] <= GETDATE()
2026-05-27 20:22:13.182 +07:00 [INF] Executed DbCommand (4ms) [Parameters=[@__maxSellingDate_0='?' (DbType = DateTime2), @__now_1='?' (DbType = DateTime2)], CommandType='"Text"', CommandTimeout='30']
SELECT [s].[ShowtimeID], [s].[EndTime], [s].[MovieID], [s].[RoomID], [s].[ShowtimeCode], [s].[StartTime], [s].[Status]
FROM [Showtimes] AS [s]
WHERE [s].[Status] IN (N'Đã lên lịch', N'Sap chieu') AND CONVERT(date, [s].[StartTime]) <= @__maxSellingDate_0 AND [s].[StartTime] > @__now_1
2026-05-27 20:22:13.186 +07:00 [INF] Executed DbCommand (3ms) [Parameters=[@__now_0='?' (DbType = DateTime2)], CommandType='"Text"', CommandTimeout='30']
SELECT [s].[ShowtimeID], [s].[EndTime], [s].[MovieID], [s].[RoomID], [s].[ShowtimeCode], [s].[StartTime], [s].[Status]
FROM [Showtimes] AS [s]
WHERE [s].[Status] IN (N'Đã lên lịch', N'Đang mở bán', N'Sap chieu') AND [s].[StartTime] <= @__now_0 AND [s].[EndTime] > @__now_0
2026-05-27 20:22:13.188 +07:00 [INF] Executed DbCommand (1ms) [Parameters=[@__now_0='?' (DbType = DateTime2)], CommandType='"Text"', CommandTimeout='30']
SELECT [s].[ShowtimeID], [s].[EndTime], [s].[MovieID], [s].[RoomID], [s].[ShowtimeCode], [s].[StartTime], [s].[Status]
FROM [Showtimes] AS [s]
WHERE [s].[Status] IN (N'Đã lên lịch', N'Đang mở bán', N'Đang chiếu', N'Sap chieu', N'Dang dien ra') AND [s].[EndTime] <= @__now_0
2026-05-27 20:22:13.193 +07:00 [INF] Executed DbCommand (2ms) [Parameters=[@__today_0='?' (DbType = Date)], CommandType='"Text"', CommandTimeout='30']
SELECT [m].[MovieID], [m].[Actors], [m].[Description], [m].[Director], [m].[Duration], [m].[Genre], [m].[MovieCode], [m].[Poster], [m].[ReleaseDate], [m].[Status], [m].[Title], [m].[Trailer]
FROM [Movies] AS [m]
WHERE [m].[Status] = N'Sap chieu' AND [m].[ReleaseDate] <= @__today_0
2026-05-27 20:23:13.199 +07:00 [INF] Executed DbCommand (4ms) [Parameters=[], CommandType='"Text"', CommandTimeout='30']
SELECT [o].[OrderID], [o].[CheckInTime], [o].[FinalAmount], [o].[HoldExpiryTime], [o].[OrderCode], [o].[PayOSTransID], [o].[PromoID], [o].[QrCode], [o].[ShowtimeID], [o].[Status], [o].[TotalAmount], [o].[UserID]
FROM [Orders] AS [o]
WHERE [o].[Status] = N'Chờ thanh toán' AND [o].[HoldExpiryTime] <= GETDATE()
2026-05-27 20:23:13.203 +07:00 [INF] Executed DbCommand (2ms) [Parameters=[@__maxSellingDate_0='?' (DbType = DateTime2), @__now_1='?' (DbType = DateTime2)], CommandType='"Text"', CommandTimeout='30']
SELECT [s].[ShowtimeID], [s].[EndTime], [s].[MovieID], [s].[RoomID], [s].[ShowtimeCode], [s].[StartTime], [s].[Status]
FROM [Showtimes] AS [s]
WHERE [s].[Status] IN (N'Đã lên lịch', N'Sap chieu') AND CONVERT(date, [s].[StartTime]) <= @__maxSellingDate_0 AND [s].[StartTime] > @__now_1
2026-05-27 20:23:13.205 +07:00 [INF] Executed DbCommand (2ms) [Parameters=[@__now_0='?' (DbType = DateTime2)], CommandType='"Text"', CommandTimeout='30']
SELECT [s].[ShowtimeID], [s].[EndTime], [s].[MovieID], [s].[RoomID], [s].[ShowtimeCode], [s].[StartTime], [s].[Status]
FROM [Showtimes] AS [s]
WHERE [s].[Status] IN (N'Đã lên lịch', N'Đang mở bán', N'Sap chieu') AND [s].[StartTime] <= @__now_0 AND [s].[EndTime] > @__now_0
2026-05-27 20:23:13.208 +07:00 [INF] Executed DbCommand (2ms) [Parameters=[@__now_0='?' (DbType = DateTime2)], CommandType='"Text"', CommandTimeout='30']
SELECT [s].[ShowtimeID], [s].[EndTime], [s].[MovieID], [s].[RoomID], [s].[ShowtimeCode], [s].[StartTime], [s].[Status]
FROM [Showtimes] AS [s]
WHERE [s].[Status] IN (N'Đã lên lịch', N'Đang mở bán', N'Đang chiếu', N'Sap chieu', N'Dang dien ra') AND [s].[EndTime] <= @__now_0
2026-05-27 20:23:13.211 +07:00 [INF] Executed DbCommand (2ms) [Parameters=[@__today_0='?' (DbType = Date)], CommandType='"Text"', CommandTimeout='30']
SELECT [m].[MovieID], [m].[Actors], [m].[Description], [m].[Director], [m].[Duration], [m].[Genre], [m].[MovieCode], [m].[Poster], [m].[ReleaseDate], [m].[Status], [m].[Title], [m].[Trailer]
FROM [Movies] AS [m]
WHERE [m].[Status] = N'Sap chieu' AND [m].[ReleaseDate] <= @__today_0
2026-05-27 20:24:13.232 +07:00 [INF] Executed DbCommand (4ms) [Parameters=[], CommandType='"Text"', CommandTimeout='30']
SELECT [o].[OrderID], [o].[CheckInTime], [o].[FinalAmount], [o].[HoldExpiryTime], [o].[OrderCode], [o].[PayOSTransID], [o].[PromoID], [o].[QrCode], [o].[ShowtimeID], [o].[Status], [o].[TotalAmount], [o].[UserID]
FROM [Orders] AS [o]
WHERE [o].[Status] = N'Chờ thanh toán' AND [o].[HoldExpiryTime] <= GETDATE()
2026-05-27 20:24:13.236 +07:00 [INF] Executed DbCommand (2ms) [Parameters=[@__maxSellingDate_0='?' (DbType = DateTime2), @__now_1='?' (DbType = DateTime2)], CommandType='"Text"', CommandTimeout='30']
SELECT [s].[ShowtimeID], [s].[EndTime], [s].[MovieID], [s].[RoomID], [s].[ShowtimeCode], [s].[StartTime], [s].[Status]
FROM [Showtimes] AS [s]
WHERE [s].[Status] IN (N'Đã lên lịch', N'Sap chieu') AND CONVERT(date, [s].[StartTime]) <= @__maxSellingDate_0 AND [s].[StartTime] > @__now_1
2026-05-27 20:24:13.239 +07:00 [INF] Executed DbCommand (2ms) [Parameters=[@__now_0='?' (DbType = DateTime2)], CommandType='"Text"', CommandTimeout='30']
SELECT [s].[ShowtimeID], [s].[EndTime], [s].[MovieID], [s].[RoomID], [s].[ShowtimeCode], [s].[StartTime], [s].[Status]
FROM [Showtimes] AS [s]
WHERE [s].[Status] IN (N'Đã lên lịch', N'Đang mở bán', N'Sap chieu') AND [s].[StartTime] <= @__now_0 AND [s].[EndTime] > @__now_0
2026-05-27 20:24:13.243 +07:00 [INF] Executed DbCommand (3ms) [Parameters=[@__now_0='?' (DbType = DateTime2)], CommandType='"Text"', CommandTimeout='30']
SELECT [s].[ShowtimeID], [s].[EndTime], [s].[MovieID], [s].[RoomID], [s].[ShowtimeCode], [s].[StartTime], [s].[Status]
FROM [Showtimes] AS [s]
WHERE [s].[Status] IN (N'Đã lên lịch', N'Đang mở bán', N'Đang chiếu', N'Sap chieu', N'Dang dien ra') AND [s].[EndTime] <= @__now_0
2026-05-27 20:24:13.246 +07:00 [INF] Executed DbCommand (2ms) [Parameters=[@__today_0='?' (DbType = Date)], CommandType='"Text"', CommandTimeout='30']
SELECT [m].[MovieID], [m].[Actors], [m].[Description], [m].[Director], [m].[Duration], [m].[Genre], [m].[MovieCode], [m].[Poster], [m].[ReleaseDate], [m].[Status], [m].[Title], [m].[Trailer]
FROM [Movies] AS [m]
WHERE [m].[Status] = N'Sap chieu' AND [m].[ReleaseDate] <= @__today_0
2026-05-27 20:25:13.259 +07:00 [INF] Executed DbCommand (3ms) [Parameters=[], CommandType='"Text"', CommandTimeout='30']
SELECT [o].[OrderID], [o].[CheckInTime], [o].[FinalAmount], [o].[HoldExpiryTime], [o].[OrderCode], [o].[PayOSTransID], [o].[PromoID], [o].[QrCode], [o].[ShowtimeID], [o].[Status], [o].[TotalAmount], [o].[UserID]
FROM [Orders] AS [o]
WHERE [o].[Status] = N'Chờ thanh toán' AND [o].[HoldExpiryTime] <= GETDATE()
2026-05-27 20:25:13.264 +07:00 [INF] Executed DbCommand (3ms) [Parameters=[@__maxSellingDate_0='?' (DbType = DateTime2), @__now_1='?' (DbType = DateTime2)], CommandType='"Text"', CommandTimeout='30']
SELECT [s].[ShowtimeID], [s].[EndTime], [s].[MovieID], [s].[RoomID], [s].[ShowtimeCode], [s].[StartTime], [s].[Status]
FROM [Showtimes] AS [s]
WHERE [s].[Status] IN (N'Đã lên lịch', N'Sap chieu') AND CONVERT(date, [s].[StartTime]) <= @__maxSellingDate_0 AND [s].[StartTime] > @__now_1
2026-05-27 20:25:13.267 +07:00 [INF] Executed DbCommand (3ms) [Parameters=[@__now_0='?' (DbType = DateTime2)], CommandType='"Text"', CommandTimeout='30']
SELECT [s].[ShowtimeID], [s].[EndTime], [s].[MovieID], [s].[RoomID], [s].[ShowtimeCode], [s].[StartTime], [s].[Status]
FROM [Showtimes] AS [s]
WHERE [s].[Status] IN (N'Đã lên lịch', N'Đang mở bán', N'Sap chieu') AND [s].[StartTime] <= @__now_0 AND [s].[EndTime] > @__now_0
2026-05-27 20:25:13.270 +07:00 [INF] Executed DbCommand (3ms) [Parameters=[@__now_0='?' (DbType = DateTime2)], CommandType='"Text"', CommandTimeout='30']
SELECT [s].[ShowtimeID], [s].[EndTime], [s].[MovieID], [s].[RoomID], [s].[ShowtimeCode], [s].[StartTime], [s].[Status]
FROM [Showtimes] AS [s]
WHERE [s].[Status] IN (N'Đã lên lịch', N'Đang mở bán', N'Đang chiếu', N'Sap chieu', N'Dang dien ra') AND [s].[EndTime] <= @__now_0
2026-05-27 20:25:13.273 +07:00 [INF] Executed DbCommand (2ms) [Parameters=[@__today_0='?' (DbType = Date)], CommandType='"Text"', CommandTimeout='30']
SELECT [m].[MovieID], [m].[Actors], [m].[Description], [m].[Director], [m].[Duration], [m].[Genre], [m].[MovieCode], [m].[Poster], [m].[ReleaseDate], [m].[Status], [m].[Title], [m].[Trailer]
FROM [Movies] AS [m]
WHERE [m].[Status] = N'Sap chieu' AND [m].[ReleaseDate] <= @__today_0
2026-05-27 20:26:13.279 +07:00 [INF] Executed DbCommand (3ms) [Parameters=[], CommandType='"Text"', CommandTimeout='30']
SELECT [o].[OrderID], [o].[CheckInTime], [o].[FinalAmount], [o].[HoldExpiryTime], [o].[OrderCode], [o].[PayOSTransID], [o].[PromoID], [o].[QrCode], [o].[ShowtimeID], [o].[Status], [o].[TotalAmount], [o].[UserID]
FROM [Orders] AS [o]
WHERE [o].[Status] = N'Chờ thanh toán' AND [o].[HoldExpiryTime] <= GETDATE()
2026-05-27 20:26:13.282 +07:00 [INF] Executed DbCommand (2ms) [Parameters=[@__maxSellingDate_0='?' (DbType = DateTime2), @__now_1='?' (DbType = DateTime2)], CommandType='"Text"', CommandTimeout='30']
SELECT [s].[ShowtimeID], [s].[EndTime], [s].[MovieID], [s].[RoomID], [s].[ShowtimeCode], [s].[StartTime], [s].[Status]
FROM [Showtimes] AS [s]
WHERE [s].[Status] IN (N'Đã lên lịch', N'Sap chieu') AND CONVERT(date, [s].[StartTime]) <= @__maxSellingDate_0 AND [s].[StartTime] > @__now_1
2026-05-27 20:26:13.285 +07:00 [INF] Executed DbCommand (2ms) [Parameters=[@__now_0='?' (DbType = DateTime2)], CommandType='"Text"', CommandTimeout='30']
SELECT [s].[ShowtimeID], [s].[EndTime], [s].[MovieID], [s].[RoomID], [s].[ShowtimeCode], [s].[StartTime], [s].[Status]
FROM [Showtimes] AS [s]
WHERE [s].[Status] IN (N'Đã lên lịch', N'Đang mở bán', N'Sap chieu') AND [s].[StartTime] <= @__now_0 AND [s].[EndTime] > @__now_0
2026-05-27 20:26:13.286 +07:00 [INF] Executed DbCommand (2ms) [Parameters=[@__now_0='?' (DbType = DateTime2)], CommandType='"Text"', CommandTimeout='30']
SELECT [s].[ShowtimeID], [s].[EndTime], [s].[MovieID], [s].[RoomID], [s].[ShowtimeCode], [s].[StartTime], [s].[Status]
FROM [Showtimes] AS [s]
WHERE [s].[Status] IN (N'Đã lên lịch', N'Đang mở bán', N'Đang chiếu', N'Sap chieu', N'Dang dien ra') AND [s].[EndTime] <= @__now_0
2026-05-27 20:26:13.289 +07:00 [INF] Executed DbCommand (2ms) [Parameters=[@__today_0='?' (DbType = Date)], CommandType='"Text"', CommandTimeout='30']
SELECT [m].[MovieID], [m].[Actors], [m].[Description], [m].[Director], [m].[Duration], [m].[Genre], [m].[MovieCode], [m].[Poster], [m].[ReleaseDate], [m].[Status], [m].[Title], [m].[Trailer]
FROM [Movies] AS [m]
WHERE [m].[Status] = N'Sap chieu' AND [m].[ReleaseDate] <= @__today_0
2026-05-27 20:27:13.296 +07:00 [INF] Executed DbCommand (4ms) [Parameters=[], CommandType='"Text"', CommandTimeout='30']
SELECT [o].[OrderID], [o].[CheckInTime], [o].[FinalAmount], [o].[HoldExpiryTime], [o].[OrderCode], [o].[PayOSTransID], [o].[PromoID], [o].[QrCode], [o].[ShowtimeID], [o].[Status], [o].[TotalAmount], [o].[UserID]
FROM [Orders] AS [o]
WHERE [o].[Status] = N'Chờ thanh toán' AND [o].[HoldExpiryTime] <= GETDATE()
2026-05-27 20:27:13.301 +07:00 [INF] Executed DbCommand (3ms) [Parameters=[@__maxSellingDate_0='?' (DbType = DateTime2), @__now_1='?' (DbType = DateTime2)], CommandType='"Text"', CommandTimeout='30']
SELECT [s].[ShowtimeID], [s].[EndTime], [s].[MovieID], [s].[RoomID], [s].[ShowtimeCode], [s].[StartTime], [s].[Status]
FROM [Showtimes] AS [s]
WHERE [s].[Status] IN (N'Đã lên lịch', N'Sap chieu') AND CONVERT(date, [s].[StartTime]) <= @__maxSellingDate_0 AND [s].[StartTime] > @__now_1
2026-05-27 20:27:13.303 +07:00 [INF] Executed DbCommand (2ms) [Parameters=[@__now_0='?' (DbType = DateTime2)], CommandType='"Text"', CommandTimeout='30']
SELECT [s].[ShowtimeID], [s].[EndTime], [s].[MovieID], [s].[RoomID], [s].[ShowtimeCode], [s].[StartTime], [s].[Status]
FROM [Showtimes] AS [s]
WHERE [s].[Status] IN (N'Đã lên lịch', N'Đang mở bán', N'Sap chieu') AND [s].[StartTime] <= @__now_0 AND [s].[EndTime] > @__now_0
2026-05-27 20:27:13.305 +07:00 [INF] Executed DbCommand (1ms) [Parameters=[@__now_0='?' (DbType = DateTime2)], CommandType='"Text"', CommandTimeout='30']
SELECT [s].[ShowtimeID], [s].[EndTime], [s].[MovieID], [s].[RoomID], [s].[ShowtimeCode], [s].[StartTime], [s].[Status]
FROM [Showtimes] AS [s]
WHERE [s].[Status] IN (N'Đã lên lịch', N'Đang mở bán', N'Đang chiếu', N'Sap chieu', N'Dang dien ra') AND [s].[EndTime] <= @__now_0
2026-05-27 20:27:13.309 +07:00 [INF] Executed DbCommand (3ms) [Parameters=[@__today_0='?' (DbType = Date)], CommandType='"Text"', CommandTimeout='30']
SELECT [m].[MovieID], [m].[Actors], [m].[Description], [m].[Director], [m].[Duration], [m].[Genre], [m].[MovieCode], [m].[Poster], [m].[ReleaseDate], [m].[Status], [m].[Title], [m].[Trailer]
FROM [Movies] AS [m]
WHERE [m].[Status] = N'Sap chieu' AND [m].[ReleaseDate] <= @__today_0
2026-05-27 20:28:13.319 +07:00 [INF] Executed DbCommand (2ms) [Parameters=[], CommandType='"Text"', CommandTimeout='30']
SELECT [o].[OrderID], [o].[CheckInTime], [o].[FinalAmount], [o].[HoldExpiryTime], [o].[OrderCode], [o].[PayOSTransID], [o].[PromoID], [o].[QrCode], [o].[ShowtimeID], [o].[Status], [o].[TotalAmount], [o].[UserID]
FROM [Orders] AS [o]
WHERE [o].[Status] = N'Chờ thanh toán' AND [o].[HoldExpiryTime] <= GETDATE()
2026-05-27 20:28:13.322 +07:00 [INF] Executed DbCommand (2ms) [Parameters=[@__maxSellingDate_0='?' (DbType = DateTime2), @__now_1='?' (DbType = DateTime2)], CommandType='"Text"', CommandTimeout='30']
SELECT [s].[ShowtimeID], [s].[EndTime], [s].[MovieID], [s].[RoomID], [s].[ShowtimeCode], [s].[StartTime], [s].[Status]
FROM [Showtimes] AS [s]
WHERE [s].[Status] IN (N'Đã lên lịch', N'Sap chieu') AND CONVERT(date, [s].[StartTime]) <= @__maxSellingDate_0 AND [s].[StartTime] > @__now_1
2026-05-27 20:28:13.324 +07:00 [INF] Executed DbCommand (2ms) [Parameters=[@__now_0='?' (DbType = DateTime2)], CommandType='"Text"', CommandTimeout='30']
SELECT [s].[ShowtimeID], [s].[EndTime], [s].[MovieID], [s].[RoomID], [s].[ShowtimeCode], [s].[StartTime], [s].[Status]
FROM [Showtimes] AS [s]
WHERE [s].[Status] IN (N'Đã lên lịch', N'Đang mở bán', N'Sap chieu') AND [s].[StartTime] <= @__now_0 AND [s].[EndTime] > @__now_0
2026-05-27 20:28:13.326 +07:00 [INF] Executed DbCommand (1ms) [Parameters=[@__now_0='?' (DbType = DateTime2)], CommandType='"Text"', CommandTimeout='30']
SELECT [s].[ShowtimeID], [s].[EndTime], [s].[MovieID], [s].[RoomID], [s].[ShowtimeCode], [s].[StartTime], [s].[Status]
FROM [Showtimes] AS [s]
WHERE [s].[Status] IN (N'Đã lên lịch', N'Đang mở bán', N'Đang chiếu', N'Sap chieu', N'Dang dien ra') AND [s].[EndTime] <= @__now_0
2026-05-27 20:28:13.329 +07:00 [INF] Executed DbCommand (2ms) [Parameters=[@__today_0='?' (DbType = Date)], CommandType='"Text"', CommandTimeout='30']
SELECT [m].[MovieID], [m].[Actors], [m].[Description], [m].[Director], [m].[Duration], [m].[Genre], [m].[MovieCode], [m].[Poster], [m].[ReleaseDate], [m].[Status], [m].[Title], [m].[Trailer]
FROM [Movies] AS [m]
WHERE [m].[Status] = N'Sap chieu' AND [m].[ReleaseDate] <= @__today_0
2026-05-27 20:29:13.341 +07:00 [INF] Executed DbCommand (4ms) [Parameters=[], CommandType='"Text"', CommandTimeout='30']
SELECT [o].[OrderID], [o].[CheckInTime], [o].[FinalAmount], [o].[HoldExpiryTime], [o].[OrderCode], [o].[PayOSTransID], [o].[PromoID], [o].[QrCode], [o].[ShowtimeID], [o].[Status], [o].[TotalAmount], [o].[UserID]
FROM [Orders] AS [o]
WHERE [o].[Status] = N'Chờ thanh toán' AND [o].[HoldExpiryTime] <= GETDATE()
2026-05-27 20:29:13.346 +07:00 [INF] Executed DbCommand (4ms) [Parameters=[@__maxSellingDate_0='?' (DbType = DateTime2), @__now_1='?' (DbType = DateTime2)], CommandType='"Text"', CommandTimeout='30']
SELECT [s].[ShowtimeID], [s].[EndTime], [s].[MovieID], [s].[RoomID], [s].[ShowtimeCode], [s].[StartTime], [s].[Status]
FROM [Showtimes] AS [s]
WHERE [s].[Status] IN (N'Đã lên lịch', N'Sap chieu') AND CONVERT(date, [s].[StartTime]) <= @__maxSellingDate_0 AND [s].[StartTime] > @__now_1
2026-05-27 20:29:13.350 +07:00 [INF] Executed DbCommand (3ms) [Parameters=[@__now_0='?' (DbType = DateTime2)], CommandType='"Text"', CommandTimeout='30']
SELECT [s].[ShowtimeID], [s].[EndTime], [s].[MovieID], [s].[RoomID], [s].[ShowtimeCode], [s].[StartTime], [s].[Status]
FROM [Showtimes] AS [s]
WHERE [s].[Status] IN (N'Đã lên lịch', N'Đang mở bán', N'Sap chieu') AND [s].[StartTime] <= @__now_0 AND [s].[EndTime] > @__now_0
2026-05-27 20:29:13.353 +07:00 [INF] Executed DbCommand (2ms) [Parameters=[@__now_0='?' (DbType = DateTime2)], CommandType='"Text"', CommandTimeout='30']
SELECT [s].[ShowtimeID], [s].[EndTime], [s].[MovieID], [s].[RoomID], [s].[ShowtimeCode], [s].[StartTime], [s].[Status]
FROM [Showtimes] AS [s]
WHERE [s].[Status] IN (N'Đã lên lịch', N'Đang mở bán', N'Đang chiếu', N'Sap chieu', N'Dang dien ra') AND [s].[EndTime] <= @__now_0
2026-05-27 20:29:13.355 +07:00 [INF] Executed DbCommand (1ms) [Parameters=[@__today_0='?' (DbType = Date)], CommandType='"Text"', CommandTimeout='30']
SELECT [m].[MovieID], [m].[Actors], [m].[Description], [m].[Director], [m].[Duration], [m].[Genre], [m].[MovieCode], [m].[Poster], [m].[ReleaseDate], [m].[Status], [m].[Title], [m].[Trailer]
FROM [Movies] AS [m]
WHERE [m].[Status] = N'Sap chieu' AND [m].[ReleaseDate] <= @__today_0
2026-05-27 20:30:13.369 +07:00 [INF] Executed DbCommand (4ms) [Parameters=[], CommandType='"Text"', CommandTimeout='30']
SELECT [o].[OrderID], [o].[CheckInTime], [o].[FinalAmount], [o].[HoldExpiryTime], [o].[OrderCode], [o].[PayOSTransID], [o].[PromoID], [o].[QrCode], [o].[ShowtimeID], [o].[Status], [o].[TotalAmount], [o].[UserID]
FROM [Orders] AS [o]
WHERE [o].[Status] = N'Chờ thanh toán' AND [o].[HoldExpiryTime] <= GETDATE()
2026-05-27 20:30:13.374 +07:00 [INF] Executed DbCommand (4ms) [Parameters=[@__maxSellingDate_0='?' (DbType = DateTime2), @__now_1='?' (DbType = DateTime2)], CommandType='"Text"', CommandTimeout='30']
SELECT [s].[ShowtimeID], [s].[EndTime], [s].[MovieID], [s].[RoomID], [s].[ShowtimeCode], [s].[StartTime], [s].[Status]
FROM [Showtimes] AS [s]
WHERE [s].[Status] IN (N'Đã lên lịch', N'Sap chieu') AND CONVERT(date, [s].[StartTime]) <= @__maxSellingDate_0 AND [s].[StartTime] > @__now_1
2026-05-27 20:30:13.378 +07:00 [INF] Executed DbCommand (3ms) [Parameters=[@__now_0='?' (DbType = DateTime2)], CommandType='"Text"', CommandTimeout='30']
SELECT [s].[ShowtimeID], [s].[EndTime], [s].[MovieID], [s].[RoomID], [s].[ShowtimeCode], [s].[StartTime], [s].[Status]
FROM [Showtimes] AS [s]
WHERE [s].[Status] IN (N'Đã lên lịch', N'Đang mở bán', N'Sap chieu') AND [s].[StartTime] <= @__now_0 AND [s].[EndTime] > @__now_0
2026-05-27 20:30:13.381 +07:00 [INF] Executed DbCommand (2ms) [Parameters=[@__now_0='?' (DbType = DateTime2)], CommandType='"Text"', CommandTimeout='30']
SELECT [s].[ShowtimeID], [s].[EndTime], [s].[MovieID], [s].[RoomID], [s].[ShowtimeCode], [s].[StartTime], [s].[Status]
FROM [Showtimes] AS [s]
WHERE [s].[Status] IN (N'Đã lên lịch', N'Đang mở bán', N'Đang chiếu', N'Sap chieu', N'Dang dien ra') AND [s].[EndTime] <= @__now_0
2026-05-27 20:30:13.383 +07:00 [INF] Executed DbCommand (1ms) [Parameters=[@__today_0='?' (DbType = Date)], CommandType='"Text"', CommandTimeout='30']
SELECT [m].[MovieID], [m].[Actors], [m].[Description], [m].[Director], [m].[Duration], [m].[Genre], [m].[MovieCode], [m].[Poster], [m].[ReleaseDate], [m].[Status], [m].[Title], [m].[Trailer]
FROM [Movies] AS [m]
WHERE [m].[Status] = N'Sap chieu' AND [m].[ReleaseDate] <= @__today_0
2026-05-27 20:31:13.391 +07:00 [INF] Executed DbCommand (3ms) [Parameters=[], CommandType='"Text"', CommandTimeout='30']
SELECT [o].[OrderID], [o].[CheckInTime], [o].[FinalAmount], [o].[HoldExpiryTime], [o].[OrderCode], [o].[PayOSTransID], [o].[PromoID], [o].[QrCode], [o].[ShowtimeID], [o].[Status], [o].[TotalAmount], [o].[UserID]
FROM [Orders] AS [o]
WHERE [o].[Status] = N'Chờ thanh toán' AND [o].[HoldExpiryTime] <= GETDATE()
2026-05-27 20:31:13.395 +07:00 [INF] Executed DbCommand (2ms) [Parameters=[@__maxSellingDate_0='?' (DbType = DateTime2), @__now_1='?' (DbType = DateTime2)], CommandType='"Text"', CommandTimeout='30']
SELECT [s].[ShowtimeID], [s].[EndTime], [s].[MovieID], [s].[RoomID], [s].[ShowtimeCode], [s].[StartTime], [s].[Status]
FROM [Showtimes] AS [s]
WHERE [s].[Status] IN (N'Đã lên lịch', N'Sap chieu') AND CONVERT(date, [s].[StartTime]) <= @__maxSellingDate_0 AND [s].[StartTime] > @__now_1
2026-05-27 20:31:13.397 +07:00 [INF] Executed DbCommand (1ms) [Parameters=[@__now_0='?' (DbType = DateTime2)], CommandType='"Text"', CommandTimeout='30']
SELECT [s].[ShowtimeID], [s].[EndTime], [s].[MovieID], [s].[RoomID], [s].[ShowtimeCode], [s].[StartTime], [s].[Status]
FROM [Showtimes] AS [s]
WHERE [s].[Status] IN (N'Đã lên lịch', N'Đang mở bán', N'Sap chieu') AND [s].[StartTime] <= @__now_0 AND [s].[EndTime] > @__now_0
2026-05-27 20:31:13.399 +07:00 [INF] Executed DbCommand (1ms) [Parameters=[@__now_0='?' (DbType = DateTime2)], CommandType='"Text"', CommandTimeout='30']
SELECT [s].[ShowtimeID], [s].[EndTime], [s].[MovieID], [s].[RoomID], [s].[ShowtimeCode], [s].[StartTime], [s].[Status]
FROM [Showtimes] AS [s]
WHERE [s].[Status] IN (N'Đã lên lịch', N'Đang mở bán', N'Đang chiếu', N'Sap chieu', N'Dang dien ra') AND [s].[EndTime] <= @__now_0
2026-05-27 20:31:13.405 +07:00 [INF] Executed DbCommand (3ms) [Parameters=[@__today_0='?' (DbType = Date)], CommandType='"Text"', CommandTimeout='30']
SELECT [m].[MovieID], [m].[Actors], [m].[Description], [m].[Director], [m].[Duration], [m].[Genre], [m].[MovieCode], [m].[Poster], [m].[ReleaseDate], [m].[Status], [m].[Title], [m].[Trailer]
FROM [Movies] AS [m]
WHERE [m].[Status] = N'Sap chieu' AND [m].[ReleaseDate] <= @__today_0
2026-05-27 20:32:13.415 +07:00 [INF] Executed DbCommand (4ms) [Parameters=[], CommandType='"Text"', CommandTimeout='30']
SELECT [o].[OrderID], [o].[CheckInTime], [o].[FinalAmount], [o].[HoldExpiryTime], [o].[OrderCode], [o].[PayOSTransID], [o].[PromoID], [o].[QrCode], [o].[ShowtimeID], [o].[Status], [o].[TotalAmount], [o].[UserID]
FROM [Orders] AS [o]
WHERE [o].[Status] = N'Chờ thanh toán' AND [o].[HoldExpiryTime] <= GETDATE()
2026-05-27 20:32:13.418 +07:00 [INF] Executed DbCommand (2ms) [Parameters=[@__maxSellingDate_0='?' (DbType = DateTime2), @__now_1='?' (DbType = DateTime2)], CommandType='"Text"', CommandTimeout='30']
SELECT [s].[ShowtimeID], [s].[EndTime], [s].[MovieID], [s].[RoomID], [s].[ShowtimeCode], [s].[StartTime], [s].[Status]
FROM [Showtimes] AS [s]
WHERE [s].[Status] IN (N'Đã lên lịch', N'Sap chieu') AND CONVERT(date, [s].[StartTime]) <= @__maxSellingDate_0 AND [s].[StartTime] > @__now_1
2026-05-27 20:32:13.420 +07:00 [INF] Executed DbCommand (2ms) [Parameters=[@__now_0='?' (DbType = DateTime2)], CommandType='"Text"', CommandTimeout='30']
SELECT [s].[ShowtimeID], [s].[EndTime], [s].[MovieID], [s].[RoomID], [s].[ShowtimeCode], [s].[StartTime], [s].[Status]
FROM [Showtimes] AS [s]
WHERE [s].[Status] IN (N'Đã lên lịch', N'Đang mở bán', N'Sap chieu') AND [s].[StartTime] <= @__now_0 AND [s].[EndTime] > @__now_0
2026-05-27 20:32:13.422 +07:00 [INF] Executed DbCommand (1ms) [Parameters=[@__now_0='?' (DbType = DateTime2)], CommandType='"Text"', CommandTimeout='30']
SELECT [s].[ShowtimeID], [s].[EndTime], [s].[MovieID], [s].[RoomID], [s].[ShowtimeCode], [s].[StartTime], [s].[Status]
FROM [Showtimes] AS [s]
WHERE [s].[Status] IN (N'Đã lên lịch', N'Đang mở bán', N'Đang chiếu', N'Sap chieu', N'Dang dien ra') AND [s].[EndTime] <= @__now_0
2026-05-27 20:32:13.426 +07:00 [INF] Executed DbCommand (3ms) [Parameters=[@__today_0='?' (DbType = Date)], CommandType='"Text"', CommandTimeout='30']
SELECT [m].[MovieID], [m].[Actors], [m].[Description], [m].[Director], [m].[Duration], [m].[Genre], [m].[MovieCode], [m].[Poster], [m].[ReleaseDate], [m].[Status], [m].[Title], [m].[Trailer]
FROM [Movies] AS [m]
WHERE [m].[Status] = N'Sap chieu' AND [m].[ReleaseDate] <= @__today_0
2026-05-27 20:33:13.434 +07:00 [INF] Executed DbCommand (3ms) [Parameters=[], CommandType='"Text"', CommandTimeout='30']
SELECT [o].[OrderID], [o].[CheckInTime], [o].[FinalAmount], [o].[HoldExpiryTime], [o].[OrderCode], [o].[PayOSTransID], [o].[PromoID], [o].[QrCode], [o].[ShowtimeID], [o].[Status], [o].[TotalAmount], [o].[UserID]
FROM [Orders] AS [o]
WHERE [o].[Status] = N'Chờ thanh toán' AND [o].[HoldExpiryTime] <= GETDATE()
2026-05-27 20:33:13.438 +07:00 [INF] Executed DbCommand (3ms) [Parameters=[@__maxSellingDate_0='?' (DbType = DateTime2), @__now_1='?' (DbType = DateTime2)], CommandType='"Text"', CommandTimeout='30']
SELECT [s].[ShowtimeID], [s].[EndTime], [s].[MovieID], [s].[RoomID], [s].[ShowtimeCode], [s].[StartTime], [s].[Status]
FROM [Showtimes] AS [s]
WHERE [s].[Status] IN (N'Đã lên lịch', N'Sap chieu') AND CONVERT(date, [s].[StartTime]) <= @__maxSellingDate_0 AND [s].[StartTime] > @__now_1
2026-05-27 20:33:13.441 +07:00 [INF] Executed DbCommand (2ms) [Parameters=[@__now_0='?' (DbType = DateTime2)], CommandType='"Text"', CommandTimeout='30']
SELECT [s].[ShowtimeID], [s].[EndTime], [s].[MovieID], [s].[RoomID], [s].[ShowtimeCode], [s].[StartTime], [s].[Status]
FROM [Showtimes] AS [s]
WHERE [s].[Status] IN (N'Đã lên lịch', N'Đang mở bán', N'Sap chieu') AND [s].[StartTime] <= @__now_0 AND [s].[EndTime] > @__now_0
2026-05-27 20:33:13.443 +07:00 [INF] Executed DbCommand (2ms) [Parameters=[@__now_0='?' (DbType = DateTime2)], CommandType='"Text"', CommandTimeout='30']
SELECT [s].[ShowtimeID], [s].[EndTime], [s].[MovieID], [s].[RoomID], [s].[ShowtimeCode], [s].[StartTime], [s].[Status]
FROM [Showtimes] AS [s]
WHERE [s].[Status] IN (N'Đã lên lịch', N'Đang mở bán', N'Đang chiếu', N'Sap chieu', N'Dang dien ra') AND [s].[EndTime] <= @__now_0
2026-05-27 20:33:13.445 +07:00 [INF] Executed DbCommand (1ms) [Parameters=[@__today_0='?' (DbType = Date)], CommandType='"Text"', CommandTimeout='30']
SELECT [m].[MovieID], [m].[Actors], [m].[Description], [m].[Director], [m].[Duration], [m].[Genre], [m].[MovieCode], [m].[Poster], [m].[ReleaseDate], [m].[Status], [m].[Title], [m].[Trailer]
FROM [Movies] AS [m]
WHERE [m].[Status] = N'Sap chieu' AND [m].[ReleaseDate] <= @__today_0
2026-05-27 20:34:13.459 +07:00 [INF] Executed DbCommand (3ms) [Parameters=[], CommandType='"Text"', CommandTimeout='30']
SELECT [o].[OrderID], [o].[CheckInTime], [o].[FinalAmount], [o].[HoldExpiryTime], [o].[OrderCode], [o].[PayOSTransID], [o].[PromoID], [o].[QrCode], [o].[ShowtimeID], [o].[Status], [o].[TotalAmount], [o].[UserID]
FROM [Orders] AS [o]
WHERE [o].[Status] = N'Chờ thanh toán' AND [o].[HoldExpiryTime] <= GETDATE()
2026-05-27 20:34:13.462 +07:00 [INF] Executed DbCommand (3ms) [Parameters=[@__maxSellingDate_0='?' (DbType = DateTime2), @__now_1='?' (DbType = DateTime2)], CommandType='"Text"', CommandTimeout='30']
SELECT [s].[ShowtimeID], [s].[EndTime], [s].[MovieID], [s].[RoomID], [s].[ShowtimeCode], [s].[StartTime], [s].[Status]
FROM [Showtimes] AS [s]
WHERE [s].[Status] IN (N'Đã lên lịch', N'Sap chieu') AND CONVERT(date, [s].[StartTime]) <= @__maxSellingDate_0 AND [s].[StartTime] > @__now_1
2026-05-27 20:34:13.466 +07:00 [INF] Executed DbCommand (3ms) [Parameters=[@__now_0='?' (DbType = DateTime2)], CommandType='"Text"', CommandTimeout='30']
SELECT [s].[ShowtimeID], [s].[EndTime], [s].[MovieID], [s].[RoomID], [s].[ShowtimeCode], [s].[StartTime], [s].[Status]
FROM [Showtimes] AS [s]
WHERE [s].[Status] IN (N'Đã lên lịch', N'Đang mở bán', N'Sap chieu') AND [s].[StartTime] <= @__now_0 AND [s].[EndTime] > @__now_0
2026-05-27 20:34:13.470 +07:00 [INF] Executed DbCommand (3ms) [Parameters=[@__now_0='?' (DbType = DateTime2)], CommandType='"Text"', CommandTimeout='30']
SELECT [s].[ShowtimeID], [s].[EndTime], [s].[MovieID], [s].[RoomID], [s].[ShowtimeCode], [s].[StartTime], [s].[Status]
FROM [Showtimes] AS [s]
WHERE [s].[Status] IN (N'Đã lên lịch', N'Đang mở bán', N'Đang chiếu', N'Sap chieu', N'Dang dien ra') AND [s].[EndTime] <= @__now_0
2026-05-27 20:34:13.472 +07:00 [INF] Executed DbCommand (2ms) [Parameters=[@__today_0='?' (DbType = Date)], CommandType='"Text"', CommandTimeout='30']
SELECT [m].[MovieID], [m].[Actors], [m].[Description], [m].[Director], [m].[Duration], [m].[Genre], [m].[MovieCode], [m].[Poster], [m].[ReleaseDate], [m].[Status], [m].[Title], [m].[Trailer]
FROM [Movies] AS [m]
WHERE [m].[Status] = N'Sap chieu' AND [m].[ReleaseDate] <= @__today_0
2026-05-27 20:35:13.487 +07:00 [INF] Executed DbCommand (3ms) [Parameters=[], CommandType='"Text"', CommandTimeout='30']
SELECT [o].[OrderID], [o].[CheckInTime], [o].[FinalAmount], [o].[HoldExpiryTime], [o].[OrderCode], [o].[PayOSTransID], [o].[PromoID], [o].[QrCode], [o].[ShowtimeID], [o].[Status], [o].[TotalAmount], [o].[UserID]
FROM [Orders] AS [o]
WHERE [o].[Status] = N'Chờ thanh toán' AND [o].[HoldExpiryTime] <= GETDATE()
2026-05-27 20:35:13.491 +07:00 [INF] Executed DbCommand (3ms) [Parameters=[@__maxSellingDate_0='?' (DbType = DateTime2), @__now_1='?' (DbType = DateTime2)], CommandType='"Text"', CommandTimeout='30']
SELECT [s].[ShowtimeID], [s].[EndTime], [s].[MovieID], [s].[RoomID], [s].[ShowtimeCode], [s].[StartTime], [s].[Status]
FROM [Showtimes] AS [s]
WHERE [s].[Status] IN (N'Đã lên lịch', N'Sap chieu') AND CONVERT(date, [s].[StartTime]) <= @__maxSellingDate_0 AND [s].[StartTime] > @__now_1
2026-05-27 20:35:13.493 +07:00 [INF] Executed DbCommand (2ms) [Parameters=[@__now_0='?' (DbType = DateTime2)], CommandType='"Text"', CommandTimeout='30']
SELECT [s].[ShowtimeID], [s].[EndTime], [s].[MovieID], [s].[RoomID], [s].[ShowtimeCode], [s].[StartTime], [s].[Status]
FROM [Showtimes] AS [s]
WHERE [s].[Status] IN (N'Đã lên lịch', N'Đang mở bán', N'Sap chieu') AND [s].[StartTime] <= @__now_0 AND [s].[EndTime] > @__now_0
2026-05-27 20:35:13.497 +07:00 [INF] Executed DbCommand (4ms) [Parameters=[@__now_0='?' (DbType = DateTime2)], CommandType='"Text"', CommandTimeout='30']
SELECT [s].[ShowtimeID], [s].[EndTime], [s].[MovieID], [s].[RoomID], [s].[ShowtimeCode], [s].[StartTime], [s].[Status]
FROM [Showtimes] AS [s]
WHERE [s].[Status] IN (N'Đã lên lịch', N'Đang mở bán', N'Đang chiếu', N'Sap chieu', N'Dang dien ra') AND [s].[EndTime] <= @__now_0
2026-05-27 20:35:13.500 +07:00 [INF] Executed DbCommand (2ms) [Parameters=[@__today_0='?' (DbType = Date)], CommandType='"Text"', CommandTimeout='30']
SELECT [m].[MovieID], [m].[Actors], [m].[Description], [m].[Director], [m].[Duration], [m].[Genre], [m].[MovieCode], [m].[Poster], [m].[ReleaseDate], [m].[Status], [m].[Title], [m].[Trailer]
FROM [Movies] AS [m]
WHERE [m].[Status] = N'Sap chieu' AND [m].[ReleaseDate] <= @__today_0
2026-05-27 20:36:13.518 +07:00 [INF] Executed DbCommand (4ms) [Parameters=[], CommandType='"Text"', CommandTimeout='30']
SELECT [o].[OrderID], [o].[CheckInTime], [o].[FinalAmount], [o].[HoldExpiryTime], [o].[OrderCode], [o].[PayOSTransID], [o].[PromoID], [o].[QrCode], [o].[ShowtimeID], [o].[Status], [o].[TotalAmount], [o].[UserID]
FROM [Orders] AS [o]
WHERE [o].[Status] = N'Chờ thanh toán' AND [o].[HoldExpiryTime] <= GETDATE()
2026-05-27 20:36:13.524 +07:00 [INF] Executed DbCommand (4ms) [Parameters=[@__maxSellingDate_0='?' (DbType = DateTime2), @__now_1='?' (DbType = DateTime2)], CommandType='"Text"', CommandTimeout='30']
SELECT [s].[ShowtimeID], [s].[EndTime], [s].[MovieID], [s].[RoomID], [s].[ShowtimeCode], [s].[StartTime], [s].[Status]
FROM [Showtimes] AS [s]
WHERE [s].[Status] IN (N'Đã lên lịch', N'Sap chieu') AND CONVERT(date, [s].[StartTime]) <= @__maxSellingDate_0 AND [s].[StartTime] > @__now_1
2026-05-27 20:36:13.528 +07:00 [INF] Executed DbCommand (4ms) [Parameters=[@__now_0='?' (DbType = DateTime2)], CommandType='"Text"', CommandTimeout='30']
SELECT [s].[ShowtimeID], [s].[EndTime], [s].[MovieID], [s].[RoomID], [s].[ShowtimeCode], [s].[StartTime], [s].[Status]
FROM [Showtimes] AS [s]
WHERE [s].[Status] IN (N'Đã lên lịch', N'Đang mở bán', N'Sap chieu') AND [s].[StartTime] <= @__now_0 AND [s].[EndTime] > @__now_0
2026-05-27 20:36:13.532 +07:00 [INF] Executed DbCommand (4ms) [Parameters=[@__now_0='?' (DbType = DateTime2)], CommandType='"Text"', CommandTimeout='30']
SELECT [s].[ShowtimeID], [s].[EndTime], [s].[MovieID], [s].[RoomID], [s].[ShowtimeCode], [s].[StartTime], [s].[Status]
FROM [Showtimes] AS [s]
WHERE [s].[Status] IN (N'Đã lên lịch', N'Đang mở bán', N'Đang chiếu', N'Sap chieu', N'Dang dien ra') AND [s].[EndTime] <= @__now_0
2026-05-27 20:36:13.535 +07:00 [INF] Executed DbCommand (1ms) [Parameters=[@__today_0='?' (DbType = Date)], CommandType='"Text"', CommandTimeout='30']
SELECT [m].[MovieID], [m].[Actors], [m].[Description], [m].[Director], [m].[Duration], [m].[Genre], [m].[MovieCode], [m].[Poster], [m].[ReleaseDate], [m].[Status], [m].[Title], [m].[Trailer]
FROM [Movies] AS [m]
WHERE [m].[Status] = N'Sap chieu' AND [m].[ReleaseDate] <= @__today_0
2026-05-27 20:37:13.556 +07:00 [INF] Executed DbCommand (4ms) [Parameters=[], CommandType='"Text"', CommandTimeout='30']
SELECT [o].[OrderID], [o].[CheckInTime], [o].[FinalAmount], [o].[HoldExpiryTime], [o].[OrderCode], [o].[PayOSTransID], [o].[PromoID], [o].[QrCode], [o].[ShowtimeID], [o].[Status], [o].[TotalAmount], [o].[UserID]
FROM [Orders] AS [o]
WHERE [o].[Status] = N'Chờ thanh toán' AND [o].[HoldExpiryTime] <= GETDATE()
2026-05-27 20:37:13.562 +07:00 [INF] Executed DbCommand (5ms) [Parameters=[@__maxSellingDate_0='?' (DbType = DateTime2), @__now_1='?' (DbType = DateTime2)], CommandType='"Text"', CommandTimeout='30']
SELECT [s].[ShowtimeID], [s].[EndTime], [s].[MovieID], [s].[RoomID], [s].[ShowtimeCode], [s].[StartTime], [s].[Status]
FROM [Showtimes] AS [s]
WHERE [s].[Status] IN (N'Đã lên lịch', N'Sap chieu') AND CONVERT(date, [s].[StartTime]) <= @__maxSellingDate_0 AND [s].[StartTime] > @__now_1
2026-05-27 20:37:13.565 +07:00 [INF] Executed DbCommand (2ms) [Parameters=[@__now_0='?' (DbType = DateTime2)], CommandType='"Text"', CommandTimeout='30']
SELECT [s].[ShowtimeID], [s].[EndTime], [s].[MovieID], [s].[RoomID], [s].[ShowtimeCode], [s].[StartTime], [s].[Status]
FROM [Showtimes] AS [s]
WHERE [s].[Status] IN (N'Đã lên lịch', N'Đang mở bán', N'Sap chieu') AND [s].[StartTime] <= @__now_0 AND [s].[EndTime] > @__now_0
2026-05-27 20:37:13.569 +07:00 [INF] Executed DbCommand (3ms) [Parameters=[@__now_0='?' (DbType = DateTime2)], CommandType='"Text"', CommandTimeout='30']
SELECT [s].[ShowtimeID], [s].[EndTime], [s].[MovieID], [s].[RoomID], [s].[ShowtimeCode], [s].[StartTime], [s].[Status]
FROM [Showtimes] AS [s]
WHERE [s].[Status] IN (N'Đã lên lịch', N'Đang mở bán', N'Đang chiếu', N'Sap chieu', N'Dang dien ra') AND [s].[EndTime] <= @__now_0
2026-05-27 20:37:13.571 +07:00 [INF] Executed DbCommand (2ms) [Parameters=[@__today_0='?' (DbType = Date)], CommandType='"Text"', CommandTimeout='30']
SELECT [m].[MovieID], [m].[Actors], [m].[Description], [m].[Director], [m].[Duration], [m].[Genre], [m].[MovieCode], [m].[Poster], [m].[ReleaseDate], [m].[Status], [m].[Title], [m].[Trailer]
FROM [Movies] AS [m]
WHERE [m].[Status] = N'Sap chieu' AND [m].[ReleaseDate] <= @__today_0
2026-05-27 20:38:13.579 +07:00 [INF] Executed DbCommand (3ms) [Parameters=[], CommandType='"Text"', CommandTimeout='30']
SELECT [o].[OrderID], [o].[CheckInTime], [o].[FinalAmount], [o].[HoldExpiryTime], [o].[OrderCode], [o].[PayOSTransID], [o].[PromoID], [o].[QrCode], [o].[ShowtimeID], [o].[Status], [o].[TotalAmount], [o].[UserID]
FROM [Orders] AS [o]
WHERE [o].[Status] = N'Chờ thanh toán' AND [o].[HoldExpiryTime] <= GETDATE()
2026-05-27 20:38:13.584 +07:00 [INF] Executed DbCommand (3ms) [Parameters=[@__maxSellingDate_0='?' (DbType = DateTime2), @__now_1='?' (DbType = DateTime2)], CommandType='"Text"', CommandTimeout='30']
SELECT [s].[ShowtimeID], [s].[EndTime], [s].[MovieID], [s].[RoomID], [s].[ShowtimeCode], [s].[StartTime], [s].[Status]
FROM [Showtimes] AS [s]
WHERE [s].[Status] IN (N'Đã lên lịch', N'Sap chieu') AND CONVERT(date, [s].[StartTime]) <= @__maxSellingDate_0 AND [s].[StartTime] > @__now_1
2026-05-27 20:38:13.587 +07:00 [INF] Executed DbCommand (2ms) [Parameters=[@__now_0='?' (DbType = DateTime2)], CommandType='"Text"', CommandTimeout='30']
SELECT [s].[ShowtimeID], [s].[EndTime], [s].[MovieID], [s].[RoomID], [s].[ShowtimeCode], [s].[StartTime], [s].[Status]
FROM [Showtimes] AS [s]
WHERE [s].[Status] IN (N'Đã lên lịch', N'Đang mở bán', N'Sap chieu') AND [s].[StartTime] <= @__now_0 AND [s].[EndTime] > @__now_0
2026-05-27 20:38:13.590 +07:00 [INF] Executed DbCommand (2ms) [Parameters=[@__now_0='?' (DbType = DateTime2)], CommandType='"Text"', CommandTimeout='30']
SELECT [s].[ShowtimeID], [s].[EndTime], [s].[MovieID], [s].[RoomID], [s].[ShowtimeCode], [s].[StartTime], [s].[Status]
FROM [Showtimes] AS [s]
WHERE [s].[Status] IN (N'Đã lên lịch', N'Đang mở bán', N'Đang chiếu', N'Sap chieu', N'Dang dien ra') AND [s].[EndTime] <= @__now_0
2026-05-27 20:38:13.593 +07:00 [INF] Executed DbCommand (2ms) [Parameters=[@__today_0='?' (DbType = Date)], CommandType='"Text"', CommandTimeout='30']
SELECT [m].[MovieID], [m].[Actors], [m].[Description], [m].[Director], [m].[Duration], [m].[Genre], [m].[MovieCode], [m].[Poster], [m].[ReleaseDate], [m].[Status], [m].[Title], [m].[Trailer]
FROM [Movies] AS [m]
WHERE [m].[Status] = N'Sap chieu' AND [m].[ReleaseDate] <= @__today_0
2026-05-27 20:39:13.606 +07:00 [INF] Executed DbCommand (2ms) [Parameters=[], CommandType='"Text"', CommandTimeout='30']
SELECT [o].[OrderID], [o].[CheckInTime], [o].[FinalAmount], [o].[HoldExpiryTime], [o].[OrderCode], [o].[PayOSTransID], [o].[PromoID], [o].[QrCode], [o].[ShowtimeID], [o].[Status], [o].[TotalAmount], [o].[UserID]
FROM [Orders] AS [o]
WHERE [o].[Status] = N'Chờ thanh toán' AND [o].[HoldExpiryTime] <= GETDATE()
2026-05-27 20:39:13.610 +07:00 [INF] Executed DbCommand (3ms) [Parameters=[@__maxSellingDate_0='?' (DbType = DateTime2), @__now_1='?' (DbType = DateTime2)], CommandType='"Text"', CommandTimeout='30']
SELECT [s].[ShowtimeID], [s].[EndTime], [s].[MovieID], [s].[RoomID], [s].[ShowtimeCode], [s].[StartTime], [s].[Status]
FROM [Showtimes] AS [s]
WHERE [s].[Status] IN (N'Đã lên lịch', N'Sap chieu') AND CONVERT(date, [s].[StartTime]) <= @__maxSellingDate_0 AND [s].[StartTime] > @__now_1
2026-05-27 20:39:13.634 +07:00 [INF] Executed DbCommand (23ms) [Parameters=[@__now_0='?' (DbType = DateTime2)], CommandType='"Text"', CommandTimeout='30']
SELECT [s].[ShowtimeID], [s].[EndTime], [s].[MovieID], [s].[RoomID], [s].[ShowtimeCode], [s].[StartTime], [s].[Status]
FROM [Showtimes] AS [s]
WHERE [s].[Status] IN (N'Đã lên lịch', N'Đang mở bán', N'Sap chieu') AND [s].[StartTime] <= @__now_0 AND [s].[EndTime] > @__now_0
2026-05-27 20:39:13.683 +07:00 [INF] Executed DbCommand (48ms) [Parameters=[@__now_0='?' (DbType = DateTime2)], CommandType='"Text"', CommandTimeout='30']
SELECT [s].[ShowtimeID], [s].[EndTime], [s].[MovieID], [s].[RoomID], [s].[ShowtimeCode], [s].[StartTime], [s].[Status]
FROM [Showtimes] AS [s]
WHERE [s].[Status] IN (N'Đã lên lịch', N'Đang mở bán', N'Đang chiếu', N'Sap chieu', N'Dang dien ra') AND [s].[EndTime] <= @__now_0
2026-05-27 20:39:13.760 +07:00 [INF] Executed DbCommand (76ms) [Parameters=[@__today_0='?' (DbType = Date)], CommandType='"Text"', CommandTimeout='30']
SELECT [m].[MovieID], [m].[Actors], [m].[Description], [m].[Director], [m].[Duration], [m].[Genre], [m].[MovieCode], [m].[Poster], [m].[ReleaseDate], [m].[Status], [m].[Title], [m].[Trailer]
FROM [Movies] AS [m]
WHERE [m].[Status] = N'Sap chieu' AND [m].[ReleaseDate] <= @__today_0
2026-05-27 20:40:13.770 +07:00 [INF] Executed DbCommand (2ms) [Parameters=[], CommandType='"Text"', CommandTimeout='30']
SELECT [o].[OrderID], [o].[CheckInTime], [o].[FinalAmount], [o].[HoldExpiryTime], [o].[OrderCode], [o].[PayOSTransID], [o].[PromoID], [o].[QrCode], [o].[ShowtimeID], [o].[Status], [o].[TotalAmount], [o].[UserID]
FROM [Orders] AS [o]
WHERE [o].[Status] = N'Chờ thanh toán' AND [o].[HoldExpiryTime] <= GETDATE()
2026-05-27 20:40:13.774 +07:00 [INF] Executed DbCommand (2ms) [Parameters=[@__maxSellingDate_0='?' (DbType = DateTime2), @__now_1='?' (DbType = DateTime2)], CommandType='"Text"', CommandTimeout='30']
SELECT [s].[ShowtimeID], [s].[EndTime], [s].[MovieID], [s].[RoomID], [s].[ShowtimeCode], [s].[StartTime], [s].[Status]
FROM [Showtimes] AS [s]
WHERE [s].[Status] IN (N'Đã lên lịch', N'Sap chieu') AND CONVERT(date, [s].[StartTime]) <= @__maxSellingDate_0 AND [s].[StartTime] > @__now_1
2026-05-27 20:40:13.776 +07:00 [INF] Executed DbCommand (2ms) [Parameters=[@__now_0='?' (DbType = DateTime2)], CommandType='"Text"', CommandTimeout='30']
SELECT [s].[ShowtimeID], [s].[EndTime], [s].[MovieID], [s].[RoomID], [s].[ShowtimeCode], [s].[StartTime], [s].[Status]
FROM [Showtimes] AS [s]
WHERE [s].[Status] IN (N'Đã lên lịch', N'Đang mở bán', N'Sap chieu') AND [s].[StartTime] <= @__now_0 AND [s].[EndTime] > @__now_0
2026-05-27 20:40:13.778 +07:00 [INF] Executed DbCommand (1ms) [Parameters=[@__now_0='?' (DbType = DateTime2)], CommandType='"Text"', CommandTimeout='30']
SELECT [s].[ShowtimeID], [s].[EndTime], [s].[MovieID], [s].[RoomID], [s].[ShowtimeCode], [s].[StartTime], [s].[Status]
FROM [Showtimes] AS [s]
WHERE [s].[Status] IN (N'Đã lên lịch', N'Đang mở bán', N'Đang chiếu', N'Sap chieu', N'Dang dien ra') AND [s].[EndTime] <= @__now_0
2026-05-27 20:40:13.780 +07:00 [INF] Executed DbCommand (2ms) [Parameters=[@__today_0='?' (DbType = Date)], CommandType='"Text"', CommandTimeout='30']
SELECT [m].[MovieID], [m].[Actors], [m].[Description], [m].[Director], [m].[Duration], [m].[Genre], [m].[MovieCode], [m].[Poster], [m].[ReleaseDate], [m].[Status], [m].[Title], [m].[Trailer]
FROM [Movies] AS [m]
WHERE [m].[Status] = N'Sap chieu' AND [m].[ReleaseDate] <= @__today_0
2026-05-27 20:41:13.796 +07:00 [INF] Executed DbCommand (3ms) [Parameters=[], CommandType='"Text"', CommandTimeout='30']
SELECT [o].[OrderID], [o].[CheckInTime], [o].[FinalAmount], [o].[HoldExpiryTime], [o].[OrderCode], [o].[PayOSTransID], [o].[PromoID], [o].[QrCode], [o].[ShowtimeID], [o].[Status], [o].[TotalAmount], [o].[UserID]
FROM [Orders] AS [o]
WHERE [o].[Status] = N'Chờ thanh toán' AND [o].[HoldExpiryTime] <= GETDATE()
2026-05-27 20:41:13.800 +07:00 [INF] Executed DbCommand (3ms) [Parameters=[@__maxSellingDate_0='?' (DbType = DateTime2), @__now_1='?' (DbType = DateTime2)], CommandType='"Text"', CommandTimeout='30']
SELECT [s].[ShowtimeID], [s].[EndTime], [s].[MovieID], [s].[RoomID], [s].[ShowtimeCode], [s].[StartTime], [s].[Status]
FROM [Showtimes] AS [s]
WHERE [s].[Status] IN (N'Đã lên lịch', N'Sap chieu') AND CONVERT(date, [s].[StartTime]) <= @__maxSellingDate_0 AND [s].[StartTime] > @__now_1
2026-05-27 20:41:13.802 +07:00 [INF] Executed DbCommand (2ms) [Parameters=[@__now_0='?' (DbType = DateTime2)], CommandType='"Text"', CommandTimeout='30']
SELECT [s].[ShowtimeID], [s].[EndTime], [s].[MovieID], [s].[RoomID], [s].[ShowtimeCode], [s].[StartTime], [s].[Status]
FROM [Showtimes] AS [s]
WHERE [s].[Status] IN (N'Đã lên lịch', N'Đang mở bán', N'Sap chieu') AND [s].[StartTime] <= @__now_0 AND [s].[EndTime] > @__now_0
2026-05-27 20:41:13.805 +07:00 [INF] Executed DbCommand (2ms) [Parameters=[@__now_0='?' (DbType = DateTime2)], CommandType='"Text"', CommandTimeout='30']
SELECT [s].[ShowtimeID], [s].[EndTime], [s].[MovieID], [s].[RoomID], [s].[ShowtimeCode], [s].[StartTime], [s].[Status]
FROM [Showtimes] AS [s]
WHERE [s].[Status] IN (N'Đã lên lịch', N'Đang mở bán', N'Đang chiếu', N'Sap chieu', N'Dang dien ra') AND [s].[EndTime] <= @__now_0
2026-05-27 20:41:13.808 +07:00 [INF] Executed DbCommand (2ms) [Parameters=[@__today_0='?' (DbType = Date)], CommandType='"Text"', CommandTimeout='30']
SELECT [m].[MovieID], [m].[Actors], [m].[Description], [m].[Director], [m].[Duration], [m].[Genre], [m].[MovieCode], [m].[Poster], [m].[ReleaseDate], [m].[Status], [m].[Title], [m].[Trailer]
FROM [Movies] AS [m]
WHERE [m].[Status] = N'Sap chieu' AND [m].[ReleaseDate] <= @__today_0
2026-05-27 20:42:13.826 +07:00 [INF] Executed DbCommand (6ms) [Parameters=[], CommandType='"Text"', CommandTimeout='30']
SELECT [o].[OrderID], [o].[CheckInTime], [o].[FinalAmount], [o].[HoldExpiryTime], [o].[OrderCode], [o].[PayOSTransID], [o].[PromoID], [o].[QrCode], [o].[ShowtimeID], [o].[Status], [o].[TotalAmount], [o].[UserID]
FROM [Orders] AS [o]
WHERE [o].[Status] = N'Chờ thanh toán' AND [o].[HoldExpiryTime] <= GETDATE()
2026-05-27 20:42:13.831 +07:00 [INF] Executed DbCommand (4ms) [Parameters=[@__maxSellingDate_0='?' (DbType = DateTime2), @__now_1='?' (DbType = DateTime2)], CommandType='"Text"', CommandTimeout='30']
SELECT [s].[ShowtimeID], [s].[EndTime], [s].[MovieID], [s].[RoomID], [s].[ShowtimeCode], [s].[StartTime], [s].[Status]
FROM [Showtimes] AS [s]
WHERE [s].[Status] IN (N'Đã lên lịch', N'Sap chieu') AND CONVERT(date, [s].[StartTime]) <= @__maxSellingDate_0 AND [s].[StartTime] > @__now_1
2026-05-27 20:42:13.835 +07:00 [INF] Executed DbCommand (3ms) [Parameters=[@__now_0='?' (DbType = DateTime2)], CommandType='"Text"', CommandTimeout='30']
SELECT [s].[ShowtimeID], [s].[EndTime], [s].[MovieID], [s].[RoomID], [s].[ShowtimeCode], [s].[StartTime], [s].[Status]
FROM [Showtimes] AS [s]
WHERE [s].[Status] IN (N'Đã lên lịch', N'Đang mở bán', N'Sap chieu') AND [s].[StartTime] <= @__now_0 AND [s].[EndTime] > @__now_0
2026-05-27 20:42:13.839 +07:00 [INF] Executed DbCommand (4ms) [Parameters=[@__now_0='?' (DbType = DateTime2)], CommandType='"Text"', CommandTimeout='30']
SELECT [s].[ShowtimeID], [s].[EndTime], [s].[MovieID], [s].[RoomID], [s].[ShowtimeCode], [s].[StartTime], [s].[Status]
FROM [Showtimes] AS [s]
WHERE [s].[Status] IN (N'Đã lên lịch', N'Đang mở bán', N'Đang chiếu', N'Sap chieu', N'Dang dien ra') AND [s].[EndTime] <= @__now_0
2026-05-27 20:42:13.841 +07:00 [INF] Executed DbCommand (1ms) [Parameters=[@__today_0='?' (DbType = Date)], CommandType='"Text"', CommandTimeout='30']
SELECT [m].[MovieID], [m].[Actors], [m].[Description], [m].[Director], [m].[Duration], [m].[Genre], [m].[MovieCode], [m].[Poster], [m].[ReleaseDate], [m].[Status], [m].[Title], [m].[Trailer]
FROM [Movies] AS [m]
WHERE [m].[Status] = N'Sap chieu' AND [m].[ReleaseDate] <= @__today_0
2026-05-27 20:43:13.847 +07:00 [INF] Executed DbCommand (3ms) [Parameters=[], CommandType='"Text"', CommandTimeout='30']
SELECT [o].[OrderID], [o].[CheckInTime], [o].[FinalAmount], [o].[HoldExpiryTime], [o].[OrderCode], [o].[PayOSTransID], [o].[PromoID], [o].[QrCode], [o].[ShowtimeID], [o].[Status], [o].[TotalAmount], [o].[UserID]
FROM [Orders] AS [o]
WHERE [o].[Status] = N'Chờ thanh toán' AND [o].[HoldExpiryTime] <= GETDATE()
2026-05-27 20:43:13.850 +07:00 [INF] Executed DbCommand (2ms) [Parameters=[@__maxSellingDate_0='?' (DbType = DateTime2), @__now_1='?' (DbType = DateTime2)], CommandType='"Text"', CommandTimeout='30']
SELECT [s].[ShowtimeID], [s].[EndTime], [s].[MovieID], [s].[RoomID], [s].[ShowtimeCode], [s].[StartTime], [s].[Status]
FROM [Showtimes] AS [s]
WHERE [s].[Status] IN (N'Đã lên lịch', N'Sap chieu') AND CONVERT(date, [s].[StartTime]) <= @__maxSellingDate_0 AND [s].[StartTime] > @__now_1
2026-05-27 20:43:13.852 +07:00 [INF] Executed DbCommand (2ms) [Parameters=[@__now_0='?' (DbType = DateTime2)], CommandType='"Text"', CommandTimeout='30']
SELECT [s].[ShowtimeID], [s].[EndTime], [s].[MovieID], [s].[RoomID], [s].[ShowtimeCode], [s].[StartTime], [s].[Status]
FROM [Showtimes] AS [s]
WHERE [s].[Status] IN (N'Đã lên lịch', N'Đang mở bán', N'Sap chieu') AND [s].[StartTime] <= @__now_0 AND [s].[EndTime] > @__now_0
2026-05-27 20:43:13.854 +07:00 [INF] Executed DbCommand (2ms) [Parameters=[@__now_0='?' (DbType = DateTime2)], CommandType='"Text"', CommandTimeout='30']
SELECT [s].[ShowtimeID], [s].[EndTime], [s].[MovieID], [s].[RoomID], [s].[ShowtimeCode], [s].[StartTime], [s].[Status]
FROM [Showtimes] AS [s]
WHERE [s].[Status] IN (N'Đã lên lịch', N'Đang mở bán', N'Đang chiếu', N'Sap chieu', N'Dang dien ra') AND [s].[EndTime] <= @__now_0
2026-05-27 20:43:13.857 +07:00 [INF] Executed DbCommand (2ms) [Parameters=[@__today_0='?' (DbType = Date)], CommandType='"Text"', CommandTimeout='30']
SELECT [m].[MovieID], [m].[Actors], [m].[Description], [m].[Director], [m].[Duration], [m].[Genre], [m].[MovieCode], [m].[Poster], [m].[ReleaseDate], [m].[Status], [m].[Title], [m].[Trailer]
FROM [Movies] AS [m]
WHERE [m].[Status] = N'Sap chieu' AND [m].[ReleaseDate] <= @__today_0
2026-05-27 20:44:13.872 +07:00 [INF] Executed DbCommand (8ms) [Parameters=[], CommandType='"Text"', CommandTimeout='30']
SELECT [o].[OrderID], [o].[CheckInTime], [o].[FinalAmount], [o].[HoldExpiryTime], [o].[OrderCode], [o].[PayOSTransID], [o].[PromoID], [o].[QrCode], [o].[ShowtimeID], [o].[Status], [o].[TotalAmount], [o].[UserID]
FROM [Orders] AS [o]
WHERE [o].[Status] = N'Chờ thanh toán' AND [o].[HoldExpiryTime] <= GETDATE()
2026-05-27 20:44:13.878 +07:00 [INF] Executed DbCommand (4ms) [Parameters=[@__maxSellingDate_0='?' (DbType = DateTime2), @__now_1='?' (DbType = DateTime2)], CommandType='"Text"', CommandTimeout='30']
SELECT [s].[ShowtimeID], [s].[EndTime], [s].[MovieID], [s].[RoomID], [s].[ShowtimeCode], [s].[StartTime], [s].[Status]
FROM [Showtimes] AS [s]
WHERE [s].[Status] IN (N'Đã lên lịch', N'Sap chieu') AND CONVERT(date, [s].[StartTime]) <= @__maxSellingDate_0 AND [s].[StartTime] > @__now_1
2026-05-27 20:44:13.882 +07:00 [INF] Executed DbCommand (3ms) [Parameters=[@__now_0='?' (DbType = DateTime2)], CommandType='"Text"', CommandTimeout='30']
SELECT [s].[ShowtimeID], [s].[EndTime], [s].[MovieID], [s].[RoomID], [s].[ShowtimeCode], [s].[StartTime], [s].[Status]
FROM [Showtimes] AS [s]
WHERE [s].[Status] IN (N'Đã lên lịch', N'Đang mở bán', N'Sap chieu') AND [s].[StartTime] <= @__now_0 AND [s].[EndTime] > @__now_0
2026-05-27 20:44:13.887 +07:00 [INF] Executed DbCommand (5ms) [Parameters=[@__now_0='?' (DbType = DateTime2)], CommandType='"Text"', CommandTimeout='30']
SELECT [s].[ShowtimeID], [s].[EndTime], [s].[MovieID], [s].[RoomID], [s].[ShowtimeCode], [s].[StartTime], [s].[Status]
FROM [Showtimes] AS [s]
WHERE [s].[Status] IN (N'Đã lên lịch', N'Đang mở bán', N'Đang chiếu', N'Sap chieu', N'Dang dien ra') AND [s].[EndTime] <= @__now_0
2026-05-27 20:44:13.891 +07:00 [INF] Executed DbCommand (3ms) [Parameters=[@__today_0='?' (DbType = Date)], CommandType='"Text"', CommandTimeout='30']
SELECT [m].[MovieID], [m].[Actors], [m].[Description], [m].[Director], [m].[Duration], [m].[Genre], [m].[MovieCode], [m].[Poster], [m].[ReleaseDate], [m].[Status], [m].[Title], [m].[Trailer]
FROM [Movies] AS [m]
WHERE [m].[Status] = N'Sap chieu' AND [m].[ReleaseDate] <= @__today_0
2026-05-27 20:45:13.911 +07:00 [INF] Executed DbCommand (4ms) [Parameters=[], CommandType='"Text"', CommandTimeout='30']
SELECT [o].[OrderID], [o].[CheckInTime], [o].[FinalAmount], [o].[HoldExpiryTime], [o].[OrderCode], [o].[PayOSTransID], [o].[PromoID], [o].[QrCode], [o].[ShowtimeID], [o].[Status], [o].[TotalAmount], [o].[UserID]
FROM [Orders] AS [o]
WHERE [o].[Status] = N'Chờ thanh toán' AND [o].[HoldExpiryTime] <= GETDATE()
2026-05-27 20:45:13.914 +07:00 [INF] Executed DbCommand (2ms) [Parameters=[@__maxSellingDate_0='?' (DbType = DateTime2), @__now_1='?' (DbType = DateTime2)], CommandType='"Text"', CommandTimeout='30']
SELECT [s].[ShowtimeID], [s].[EndTime], [s].[MovieID], [s].[RoomID], [s].[ShowtimeCode], [s].[StartTime], [s].[Status]
FROM [Showtimes] AS [s]
WHERE [s].[Status] IN (N'Đã lên lịch', N'Sap chieu') AND CONVERT(date, [s].[StartTime]) <= @__maxSellingDate_0 AND [s].[StartTime] > @__now_1
2026-05-27 20:45:13.917 +07:00 [INF] Executed DbCommand (2ms) [Parameters=[@__now_0='?' (DbType = DateTime2)], CommandType='"Text"', CommandTimeout='30']
SELECT [s].[ShowtimeID], [s].[EndTime], [s].[MovieID], [s].[RoomID], [s].[ShowtimeCode], [s].[StartTime], [s].[Status]
FROM [Showtimes] AS [s]
WHERE [s].[Status] IN (N'Đã lên lịch', N'Đang mở bán', N'Sap chieu') AND [s].[StartTime] <= @__now_0 AND [s].[EndTime] > @__now_0
2026-05-27 20:45:13.920 +07:00 [INF] Executed DbCommand (2ms) [Parameters=[@__now_0='?' (DbType = DateTime2)], CommandType='"Text"', CommandTimeout='30']
SELECT [s].[ShowtimeID], [s].[EndTime], [s].[MovieID], [s].[RoomID], [s].[ShowtimeCode], [s].[StartTime], [s].[Status]
FROM [Showtimes] AS [s]
WHERE [s].[Status] IN (N'Đã lên lịch', N'Đang mở bán', N'Đang chiếu', N'Sap chieu', N'Dang dien ra') AND [s].[EndTime] <= @__now_0
2026-05-27 20:45:13.923 +07:00 [INF] Executed DbCommand (2ms) [Parameters=[@__today_0='?' (DbType = Date)], CommandType='"Text"', CommandTimeout='30']
SELECT [m].[MovieID], [m].[Actors], [m].[Description], [m].[Director], [m].[Duration], [m].[Genre], [m].[MovieCode], [m].[Poster], [m].[ReleaseDate], [m].[Status], [m].[Title], [m].[Trailer]
FROM [Movies] AS [m]
WHERE [m].[Status] = N'Sap chieu' AND [m].[ReleaseDate] <= @__today_0
2026-05-27 20:46:13.939 +07:00 [INF] Executed DbCommand (3ms) [Parameters=[], CommandType='"Text"', CommandTimeout='30']
SELECT [o].[OrderID], [o].[CheckInTime], [o].[FinalAmount], [o].[HoldExpiryTime], [o].[OrderCode], [o].[PayOSTransID], [o].[PromoID], [o].[QrCode], [o].[ShowtimeID], [o].[Status], [o].[TotalAmount], [o].[UserID]
FROM [Orders] AS [o]
WHERE [o].[Status] = N'Chờ thanh toán' AND [o].[HoldExpiryTime] <= GETDATE()
2026-05-27 20:46:13.943 +07:00 [INF] Executed DbCommand (2ms) [Parameters=[@__maxSellingDate_0='?' (DbType = DateTime2), @__now_1='?' (DbType = DateTime2)], CommandType='"Text"', CommandTimeout='30']
SELECT [s].[ShowtimeID], [s].[EndTime], [s].[MovieID], [s].[RoomID], [s].[ShowtimeCode], [s].[StartTime], [s].[Status]
FROM [Showtimes] AS [s]
WHERE [s].[Status] IN (N'Đã lên lịch', N'Sap chieu') AND CONVERT(date, [s].[StartTime]) <= @__maxSellingDate_0 AND [s].[StartTime] > @__now_1
2026-05-27 20:46:13.945 +07:00 [INF] Executed DbCommand (2ms) [Parameters=[@__now_0='?' (DbType = DateTime2)], CommandType='"Text"', CommandTimeout='30']
SELECT [s].[ShowtimeID], [s].[EndTime], [s].[MovieID], [s].[RoomID], [s].[ShowtimeCode], [s].[StartTime], [s].[Status]
FROM [Showtimes] AS [s]
WHERE [s].[Status] IN (N'Đã lên lịch', N'Đang mở bán', N'Sap chieu') AND [s].[StartTime] <= @__now_0 AND [s].[EndTime] > @__now_0
2026-05-27 20:46:13.949 +07:00 [INF] Executed DbCommand (2ms) [Parameters=[@__now_0='?' (DbType = DateTime2)], CommandType='"Text"', CommandTimeout='30']
SELECT [s].[ShowtimeID], [s].[EndTime], [s].[MovieID], [s].[RoomID], [s].[ShowtimeCode], [s].[StartTime], [s].[Status]
FROM [Showtimes] AS [s]
WHERE [s].[Status] IN (N'Đã lên lịch', N'Đang mở bán', N'Đang chiếu', N'Sap chieu', N'Dang dien ra') AND [s].[EndTime] <= @__now_0
2026-05-27 20:46:13.951 +07:00 [INF] Executed DbCommand (2ms) [Parameters=[@__today_0='?' (DbType = Date)], CommandType='"Text"', CommandTimeout='30']
SELECT [m].[MovieID], [m].[Actors], [m].[Description], [m].[Director], [m].[Duration], [m].[Genre], [m].[MovieCode], [m].[Poster], [m].[ReleaseDate], [m].[Status], [m].[Title], [m].[Trailer]
FROM [Movies] AS [m]
WHERE [m].[Status] = N'Sap chieu' AND [m].[ReleaseDate] <= @__today_0
2026-05-27 20:47:13.961 +07:00 [INF] Executed DbCommand (3ms) [Parameters=[], CommandType='"Text"', CommandTimeout='30']
SELECT [o].[OrderID], [o].[CheckInTime], [o].[FinalAmount], [o].[HoldExpiryTime], [o].[OrderCode], [o].[PayOSTransID], [o].[PromoID], [o].[QrCode], [o].[ShowtimeID], [o].[Status], [o].[TotalAmount], [o].[UserID]
FROM [Orders] AS [o]
WHERE [o].[Status] = N'Chờ thanh toán' AND [o].[HoldExpiryTime] <= GETDATE()
2026-05-27 20:47:13.966 +07:00 [INF] Executed DbCommand (4ms) [Parameters=[@__maxSellingDate_0='?' (DbType = DateTime2), @__now_1='?' (DbType = DateTime2)], CommandType='"Text"', CommandTimeout='30']
SELECT [s].[ShowtimeID], [s].[EndTime], [s].[MovieID], [s].[RoomID], [s].[ShowtimeCode], [s].[StartTime], [s].[Status]
FROM [Showtimes] AS [s]
WHERE [s].[Status] IN (N'Đã lên lịch', N'Sap chieu') AND CONVERT(date, [s].[StartTime]) <= @__maxSellingDate_0 AND [s].[StartTime] > @__now_1
2026-05-27 20:47:13.969 +07:00 [INF] Executed DbCommand (2ms) [Parameters=[@__now_0='?' (DbType = DateTime2)], CommandType='"Text"', CommandTimeout='30']
SELECT [s].[ShowtimeID], [s].[EndTime], [s].[MovieID], [s].[RoomID], [s].[ShowtimeCode], [s].[StartTime], [s].[Status]
FROM [Showtimes] AS [s]
WHERE [s].[Status] IN (N'Đã lên lịch', N'Đang mở bán', N'Sap chieu') AND [s].[StartTime] <= @__now_0 AND [s].[EndTime] > @__now_0
2026-05-27 20:47:13.972 +07:00 [INF] Executed DbCommand (2ms) [Parameters=[@__now_0='?' (DbType = DateTime2)], CommandType='"Text"', CommandTimeout='30']
SELECT [s].[ShowtimeID], [s].[EndTime], [s].[MovieID], [s].[RoomID], [s].[ShowtimeCode], [s].[StartTime], [s].[Status]
FROM [Showtimes] AS [s]
WHERE [s].[Status] IN (N'Đã lên lịch', N'Đang mở bán', N'Đang chiếu', N'Sap chieu', N'Dang dien ra') AND [s].[EndTime] <= @__now_0
2026-05-27 20:47:13.975 +07:00 [INF] Executed DbCommand (2ms) [Parameters=[@__today_0='?' (DbType = Date)], CommandType='"Text"', CommandTimeout='30']
SELECT [m].[MovieID], [m].[Actors], [m].[Description], [m].[Director], [m].[Duration], [m].[Genre], [m].[MovieCode], [m].[Poster], [m].[ReleaseDate], [m].[Status], [m].[Title], [m].[Trailer]
FROM [Movies] AS [m]
WHERE [m].[Status] = N'Sap chieu' AND [m].[ReleaseDate] <= @__today_0
2026-05-27 20:48:13.990 +07:00 [INF] Executed DbCommand (3ms) [Parameters=[], CommandType='"Text"', CommandTimeout='30']
SELECT [o].[OrderID], [o].[CheckInTime], [o].[FinalAmount], [o].[HoldExpiryTime], [o].[OrderCode], [o].[PayOSTransID], [o].[PromoID], [o].[QrCode], [o].[ShowtimeID], [o].[Status], [o].[TotalAmount], [o].[UserID]
FROM [Orders] AS [o]
WHERE [o].[Status] = N'Chờ thanh toán' AND [o].[HoldExpiryTime] <= GETDATE()
2026-05-27 20:48:13.993 +07:00 [INF] Executed DbCommand (2ms) [Parameters=[@__maxSellingDate_0='?' (DbType = DateTime2), @__now_1='?' (DbType = DateTime2)], CommandType='"Text"', CommandTimeout='30']
SELECT [s].[ShowtimeID], [s].[EndTime], [s].[MovieID], [s].[RoomID], [s].[ShowtimeCode], [s].[StartTime], [s].[Status]
FROM [Showtimes] AS [s]
WHERE [s].[Status] IN (N'Đã lên lịch', N'Sap chieu') AND CONVERT(date, [s].[StartTime]) <= @__maxSellingDate_0 AND [s].[StartTime] > @__now_1
2026-05-27 20:48:13.995 +07:00 [INF] Executed DbCommand (2ms) [Parameters=[@__now_0='?' (DbType = DateTime2)], CommandType='"Text"', CommandTimeout='30']
SELECT [s].[ShowtimeID], [s].[EndTime], [s].[MovieID], [s].[RoomID], [s].[ShowtimeCode], [s].[StartTime], [s].[Status]
FROM [Showtimes] AS [s]
WHERE [s].[Status] IN (N'Đã lên lịch', N'Đang mở bán', N'Sap chieu') AND [s].[StartTime] <= @__now_0 AND [s].[EndTime] > @__now_0
2026-05-27 20:48:13.997 +07:00 [INF] Executed DbCommand (2ms) [Parameters=[@__now_0='?' (DbType = DateTime2)], CommandType='"Text"', CommandTimeout='30']
SELECT [s].[ShowtimeID], [s].[EndTime], [s].[MovieID], [s].[RoomID], [s].[ShowtimeCode], [s].[StartTime], [s].[Status]
FROM [Showtimes] AS [s]
WHERE [s].[Status] IN (N'Đã lên lịch', N'Đang mở bán', N'Đang chiếu', N'Sap chieu', N'Dang dien ra') AND [s].[EndTime] <= @__now_0
2026-05-27 20:48:14.000 +07:00 [INF] Executed DbCommand (2ms) [Parameters=[@__today_0='?' (DbType = Date)], CommandType='"Text"', CommandTimeout='30']
SELECT [m].[MovieID], [m].[Actors], [m].[Description], [m].[Director], [m].[Duration], [m].[Genre], [m].[MovieCode], [m].[Poster], [m].[ReleaseDate], [m].[Status], [m].[Title], [m].[Trailer]
FROM [Movies] AS [m]
WHERE [m].[Status] = N'Sap chieu' AND [m].[ReleaseDate] <= @__today_0
2026-05-27 20:49:14.020 +07:00 [INF] Executed DbCommand (5ms) [Parameters=[], CommandType='"Text"', CommandTimeout='30']
SELECT [o].[OrderID], [o].[CheckInTime], [o].[FinalAmount], [o].[HoldExpiryTime], [o].[OrderCode], [o].[PayOSTransID], [o].[PromoID], [o].[QrCode], [o].[ShowtimeID], [o].[Status], [o].[TotalAmount], [o].[UserID]
FROM [Orders] AS [o]
WHERE [o].[Status] = N'Chờ thanh toán' AND [o].[HoldExpiryTime] <= GETDATE()
2026-05-27 20:49:14.026 +07:00 [INF] Executed DbCommand (4ms) [Parameters=[@__maxSellingDate_0='?' (DbType = DateTime2), @__now_1='?' (DbType = DateTime2)], CommandType='"Text"', CommandTimeout='30']
SELECT [s].[ShowtimeID], [s].[EndTime], [s].[MovieID], [s].[RoomID], [s].[ShowtimeCode], [s].[StartTime], [s].[Status]
FROM [Showtimes] AS [s]
WHERE [s].[Status] IN (N'Đã lên lịch', N'Sap chieu') AND CONVERT(date, [s].[StartTime]) <= @__maxSellingDate_0 AND [s].[StartTime] > @__now_1
2026-05-27 20:49:14.029 +07:00 [INF] Executed DbCommand (2ms) [Parameters=[@__now_0='?' (DbType = DateTime2)], CommandType='"Text"', CommandTimeout='30']
SELECT [s].[ShowtimeID], [s].[EndTime], [s].[MovieID], [s].[RoomID], [s].[ShowtimeCode], [s].[StartTime], [s].[Status]
FROM [Showtimes] AS [s]
WHERE [s].[Status] IN (N'Đã lên lịch', N'Đang mở bán', N'Sap chieu') AND [s].[StartTime] <= @__now_0 AND [s].[EndTime] > @__now_0
2026-05-27 20:49:14.032 +07:00 [INF] Executed DbCommand (1ms) [Parameters=[@__now_0='?' (DbType = DateTime2)], CommandType='"Text"', CommandTimeout='30']
SELECT [s].[ShowtimeID], [s].[EndTime], [s].[MovieID], [s].[RoomID], [s].[ShowtimeCode], [s].[StartTime], [s].[Status]
FROM [Showtimes] AS [s]
WHERE [s].[Status] IN (N'Đã lên lịch', N'Đang mở bán', N'Đang chiếu', N'Sap chieu', N'Dang dien ra') AND [s].[EndTime] <= @__now_0
2026-05-27 20:49:14.035 +07:00 [INF] Executed DbCommand (1ms) [Parameters=[@__today_0='?' (DbType = Date)], CommandType='"Text"', CommandTimeout='30']
SELECT [m].[MovieID], [m].[Actors], [m].[Description], [m].[Director], [m].[Duration], [m].[Genre], [m].[MovieCode], [m].[Poster], [m].[ReleaseDate], [m].[Status], [m].[Title], [m].[Trailer]
FROM [Movies] AS [m]
WHERE [m].[Status] = N'Sap chieu' AND [m].[ReleaseDate] <= @__today_0
2026-05-27 20:50:14.053 +07:00 [INF] Executed DbCommand (4ms) [Parameters=[], CommandType='"Text"', CommandTimeout='30']
SELECT [o].[OrderID], [o].[CheckInTime], [o].[FinalAmount], [o].[HoldExpiryTime], [o].[OrderCode], [o].[PayOSTransID], [o].[PromoID], [o].[QrCode], [o].[ShowtimeID], [o].[Status], [o].[TotalAmount], [o].[UserID]
FROM [Orders] AS [o]
WHERE [o].[Status] = N'Chờ thanh toán' AND [o].[HoldExpiryTime] <= GETDATE()
2026-05-27 20:50:14.061 +07:00 [INF] Executed DbCommand (3ms) [Parameters=[@__maxSellingDate_0='?' (DbType = DateTime2), @__now_1='?' (DbType = DateTime2)], CommandType='"Text"', CommandTimeout='30']
SELECT [s].[ShowtimeID], [s].[EndTime], [s].[MovieID], [s].[RoomID], [s].[ShowtimeCode], [s].[StartTime], [s].[Status]
FROM [Showtimes] AS [s]
WHERE [s].[Status] IN (N'Đã lên lịch', N'Sap chieu') AND CONVERT(date, [s].[StartTime]) <= @__maxSellingDate_0 AND [s].[StartTime] > @__now_1
2026-05-27 20:50:14.065 +07:00 [INF] Executed DbCommand (3ms) [Parameters=[@__now_0='?' (DbType = DateTime2)], CommandType='"Text"', CommandTimeout='30']
SELECT [s].[ShowtimeID], [s].[EndTime], [s].[MovieID], [s].[RoomID], [s].[ShowtimeCode], [s].[StartTime], [s].[Status]
FROM [Showtimes] AS [s]
WHERE [s].[Status] IN (N'Đã lên lịch', N'Đang mở bán', N'Sap chieu') AND [s].[StartTime] <= @__now_0 AND [s].[EndTime] > @__now_0
2026-05-27 20:50:14.069 +07:00 [INF] Executed DbCommand (3ms) [Parameters=[@__now_0='?' (DbType = DateTime2)], CommandType='"Text"', CommandTimeout='30']
SELECT [s].[ShowtimeID], [s].[EndTime], [s].[MovieID], [s].[RoomID], [s].[ShowtimeCode], [s].[StartTime], [s].[Status]
FROM [Showtimes] AS [s]
WHERE [s].[Status] IN (N'Đã lên lịch', N'Đang mở bán', N'Đang chiếu', N'Sap chieu', N'Dang dien ra') AND [s].[EndTime] <= @__now_0
2026-05-27 20:50:14.072 +07:00 [INF] Executed DbCommand (2ms) [Parameters=[@__today_0='?' (DbType = Date)], CommandType='"Text"', CommandTimeout='30']
SELECT [m].[MovieID], [m].[Actors], [m].[Description], [m].[Director], [m].[Duration], [m].[Genre], [m].[MovieCode], [m].[Poster], [m].[ReleaseDate], [m].[Status], [m].[Title], [m].[Trailer]
FROM [Movies] AS [m]
WHERE [m].[Status] = N'Sap chieu' AND [m].[ReleaseDate] <= @__today_0
2026-05-27 20:51:14.082 +07:00 [INF] Executed DbCommand (3ms) [Parameters=[], CommandType='"Text"', CommandTimeout='30']
SELECT [o].[OrderID], [o].[CheckInTime], [o].[FinalAmount], [o].[HoldExpiryTime], [o].[OrderCode], [o].[PayOSTransID], [o].[PromoID], [o].[QrCode], [o].[ShowtimeID], [o].[Status], [o].[TotalAmount], [o].[UserID]
FROM [Orders] AS [o]
WHERE [o].[Status] = N'Chờ thanh toán' AND [o].[HoldExpiryTime] <= GETDATE()
2026-05-27 20:51:14.086 +07:00 [INF] Executed DbCommand (3ms) [Parameters=[@__maxSellingDate_0='?' (DbType = DateTime2), @__now_1='?' (DbType = DateTime2)], CommandType='"Text"', CommandTimeout='30']
SELECT [s].[ShowtimeID], [s].[EndTime], [s].[MovieID], [s].[RoomID], [s].[ShowtimeCode], [s].[StartTime], [s].[Status]
FROM [Showtimes] AS [s]
WHERE [s].[Status] IN (N'Đã lên lịch', N'Sap chieu') AND CONVERT(date, [s].[StartTime]) <= @__maxSellingDate_0 AND [s].[StartTime] > @__now_1
2026-05-27 20:51:14.090 +07:00 [INF] Executed DbCommand (3ms) [Parameters=[@__now_0='?' (DbType = DateTime2)], CommandType='"Text"', CommandTimeout='30']
SELECT [s].[ShowtimeID], [s].[EndTime], [s].[MovieID], [s].[RoomID], [s].[ShowtimeCode], [s].[StartTime], [s].[Status]
FROM [Showtimes] AS [s]
WHERE [s].[Status] IN (N'Đã lên lịch', N'Đang mở bán', N'Sap chieu') AND [s].[StartTime] <= @__now_0 AND [s].[EndTime] > @__now_0
2026-05-27 20:51:14.093 +07:00 [INF] Executed DbCommand (3ms) [Parameters=[@__now_0='?' (DbType = DateTime2)], CommandType='"Text"', CommandTimeout='30']
SELECT [s].[ShowtimeID], [s].[EndTime], [s].[MovieID], [s].[RoomID], [s].[ShowtimeCode], [s].[StartTime], [s].[Status]
FROM [Showtimes] AS [s]
WHERE [s].[Status] IN (N'Đã lên lịch', N'Đang mở bán', N'Đang chiếu', N'Sap chieu', N'Dang dien ra') AND [s].[EndTime] <= @__now_0
2026-05-27 20:51:14.096 +07:00 [INF] Executed DbCommand (2ms) [Parameters=[@__today_0='?' (DbType = Date)], CommandType='"Text"', CommandTimeout='30']
SELECT [m].[MovieID], [m].[Actors], [m].[Description], [m].[Director], [m].[Duration], [m].[Genre], [m].[MovieCode], [m].[Poster], [m].[ReleaseDate], [m].[Status], [m].[Title], [m].[Trailer]
FROM [Movies] AS [m]
WHERE [m].[Status] = N'Sap chieu' AND [m].[ReleaseDate] <= @__today_0
2026-05-27 20:52:14.113 +07:00 [INF] Executed DbCommand (3ms) [Parameters=[], CommandType='"Text"', CommandTimeout='30']
SELECT [o].[OrderID], [o].[CheckInTime], [o].[FinalAmount], [o].[HoldExpiryTime], [o].[OrderCode], [o].[PayOSTransID], [o].[PromoID], [o].[QrCode], [o].[ShowtimeID], [o].[Status], [o].[TotalAmount], [o].[UserID]
FROM [Orders] AS [o]
WHERE [o].[Status] = N'Chờ thanh toán' AND [o].[HoldExpiryTime] <= GETDATE()
2026-05-27 20:52:14.117 +07:00 [INF] Executed DbCommand (3ms) [Parameters=[@__maxSellingDate_0='?' (DbType = DateTime2), @__now_1='?' (DbType = DateTime2)], CommandType='"Text"', CommandTimeout='30']
SELECT [s].[ShowtimeID], [s].[EndTime], [s].[MovieID], [s].[RoomID], [s].[ShowtimeCode], [s].[StartTime], [s].[Status]
FROM [Showtimes] AS [s]
WHERE [s].[Status] IN (N'Đã lên lịch', N'Sap chieu') AND CONVERT(date, [s].[StartTime]) <= @__maxSellingDate_0 AND [s].[StartTime] > @__now_1
2026-05-27 20:52:14.120 +07:00 [INF] Executed DbCommand (2ms) [Parameters=[@__now_0='?' (DbType = DateTime2)], CommandType='"Text"', CommandTimeout='30']
SELECT [s].[ShowtimeID], [s].[EndTime], [s].[MovieID], [s].[RoomID], [s].[ShowtimeCode], [s].[StartTime], [s].[Status]
FROM [Showtimes] AS [s]
WHERE [s].[Status] IN (N'Đã lên lịch', N'Đang mở bán', N'Sap chieu') AND [s].[StartTime] <= @__now_0 AND [s].[EndTime] > @__now_0
2026-05-27 20:52:14.123 +07:00 [INF] Executed DbCommand (2ms) [Parameters=[@__now_0='?' (DbType = DateTime2)], CommandType='"Text"', CommandTimeout='30']
SELECT [s].[ShowtimeID], [s].[EndTime], [s].[MovieID], [s].[RoomID], [s].[ShowtimeCode], [s].[StartTime], [s].[Status]
FROM [Showtimes] AS [s]
WHERE [s].[Status] IN (N'Đã lên lịch', N'Đang mở bán', N'Đang chiếu', N'Sap chieu', N'Dang dien ra') AND [s].[EndTime] <= @__now_0
2026-05-27 20:52:14.127 +07:00 [INF] Executed DbCommand (3ms) [Parameters=[@__today_0='?' (DbType = Date)], CommandType='"Text"', CommandTimeout='30']
SELECT [m].[MovieID], [m].[Actors], [m].[Description], [m].[Director], [m].[Duration], [m].[Genre], [m].[MovieCode], [m].[Poster], [m].[ReleaseDate], [m].[Status], [m].[Title], [m].[Trailer]
FROM [Movies] AS [m]
WHERE [m].[Status] = N'Sap chieu' AND [m].[ReleaseDate] <= @__today_0
2026-05-27 20:53:14.135 +07:00 [INF] Executed DbCommand (5ms) [Parameters=[], CommandType='"Text"', CommandTimeout='30']
SELECT [o].[OrderID], [o].[CheckInTime], [o].[FinalAmount], [o].[HoldExpiryTime], [o].[OrderCode], [o].[PayOSTransID], [o].[PromoID], [o].[QrCode], [o].[ShowtimeID], [o].[Status], [o].[TotalAmount], [o].[UserID]
FROM [Orders] AS [o]
WHERE [o].[Status] = N'Chờ thanh toán' AND [o].[HoldExpiryTime] <= GETDATE()
2026-05-27 20:53:14.141 +07:00 [INF] Executed DbCommand (4ms) [Parameters=[@__maxSellingDate_0='?' (DbType = DateTime2), @__now_1='?' (DbType = DateTime2)], CommandType='"Text"', CommandTimeout='30']
SELECT [s].[ShowtimeID], [s].[EndTime], [s].[MovieID], [s].[RoomID], [s].[ShowtimeCode], [s].[StartTime], [s].[Status]
FROM [Showtimes] AS [s]
WHERE [s].[Status] IN (N'Đã lên lịch', N'Sap chieu') AND CONVERT(date, [s].[StartTime]) <= @__maxSellingDate_0 AND [s].[StartTime] > @__now_1
2026-05-27 20:53:14.144 +07:00 [INF] Executed DbCommand (2ms) [Parameters=[@__now_0='?' (DbType = DateTime2)], CommandType='"Text"', CommandTimeout='30']
SELECT [s].[ShowtimeID], [s].[EndTime], [s].[MovieID], [s].[RoomID], [s].[ShowtimeCode], [s].[StartTime], [s].[Status]
FROM [Showtimes] AS [s]
WHERE [s].[Status] IN (N'Đã lên lịch', N'Đang mở bán', N'Sap chieu') AND [s].[StartTime] <= @__now_0 AND [s].[EndTime] > @__now_0
2026-05-27 20:53:14.147 +07:00 [INF] Executed DbCommand (3ms) [Parameters=[@__now_0='?' (DbType = DateTime2)], CommandType='"Text"', CommandTimeout='30']
SELECT [s].[ShowtimeID], [s].[EndTime], [s].[MovieID], [s].[RoomID], [s].[ShowtimeCode], [s].[StartTime], [s].[Status]
FROM [Showtimes] AS [s]
WHERE [s].[Status] IN (N'Đã lên lịch', N'Đang mở bán', N'Đang chiếu', N'Sap chieu', N'Dang dien ra') AND [s].[EndTime] <= @__now_0
2026-05-27 20:53:14.149 +07:00 [INF] Executed DbCommand (2ms) [Parameters=[@__today_0='?' (DbType = Date)], CommandType='"Text"', CommandTimeout='30']
SELECT [m].[MovieID], [m].[Actors], [m].[Description], [m].[Director], [m].[Duration], [m].[Genre], [m].[MovieCode], [m].[Poster], [m].[ReleaseDate], [m].[Status], [m].[Title], [m].[Trailer]
FROM [Movies] AS [m]
WHERE [m].[Status] = N'Sap chieu' AND [m].[ReleaseDate] <= @__today_0
2026-05-27 20:54:14.158 +07:00 [INF] Executed DbCommand (4ms) [Parameters=[], CommandType='"Text"', CommandTimeout='30']
SELECT [o].[OrderID], [o].[CheckInTime], [o].[FinalAmount], [o].[HoldExpiryTime], [o].[OrderCode], [o].[PayOSTransID], [o].[PromoID], [o].[QrCode], [o].[ShowtimeID], [o].[Status], [o].[TotalAmount], [o].[UserID]
FROM [Orders] AS [o]
WHERE [o].[Status] = N'Chờ thanh toán' AND [o].[HoldExpiryTime] <= GETDATE()
2026-05-27 20:54:14.164 +07:00 [INF] Executed DbCommand (4ms) [Parameters=[@__maxSellingDate_0='?' (DbType = DateTime2), @__now_1='?' (DbType = DateTime2)], CommandType='"Text"', CommandTimeout='30']
SELECT [s].[ShowtimeID], [s].[EndTime], [s].[MovieID], [s].[RoomID], [s].[ShowtimeCode], [s].[StartTime], [s].[Status]
FROM [Showtimes] AS [s]
WHERE [s].[Status] IN (N'Đã lên lịch', N'Sap chieu') AND CONVERT(date, [s].[StartTime]) <= @__maxSellingDate_0 AND [s].[StartTime] > @__now_1
2026-05-27 20:54:14.167 +07:00 [INF] Executed DbCommand (2ms) [Parameters=[@__now_0='?' (DbType = DateTime2)], CommandType='"Text"', CommandTimeout='30']
SELECT [s].[ShowtimeID], [s].[EndTime], [s].[MovieID], [s].[RoomID], [s].[ShowtimeCode], [s].[StartTime], [s].[Status]
FROM [Showtimes] AS [s]
WHERE [s].[Status] IN (N'Đã lên lịch', N'Đang mở bán', N'Sap chieu') AND [s].[StartTime] <= @__now_0 AND [s].[EndTime] > @__now_0
2026-05-27 20:54:14.170 +07:00 [INF] Executed DbCommand (2ms) [Parameters=[@__now_0='?' (DbType = DateTime2)], CommandType='"Text"', CommandTimeout='30']
SELECT [s].[ShowtimeID], [s].[EndTime], [s].[MovieID], [s].[RoomID], [s].[ShowtimeCode], [s].[StartTime], [s].[Status]
FROM [Showtimes] AS [s]
WHERE [s].[Status] IN (N'Đã lên lịch', N'Đang mở bán', N'Đang chiếu', N'Sap chieu', N'Dang dien ra') AND [s].[EndTime] <= @__now_0
2026-05-27 20:54:14.173 +07:00 [INF] Executed DbCommand (2ms) [Parameters=[@__today_0='?' (DbType = Date)], CommandType='"Text"', CommandTimeout='30']
SELECT [m].[MovieID], [m].[Actors], [m].[Description], [m].[Director], [m].[Duration], [m].[Genre], [m].[MovieCode], [m].[Poster], [m].[ReleaseDate], [m].[Status], [m].[Title], [m].[Trailer]
FROM [Movies] AS [m]
WHERE [m].[Status] = N'Sap chieu' AND [m].[ReleaseDate] <= @__today_0
2026-05-27 20:55:14.180 +07:00 [INF] Executed DbCommand (4ms) [Parameters=[], CommandType='"Text"', CommandTimeout='30']
SELECT [o].[OrderID], [o].[CheckInTime], [o].[FinalAmount], [o].[HoldExpiryTime], [o].[OrderCode], [o].[PayOSTransID], [o].[PromoID], [o].[QrCode], [o].[ShowtimeID], [o].[Status], [o].[TotalAmount], [o].[UserID]
FROM [Orders] AS [o]
WHERE [o].[Status] = N'Chờ thanh toán' AND [o].[HoldExpiryTime] <= GETDATE()
2026-05-27 20:55:14.185 +07:00 [INF] Executed DbCommand (4ms) [Parameters=[@__maxSellingDate_0='?' (DbType = DateTime2), @__now_1='?' (DbType = DateTime2)], CommandType='"Text"', CommandTimeout='30']
SELECT [s].[ShowtimeID], [s].[EndTime], [s].[MovieID], [s].[RoomID], [s].[ShowtimeCode], [s].[StartTime], [s].[Status]
FROM [Showtimes] AS [s]
WHERE [s].[Status] IN (N'Đã lên lịch', N'Sap chieu') AND CONVERT(date, [s].[StartTime]) <= @__maxSellingDate_0 AND [s].[StartTime] > @__now_1
2026-05-27 20:55:14.190 +07:00 [INF] Executed DbCommand (4ms) [Parameters=[@__now_0='?' (DbType = DateTime2)], CommandType='"Text"', CommandTimeout='30']
SELECT [s].[ShowtimeID], [s].[EndTime], [s].[MovieID], [s].[RoomID], [s].[ShowtimeCode], [s].[StartTime], [s].[Status]
FROM [Showtimes] AS [s]
WHERE [s].[Status] IN (N'Đã lên lịch', N'Đang mở bán', N'Sap chieu') AND [s].[StartTime] <= @__now_0 AND [s].[EndTime] > @__now_0
2026-05-27 20:55:14.192 +07:00 [INF] Executed DbCommand (2ms) [Parameters=[@__now_0='?' (DbType = DateTime2)], CommandType='"Text"', CommandTimeout='30']
SELECT [s].[ShowtimeID], [s].[EndTime], [s].[MovieID], [s].[RoomID], [s].[ShowtimeCode], [s].[StartTime], [s].[Status]
FROM [Showtimes] AS [s]
WHERE [s].[Status] IN (N'Đã lên lịch', N'Đang mở bán', N'Đang chiếu', N'Sap chieu', N'Dang dien ra') AND [s].[EndTime] <= @__now_0
2026-05-27 20:55:14.197 +07:00 [INF] Executed DbCommand (3ms) [Parameters=[@__today_0='?' (DbType = Date)], CommandType='"Text"', CommandTimeout='30']
SELECT [m].[MovieID], [m].[Actors], [m].[Description], [m].[Director], [m].[Duration], [m].[Genre], [m].[MovieCode], [m].[Poster], [m].[ReleaseDate], [m].[Status], [m].[Title], [m].[Trailer]
FROM [Movies] AS [m]
WHERE [m].[Status] = N'Sap chieu' AND [m].[ReleaseDate] <= @__today_0
2026-05-27 20:56:14.215 +07:00 [INF] Executed DbCommand (5ms) [Parameters=[], CommandType='"Text"', CommandTimeout='30']
SELECT [o].[OrderID], [o].[CheckInTime], [o].[FinalAmount], [o].[HoldExpiryTime], [o].[OrderCode], [o].[PayOSTransID], [o].[PromoID], [o].[QrCode], [o].[ShowtimeID], [o].[Status], [o].[TotalAmount], [o].[UserID]
FROM [Orders] AS [o]
WHERE [o].[Status] = N'Chờ thanh toán' AND [o].[HoldExpiryTime] <= GETDATE()
2026-05-27 20:56:14.220 +07:00 [INF] Executed DbCommand (4ms) [Parameters=[@__maxSellingDate_0='?' (DbType = DateTime2), @__now_1='?' (DbType = DateTime2)], CommandType='"Text"', CommandTimeout='30']
SELECT [s].[ShowtimeID], [s].[EndTime], [s].[MovieID], [s].[RoomID], [s].[ShowtimeCode], [s].[StartTime], [s].[Status]
FROM [Showtimes] AS [s]
WHERE [s].[Status] IN (N'Đã lên lịch', N'Sap chieu') AND CONVERT(date, [s].[StartTime]) <= @__maxSellingDate_0 AND [s].[StartTime] > @__now_1
2026-05-27 20:56:14.223 +07:00 [INF] Executed DbCommand (2ms) [Parameters=[@__now_0='?' (DbType = DateTime2)], CommandType='"Text"', CommandTimeout='30']
SELECT [s].[ShowtimeID], [s].[EndTime], [s].[MovieID], [s].[RoomID], [s].[ShowtimeCode], [s].[StartTime], [s].[Status]
FROM [Showtimes] AS [s]
WHERE [s].[Status] IN (N'Đã lên lịch', N'Đang mở bán', N'Sap chieu') AND [s].[StartTime] <= @__now_0 AND [s].[EndTime] > @__now_0
2026-05-27 20:56:14.228 +07:00 [INF] Executed DbCommand (4ms) [Parameters=[@__now_0='?' (DbType = DateTime2)], CommandType='"Text"', CommandTimeout='30']
SELECT [s].[ShowtimeID], [s].[EndTime], [s].[MovieID], [s].[RoomID], [s].[ShowtimeCode], [s].[StartTime], [s].[Status]
FROM [Showtimes] AS [s]
WHERE [s].[Status] IN (N'Đã lên lịch', N'Đang mở bán', N'Đang chiếu', N'Sap chieu', N'Dang dien ra') AND [s].[EndTime] <= @__now_0
2026-05-27 20:56:14.230 +07:00 [INF] Executed DbCommand (2ms) [Parameters=[@__today_0='?' (DbType = Date)], CommandType='"Text"', CommandTimeout='30']
SELECT [m].[MovieID], [m].[Actors], [m].[Description], [m].[Director], [m].[Duration], [m].[Genre], [m].[MovieCode], [m].[Poster], [m].[ReleaseDate], [m].[Status], [m].[Title], [m].[Trailer]
FROM [Movies] AS [m]
WHERE [m].[Status] = N'Sap chieu' AND [m].[ReleaseDate] <= @__today_0
2026-05-27 20:57:14.246 +07:00 [INF] Executed DbCommand (3ms) [Parameters=[], CommandType='"Text"', CommandTimeout='30']
SELECT [o].[OrderID], [o].[CheckInTime], [o].[FinalAmount], [o].[HoldExpiryTime], [o].[OrderCode], [o].[PayOSTransID], [o].[PromoID], [o].[QrCode], [o].[ShowtimeID], [o].[Status], [o].[TotalAmount], [o].[UserID]
FROM [Orders] AS [o]
WHERE [o].[Status] = N'Chờ thanh toán' AND [o].[HoldExpiryTime] <= GETDATE()
2026-05-27 20:57:14.251 +07:00 [INF] Executed DbCommand (4ms) [Parameters=[@__maxSellingDate_0='?' (DbType = DateTime2), @__now_1='?' (DbType = DateTime2)], CommandType='"Text"', CommandTimeout='30']
SELECT [s].[ShowtimeID], [s].[EndTime], [s].[MovieID], [s].[RoomID], [s].[ShowtimeCode], [s].[StartTime], [s].[Status]
FROM [Showtimes] AS [s]
WHERE [s].[Status] IN (N'Đã lên lịch', N'Sap chieu') AND CONVERT(date, [s].[StartTime]) <= @__maxSellingDate_0 AND [s].[StartTime] > @__now_1
2026-05-27 20:57:14.255 +07:00 [INF] Executed DbCommand (3ms) [Parameters=[@__now_0='?' (DbType = DateTime2)], CommandType='"Text"', CommandTimeout='30']
SELECT [s].[ShowtimeID], [s].[EndTime], [s].[MovieID], [s].[RoomID], [s].[ShowtimeCode], [s].[StartTime], [s].[Status]
FROM [Showtimes] AS [s]
WHERE [s].[Status] IN (N'Đã lên lịch', N'Đang mở bán', N'Sap chieu') AND [s].[StartTime] <= @__now_0 AND [s].[EndTime] > @__now_0
2026-05-27 20:57:14.258 +07:00 [INF] Executed DbCommand (3ms) [Parameters=[@__now_0='?' (DbType = DateTime2)], CommandType='"Text"', CommandTimeout='30']
SELECT [s].[ShowtimeID], [s].[EndTime], [s].[MovieID], [s].[RoomID], [s].[ShowtimeCode], [s].[StartTime], [s].[Status]
FROM [Showtimes] AS [s]
WHERE [s].[Status] IN (N'Đã lên lịch', N'Đang mở bán', N'Đang chiếu', N'Sap chieu', N'Dang dien ra') AND [s].[EndTime] <= @__now_0
2026-05-27 20:57:14.268 +07:00 [INF] Executed DbCommand (4ms) [Parameters=[@__today_0='?' (DbType = Date)], CommandType='"Text"', CommandTimeout='30']
SELECT [m].[MovieID], [m].[Actors], [m].[Description], [m].[Director], [m].[Duration], [m].[Genre], [m].[MovieCode], [m].[Poster], [m].[ReleaseDate], [m].[Status], [m].[Title], [m].[Trailer]
FROM [Movies] AS [m]
WHERE [m].[Status] = N'Sap chieu' AND [m].[ReleaseDate] <= @__today_0
2026-05-27 20:58:14.295 +07:00 [INF] Executed DbCommand (26ms) [Parameters=[], CommandType='"Text"', CommandTimeout='30']
SELECT [o].[OrderID], [o].[CheckInTime], [o].[FinalAmount], [o].[HoldExpiryTime], [o].[OrderCode], [o].[PayOSTransID], [o].[PromoID], [o].[QrCode], [o].[ShowtimeID], [o].[Status], [o].[TotalAmount], [o].[UserID]
FROM [Orders] AS [o]
WHERE [o].[Status] = N'Chờ thanh toán' AND [o].[HoldExpiryTime] <= GETDATE()
2026-05-27 20:58:14.299 +07:00 [INF] Executed DbCommand (3ms) [Parameters=[@__maxSellingDate_0='?' (DbType = DateTime2), @__now_1='?' (DbType = DateTime2)], CommandType='"Text"', CommandTimeout='30']
SELECT [s].[ShowtimeID], [s].[EndTime], [s].[MovieID], [s].[RoomID], [s].[ShowtimeCode], [s].[StartTime], [s].[Status]
FROM [Showtimes] AS [s]
WHERE [s].[Status] IN (N'Đã lên lịch', N'Sap chieu') AND CONVERT(date, [s].[StartTime]) <= @__maxSellingDate_0 AND [s].[StartTime] > @__now_1
2026-05-27 20:58:14.303 +07:00 [INF] Executed DbCommand (3ms) [Parameters=[@__now_0='?' (DbType = DateTime2)], CommandType='"Text"', CommandTimeout='30']
SELECT [s].[ShowtimeID], [s].[EndTime], [s].[MovieID], [s].[RoomID], [s].[ShowtimeCode], [s].[StartTime], [s].[Status]
FROM [Showtimes] AS [s]
WHERE [s].[Status] IN (N'Đã lên lịch', N'Đang mở bán', N'Sap chieu') AND [s].[StartTime] <= @__now_0 AND [s].[EndTime] > @__now_0
2026-05-27 20:58:14.306 +07:00 [INF] Executed DbCommand (3ms) [Parameters=[@__now_0='?' (DbType = DateTime2)], CommandType='"Text"', CommandTimeout='30']
SELECT [s].[ShowtimeID], [s].[EndTime], [s].[MovieID], [s].[RoomID], [s].[ShowtimeCode], [s].[StartTime], [s].[Status]
FROM [Showtimes] AS [s]
WHERE [s].[Status] IN (N'Đã lên lịch', N'Đang mở bán', N'Đang chiếu', N'Sap chieu', N'Dang dien ra') AND [s].[EndTime] <= @__now_0
2026-05-27 20:58:14.308 +07:00 [INF] Executed DbCommand (1ms) [Parameters=[@__today_0='?' (DbType = Date)], CommandType='"Text"', CommandTimeout='30']
SELECT [m].[MovieID], [m].[Actors], [m].[Description], [m].[Director], [m].[Duration], [m].[Genre], [m].[MovieCode], [m].[Poster], [m].[ReleaseDate], [m].[Status], [m].[Title], [m].[Trailer]
FROM [Movies] AS [m]
WHERE [m].[Status] = N'Sap chieu' AND [m].[ReleaseDate] <= @__today_0
2026-05-27 20:59:14.325 +07:00 [INF] Executed DbCommand (4ms) [Parameters=[], CommandType='"Text"', CommandTimeout='30']
SELECT [o].[OrderID], [o].[CheckInTime], [o].[FinalAmount], [o].[HoldExpiryTime], [o].[OrderCode], [o].[PayOSTransID], [o].[PromoID], [o].[QrCode], [o].[ShowtimeID], [o].[Status], [o].[TotalAmount], [o].[UserID]
FROM [Orders] AS [o]
WHERE [o].[Status] = N'Chờ thanh toán' AND [o].[HoldExpiryTime] <= GETDATE()
2026-05-27 20:59:14.332 +07:00 [INF] Executed DbCommand (5ms) [Parameters=[@__maxSellingDate_0='?' (DbType = DateTime2), @__now_1='?' (DbType = DateTime2)], CommandType='"Text"', CommandTimeout='30']
SELECT [s].[ShowtimeID], [s].[EndTime], [s].[MovieID], [s].[RoomID], [s].[ShowtimeCode], [s].[StartTime], [s].[Status]
FROM [Showtimes] AS [s]
WHERE [s].[Status] IN (N'Đã lên lịch', N'Sap chieu') AND CONVERT(date, [s].[StartTime]) <= @__maxSellingDate_0 AND [s].[StartTime] > @__now_1
2026-05-27 20:59:14.335 +07:00 [INF] Executed DbCommand (2ms) [Parameters=[@__now_0='?' (DbType = DateTime2)], CommandType='"Text"', CommandTimeout='30']
SELECT [s].[ShowtimeID], [s].[EndTime], [s].[MovieID], [s].[RoomID], [s].[ShowtimeCode], [s].[StartTime], [s].[Status]
FROM [Showtimes] AS [s]
WHERE [s].[Status] IN (N'Đã lên lịch', N'Đang mở bán', N'Sap chieu') AND [s].[StartTime] <= @__now_0 AND [s].[EndTime] > @__now_0
2026-05-27 20:59:14.337 +07:00 [INF] Executed DbCommand (2ms) [Parameters=[@__now_0='?' (DbType = DateTime2)], CommandType='"Text"', CommandTimeout='30']
SELECT [s].[ShowtimeID], [s].[EndTime], [s].[MovieID], [s].[RoomID], [s].[ShowtimeCode], [s].[StartTime], [s].[Status]
FROM [Showtimes] AS [s]
WHERE [s].[Status] IN (N'Đã lên lịch', N'Đang mở bán', N'Đang chiếu', N'Sap chieu', N'Dang dien ra') AND [s].[EndTime] <= @__now_0
2026-05-27 20:59:14.340 +07:00 [INF] Executed DbCommand (1ms) [Parameters=[@__today_0='?' (DbType = Date)], CommandType='"Text"', CommandTimeout='30']
SELECT [m].[MovieID], [m].[Actors], [m].[Description], [m].[Director], [m].[Duration], [m].[Genre], [m].[MovieCode], [m].[Poster], [m].[ReleaseDate], [m].[Status], [m].[Title], [m].[Trailer]
FROM [Movies] AS [m]
WHERE [m].[Status] = N'Sap chieu' AND [m].[ReleaseDate] <= @__today_0
2026-05-27 21:00:14.351 +07:00 [INF] Executed DbCommand (5ms) [Parameters=[], CommandType='"Text"', CommandTimeout='30']
SELECT [o].[OrderID], [o].[CheckInTime], [o].[FinalAmount], [o].[HoldExpiryTime], [o].[OrderCode], [o].[PayOSTransID], [o].[PromoID], [o].[QrCode], [o].[ShowtimeID], [o].[Status], [o].[TotalAmount], [o].[UserID]
FROM [Orders] AS [o]
WHERE [o].[Status] = N'Chờ thanh toán' AND [o].[HoldExpiryTime] <= GETDATE()
2026-05-27 21:00:14.357 +07:00 [INF] Executed DbCommand (4ms) [Parameters=[@__maxSellingDate_0='?' (DbType = DateTime2), @__now_1='?' (DbType = DateTime2)], CommandType='"Text"', CommandTimeout='30']
SELECT [s].[ShowtimeID], [s].[EndTime], [s].[MovieID], [s].[RoomID], [s].[ShowtimeCode], [s].[StartTime], [s].[Status]
FROM [Showtimes] AS [s]
WHERE [s].[Status] IN (N'Đã lên lịch', N'Sap chieu') AND CONVERT(date, [s].[StartTime]) <= @__maxSellingDate_0 AND [s].[StartTime] > @__now_1
2026-05-27 21:00:14.360 +07:00 [INF] Executed DbCommand (2ms) [Parameters=[@__now_0='?' (DbType = DateTime2)], CommandType='"Text"', CommandTimeout='30']
SELECT [s].[ShowtimeID], [s].[EndTime], [s].[MovieID], [s].[RoomID], [s].[ShowtimeCode], [s].[StartTime], [s].[Status]
FROM [Showtimes] AS [s]
WHERE [s].[Status] IN (N'Đã lên lịch', N'Đang mở bán', N'Sap chieu') AND [s].[StartTime] <= @__now_0 AND [s].[EndTime] > @__now_0
2026-05-27 21:00:14.364 +07:00 [INF] Executed DbCommand (3ms) [Parameters=[@__now_0='?' (DbType = DateTime2)], CommandType='"Text"', CommandTimeout='30']
SELECT [s].[ShowtimeID], [s].[EndTime], [s].[MovieID], [s].[RoomID], [s].[ShowtimeCode], [s].[StartTime], [s].[Status]
FROM [Showtimes] AS [s]
WHERE [s].[Status] IN (N'Đã lên lịch', N'Đang mở bán', N'Đang chiếu', N'Sap chieu', N'Dang dien ra') AND [s].[EndTime] <= @__now_0
2026-05-27 21:00:14.366 +07:00 [INF] Executed DbCommand (2ms) [Parameters=[@__today_0='?' (DbType = Date)], CommandType='"Text"', CommandTimeout='30']
SELECT [m].[MovieID], [m].[Actors], [m].[Description], [m].[Director], [m].[Duration], [m].[Genre], [m].[MovieCode], [m].[Poster], [m].[ReleaseDate], [m].[Status], [m].[Title], [m].[Trailer]
FROM [Movies] AS [m]
WHERE [m].[Status] = N'Sap chieu' AND [m].[ReleaseDate] <= @__today_0
2026-05-27 21:01:14.385 +07:00 [INF] Executed DbCommand (5ms) [Parameters=[], CommandType='"Text"', CommandTimeout='30']
SELECT [o].[OrderID], [o].[CheckInTime], [o].[FinalAmount], [o].[HoldExpiryTime], [o].[OrderCode], [o].[PayOSTransID], [o].[PromoID], [o].[QrCode], [o].[ShowtimeID], [o].[Status], [o].[TotalAmount], [o].[UserID]
FROM [Orders] AS [o]
WHERE [o].[Status] = N'Chờ thanh toán' AND [o].[HoldExpiryTime] <= GETDATE()
2026-05-27 21:01:14.391 +07:00 [INF] Executed DbCommand (5ms) [Parameters=[@__maxSellingDate_0='?' (DbType = DateTime2), @__now_1='?' (DbType = DateTime2)], CommandType='"Text"', CommandTimeout='30']
SELECT [s].[ShowtimeID], [s].[EndTime], [s].[MovieID], [s].[RoomID], [s].[ShowtimeCode], [s].[StartTime], [s].[Status]
FROM [Showtimes] AS [s]
WHERE [s].[Status] IN (N'Đã lên lịch', N'Sap chieu') AND CONVERT(date, [s].[StartTime]) <= @__maxSellingDate_0 AND [s].[StartTime] > @__now_1
2026-05-27 21:01:14.394 +07:00 [INF] Executed DbCommand (2ms) [Parameters=[@__now_0='?' (DbType = DateTime2)], CommandType='"Text"', CommandTimeout='30']
SELECT [s].[ShowtimeID], [s].[EndTime], [s].[MovieID], [s].[RoomID], [s].[ShowtimeCode], [s].[StartTime], [s].[Status]
FROM [Showtimes] AS [s]
WHERE [s].[Status] IN (N'Đã lên lịch', N'Đang mở bán', N'Sap chieu') AND [s].[StartTime] <= @__now_0 AND [s].[EndTime] > @__now_0
2026-05-27 21:01:14.398 +07:00 [INF] Executed DbCommand (3ms) [Parameters=[@__now_0='?' (DbType = DateTime2)], CommandType='"Text"', CommandTimeout='30']
SELECT [s].[ShowtimeID], [s].[EndTime], [s].[MovieID], [s].[RoomID], [s].[ShowtimeCode], [s].[StartTime], [s].[Status]
FROM [Showtimes] AS [s]
WHERE [s].[Status] IN (N'Đã lên lịch', N'Đang mở bán', N'Đang chiếu', N'Sap chieu', N'Dang dien ra') AND [s].[EndTime] <= @__now_0
2026-05-27 21:01:14.402 +07:00 [INF] Executed DbCommand (3ms) [Parameters=[@__today_0='?' (DbType = Date)], CommandType='"Text"', CommandTimeout='30']
SELECT [m].[MovieID], [m].[Actors], [m].[Description], [m].[Director], [m].[Duration], [m].[Genre], [m].[MovieCode], [m].[Poster], [m].[ReleaseDate], [m].[Status], [m].[Title], [m].[Trailer]
FROM [Movies] AS [m]
WHERE [m].[Status] = N'Sap chieu' AND [m].[ReleaseDate] <= @__today_0
2026-05-27 21:02:14.411 +07:00 [INF] Executed DbCommand (3ms) [Parameters=[], CommandType='"Text"', CommandTimeout='30']
SELECT [o].[OrderID], [o].[CheckInTime], [o].[FinalAmount], [o].[HoldExpiryTime], [o].[OrderCode], [o].[PayOSTransID], [o].[PromoID], [o].[QrCode], [o].[ShowtimeID], [o].[Status], [o].[TotalAmount], [o].[UserID]
FROM [Orders] AS [o]
WHERE [o].[Status] = N'Chờ thanh toán' AND [o].[HoldExpiryTime] <= GETDATE()
2026-05-27 21:02:14.415 +07:00 [INF] Executed DbCommand (3ms) [Parameters=[@__maxSellingDate_0='?' (DbType = DateTime2), @__now_1='?' (DbType = DateTime2)], CommandType='"Text"', CommandTimeout='30']
SELECT [s].[ShowtimeID], [s].[EndTime], [s].[MovieID], [s].[RoomID], [s].[ShowtimeCode], [s].[StartTime], [s].[Status]
FROM [Showtimes] AS [s]
WHERE [s].[Status] IN (N'Đã lên lịch', N'Sap chieu') AND CONVERT(date, [s].[StartTime]) <= @__maxSellingDate_0 AND [s].[StartTime] > @__now_1
2026-05-27 21:02:14.417 +07:00 [INF] Executed DbCommand (2ms) [Parameters=[@__now_0='?' (DbType = DateTime2)], CommandType='"Text"', CommandTimeout='30']
SELECT [s].[ShowtimeID], [s].[EndTime], [s].[MovieID], [s].[RoomID], [s].[ShowtimeCode], [s].[StartTime], [s].[Status]
FROM [Showtimes] AS [s]
WHERE [s].[Status] IN (N'Đã lên lịch', N'Đang mở bán', N'Sap chieu') AND [s].[StartTime] <= @__now_0 AND [s].[EndTime] > @__now_0
2026-05-27 21:02:14.420 +07:00 [INF] Executed DbCommand (2ms) [Parameters=[@__now_0='?' (DbType = DateTime2)], CommandType='"Text"', CommandTimeout='30']
SELECT [s].[ShowtimeID], [s].[EndTime], [s].[MovieID], [s].[RoomID], [s].[ShowtimeCode], [s].[StartTime], [s].[Status]
FROM [Showtimes] AS [s]
WHERE [s].[Status] IN (N'Đã lên lịch', N'Đang mở bán', N'Đang chiếu', N'Sap chieu', N'Dang dien ra') AND [s].[EndTime] <= @__now_0
2026-05-27 21:02:14.422 +07:00 [INF] Executed DbCommand (2ms) [Parameters=[@__today_0='?' (DbType = Date)], CommandType='"Text"', CommandTimeout='30']
SELECT [m].[MovieID], [m].[Actors], [m].[Description], [m].[Director], [m].[Duration], [m].[Genre], [m].[MovieCode], [m].[Poster], [m].[ReleaseDate], [m].[Status], [m].[Title], [m].[Trailer]
FROM [Movies] AS [m]
WHERE [m].[Status] = N'Sap chieu' AND [m].[ReleaseDate] <= @__today_0
2026-05-27 21:03:14.440 +07:00 [INF] Executed DbCommand (3ms) [Parameters=[], CommandType='"Text"', CommandTimeout='30']
SELECT [o].[OrderID], [o].[CheckInTime], [o].[FinalAmount], [o].[HoldExpiryTime], [o].[OrderCode], [o].[PayOSTransID], [o].[PromoID], [o].[QrCode], [o].[ShowtimeID], [o].[Status], [o].[TotalAmount], [o].[UserID]
FROM [Orders] AS [o]
WHERE [o].[Status] = N'Chờ thanh toán' AND [o].[HoldExpiryTime] <= GETDATE()
2026-05-27 21:03:14.443 +07:00 [INF] Executed DbCommand (3ms) [Parameters=[@__maxSellingDate_0='?' (DbType = DateTime2), @__now_1='?' (DbType = DateTime2)], CommandType='"Text"', CommandTimeout='30']
SELECT [s].[ShowtimeID], [s].[EndTime], [s].[MovieID], [s].[RoomID], [s].[ShowtimeCode], [s].[StartTime], [s].[Status]
FROM [Showtimes] AS [s]
WHERE [s].[Status] IN (N'Đã lên lịch', N'Sap chieu') AND CONVERT(date, [s].[StartTime]) <= @__maxSellingDate_0 AND [s].[StartTime] > @__now_1
2026-05-27 21:03:14.446 +07:00 [INF] Executed DbCommand (2ms) [Parameters=[@__now_0='?' (DbType = DateTime2)], CommandType='"Text"', CommandTimeout='30']
SELECT [s].[ShowtimeID], [s].[EndTime], [s].[MovieID], [s].[RoomID], [s].[ShowtimeCode], [s].[StartTime], [s].[Status]
FROM [Showtimes] AS [s]
WHERE [s].[Status] IN (N'Đã lên lịch', N'Đang mở bán', N'Sap chieu') AND [s].[StartTime] <= @__now_0 AND [s].[EndTime] > @__now_0
2026-05-27 21:03:14.447 +07:00 [INF] Executed DbCommand (1ms) [Parameters=[@__now_0='?' (DbType = DateTime2)], CommandType='"Text"', CommandTimeout='30']
SELECT [s].[ShowtimeID], [s].[EndTime], [s].[MovieID], [s].[RoomID], [s].[ShowtimeCode], [s].[StartTime], [s].[Status]
FROM [Showtimes] AS [s]
WHERE [s].[Status] IN (N'Đã lên lịch', N'Đang mở bán', N'Đang chiếu', N'Sap chieu', N'Dang dien ra') AND [s].[EndTime] <= @__now_0
2026-05-27 21:03:14.450 +07:00 [INF] Executed DbCommand (2ms) [Parameters=[@__today_0='?' (DbType = Date)], CommandType='"Text"', CommandTimeout='30']
SELECT [m].[MovieID], [m].[Actors], [m].[Description], [m].[Director], [m].[Duration], [m].[Genre], [m].[MovieCode], [m].[Poster], [m].[ReleaseDate], [m].[Status], [m].[Title], [m].[Trailer]
FROM [Movies] AS [m]
WHERE [m].[Status] = N'Sap chieu' AND [m].[ReleaseDate] <= @__today_0
2026-05-27 21:04:14.461 +07:00 [INF] Executed DbCommand (5ms) [Parameters=[], CommandType='"Text"', CommandTimeout='30']
SELECT [o].[OrderID], [o].[CheckInTime], [o].[FinalAmount], [o].[HoldExpiryTime], [o].[OrderCode], [o].[PayOSTransID], [o].[PromoID], [o].[QrCode], [o].[ShowtimeID], [o].[Status], [o].[TotalAmount], [o].[UserID]
FROM [Orders] AS [o]
WHERE [o].[Status] = N'Chờ thanh toán' AND [o].[HoldExpiryTime] <= GETDATE()
2026-05-27 21:04:14.467 +07:00 [INF] Executed DbCommand (4ms) [Parameters=[@__maxSellingDate_0='?' (DbType = DateTime2), @__now_1='?' (DbType = DateTime2)], CommandType='"Text"', CommandTimeout='30']
SELECT [s].[ShowtimeID], [s].[EndTime], [s].[MovieID], [s].[RoomID], [s].[ShowtimeCode], [s].[StartTime], [s].[Status]
FROM [Showtimes] AS [s]
WHERE [s].[Status] IN (N'Đã lên lịch', N'Sap chieu') AND CONVERT(date, [s].[StartTime]) <= @__maxSellingDate_0 AND [s].[StartTime] > @__now_1
2026-05-27 21:04:14.471 +07:00 [INF] Executed DbCommand (3ms) [Parameters=[@__now_0='?' (DbType = DateTime2)], CommandType='"Text"', CommandTimeout='30']
SELECT [s].[ShowtimeID], [s].[EndTime], [s].[MovieID], [s].[RoomID], [s].[ShowtimeCode], [s].[StartTime], [s].[Status]
FROM [Showtimes] AS [s]
WHERE [s].[Status] IN (N'Đã lên lịch', N'Đang mở bán', N'Sap chieu') AND [s].[StartTime] <= @__now_0 AND [s].[EndTime] > @__now_0
2026-05-27 21:04:14.474 +07:00 [INF] Executed DbCommand (3ms) [Parameters=[@__now_0='?' (DbType = DateTime2)], CommandType='"Text"', CommandTimeout='30']
SELECT [s].[ShowtimeID], [s].[EndTime], [s].[MovieID], [s].[RoomID], [s].[ShowtimeCode], [s].[StartTime], [s].[Status]
FROM [Showtimes] AS [s]
WHERE [s].[Status] IN (N'Đã lên lịch', N'Đang mở bán', N'Đang chiếu', N'Sap chieu', N'Dang dien ra') AND [s].[EndTime] <= @__now_0
2026-05-27 21:04:14.477 +07:00 [INF] Executed DbCommand (1ms) [Parameters=[@__today_0='?' (DbType = Date)], CommandType='"Text"', CommandTimeout='30']
SELECT [m].[MovieID], [m].[Actors], [m].[Description], [m].[Director], [m].[Duration], [m].[Genre], [m].[MovieCode], [m].[Poster], [m].[ReleaseDate], [m].[Status], [m].[Title], [m].[Trailer]
FROM [Movies] AS [m]
WHERE [m].[Status] = N'Sap chieu' AND [m].[ReleaseDate] <= @__today_0
2026-05-27 21:05:14.496 +07:00 [INF] Executed DbCommand (2ms) [Parameters=[], CommandType='"Text"', CommandTimeout='30']
SELECT [o].[OrderID], [o].[CheckInTime], [o].[FinalAmount], [o].[HoldExpiryTime], [o].[OrderCode], [o].[PayOSTransID], [o].[PromoID], [o].[QrCode], [o].[ShowtimeID], [o].[Status], [o].[TotalAmount], [o].[UserID]
FROM [Orders] AS [o]
WHERE [o].[Status] = N'Chờ thanh toán' AND [o].[HoldExpiryTime] <= GETDATE()
2026-05-27 21:05:14.503 +07:00 [INF] Executed DbCommand (3ms) [Parameters=[@__maxSellingDate_0='?' (DbType = DateTime2), @__now_1='?' (DbType = DateTime2)], CommandType='"Text"', CommandTimeout='30']
SELECT [s].[ShowtimeID], [s].[EndTime], [s].[MovieID], [s].[RoomID], [s].[ShowtimeCode], [s].[StartTime], [s].[Status]
FROM [Showtimes] AS [s]
WHERE [s].[Status] IN (N'Đã lên lịch', N'Sap chieu') AND CONVERT(date, [s].[StartTime]) <= @__maxSellingDate_0 AND [s].[StartTime] > @__now_1
2026-05-27 21:05:14.505 +07:00 [INF] Executed DbCommand (2ms) [Parameters=[@__now_0='?' (DbType = DateTime2)], CommandType='"Text"', CommandTimeout='30']
SELECT [s].[ShowtimeID], [s].[EndTime], [s].[MovieID], [s].[RoomID], [s].[ShowtimeCode], [s].[StartTime], [s].[Status]
FROM [Showtimes] AS [s]
WHERE [s].[Status] IN (N'Đã lên lịch', N'Đang mở bán', N'Sap chieu') AND [s].[StartTime] <= @__now_0 AND [s].[EndTime] > @__now_0
2026-05-27 21:05:14.507 +07:00 [INF] Executed DbCommand (2ms) [Parameters=[@__now_0='?' (DbType = DateTime2)], CommandType='"Text"', CommandTimeout='30']
SELECT [s].[ShowtimeID], [s].[EndTime], [s].[MovieID], [s].[RoomID], [s].[ShowtimeCode], [s].[StartTime], [s].[Status]
FROM [Showtimes] AS [s]
WHERE [s].[Status] IN (N'Đã lên lịch', N'Đang mở bán', N'Đang chiếu', N'Sap chieu', N'Dang dien ra') AND [s].[EndTime] <= @__now_0
2026-05-27 21:05:14.510 +07:00 [INF] Executed DbCommand (2ms) [Parameters=[@__today_0='?' (DbType = Date)], CommandType='"Text"', CommandTimeout='30']
SELECT [m].[MovieID], [m].[Actors], [m].[Description], [m].[Director], [m].[Duration], [m].[Genre], [m].[MovieCode], [m].[Poster], [m].[ReleaseDate], [m].[Status], [m].[Title], [m].[Trailer]
FROM [Movies] AS [m]
WHERE [m].[Status] = N'Sap chieu' AND [m].[ReleaseDate] <= @__today_0
2026-05-27 21:06:14.525 +07:00 [INF] Executed DbCommand (5ms) [Parameters=[], CommandType='"Text"', CommandTimeout='30']
SELECT [o].[OrderID], [o].[CheckInTime], [o].[FinalAmount], [o].[HoldExpiryTime], [o].[OrderCode], [o].[PayOSTransID], [o].[PromoID], [o].[QrCode], [o].[ShowtimeID], [o].[Status], [o].[TotalAmount], [o].[UserID]
FROM [Orders] AS [o]
WHERE [o].[Status] = N'Chờ thanh toán' AND [o].[HoldExpiryTime] <= GETDATE()
2026-05-27 21:06:14.532 +07:00 [INF] Executed DbCommand (5ms) [Parameters=[@__maxSellingDate_0='?' (DbType = DateTime2), @__now_1='?' (DbType = DateTime2)], CommandType='"Text"', CommandTimeout='30']
SELECT [s].[ShowtimeID], [s].[EndTime], [s].[MovieID], [s].[RoomID], [s].[ShowtimeCode], [s].[StartTime], [s].[Status]
FROM [Showtimes] AS [s]
WHERE [s].[Status] IN (N'Đã lên lịch', N'Sap chieu') AND CONVERT(date, [s].[StartTime]) <= @__maxSellingDate_0 AND [s].[StartTime] > @__now_1
2026-05-27 21:06:14.536 +07:00 [INF] Executed DbCommand (4ms) [Parameters=[@__now_0='?' (DbType = DateTime2)], CommandType='"Text"', CommandTimeout='30']
SELECT [s].[ShowtimeID], [s].[EndTime], [s].[MovieID], [s].[RoomID], [s].[ShowtimeCode], [s].[StartTime], [s].[Status]
FROM [Showtimes] AS [s]
WHERE [s].[Status] IN (N'Đã lên lịch', N'Đang mở bán', N'Sap chieu') AND [s].[StartTime] <= @__now_0 AND [s].[EndTime] > @__now_0
2026-05-27 21:06:14.540 +07:00 [INF] Executed DbCommand (3ms) [Parameters=[@__now_0='?' (DbType = DateTime2)], CommandType='"Text"', CommandTimeout='30']
SELECT [s].[ShowtimeID], [s].[EndTime], [s].[MovieID], [s].[RoomID], [s].[ShowtimeCode], [s].[StartTime], [s].[Status]
FROM [Showtimes] AS [s]
WHERE [s].[Status] IN (N'Đã lên lịch', N'Đang mở bán', N'Đang chiếu', N'Sap chieu', N'Dang dien ra') AND [s].[EndTime] <= @__now_0
2026-05-27 21:06:14.542 +07:00 [INF] Executed DbCommand (2ms) [Parameters=[@__today_0='?' (DbType = Date)], CommandType='"Text"', CommandTimeout='30']
SELECT [m].[MovieID], [m].[Actors], [m].[Description], [m].[Director], [m].[Duration], [m].[Genre], [m].[MovieCode], [m].[Poster], [m].[ReleaseDate], [m].[Status], [m].[Title], [m].[Trailer]
FROM [Movies] AS [m]
WHERE [m].[Status] = N'Sap chieu' AND [m].[ReleaseDate] <= @__today_0
2026-05-27 21:07:14.564 +07:00 [INF] Executed DbCommand (5ms) [Parameters=[], CommandType='"Text"', CommandTimeout='30']
SELECT [o].[OrderID], [o].[CheckInTime], [o].[FinalAmount], [o].[HoldExpiryTime], [o].[OrderCode], [o].[PayOSTransID], [o].[PromoID], [o].[QrCode], [o].[ShowtimeID], [o].[Status], [o].[TotalAmount], [o].[UserID]
FROM [Orders] AS [o]
WHERE [o].[Status] = N'Chờ thanh toán' AND [o].[HoldExpiryTime] <= GETDATE()
2026-05-27 21:07:14.571 +07:00 [INF] Executed DbCommand (5ms) [Parameters=[@__maxSellingDate_0='?' (DbType = DateTime2), @__now_1='?' (DbType = DateTime2)], CommandType='"Text"', CommandTimeout='30']
SELECT [s].[ShowtimeID], [s].[EndTime], [s].[MovieID], [s].[RoomID], [s].[ShowtimeCode], [s].[StartTime], [s].[Status]
FROM [Showtimes] AS [s]
WHERE [s].[Status] IN (N'Đã lên lịch', N'Sap chieu') AND CONVERT(date, [s].[StartTime]) <= @__maxSellingDate_0 AND [s].[StartTime] > @__now_1
2026-05-27 21:07:14.576 +07:00 [INF] Executed DbCommand (5ms) [Parameters=[@__now_0='?' (DbType = DateTime2)], CommandType='"Text"', CommandTimeout='30']
SELECT [s].[ShowtimeID], [s].[EndTime], [s].[MovieID], [s].[RoomID], [s].[ShowtimeCode], [s].[StartTime], [s].[Status]
FROM [Showtimes] AS [s]
WHERE [s].[Status] IN (N'Đã lên lịch', N'Đang mở bán', N'Sap chieu') AND [s].[StartTime] <= @__now_0 AND [s].[EndTime] > @__now_0
2026-05-27 21:07:14.580 +07:00 [INF] Executed DbCommand (3ms) [Parameters=[@__now_0='?' (DbType = DateTime2)], CommandType='"Text"', CommandTimeout='30']
SELECT [s].[ShowtimeID], [s].[EndTime], [s].[MovieID], [s].[RoomID], [s].[ShowtimeCode], [s].[StartTime], [s].[Status]
FROM [Showtimes] AS [s]
WHERE [s].[Status] IN (N'Đã lên lịch', N'Đang mở bán', N'Đang chiếu', N'Sap chieu', N'Dang dien ra') AND [s].[EndTime] <= @__now_0
2026-05-27 21:07:14.584 +07:00 [INF] Executed DbCommand (3ms) [Parameters=[@__today_0='?' (DbType = Date)], CommandType='"Text"', CommandTimeout='30']
SELECT [m].[MovieID], [m].[Actors], [m].[Description], [m].[Director], [m].[Duration], [m].[Genre], [m].[MovieCode], [m].[Poster], [m].[ReleaseDate], [m].[Status], [m].[Title], [m].[Trailer]
FROM [Movies] AS [m]
WHERE [m].[Status] = N'Sap chieu' AND [m].[ReleaseDate] <= @__today_0
2026-05-27 21:08:14.594 +07:00 [INF] Executed DbCommand (5ms) [Parameters=[], CommandType='"Text"', CommandTimeout='30']
SELECT [o].[OrderID], [o].[CheckInTime], [o].[FinalAmount], [o].[HoldExpiryTime], [o].[OrderCode], [o].[PayOSTransID], [o].[PromoID], [o].[QrCode], [o].[ShowtimeID], [o].[Status], [o].[TotalAmount], [o].[UserID]
FROM [Orders] AS [o]
WHERE [o].[Status] = N'Chờ thanh toán' AND [o].[HoldExpiryTime] <= GETDATE()
2026-05-27 21:08:14.602 +07:00 [INF] Executed DbCommand (6ms) [Parameters=[@__maxSellingDate_0='?' (DbType = DateTime2), @__now_1='?' (DbType = DateTime2)], CommandType='"Text"', CommandTimeout='30']
SELECT [s].[ShowtimeID], [s].[EndTime], [s].[MovieID], [s].[RoomID], [s].[ShowtimeCode], [s].[StartTime], [s].[Status]
FROM [Showtimes] AS [s]
WHERE [s].[Status] IN (N'Đã lên lịch', N'Sap chieu') AND CONVERT(date, [s].[StartTime]) <= @__maxSellingDate_0 AND [s].[StartTime] > @__now_1
2026-05-27 21:08:14.606 +07:00 [INF] Executed DbCommand (4ms) [Parameters=[@__now_0='?' (DbType = DateTime2)], CommandType='"Text"', CommandTimeout='30']
SELECT [s].[ShowtimeID], [s].[EndTime], [s].[MovieID], [s].[RoomID], [s].[ShowtimeCode], [s].[StartTime], [s].[Status]
FROM [Showtimes] AS [s]
WHERE [s].[Status] IN (N'Đã lên lịch', N'Đang mở bán', N'Sap chieu') AND [s].[StartTime] <= @__now_0 AND [s].[EndTime] > @__now_0
2026-05-27 21:08:14.611 +07:00 [INF] Executed DbCommand (4ms) [Parameters=[@__now_0='?' (DbType = DateTime2)], CommandType='"Text"', CommandTimeout='30']
SELECT [s].[ShowtimeID], [s].[EndTime], [s].[MovieID], [s].[RoomID], [s].[ShowtimeCode], [s].[StartTime], [s].[Status]
FROM [Showtimes] AS [s]
WHERE [s].[Status] IN (N'Đã lên lịch', N'Đang mở bán', N'Đang chiếu', N'Sap chieu', N'Dang dien ra') AND [s].[EndTime] <= @__now_0
2026-05-27 21:08:14.615 +07:00 [INF] Executed DbCommand (3ms) [Parameters=[@__today_0='?' (DbType = Date)], CommandType='"Text"', CommandTimeout='30']
SELECT [m].[MovieID], [m].[Actors], [m].[Description], [m].[Director], [m].[Duration], [m].[Genre], [m].[MovieCode], [m].[Poster], [m].[ReleaseDate], [m].[Status], [m].[Title], [m].[Trailer]
FROM [Movies] AS [m]
WHERE [m].[Status] = N'Sap chieu' AND [m].[ReleaseDate] <= @__today_0
2026-05-27 21:09:14.635 +07:00 [INF] Executed DbCommand (5ms) [Parameters=[], CommandType='"Text"', CommandTimeout='30']
SELECT [o].[OrderID], [o].[CheckInTime], [o].[FinalAmount], [o].[HoldExpiryTime], [o].[OrderCode], [o].[PayOSTransID], [o].[PromoID], [o].[QrCode], [o].[ShowtimeID], [o].[Status], [o].[TotalAmount], [o].[UserID]
FROM [Orders] AS [o]
WHERE [o].[Status] = N'Chờ thanh toán' AND [o].[HoldExpiryTime] <= GETDATE()
2026-05-27 21:09:14.642 +07:00 [INF] Executed DbCommand (6ms) [Parameters=[@__maxSellingDate_0='?' (DbType = DateTime2), @__now_1='?' (DbType = DateTime2)], CommandType='"Text"', CommandTimeout='30']
SELECT [s].[ShowtimeID], [s].[EndTime], [s].[MovieID], [s].[RoomID], [s].[ShowtimeCode], [s].[StartTime], [s].[Status]
FROM [Showtimes] AS [s]
WHERE [s].[Status] IN (N'Đã lên lịch', N'Sap chieu') AND CONVERT(date, [s].[StartTime]) <= @__maxSellingDate_0 AND [s].[StartTime] > @__now_1
2026-05-27 21:09:14.646 +07:00 [INF] Executed DbCommand (4ms) [Parameters=[@__now_0='?' (DbType = DateTime2)], CommandType='"Text"', CommandTimeout='30']
SELECT [s].[ShowtimeID], [s].[EndTime], [s].[MovieID], [s].[RoomID], [s].[ShowtimeCode], [s].[StartTime], [s].[Status]
FROM [Showtimes] AS [s]
WHERE [s].[Status] IN (N'Đã lên lịch', N'Đang mở bán', N'Sap chieu') AND [s].[StartTime] <= @__now_0 AND [s].[EndTime] > @__now_0
2026-05-27 21:09:14.650 +07:00 [INF] Executed DbCommand (3ms) [Parameters=[@__now_0='?' (DbType = DateTime2)], CommandType='"Text"', CommandTimeout='30']
SELECT [s].[ShowtimeID], [s].[EndTime], [s].[MovieID], [s].[RoomID], [s].[ShowtimeCode], [s].[StartTime], [s].[Status]
FROM [Showtimes] AS [s]
WHERE [s].[Status] IN (N'Đã lên lịch', N'Đang mở bán', N'Đang chiếu', N'Sap chieu', N'Dang dien ra') AND [s].[EndTime] <= @__now_0
2026-05-27 21:09:14.656 +07:00 [INF] Executed DbCommand (4ms) [Parameters=[@__today_0='?' (DbType = Date)], CommandType='"Text"', CommandTimeout='30']
SELECT [m].[MovieID], [m].[Actors], [m].[Description], [m].[Director], [m].[Duration], [m].[Genre], [m].[MovieCode], [m].[Poster], [m].[ReleaseDate], [m].[Status], [m].[Title], [m].[Trailer]
FROM [Movies] AS [m]
WHERE [m].[Status] = N'Sap chieu' AND [m].[ReleaseDate] <= @__today_0
2026-05-27 21:10:14.670 +07:00 [INF] Executed DbCommand (3ms) [Parameters=[], CommandType='"Text"', CommandTimeout='30']
SELECT [o].[OrderID], [o].[CheckInTime], [o].[FinalAmount], [o].[HoldExpiryTime], [o].[OrderCode], [o].[PayOSTransID], [o].[PromoID], [o].[QrCode], [o].[ShowtimeID], [o].[Status], [o].[TotalAmount], [o].[UserID]
FROM [Orders] AS [o]
WHERE [o].[Status] = N'Chờ thanh toán' AND [o].[HoldExpiryTime] <= GETDATE()
2026-05-27 21:10:14.674 +07:00 [INF] Executed DbCommand (3ms) [Parameters=[@__maxSellingDate_0='?' (DbType = DateTime2), @__now_1='?' (DbType = DateTime2)], CommandType='"Text"', CommandTimeout='30']
SELECT [s].[ShowtimeID], [s].[EndTime], [s].[MovieID], [s].[RoomID], [s].[ShowtimeCode], [s].[StartTime], [s].[Status]
FROM [Showtimes] AS [s]
WHERE [s].[Status] IN (N'Đã lên lịch', N'Sap chieu') AND CONVERT(date, [s].[StartTime]) <= @__maxSellingDate_0 AND [s].[StartTime] > @__now_1
2026-05-27 21:10:14.678 +07:00 [INF] Executed DbCommand (3ms) [Parameters=[@__now_0='?' (DbType = DateTime2)], CommandType='"Text"', CommandTimeout='30']
SELECT [s].[ShowtimeID], [s].[EndTime], [s].[MovieID], [s].[RoomID], [s].[ShowtimeCode], [s].[StartTime], [s].[Status]
FROM [Showtimes] AS [s]
WHERE [s].[Status] IN (N'Đã lên lịch', N'Đang mở bán', N'Sap chieu') AND [s].[StartTime] <= @__now_0 AND [s].[EndTime] > @__now_0
2026-05-27 21:10:14.681 +07:00 [INF] Executed DbCommand (3ms) [Parameters=[@__now_0='?' (DbType = DateTime2)], CommandType='"Text"', CommandTimeout='30']
SELECT [s].[ShowtimeID], [s].[EndTime], [s].[MovieID], [s].[RoomID], [s].[ShowtimeCode], [s].[StartTime], [s].[Status]
FROM [Showtimes] AS [s]
WHERE [s].[Status] IN (N'Đã lên lịch', N'Đang mở bán', N'Đang chiếu', N'Sap chieu', N'Dang dien ra') AND [s].[EndTime] <= @__now_0
2026-05-27 21:10:14.685 +07:00 [INF] Executed DbCommand (3ms) [Parameters=[@__today_0='?' (DbType = Date)], CommandType='"Text"', CommandTimeout='30']
SELECT [m].[MovieID], [m].[Actors], [m].[Description], [m].[Director], [m].[Duration], [m].[Genre], [m].[MovieCode], [m].[Poster], [m].[ReleaseDate], [m].[Status], [m].[Title], [m].[Trailer]
FROM [Movies] AS [m]
WHERE [m].[Status] = N'Sap chieu' AND [m].[ReleaseDate] <= @__today_0
2026-05-27 21:11:14.696 +07:00 [INF] Executed DbCommand (5ms) [Parameters=[], CommandType='"Text"', CommandTimeout='30']
SELECT [o].[OrderID], [o].[CheckInTime], [o].[FinalAmount], [o].[HoldExpiryTime], [o].[OrderCode], [o].[PayOSTransID], [o].[PromoID], [o].[QrCode], [o].[ShowtimeID], [o].[Status], [o].[TotalAmount], [o].[UserID]
FROM [Orders] AS [o]
WHERE [o].[Status] = N'Chờ thanh toán' AND [o].[HoldExpiryTime] <= GETDATE()
2026-05-27 21:11:14.702 +07:00 [INF] Executed DbCommand (4ms) [Parameters=[@__maxSellingDate_0='?' (DbType = DateTime2), @__now_1='?' (DbType = DateTime2)], CommandType='"Text"', CommandTimeout='30']
SELECT [s].[ShowtimeID], [s].[EndTime], [s].[MovieID], [s].[RoomID], [s].[ShowtimeCode], [s].[StartTime], [s].[Status]
FROM [Showtimes] AS [s]
WHERE [s].[Status] IN (N'Đã lên lịch', N'Sap chieu') AND CONVERT(date, [s].[StartTime]) <= @__maxSellingDate_0 AND [s].[StartTime] > @__now_1
2026-05-27 21:11:14.707 +07:00 [INF] Executed DbCommand (4ms) [Parameters=[@__now_0='?' (DbType = DateTime2)], CommandType='"Text"', CommandTimeout='30']
SELECT [s].[ShowtimeID], [s].[EndTime], [s].[MovieID], [s].[RoomID], [s].[ShowtimeCode], [s].[StartTime], [s].[Status]
FROM [Showtimes] AS [s]
WHERE [s].[Status] IN (N'Đã lên lịch', N'Đang mở bán', N'Sap chieu') AND [s].[StartTime] <= @__now_0 AND [s].[EndTime] > @__now_0
2026-05-27 21:11:14.711 +07:00 [INF] Executed DbCommand (3ms) [Parameters=[@__now_0='?' (DbType = DateTime2)], CommandType='"Text"', CommandTimeout='30']
SELECT [s].[ShowtimeID], [s].[EndTime], [s].[MovieID], [s].[RoomID], [s].[ShowtimeCode], [s].[StartTime], [s].[Status]
FROM [Showtimes] AS [s]
WHERE [s].[Status] IN (N'Đã lên lịch', N'Đang mở bán', N'Đang chiếu', N'Sap chieu', N'Dang dien ra') AND [s].[EndTime] <= @__now_0
2026-05-27 21:11:14.715 +07:00 [INF] Executed DbCommand (3ms) [Parameters=[@__today_0='?' (DbType = Date)], CommandType='"Text"', CommandTimeout='30']
SELECT [m].[MovieID], [m].[Actors], [m].[Description], [m].[Director], [m].[Duration], [m].[Genre], [m].[MovieCode], [m].[Poster], [m].[ReleaseDate], [m].[Status], [m].[Title], [m].[Trailer]
FROM [Movies] AS [m]
WHERE [m].[Status] = N'Sap chieu' AND [m].[ReleaseDate] <= @__today_0
2026-05-27 21:12:14.730 +07:00 [INF] Executed DbCommand (7ms) [Parameters=[], CommandType='"Text"', CommandTimeout='30']
SELECT [o].[OrderID], [o].[CheckInTime], [o].[FinalAmount], [o].[HoldExpiryTime], [o].[OrderCode], [o].[PayOSTransID], [o].[PromoID], [o].[QrCode], [o].[ShowtimeID], [o].[Status], [o].[TotalAmount], [o].[UserID]
FROM [Orders] AS [o]
WHERE [o].[Status] = N'Chờ thanh toán' AND [o].[HoldExpiryTime] <= GETDATE()
2026-05-27 21:12:14.736 +07:00 [INF] Executed DbCommand (4ms) [Parameters=[@__maxSellingDate_0='?' (DbType = DateTime2), @__now_1='?' (DbType = DateTime2)], CommandType='"Text"', CommandTimeout='30']
SELECT [s].[ShowtimeID], [s].[EndTime], [s].[MovieID], [s].[RoomID], [s].[ShowtimeCode], [s].[StartTime], [s].[Status]
FROM [Showtimes] AS [s]
WHERE [s].[Status] IN (N'Đã lên lịch', N'Sap chieu') AND CONVERT(date, [s].[StartTime]) <= @__maxSellingDate_0 AND [s].[StartTime] > @__now_1
2026-05-27 21:12:14.742 +07:00 [INF] Executed DbCommand (4ms) [Parameters=[@__now_0='?' (DbType = DateTime2)], CommandType='"Text"', CommandTimeout='30']
SELECT [s].[ShowtimeID], [s].[EndTime], [s].[MovieID], [s].[RoomID], [s].[ShowtimeCode], [s].[StartTime], [s].[Status]
FROM [Showtimes] AS [s]
WHERE [s].[Status] IN (N'Đã lên lịch', N'Đang mở bán', N'Sap chieu') AND [s].[StartTime] <= @__now_0 AND [s].[EndTime] > @__now_0
2026-05-27 21:12:14.746 +07:00 [INF] Executed DbCommand (4ms) [Parameters=[@__now_0='?' (DbType = DateTime2)], CommandType='"Text"', CommandTimeout='30']
SELECT [s].[ShowtimeID], [s].[EndTime], [s].[MovieID], [s].[RoomID], [s].[ShowtimeCode], [s].[StartTime], [s].[Status]
FROM [Showtimes] AS [s]
WHERE [s].[Status] IN (N'Đã lên lịch', N'Đang mở bán', N'Đang chiếu', N'Sap chieu', N'Dang dien ra') AND [s].[EndTime] <= @__now_0
2026-05-27 21:12:14.750 +07:00 [INF] Executed DbCommand (3ms) [Parameters=[@__today_0='?' (DbType = Date)], CommandType='"Text"', CommandTimeout='30']
SELECT [m].[MovieID], [m].[Actors], [m].[Description], [m].[Director], [m].[Duration], [m].[Genre], [m].[MovieCode], [m].[Poster], [m].[ReleaseDate], [m].[Status], [m].[Title], [m].[Trailer]
FROM [Movies] AS [m]
WHERE [m].[Status] = N'Sap chieu' AND [m].[ReleaseDate] <= @__today_0
2026-05-27 21:13:14.768 +07:00 [INF] Executed DbCommand (3ms) [Parameters=[], CommandType='"Text"', CommandTimeout='30']
SELECT [o].[OrderID], [o].[CheckInTime], [o].[FinalAmount], [o].[HoldExpiryTime], [o].[OrderCode], [o].[PayOSTransID], [o].[PromoID], [o].[QrCode], [o].[ShowtimeID], [o].[Status], [o].[TotalAmount], [o].[UserID]
FROM [Orders] AS [o]
WHERE [o].[Status] = N'Chờ thanh toán' AND [o].[HoldExpiryTime] <= GETDATE()
2026-05-27 21:13:14.771 +07:00 [INF] Executed DbCommand (2ms) [Parameters=[@__maxSellingDate_0='?' (DbType = DateTime2), @__now_1='?' (DbType = DateTime2)], CommandType='"Text"', CommandTimeout='30']
SELECT [s].[ShowtimeID], [s].[EndTime], [s].[MovieID], [s].[RoomID], [s].[ShowtimeCode], [s].[StartTime], [s].[Status]
FROM [Showtimes] AS [s]
WHERE [s].[Status] IN (N'Đã lên lịch', N'Sap chieu') AND CONVERT(date, [s].[StartTime]) <= @__maxSellingDate_0 AND [s].[StartTime] > @__now_1
2026-05-27 21:13:14.774 +07:00 [INF] Executed DbCommand (2ms) [Parameters=[@__now_0='?' (DbType = DateTime2)], CommandType='"Text"', CommandTimeout='30']
SELECT [s].[ShowtimeID], [s].[EndTime], [s].[MovieID], [s].[RoomID], [s].[ShowtimeCode], [s].[StartTime], [s].[Status]
FROM [Showtimes] AS [s]
WHERE [s].[Status] IN (N'Đã lên lịch', N'Đang mở bán', N'Sap chieu') AND [s].[StartTime] <= @__now_0 AND [s].[EndTime] > @__now_0
2026-05-27 21:13:14.776 +07:00 [INF] Executed DbCommand (2ms) [Parameters=[@__now_0='?' (DbType = DateTime2)], CommandType='"Text"', CommandTimeout='30']
SELECT [s].[ShowtimeID], [s].[EndTime], [s].[MovieID], [s].[RoomID], [s].[ShowtimeCode], [s].[StartTime], [s].[Status]
FROM [Showtimes] AS [s]
WHERE [s].[Status] IN (N'Đã lên lịch', N'Đang mở bán', N'Đang chiếu', N'Sap chieu', N'Dang dien ra') AND [s].[EndTime] <= @__now_0
2026-05-27 21:13:14.778 +07:00 [INF] Executed DbCommand (1ms) [Parameters=[@__today_0='?' (DbType = Date)], CommandType='"Text"', CommandTimeout='30']
SELECT [m].[MovieID], [m].[Actors], [m].[Description], [m].[Director], [m].[Duration], [m].[Genre], [m].[MovieCode], [m].[Poster], [m].[ReleaseDate], [m].[Status], [m].[Title], [m].[Trailer]
FROM [Movies] AS [m]
WHERE [m].[Status] = N'Sap chieu' AND [m].[ReleaseDate] <= @__today_0
2026-05-27 21:14:14.788 +07:00 [INF] Executed DbCommand (2ms) [Parameters=[], CommandType='"Text"', CommandTimeout='30']
SELECT [o].[OrderID], [o].[CheckInTime], [o].[FinalAmount], [o].[HoldExpiryTime], [o].[OrderCode], [o].[PayOSTransID], [o].[PromoID], [o].[QrCode], [o].[ShowtimeID], [o].[Status], [o].[TotalAmount], [o].[UserID]
FROM [Orders] AS [o]
WHERE [o].[Status] = N'Chờ thanh toán' AND [o].[HoldExpiryTime] <= GETDATE()
2026-05-27 21:14:14.791 +07:00 [INF] Executed DbCommand (2ms) [Parameters=[@__maxSellingDate_0='?' (DbType = DateTime2), @__now_1='?' (DbType = DateTime2)], CommandType='"Text"', CommandTimeout='30']
SELECT [s].[ShowtimeID], [s].[EndTime], [s].[MovieID], [s].[RoomID], [s].[ShowtimeCode], [s].[StartTime], [s].[Status]
FROM [Showtimes] AS [s]
WHERE [s].[Status] IN (N'Đã lên lịch', N'Sap chieu') AND CONVERT(date, [s].[StartTime]) <= @__maxSellingDate_0 AND [s].[StartTime] > @__now_1
2026-05-27 21:14:14.794 +07:00 [INF] Executed DbCommand (2ms) [Parameters=[@__now_0='?' (DbType = DateTime2)], CommandType='"Text"', CommandTimeout='30']
SELECT [s].[ShowtimeID], [s].[EndTime], [s].[MovieID], [s].[RoomID], [s].[ShowtimeCode], [s].[StartTime], [s].[Status]
FROM [Showtimes] AS [s]
WHERE [s].[Status] IN (N'Đã lên lịch', N'Đang mở bán', N'Sap chieu') AND [s].[StartTime] <= @__now_0 AND [s].[EndTime] > @__now_0
2026-05-27 21:14:14.796 +07:00 [INF] Executed DbCommand (2ms) [Parameters=[@__now_0='?' (DbType = DateTime2)], CommandType='"Text"', CommandTimeout='30']
SELECT [s].[ShowtimeID], [s].[EndTime], [s].[MovieID], [s].[RoomID], [s].[ShowtimeCode], [s].[StartTime], [s].[Status]
FROM [Showtimes] AS [s]
WHERE [s].[Status] IN (N'Đã lên lịch', N'Đang mở bán', N'Đang chiếu', N'Sap chieu', N'Dang dien ra') AND [s].[EndTime] <= @__now_0
2026-05-27 21:14:14.798 +07:00 [INF] Executed DbCommand (1ms) [Parameters=[@__today_0='?' (DbType = Date)], CommandType='"Text"', CommandTimeout='30']
SELECT [m].[MovieID], [m].[Actors], [m].[Description], [m].[Director], [m].[Duration], [m].[Genre], [m].[MovieCode], [m].[Poster], [m].[ReleaseDate], [m].[Status], [m].[Title], [m].[Trailer]
FROM [Movies] AS [m]
WHERE [m].[Status] = N'Sap chieu' AND [m].[ReleaseDate] <= @__today_0
2026-05-27 21:15:14.818 +07:00 [INF] Executed DbCommand (5ms) [Parameters=[], CommandType='"Text"', CommandTimeout='30']
SELECT [o].[OrderID], [o].[CheckInTime], [o].[FinalAmount], [o].[HoldExpiryTime], [o].[OrderCode], [o].[PayOSTransID], [o].[PromoID], [o].[QrCode], [o].[ShowtimeID], [o].[Status], [o].[TotalAmount], [o].[UserID]
FROM [Orders] AS [o]
WHERE [o].[Status] = N'Chờ thanh toán' AND [o].[HoldExpiryTime] <= GETDATE()
2026-05-27 21:15:14.824 +07:00 [INF] Executed DbCommand (5ms) [Parameters=[@__maxSellingDate_0='?' (DbType = DateTime2), @__now_1='?' (DbType = DateTime2)], CommandType='"Text"', CommandTimeout='30']
SELECT [s].[ShowtimeID], [s].[EndTime], [s].[MovieID], [s].[RoomID], [s].[ShowtimeCode], [s].[StartTime], [s].[Status]
FROM [Showtimes] AS [s]
WHERE [s].[Status] IN (N'Đã lên lịch', N'Sap chieu') AND CONVERT(date, [s].[StartTime]) <= @__maxSellingDate_0 AND [s].[StartTime] > @__now_1
2026-05-27 21:15:14.828 +07:00 [INF] Executed DbCommand (3ms) [Parameters=[@__now_0='?' (DbType = DateTime2)], CommandType='"Text"', CommandTimeout='30']
SELECT [s].[ShowtimeID], [s].[EndTime], [s].[MovieID], [s].[RoomID], [s].[ShowtimeCode], [s].[StartTime], [s].[Status]
FROM [Showtimes] AS [s]
WHERE [s].[Status] IN (N'Đã lên lịch', N'Đang mở bán', N'Sap chieu') AND [s].[StartTime] <= @__now_0 AND [s].[EndTime] > @__now_0
2026-05-27 21:15:14.833 +07:00 [INF] Executed DbCommand (4ms) [Parameters=[@__now_0='?' (DbType = DateTime2)], CommandType='"Text"', CommandTimeout='30']
SELECT [s].[ShowtimeID], [s].[EndTime], [s].[MovieID], [s].[RoomID], [s].[ShowtimeCode], [s].[StartTime], [s].[Status]
FROM [Showtimes] AS [s]
WHERE [s].[Status] IN (N'Đã lên lịch', N'Đang mở bán', N'Đang chiếu', N'Sap chieu', N'Dang dien ra') AND [s].[EndTime] <= @__now_0
2026-05-27 21:15:14.837 +07:00 [INF] Executed DbCommand (2ms) [Parameters=[@__today_0='?' (DbType = Date)], CommandType='"Text"', CommandTimeout='30']
SELECT [m].[MovieID], [m].[Actors], [m].[Description], [m].[Director], [m].[Duration], [m].[Genre], [m].[MovieCode], [m].[Poster], [m].[ReleaseDate], [m].[Status], [m].[Title], [m].[Trailer]
FROM [Movies] AS [m]
WHERE [m].[Status] = N'Sap chieu' AND [m].[ReleaseDate] <= @__today_0
2026-05-27 21:16:14.845 +07:00 [INF] Executed DbCommand (5ms) [Parameters=[], CommandType='"Text"', CommandTimeout='30']
SELECT [o].[OrderID], [o].[CheckInTime], [o].[FinalAmount], [o].[HoldExpiryTime], [o].[OrderCode], [o].[PayOSTransID], [o].[PromoID], [o].[QrCode], [o].[ShowtimeID], [o].[Status], [o].[TotalAmount], [o].[UserID]
FROM [Orders] AS [o]
WHERE [o].[Status] = N'Chờ thanh toán' AND [o].[HoldExpiryTime] <= GETDATE()
2026-05-27 21:16:14.851 +07:00 [INF] Executed DbCommand (5ms) [Parameters=[@__maxSellingDate_0='?' (DbType = DateTime2), @__now_1='?' (DbType = DateTime2)], CommandType='"Text"', CommandTimeout='30']
SELECT [s].[ShowtimeID], [s].[EndTime], [s].[MovieID], [s].[RoomID], [s].[ShowtimeCode], [s].[StartTime], [s].[Status]
FROM [Showtimes] AS [s]
WHERE [s].[Status] IN (N'Đã lên lịch', N'Sap chieu') AND CONVERT(date, [s].[StartTime]) <= @__maxSellingDate_0 AND [s].[StartTime] > @__now_1
2026-05-27 21:16:14.855 +07:00 [INF] Executed DbCommand (3ms) [Parameters=[@__now_0='?' (DbType = DateTime2)], CommandType='"Text"', CommandTimeout='30']
SELECT [s].[ShowtimeID], [s].[EndTime], [s].[MovieID], [s].[RoomID], [s].[ShowtimeCode], [s].[StartTime], [s].[Status]
FROM [Showtimes] AS [s]
WHERE [s].[Status] IN (N'Đã lên lịch', N'Đang mở bán', N'Sap chieu') AND [s].[StartTime] <= @__now_0 AND [s].[EndTime] > @__now_0
2026-05-27 21:16:14.859 +07:00 [INF] Executed DbCommand (3ms) [Parameters=[@__now_0='?' (DbType = DateTime2)], CommandType='"Text"', CommandTimeout='30']
SELECT [s].[ShowtimeID], [s].[EndTime], [s].[MovieID], [s].[RoomID], [s].[ShowtimeCode], [s].[StartTime], [s].[Status]
FROM [Showtimes] AS [s]
WHERE [s].[Status] IN (N'Đã lên lịch', N'Đang mở bán', N'Đang chiếu', N'Sap chieu', N'Dang dien ra') AND [s].[EndTime] <= @__now_0
2026-05-27 21:16:14.862 +07:00 [INF] Executed DbCommand (2ms) [Parameters=[@__today_0='?' (DbType = Date)], CommandType='"Text"', CommandTimeout='30']
SELECT [m].[MovieID], [m].[Actors], [m].[Description], [m].[Director], [m].[Duration], [m].[Genre], [m].[MovieCode], [m].[Poster], [m].[ReleaseDate], [m].[Status], [m].[Title], [m].[Trailer]
FROM [Movies] AS [m]
WHERE [m].[Status] = N'Sap chieu' AND [m].[ReleaseDate] <= @__today_0
2026-05-27 21:17:14.870 +07:00 [INF] Executed DbCommand (4ms) [Parameters=[], CommandType='"Text"', CommandTimeout='30']
SELECT [o].[OrderID], [o].[CheckInTime], [o].[FinalAmount], [o].[HoldExpiryTime], [o].[OrderCode], [o].[PayOSTransID], [o].[PromoID], [o].[QrCode], [o].[ShowtimeID], [o].[Status], [o].[TotalAmount], [o].[UserID]
FROM [Orders] AS [o]
WHERE [o].[Status] = N'Chờ thanh toán' AND [o].[HoldExpiryTime] <= GETDATE()
2026-05-27 21:17:14.876 +07:00 [INF] Executed DbCommand (5ms) [Parameters=[@__maxSellingDate_0='?' (DbType = DateTime2), @__now_1='?' (DbType = DateTime2)], CommandType='"Text"', CommandTimeout='30']
SELECT [s].[ShowtimeID], [s].[EndTime], [s].[MovieID], [s].[RoomID], [s].[ShowtimeCode], [s].[StartTime], [s].[Status]
FROM [Showtimes] AS [s]
WHERE [s].[Status] IN (N'Đã lên lịch', N'Sap chieu') AND CONVERT(date, [s].[StartTime]) <= @__maxSellingDate_0 AND [s].[StartTime] > @__now_1
2026-05-27 21:17:14.880 +07:00 [INF] Executed DbCommand (3ms) [Parameters=[@__now_0='?' (DbType = DateTime2)], CommandType='"Text"', CommandTimeout='30']
SELECT [s].[ShowtimeID], [s].[EndTime], [s].[MovieID], [s].[RoomID], [s].[ShowtimeCode], [s].[StartTime], [s].[Status]
FROM [Showtimes] AS [s]
WHERE [s].[Status] IN (N'Đã lên lịch', N'Đang mở bán', N'Sap chieu') AND [s].[StartTime] <= @__now_0 AND [s].[EndTime] > @__now_0
2026-05-27 21:17:14.884 +07:00 [INF] Executed DbCommand (3ms) [Parameters=[@__now_0='?' (DbType = DateTime2)], CommandType='"Text"', CommandTimeout='30']
SELECT [s].[ShowtimeID], [s].[EndTime], [s].[MovieID], [s].[RoomID], [s].[ShowtimeCode], [s].[StartTime], [s].[Status]
FROM [Showtimes] AS [s]
WHERE [s].[Status] IN (N'Đã lên lịch', N'Đang mở bán', N'Đang chiếu', N'Sap chieu', N'Dang dien ra') AND [s].[EndTime] <= @__now_0
2026-05-27 21:17:14.888 +07:00 [INF] Executed DbCommand (3ms) [Parameters=[@__today_0='?' (DbType = Date)], CommandType='"Text"', CommandTimeout='30']
SELECT [m].[MovieID], [m].[Actors], [m].[Description], [m].[Director], [m].[Duration], [m].[Genre], [m].[MovieCode], [m].[Poster], [m].[ReleaseDate], [m].[Status], [m].[Title], [m].[Trailer]
FROM [Movies] AS [m]
WHERE [m].[Status] = N'Sap chieu' AND [m].[ReleaseDate] <= @__today_0
2026-05-27 21:18:14.911 +07:00 [INF] Executed DbCommand (5ms) [Parameters=[], CommandType='"Text"', CommandTimeout='30']
SELECT [o].[OrderID], [o].[CheckInTime], [o].[FinalAmount], [o].[HoldExpiryTime], [o].[OrderCode], [o].[PayOSTransID], [o].[PromoID], [o].[QrCode], [o].[ShowtimeID], [o].[Status], [o].[TotalAmount], [o].[UserID]
FROM [Orders] AS [o]
WHERE [o].[Status] = N'Chờ thanh toán' AND [o].[HoldExpiryTime] <= GETDATE()
2026-05-27 21:18:14.918 +07:00 [INF] Executed DbCommand (5ms) [Parameters=[@__maxSellingDate_0='?' (DbType = DateTime2), @__now_1='?' (DbType = DateTime2)], CommandType='"Text"', CommandTimeout='30']
SELECT [s].[ShowtimeID], [s].[EndTime], [s].[MovieID], [s].[RoomID], [s].[ShowtimeCode], [s].[StartTime], [s].[Status]
FROM [Showtimes] AS [s]
WHERE [s].[Status] IN (N'Đã lên lịch', N'Sap chieu') AND CONVERT(date, [s].[StartTime]) <= @__maxSellingDate_0 AND [s].[StartTime] > @__now_1
2026-05-27 21:18:14.922 +07:00 [INF] Executed DbCommand (3ms) [Parameters=[@__now_0='?' (DbType = DateTime2)], CommandType='"Text"', CommandTimeout='30']
SELECT [s].[ShowtimeID], [s].[EndTime], [s].[MovieID], [s].[RoomID], [s].[ShowtimeCode], [s].[StartTime], [s].[Status]
FROM [Showtimes] AS [s]
WHERE [s].[Status] IN (N'Đã lên lịch', N'Đang mở bán', N'Sap chieu') AND [s].[StartTime] <= @__now_0 AND [s].[EndTime] > @__now_0
2026-05-27 21:18:14.927 +07:00 [INF] Executed DbCommand (4ms) [Parameters=[@__now_0='?' (DbType = DateTime2)], CommandType='"Text"', CommandTimeout='30']
SELECT [s].[ShowtimeID], [s].[EndTime], [s].[MovieID], [s].[RoomID], [s].[ShowtimeCode], [s].[StartTime], [s].[Status]
FROM [Showtimes] AS [s]
WHERE [s].[Status] IN (N'Đã lên lịch', N'Đang mở bán', N'Đang chiếu', N'Sap chieu', N'Dang dien ra') AND [s].[EndTime] <= @__now_0
2026-05-27 21:18:14.931 +07:00 [INF] Executed DbCommand (3ms) [Parameters=[@__today_0='?' (DbType = Date)], CommandType='"Text"', CommandTimeout='30']
SELECT [m].[MovieID], [m].[Actors], [m].[Description], [m].[Director], [m].[Duration], [m].[Genre], [m].[MovieCode], [m].[Poster], [m].[ReleaseDate], [m].[Status], [m].[Title], [m].[Trailer]
FROM [Movies] AS [m]
WHERE [m].[Status] = N'Sap chieu' AND [m].[ReleaseDate] <= @__today_0
2026-05-27 21:19:14.950 +07:00 [INF] Executed DbCommand (5ms) [Parameters=[], CommandType='"Text"', CommandTimeout='30']
SELECT [o].[OrderID], [o].[CheckInTime], [o].[FinalAmount], [o].[HoldExpiryTime], [o].[OrderCode], [o].[PayOSTransID], [o].[PromoID], [o].[QrCode], [o].[ShowtimeID], [o].[Status], [o].[TotalAmount], [o].[UserID]
FROM [Orders] AS [o]
WHERE [o].[Status] = N'Chờ thanh toán' AND [o].[HoldExpiryTime] <= GETDATE()
2026-05-27 21:19:14.956 +07:00 [INF] Executed DbCommand (5ms) [Parameters=[@__maxSellingDate_0='?' (DbType = DateTime2), @__now_1='?' (DbType = DateTime2)], CommandType='"Text"', CommandTimeout='30']
SELECT [s].[ShowtimeID], [s].[EndTime], [s].[MovieID], [s].[RoomID], [s].[ShowtimeCode], [s].[StartTime], [s].[Status]
FROM [Showtimes] AS [s]
WHERE [s].[Status] IN (N'Đã lên lịch', N'Sap chieu') AND CONVERT(date, [s].[StartTime]) <= @__maxSellingDate_0 AND [s].[StartTime] > @__now_1
2026-05-27 21:19:14.960 +07:00 [INF] Executed DbCommand (3ms) [Parameters=[@__now_0='?' (DbType = DateTime2)], CommandType='"Text"', CommandTimeout='30']
SELECT [s].[ShowtimeID], [s].[EndTime], [s].[MovieID], [s].[RoomID], [s].[ShowtimeCode], [s].[StartTime], [s].[Status]
FROM [Showtimes] AS [s]
WHERE [s].[Status] IN (N'Đã lên lịch', N'Đang mở bán', N'Sap chieu') AND [s].[StartTime] <= @__now_0 AND [s].[EndTime] > @__now_0
2026-05-27 21:19:14.963 +07:00 [INF] Executed DbCommand (2ms) [Parameters=[@__now_0='?' (DbType = DateTime2)], CommandType='"Text"', CommandTimeout='30']
SELECT [s].[ShowtimeID], [s].[EndTime], [s].[MovieID], [s].[RoomID], [s].[ShowtimeCode], [s].[StartTime], [s].[Status]
FROM [Showtimes] AS [s]
WHERE [s].[Status] IN (N'Đã lên lịch', N'Đang mở bán', N'Đang chiếu', N'Sap chieu', N'Dang dien ra') AND [s].[EndTime] <= @__now_0
2026-05-27 21:19:14.966 +07:00 [INF] Executed DbCommand (2ms) [Parameters=[@__today_0='?' (DbType = Date)], CommandType='"Text"', CommandTimeout='30']
SELECT [m].[MovieID], [m].[Actors], [m].[Description], [m].[Director], [m].[Duration], [m].[Genre], [m].[MovieCode], [m].[Poster], [m].[ReleaseDate], [m].[Status], [m].[Title], [m].[Trailer]
FROM [Movies] AS [m]
WHERE [m].[Status] = N'Sap chieu' AND [m].[ReleaseDate] <= @__today_0
2026-05-27 21:20:14.981 +07:00 [INF] Executed DbCommand (5ms) [Parameters=[], CommandType='"Text"', CommandTimeout='30']
SELECT [o].[OrderID], [o].[CheckInTime], [o].[FinalAmount], [o].[HoldExpiryTime], [o].[OrderCode], [o].[PayOSTransID], [o].[PromoID], [o].[QrCode], [o].[ShowtimeID], [o].[Status], [o].[TotalAmount], [o].[UserID]
FROM [Orders] AS [o]
WHERE [o].[Status] = N'Chờ thanh toán' AND [o].[HoldExpiryTime] <= GETDATE()
2026-05-27 21:20:14.988 +07:00 [INF] Executed DbCommand (5ms) [Parameters=[@__maxSellingDate_0='?' (DbType = DateTime2), @__now_1='?' (DbType = DateTime2)], CommandType='"Text"', CommandTimeout='30']
SELECT [s].[ShowtimeID], [s].[EndTime], [s].[MovieID], [s].[RoomID], [s].[ShowtimeCode], [s].[StartTime], [s].[Status]
FROM [Showtimes] AS [s]
WHERE [s].[Status] IN (N'Đã lên lịch', N'Sap chieu') AND CONVERT(date, [s].[StartTime]) <= @__maxSellingDate_0 AND [s].[StartTime] > @__now_1
2026-05-27 21:20:14.994 +07:00 [INF] Executed DbCommand (4ms) [Parameters=[@__now_0='?' (DbType = DateTime2)], CommandType='"Text"', CommandTimeout='30']
SELECT [s].[ShowtimeID], [s].[EndTime], [s].[MovieID], [s].[RoomID], [s].[ShowtimeCode], [s].[StartTime], [s].[Status]
FROM [Showtimes] AS [s]
WHERE [s].[Status] IN (N'Đã lên lịch', N'Đang mở bán', N'Sap chieu') AND [s].[StartTime] <= @__now_0 AND [s].[EndTime] > @__now_0
2026-05-27 21:20:14.998 +07:00 [INF] Executed DbCommand (3ms) [Parameters=[@__now_0='?' (DbType = DateTime2)], CommandType='"Text"', CommandTimeout='30']
SELECT [s].[ShowtimeID], [s].[EndTime], [s].[MovieID], [s].[RoomID], [s].[ShowtimeCode], [s].[StartTime], [s].[Status]
FROM [Showtimes] AS [s]
WHERE [s].[Status] IN (N'Đã lên lịch', N'Đang mở bán', N'Đang chiếu', N'Sap chieu', N'Dang dien ra') AND [s].[EndTime] <= @__now_0
2026-05-27 21:20:15.006 +07:00 [INF] Executed DbCommand (4ms) [Parameters=[@__today_0='?' (DbType = Date)], CommandType='"Text"', CommandTimeout='30']
SELECT [m].[MovieID], [m].[Actors], [m].[Description], [m].[Director], [m].[Duration], [m].[Genre], [m].[MovieCode], [m].[Poster], [m].[ReleaseDate], [m].[Status], [m].[Title], [m].[Trailer]
FROM [Movies] AS [m]
WHERE [m].[Status] = N'Sap chieu' AND [m].[ReleaseDate] <= @__today_0
2026-05-27 21:21:15.019 +07:00 [INF] Executed DbCommand (4ms) [Parameters=[], CommandType='"Text"', CommandTimeout='30']
SELECT [o].[OrderID], [o].[CheckInTime], [o].[FinalAmount], [o].[HoldExpiryTime], [o].[OrderCode], [o].[PayOSTransID], [o].[PromoID], [o].[QrCode], [o].[ShowtimeID], [o].[Status], [o].[TotalAmount], [o].[UserID]
FROM [Orders] AS [o]
WHERE [o].[Status] = N'Chờ thanh toán' AND [o].[HoldExpiryTime] <= GETDATE()
2026-05-27 21:21:15.025 +07:00 [INF] Executed DbCommand (5ms) [Parameters=[@__maxSellingDate_0='?' (DbType = DateTime2), @__now_1='?' (DbType = DateTime2)], CommandType='"Text"', CommandTimeout='30']
SELECT [s].[ShowtimeID], [s].[EndTime], [s].[MovieID], [s].[RoomID], [s].[ShowtimeCode], [s].[StartTime], [s].[Status]
FROM [Showtimes] AS [s]
WHERE [s].[Status] IN (N'Đã lên lịch', N'Sap chieu') AND CONVERT(date, [s].[StartTime]) <= @__maxSellingDate_0 AND [s].[StartTime] > @__now_1
2026-05-27 21:21:15.029 +07:00 [INF] Executed DbCommand (4ms) [Parameters=[@__now_0='?' (DbType = DateTime2)], CommandType='"Text"', CommandTimeout='30']
SELECT [s].[ShowtimeID], [s].[EndTime], [s].[MovieID], [s].[RoomID], [s].[ShowtimeCode], [s].[StartTime], [s].[Status]
FROM [Showtimes] AS [s]
WHERE [s].[Status] IN (N'Đã lên lịch', N'Đang mở bán', N'Sap chieu') AND [s].[StartTime] <= @__now_0 AND [s].[EndTime] > @__now_0
2026-05-27 21:21:15.033 +07:00 [INF] Executed DbCommand (3ms) [Parameters=[@__now_0='?' (DbType = DateTime2)], CommandType='"Text"', CommandTimeout='30']
SELECT [s].[ShowtimeID], [s].[EndTime], [s].[MovieID], [s].[RoomID], [s].[ShowtimeCode], [s].[StartTime], [s].[Status]
FROM [Showtimes] AS [s]
WHERE [s].[Status] IN (N'Đã lên lịch', N'Đang mở bán', N'Đang chiếu', N'Sap chieu', N'Dang dien ra') AND [s].[EndTime] <= @__now_0
2026-05-27 21:21:15.038 +07:00 [INF] Executed DbCommand (3ms) [Parameters=[@__today_0='?' (DbType = Date)], CommandType='"Text"', CommandTimeout='30']
SELECT [m].[MovieID], [m].[Actors], [m].[Description], [m].[Director], [m].[Duration], [m].[Genre], [m].[MovieCode], [m].[Poster], [m].[ReleaseDate], [m].[Status], [m].[Title], [m].[Trailer]
FROM [Movies] AS [m]
WHERE [m].[Status] = N'Sap chieu' AND [m].[ReleaseDate] <= @__today_0
2026-05-27 21:22:15.061 +07:00 [INF] Executed DbCommand (5ms) [Parameters=[], CommandType='"Text"', CommandTimeout='30']
SELECT [o].[OrderID], [o].[CheckInTime], [o].[FinalAmount], [o].[HoldExpiryTime], [o].[OrderCode], [o].[PayOSTransID], [o].[PromoID], [o].[QrCode], [o].[ShowtimeID], [o].[Status], [o].[TotalAmount], [o].[UserID]
FROM [Orders] AS [o]
WHERE [o].[Status] = N'Chờ thanh toán' AND [o].[HoldExpiryTime] <= GETDATE()
2026-05-27 21:22:15.067 +07:00 [INF] Executed DbCommand (5ms) [Parameters=[@__maxSellingDate_0='?' (DbType = DateTime2), @__now_1='?' (DbType = DateTime2)], CommandType='"Text"', CommandTimeout='30']
SELECT [s].[ShowtimeID], [s].[EndTime], [s].[MovieID], [s].[RoomID], [s].[ShowtimeCode], [s].[StartTime], [s].[Status]
FROM [Showtimes] AS [s]
WHERE [s].[Status] IN (N'Đã lên lịch', N'Sap chieu') AND CONVERT(date, [s].[StartTime]) <= @__maxSellingDate_0 AND [s].[StartTime] > @__now_1
2026-05-27 21:22:15.072 +07:00 [INF] Executed DbCommand (4ms) [Parameters=[@__now_0='?' (DbType = DateTime2)], CommandType='"Text"', CommandTimeout='30']
SELECT [s].[ShowtimeID], [s].[EndTime], [s].[MovieID], [s].[RoomID], [s].[ShowtimeCode], [s].[StartTime], [s].[Status]
FROM [Showtimes] AS [s]
WHERE [s].[Status] IN (N'Đã lên lịch', N'Đang mở bán', N'Sap chieu') AND [s].[StartTime] <= @__now_0 AND [s].[EndTime] > @__now_0
2026-05-27 21:22:15.075 +07:00 [INF] Executed DbCommand (3ms) [Parameters=[@__now_0='?' (DbType = DateTime2)], CommandType='"Text"', CommandTimeout='30']
SELECT [s].[ShowtimeID], [s].[EndTime], [s].[MovieID], [s].[RoomID], [s].[ShowtimeCode], [s].[StartTime], [s].[Status]
FROM [Showtimes] AS [s]
WHERE [s].[Status] IN (N'Đã lên lịch', N'Đang mở bán', N'Đang chiếu', N'Sap chieu', N'Dang dien ra') AND [s].[EndTime] <= @__now_0
2026-05-27 21:22:15.078 +07:00 [INF] Executed DbCommand (2ms) [Parameters=[@__today_0='?' (DbType = Date)], CommandType='"Text"', CommandTimeout='30']
SELECT [m].[MovieID], [m].[Actors], [m].[Description], [m].[Director], [m].[Duration], [m].[Genre], [m].[MovieCode], [m].[Poster], [m].[ReleaseDate], [m].[Status], [m].[Title], [m].[Trailer]
FROM [Movies] AS [m]
WHERE [m].[Status] = N'Sap chieu' AND [m].[ReleaseDate] <= @__today_0
2026-05-27 21:23:15.091 +07:00 [INF] Executed DbCommand (5ms) [Parameters=[], CommandType='"Text"', CommandTimeout='30']
SELECT [o].[OrderID], [o].[CheckInTime], [o].[FinalAmount], [o].[HoldExpiryTime], [o].[OrderCode], [o].[PayOSTransID], [o].[PromoID], [o].[QrCode], [o].[ShowtimeID], [o].[Status], [o].[TotalAmount], [o].[UserID]
FROM [Orders] AS [o]
WHERE [o].[Status] = N'Chờ thanh toán' AND [o].[HoldExpiryTime] <= GETDATE()
2026-05-27 21:23:15.097 +07:00 [INF] Executed DbCommand (4ms) [Parameters=[@__maxSellingDate_0='?' (DbType = DateTime2), @__now_1='?' (DbType = DateTime2)], CommandType='"Text"', CommandTimeout='30']
SELECT [s].[ShowtimeID], [s].[EndTime], [s].[MovieID], [s].[RoomID], [s].[ShowtimeCode], [s].[StartTime], [s].[Status]
FROM [Showtimes] AS [s]
WHERE [s].[Status] IN (N'Đã lên lịch', N'Sap chieu') AND CONVERT(date, [s].[StartTime]) <= @__maxSellingDate_0 AND [s].[StartTime] > @__now_1
2026-05-27 21:23:15.101 +07:00 [INF] Executed DbCommand (3ms) [Parameters=[@__now_0='?' (DbType = DateTime2)], CommandType='"Text"', CommandTimeout='30']
SELECT [s].[ShowtimeID], [s].[EndTime], [s].[MovieID], [s].[RoomID], [s].[ShowtimeCode], [s].[StartTime], [s].[Status]
FROM [Showtimes] AS [s]
WHERE [s].[Status] IN (N'Đã lên lịch', N'Đang mở bán', N'Sap chieu') AND [s].[StartTime] <= @__now_0 AND [s].[EndTime] > @__now_0
2026-05-27 21:23:15.106 +07:00 [INF] Executed DbCommand (4ms) [Parameters=[@__now_0='?' (DbType = DateTime2)], CommandType='"Text"', CommandTimeout='30']
SELECT [s].[ShowtimeID], [s].[EndTime], [s].[MovieID], [s].[RoomID], [s].[ShowtimeCode], [s].[StartTime], [s].[Status]
FROM [Showtimes] AS [s]
WHERE [s].[Status] IN (N'Đã lên lịch', N'Đang mở bán', N'Đang chiếu', N'Sap chieu', N'Dang dien ra') AND [s].[EndTime] <= @__now_0
2026-05-27 21:23:15.112 +07:00 [INF] Executed DbCommand (4ms) [Parameters=[@__today_0='?' (DbType = Date)], CommandType='"Text"', CommandTimeout='30']
SELECT [m].[MovieID], [m].[Actors], [m].[Description], [m].[Director], [m].[Duration], [m].[Genre], [m].[MovieCode], [m].[Poster], [m].[ReleaseDate], [m].[Status], [m].[Title], [m].[Trailer]
FROM [Movies] AS [m]
WHERE [m].[Status] = N'Sap chieu' AND [m].[ReleaseDate] <= @__today_0
2026-05-27 21:24:15.126 +07:00 [INF] Executed DbCommand (3ms) [Parameters=[], CommandType='"Text"', CommandTimeout='30']
SELECT [o].[OrderID], [o].[CheckInTime], [o].[FinalAmount], [o].[HoldExpiryTime], [o].[OrderCode], [o].[PayOSTransID], [o].[PromoID], [o].[QrCode], [o].[ShowtimeID], [o].[Status], [o].[TotalAmount], [o].[UserID]
FROM [Orders] AS [o]
WHERE [o].[Status] = N'Chờ thanh toán' AND [o].[HoldExpiryTime] <= GETDATE()
2026-05-27 21:24:15.129 +07:00 [INF] Executed DbCommand (2ms) [Parameters=[@__maxSellingDate_0='?' (DbType = DateTime2), @__now_1='?' (DbType = DateTime2)], CommandType='"Text"', CommandTimeout='30']
SELECT [s].[ShowtimeID], [s].[EndTime], [s].[MovieID], [s].[RoomID], [s].[ShowtimeCode], [s].[StartTime], [s].[Status]
FROM [Showtimes] AS [s]
WHERE [s].[Status] IN (N'Đã lên lịch', N'Sap chieu') AND CONVERT(date, [s].[StartTime]) <= @__maxSellingDate_0 AND [s].[StartTime] > @__now_1
2026-05-27 21:24:15.132 +07:00 [INF] Executed DbCommand (2ms) [Parameters=[@__now_0='?' (DbType = DateTime2)], CommandType='"Text"', CommandTimeout='30']
SELECT [s].[ShowtimeID], [s].[EndTime], [s].[MovieID], [s].[RoomID], [s].[ShowtimeCode], [s].[StartTime], [s].[Status]
FROM [Showtimes] AS [s]
WHERE [s].[Status] IN (N'Đã lên lịch', N'Đang mở bán', N'Sap chieu') AND [s].[StartTime] <= @__now_0 AND [s].[EndTime] > @__now_0
2026-05-27 21:24:15.134 +07:00 [INF] Executed DbCommand (2ms) [Parameters=[@__now_0='?' (DbType = DateTime2)], CommandType='"Text"', CommandTimeout='30']
SELECT [s].[ShowtimeID], [s].[EndTime], [s].[MovieID], [s].[RoomID], [s].[ShowtimeCode], [s].[StartTime], [s].[Status]
FROM [Showtimes] AS [s]
WHERE [s].[Status] IN (N'Đã lên lịch', N'Đang mở bán', N'Đang chiếu', N'Sap chieu', N'Dang dien ra') AND [s].[EndTime] <= @__now_0
2026-05-27 21:24:15.136 +07:00 [INF] Executed DbCommand (2ms) [Parameters=[@__today_0='?' (DbType = Date)], CommandType='"Text"', CommandTimeout='30']
SELECT [m].[MovieID], [m].[Actors], [m].[Description], [m].[Director], [m].[Duration], [m].[Genre], [m].[MovieCode], [m].[Poster], [m].[ReleaseDate], [m].[Status], [m].[Title], [m].[Trailer]
FROM [Movies] AS [m]
WHERE [m].[Status] = N'Sap chieu' AND [m].[ReleaseDate] <= @__today_0
2026-05-27 21:25:15.156 +07:00 [INF] Executed DbCommand (5ms) [Parameters=[], CommandType='"Text"', CommandTimeout='30']
SELECT [o].[OrderID], [o].[CheckInTime], [o].[FinalAmount], [o].[HoldExpiryTime], [o].[OrderCode], [o].[PayOSTransID], [o].[PromoID], [o].[QrCode], [o].[ShowtimeID], [o].[Status], [o].[TotalAmount], [o].[UserID]
FROM [Orders] AS [o]
WHERE [o].[Status] = N'Chờ thanh toán' AND [o].[HoldExpiryTime] <= GETDATE()
2026-05-27 21:25:15.162 +07:00 [INF] Executed DbCommand (5ms) [Parameters=[@__maxSellingDate_0='?' (DbType = DateTime2), @__now_1='?' (DbType = DateTime2)], CommandType='"Text"', CommandTimeout='30']
SELECT [s].[ShowtimeID], [s].[EndTime], [s].[MovieID], [s].[RoomID], [s].[ShowtimeCode], [s].[StartTime], [s].[Status]
FROM [Showtimes] AS [s]
WHERE [s].[Status] IN (N'Đã lên lịch', N'Sap chieu') AND CONVERT(date, [s].[StartTime]) <= @__maxSellingDate_0 AND [s].[StartTime] > @__now_1
2026-05-27 21:25:15.166 +07:00 [INF] Executed DbCommand (4ms) [Parameters=[@__now_0='?' (DbType = DateTime2)], CommandType='"Text"', CommandTimeout='30']
SELECT [s].[ShowtimeID], [s].[EndTime], [s].[MovieID], [s].[RoomID], [s].[ShowtimeCode], [s].[StartTime], [s].[Status]
FROM [Showtimes] AS [s]
WHERE [s].[Status] IN (N'Đã lên lịch', N'Đang mở bán', N'Sap chieu') AND [s].[StartTime] <= @__now_0 AND [s].[EndTime] > @__now_0
2026-05-27 21:25:15.169 +07:00 [INF] Executed DbCommand (2ms) [Parameters=[@__now_0='?' (DbType = DateTime2)], CommandType='"Text"', CommandTimeout='30']
SELECT [s].[ShowtimeID], [s].[EndTime], [s].[MovieID], [s].[RoomID], [s].[ShowtimeCode], [s].[StartTime], [s].[Status]
FROM [Showtimes] AS [s]
WHERE [s].[Status] IN (N'Đã lên lịch', N'Đang mở bán', N'Đang chiếu', N'Sap chieu', N'Dang dien ra') AND [s].[EndTime] <= @__now_0
2026-05-27 21:25:15.173 +07:00 [INF] Executed DbCommand (2ms) [Parameters=[@__today_0='?' (DbType = Date)], CommandType='"Text"', CommandTimeout='30']
SELECT [m].[MovieID], [m].[Actors], [m].[Description], [m].[Director], [m].[Duration], [m].[Genre], [m].[MovieCode], [m].[Poster], [m].[ReleaseDate], [m].[Status], [m].[Title], [m].[Trailer]
FROM [Movies] AS [m]
WHERE [m].[Status] = N'Sap chieu' AND [m].[ReleaseDate] <= @__today_0
2026-05-27 21:26:15.192 +07:00 [INF] Executed DbCommand (5ms) [Parameters=[], CommandType='"Text"', CommandTimeout='30']
SELECT [o].[OrderID], [o].[CheckInTime], [o].[FinalAmount], [o].[HoldExpiryTime], [o].[OrderCode], [o].[PayOSTransID], [o].[PromoID], [o].[QrCode], [o].[ShowtimeID], [o].[Status], [o].[TotalAmount], [o].[UserID]
FROM [Orders] AS [o]
WHERE [o].[Status] = N'Chờ thanh toán' AND [o].[HoldExpiryTime] <= GETDATE()
2026-05-27 21:26:15.197 +07:00 [INF] Executed DbCommand (4ms) [Parameters=[@__maxSellingDate_0='?' (DbType = DateTime2), @__now_1='?' (DbType = DateTime2)], CommandType='"Text"', CommandTimeout='30']
SELECT [s].[ShowtimeID], [s].[EndTime], [s].[MovieID], [s].[RoomID], [s].[ShowtimeCode], [s].[StartTime], [s].[Status]
FROM [Showtimes] AS [s]
WHERE [s].[Status] IN (N'Đã lên lịch', N'Sap chieu') AND CONVERT(date, [s].[StartTime]) <= @__maxSellingDate_0 AND [s].[StartTime] > @__now_1
2026-05-27 21:26:15.200 +07:00 [INF] Executed DbCommand (2ms) [Parameters=[@__now_0='?' (DbType = DateTime2)], CommandType='"Text"', CommandTimeout='30']
SELECT [s].[ShowtimeID], [s].[EndTime], [s].[MovieID], [s].[RoomID], [s].[ShowtimeCode], [s].[StartTime], [s].[Status]
FROM [Showtimes] AS [s]
WHERE [s].[Status] IN (N'Đã lên lịch', N'Đang mở bán', N'Sap chieu') AND [s].[StartTime] <= @__now_0 AND [s].[EndTime] > @__now_0
2026-05-27 21:26:15.202 +07:00 [INF] Executed DbCommand (2ms) [Parameters=[@__now_0='?' (DbType = DateTime2)], CommandType='"Text"', CommandTimeout='30']
SELECT [s].[ShowtimeID], [s].[EndTime], [s].[MovieID], [s].[RoomID], [s].[ShowtimeCode], [s].[StartTime], [s].[Status]
FROM [Showtimes] AS [s]
WHERE [s].[Status] IN (N'Đã lên lịch', N'Đang mở bán', N'Đang chiếu', N'Sap chieu', N'Dang dien ra') AND [s].[EndTime] <= @__now_0
2026-05-27 21:26:15.205 +07:00 [INF] Executed DbCommand (2ms) [Parameters=[@__today_0='?' (DbType = Date)], CommandType='"Text"', CommandTimeout='30']
SELECT [m].[MovieID], [m].[Actors], [m].[Description], [m].[Director], [m].[Duration], [m].[Genre], [m].[MovieCode], [m].[Poster], [m].[ReleaseDate], [m].[Status], [m].[Title], [m].[Trailer]
FROM [Movies] AS [m]
WHERE [m].[Status] = N'Sap chieu' AND [m].[ReleaseDate] <= @__today_0
2026-05-27 21:27:15.225 +07:00 [INF] Executed DbCommand (5ms) [Parameters=[], CommandType='"Text"', CommandTimeout='30']
SELECT [o].[OrderID], [o].[CheckInTime], [o].[FinalAmount], [o].[HoldExpiryTime], [o].[OrderCode], [o].[PayOSTransID], [o].[PromoID], [o].[QrCode], [o].[ShowtimeID], [o].[Status], [o].[TotalAmount], [o].[UserID]
FROM [Orders] AS [o]
WHERE [o].[Status] = N'Chờ thanh toán' AND [o].[HoldExpiryTime] <= GETDATE()
2026-05-27 21:27:15.231 +07:00 [INF] Executed DbCommand (4ms) [Parameters=[@__maxSellingDate_0='?' (DbType = DateTime2), @__now_1='?' (DbType = DateTime2)], CommandType='"Text"', CommandTimeout='30']
SELECT [s].[ShowtimeID], [s].[EndTime], [s].[MovieID], [s].[RoomID], [s].[ShowtimeCode], [s].[StartTime], [s].[Status]
FROM [Showtimes] AS [s]
WHERE [s].[Status] IN (N'Đã lên lịch', N'Sap chieu') AND CONVERT(date, [s].[StartTime]) <= @__maxSellingDate_0 AND [s].[StartTime] > @__now_1
2026-05-27 21:27:15.236 +07:00 [INF] Executed DbCommand (4ms) [Parameters=[@__now_0='?' (DbType = DateTime2)], CommandType='"Text"', CommandTimeout='30']
SELECT [s].[ShowtimeID], [s].[EndTime], [s].[MovieID], [s].[RoomID], [s].[ShowtimeCode], [s].[StartTime], [s].[Status]
FROM [Showtimes] AS [s]
WHERE [s].[Status] IN (N'Đã lên lịch', N'Đang mở bán', N'Sap chieu') AND [s].[StartTime] <= @__now_0 AND [s].[EndTime] > @__now_0
2026-05-27 21:27:15.239 +07:00 [INF] Executed DbCommand (3ms) [Parameters=[@__now_0='?' (DbType = DateTime2)], CommandType='"Text"', CommandTimeout='30']
SELECT [s].[ShowtimeID], [s].[EndTime], [s].[MovieID], [s].[RoomID], [s].[ShowtimeCode], [s].[StartTime], [s].[Status]
FROM [Showtimes] AS [s]
WHERE [s].[Status] IN (N'Đã lên lịch', N'Đang mở bán', N'Đang chiếu', N'Sap chieu', N'Dang dien ra') AND [s].[EndTime] <= @__now_0
2026-05-27 21:27:15.243 +07:00 [INF] Executed DbCommand (3ms) [Parameters=[@__today_0='?' (DbType = Date)], CommandType='"Text"', CommandTimeout='30']
SELECT [m].[MovieID], [m].[Actors], [m].[Description], [m].[Director], [m].[Duration], [m].[Genre], [m].[MovieCode], [m].[Poster], [m].[ReleaseDate], [m].[Status], [m].[Title], [m].[Trailer]
FROM [Movies] AS [m]
WHERE [m].[Status] = N'Sap chieu' AND [m].[ReleaseDate] <= @__today_0
2026-05-27 21:28:15.265 +07:00 [INF] Executed DbCommand (3ms) [Parameters=[], CommandType='"Text"', CommandTimeout='30']
SELECT [o].[OrderID], [o].[CheckInTime], [o].[FinalAmount], [o].[HoldExpiryTime], [o].[OrderCode], [o].[PayOSTransID], [o].[PromoID], [o].[QrCode], [o].[ShowtimeID], [o].[Status], [o].[TotalAmount], [o].[UserID]
FROM [Orders] AS [o]
WHERE [o].[Status] = N'Chờ thanh toán' AND [o].[HoldExpiryTime] <= GETDATE()
2026-05-27 21:28:15.273 +07:00 [INF] Executed DbCommand (5ms) [Parameters=[@__maxSellingDate_0='?' (DbType = DateTime2), @__now_1='?' (DbType = DateTime2)], CommandType='"Text"', CommandTimeout='30']
SELECT [s].[ShowtimeID], [s].[EndTime], [s].[MovieID], [s].[RoomID], [s].[ShowtimeCode], [s].[StartTime], [s].[Status]
FROM [Showtimes] AS [s]
WHERE [s].[Status] IN (N'Đã lên lịch', N'Sap chieu') AND CONVERT(date, [s].[StartTime]) <= @__maxSellingDate_0 AND [s].[StartTime] > @__now_1
2026-05-27 21:28:15.277 +07:00 [INF] Executed DbCommand (3ms) [Parameters=[@__now_0='?' (DbType = DateTime2)], CommandType='"Text"', CommandTimeout='30']
SELECT [s].[ShowtimeID], [s].[EndTime], [s].[MovieID], [s].[RoomID], [s].[ShowtimeCode], [s].[StartTime], [s].[Status]
FROM [Showtimes] AS [s]
WHERE [s].[Status] IN (N'Đã lên lịch', N'Đang mở bán', N'Sap chieu') AND [s].[StartTime] <= @__now_0 AND [s].[EndTime] > @__now_0
2026-05-27 21:28:15.282 +07:00 [INF] Executed DbCommand (4ms) [Parameters=[@__now_0='?' (DbType = DateTime2)], CommandType='"Text"', CommandTimeout='30']
SELECT [s].[ShowtimeID], [s].[EndTime], [s].[MovieID], [s].[RoomID], [s].[ShowtimeCode], [s].[StartTime], [s].[Status]
FROM [Showtimes] AS [s]
WHERE [s].[Status] IN (N'Đã lên lịch', N'Đang mở bán', N'Đang chiếu', N'Sap chieu', N'Dang dien ra') AND [s].[EndTime] <= @__now_0
2026-05-27 21:28:15.287 +07:00 [INF] Executed DbCommand (4ms) [Parameters=[@__today_0='?' (DbType = Date)], CommandType='"Text"', CommandTimeout='30']
SELECT [m].[MovieID], [m].[Actors], [m].[Description], [m].[Director], [m].[Duration], [m].[Genre], [m].[MovieCode], [m].[Poster], [m].[ReleaseDate], [m].[Status], [m].[Title], [m].[Trailer]
FROM [Movies] AS [m]
WHERE [m].[Status] = N'Sap chieu' AND [m].[ReleaseDate] <= @__today_0
2026-05-27 21:29:15.309 +07:00 [INF] Executed DbCommand (4ms) [Parameters=[], CommandType='"Text"', CommandTimeout='30']
SELECT [o].[OrderID], [o].[CheckInTime], [o].[FinalAmount], [o].[HoldExpiryTime], [o].[OrderCode], [o].[PayOSTransID], [o].[PromoID], [o].[QrCode], [o].[ShowtimeID], [o].[Status], [o].[TotalAmount], [o].[UserID]
FROM [Orders] AS [o]
WHERE [o].[Status] = N'Chờ thanh toán' AND [o].[HoldExpiryTime] <= GETDATE()
2026-05-27 21:29:15.315 +07:00 [INF] Executed DbCommand (5ms) [Parameters=[@__maxSellingDate_0='?' (DbType = DateTime2), @__now_1='?' (DbType = DateTime2)], CommandType='"Text"', CommandTimeout='30']
SELECT [s].[ShowtimeID], [s].[EndTime], [s].[MovieID], [s].[RoomID], [s].[ShowtimeCode], [s].[StartTime], [s].[Status]
FROM [Showtimes] AS [s]
WHERE [s].[Status] IN (N'Đã lên lịch', N'Sap chieu') AND CONVERT(date, [s].[StartTime]) <= @__maxSellingDate_0 AND [s].[StartTime] > @__now_1
2026-05-27 21:29:15.317 +07:00 [INF] Executed DbCommand (1ms) [Parameters=[@__now_0='?' (DbType = DateTime2)], CommandType='"Text"', CommandTimeout='30']
SELECT [s].[ShowtimeID], [s].[EndTime], [s].[MovieID], [s].[RoomID], [s].[ShowtimeCode], [s].[StartTime], [s].[Status]
FROM [Showtimes] AS [s]
WHERE [s].[Status] IN (N'Đã lên lịch', N'Đang mở bán', N'Sap chieu') AND [s].[StartTime] <= @__now_0 AND [s].[EndTime] > @__now_0
2026-05-27 21:29:15.321 +07:00 [INF] Executed DbCommand (2ms) [Parameters=[@__now_0='?' (DbType = DateTime2)], CommandType='"Text"', CommandTimeout='30']
SELECT [s].[ShowtimeID], [s].[EndTime], [s].[MovieID], [s].[RoomID], [s].[ShowtimeCode], [s].[StartTime], [s].[Status]
FROM [Showtimes] AS [s]
WHERE [s].[Status] IN (N'Đã lên lịch', N'Đang mở bán', N'Đang chiếu', N'Sap chieu', N'Dang dien ra') AND [s].[EndTime] <= @__now_0
2026-05-27 21:29:15.325 +07:00 [INF] Executed DbCommand (3ms) [Parameters=[@__today_0='?' (DbType = Date)], CommandType='"Text"', CommandTimeout='30']
SELECT [m].[MovieID], [m].[Actors], [m].[Description], [m].[Director], [m].[Duration], [m].[Genre], [m].[MovieCode], [m].[Poster], [m].[ReleaseDate], [m].[Status], [m].[Title], [m].[Trailer]
FROM [Movies] AS [m]
WHERE [m].[Status] = N'Sap chieu' AND [m].[ReleaseDate] <= @__today_0
2026-05-27 21:30:15.346 +07:00 [INF] Executed DbCommand (6ms) [Parameters=[], CommandType='"Text"', CommandTimeout='30']
SELECT [o].[OrderID], [o].[CheckInTime], [o].[FinalAmount], [o].[HoldExpiryTime], [o].[OrderCode], [o].[PayOSTransID], [o].[PromoID], [o].[QrCode], [o].[ShowtimeID], [o].[Status], [o].[TotalAmount], [o].[UserID]
FROM [Orders] AS [o]
WHERE [o].[Status] = N'Chờ thanh toán' AND [o].[HoldExpiryTime] <= GETDATE()
2026-05-27 21:30:15.353 +07:00 [INF] Executed DbCommand (5ms) [Parameters=[@__maxSellingDate_0='?' (DbType = DateTime2), @__now_1='?' (DbType = DateTime2)], CommandType='"Text"', CommandTimeout='30']
SELECT [s].[ShowtimeID], [s].[EndTime], [s].[MovieID], [s].[RoomID], [s].[ShowtimeCode], [s].[StartTime], [s].[Status]
FROM [Showtimes] AS [s]
WHERE [s].[Status] IN (N'Đã lên lịch', N'Sap chieu') AND CONVERT(date, [s].[StartTime]) <= @__maxSellingDate_0 AND [s].[StartTime] > @__now_1
2026-05-27 21:30:15.357 +07:00 [INF] Executed DbCommand (4ms) [Parameters=[@__now_0='?' (DbType = DateTime2)], CommandType='"Text"', CommandTimeout='30']
SELECT [s].[ShowtimeID], [s].[EndTime], [s].[MovieID], [s].[RoomID], [s].[ShowtimeCode], [s].[StartTime], [s].[Status]
FROM [Showtimes] AS [s]
WHERE [s].[Status] IN (N'Đã lên lịch', N'Đang mở bán', N'Sap chieu') AND [s].[StartTime] <= @__now_0 AND [s].[EndTime] > @__now_0
2026-05-27 21:30:15.363 +07:00 [INF] Executed DbCommand (5ms) [Parameters=[@__now_0='?' (DbType = DateTime2)], CommandType='"Text"', CommandTimeout='30']
SELECT [s].[ShowtimeID], [s].[EndTime], [s].[MovieID], [s].[RoomID], [s].[ShowtimeCode], [s].[StartTime], [s].[Status]
FROM [Showtimes] AS [s]
WHERE [s].[Status] IN (N'Đã lên lịch', N'Đang mở bán', N'Đang chiếu', N'Sap chieu', N'Dang dien ra') AND [s].[EndTime] <= @__now_0
2026-05-27 21:30:15.368 +07:00 [INF] Executed DbCommand (3ms) [Parameters=[@__today_0='?' (DbType = Date)], CommandType='"Text"', CommandTimeout='30']
SELECT [m].[MovieID], [m].[Actors], [m].[Description], [m].[Director], [m].[Duration], [m].[Genre], [m].[MovieCode], [m].[Poster], [m].[ReleaseDate], [m].[Status], [m].[Title], [m].[Trailer]
FROM [Movies] AS [m]
WHERE [m].[Status] = N'Sap chieu' AND [m].[ReleaseDate] <= @__today_0
2026-05-27 21:31:15.377 +07:00 [INF] Executed DbCommand (6ms) [Parameters=[], CommandType='"Text"', CommandTimeout='30']
SELECT [o].[OrderID], [o].[CheckInTime], [o].[FinalAmount], [o].[HoldExpiryTime], [o].[OrderCode], [o].[PayOSTransID], [o].[PromoID], [o].[QrCode], [o].[ShowtimeID], [o].[Status], [o].[TotalAmount], [o].[UserID]
FROM [Orders] AS [o]
WHERE [o].[Status] = N'Chờ thanh toán' AND [o].[HoldExpiryTime] <= GETDATE()
2026-05-27 21:31:15.384 +07:00 [INF] Executed DbCommand (5ms) [Parameters=[@__maxSellingDate_0='?' (DbType = DateTime2), @__now_1='?' (DbType = DateTime2)], CommandType='"Text"', CommandTimeout='30']
SELECT [s].[ShowtimeID], [s].[EndTime], [s].[MovieID], [s].[RoomID], [s].[ShowtimeCode], [s].[StartTime], [s].[Status]
FROM [Showtimes] AS [s]
WHERE [s].[Status] IN (N'Đã lên lịch', N'Sap chieu') AND CONVERT(date, [s].[StartTime]) <= @__maxSellingDate_0 AND [s].[StartTime] > @__now_1
2026-05-27 21:31:15.388 +07:00 [INF] Executed DbCommand (3ms) [Parameters=[@__now_0='?' (DbType = DateTime2)], CommandType='"Text"', CommandTimeout='30']
SELECT [s].[ShowtimeID], [s].[EndTime], [s].[MovieID], [s].[RoomID], [s].[ShowtimeCode], [s].[StartTime], [s].[Status]
FROM [Showtimes] AS [s]
WHERE [s].[Status] IN (N'Đã lên lịch', N'Đang mở bán', N'Sap chieu') AND [s].[StartTime] <= @__now_0 AND [s].[EndTime] > @__now_0
2026-05-27 21:31:15.392 +07:00 [INF] Executed DbCommand (4ms) [Parameters=[@__now_0='?' (DbType = DateTime2)], CommandType='"Text"', CommandTimeout='30']
SELECT [s].[ShowtimeID], [s].[EndTime], [s].[MovieID], [s].[RoomID], [s].[ShowtimeCode], [s].[StartTime], [s].[Status]
FROM [Showtimes] AS [s]
WHERE [s].[Status] IN (N'Đã lên lịch', N'Đang mở bán', N'Đang chiếu', N'Sap chieu', N'Dang dien ra') AND [s].[EndTime] <= @__now_0
2026-05-27 21:31:15.397 +07:00 [INF] Executed DbCommand (4ms) [Parameters=[@__today_0='?' (DbType = Date)], CommandType='"Text"', CommandTimeout='30']
SELECT [m].[MovieID], [m].[Actors], [m].[Description], [m].[Director], [m].[Duration], [m].[Genre], [m].[MovieCode], [m].[Poster], [m].[ReleaseDate], [m].[Status], [m].[Title], [m].[Trailer]
FROM [Movies] AS [m]
WHERE [m].[Status] = N'Sap chieu' AND [m].[ReleaseDate] <= @__today_0
2026-05-27 21:32:15.415 +07:00 [INF] Executed DbCommand (5ms) [Parameters=[], CommandType='"Text"', CommandTimeout='30']
SELECT [o].[OrderID], [o].[CheckInTime], [o].[FinalAmount], [o].[HoldExpiryTime], [o].[OrderCode], [o].[PayOSTransID], [o].[PromoID], [o].[QrCode], [o].[ShowtimeID], [o].[Status], [o].[TotalAmount], [o].[UserID]
FROM [Orders] AS [o]
WHERE [o].[Status] = N'Chờ thanh toán' AND [o].[HoldExpiryTime] <= GETDATE()
2026-05-27 21:32:15.422 +07:00 [INF] Executed DbCommand (6ms) [Parameters=[@__maxSellingDate_0='?' (DbType = DateTime2), @__now_1='?' (DbType = DateTime2)], CommandType='"Text"', CommandTimeout='30']
SELECT [s].[ShowtimeID], [s].[EndTime], [s].[MovieID], [s].[RoomID], [s].[ShowtimeCode], [s].[StartTime], [s].[Status]
FROM [Showtimes] AS [s]
WHERE [s].[Status] IN (N'Đã lên lịch', N'Sap chieu') AND CONVERT(date, [s].[StartTime]) <= @__maxSellingDate_0 AND [s].[StartTime] > @__now_1
2026-05-27 21:32:15.427 +07:00 [INF] Executed DbCommand (4ms) [Parameters=[@__now_0='?' (DbType = DateTime2)], CommandType='"Text"', CommandTimeout='30']
SELECT [s].[ShowtimeID], [s].[EndTime], [s].[MovieID], [s].[RoomID], [s].[ShowtimeCode], [s].[StartTime], [s].[Status]
FROM [Showtimes] AS [s]
WHERE [s].[Status] IN (N'Đã lên lịch', N'Đang mở bán', N'Sap chieu') AND [s].[StartTime] <= @__now_0 AND [s].[EndTime] > @__now_0
2026-05-27 21:32:15.432 +07:00 [INF] Executed DbCommand (4ms) [Parameters=[@__now_0='?' (DbType = DateTime2)], CommandType='"Text"', CommandTimeout='30']
SELECT [s].[ShowtimeID], [s].[EndTime], [s].[MovieID], [s].[RoomID], [s].[ShowtimeCode], [s].[StartTime], [s].[Status]
FROM [Showtimes] AS [s]
WHERE [s].[Status] IN (N'Đã lên lịch', N'Đang mở bán', N'Đang chiếu', N'Sap chieu', N'Dang dien ra') AND [s].[EndTime] <= @__now_0
2026-05-27 21:32:15.435 +07:00 [INF] Executed DbCommand (3ms) [Parameters=[@__today_0='?' (DbType = Date)], CommandType='"Text"', CommandTimeout='30']
SELECT [m].[MovieID], [m].[Actors], [m].[Description], [m].[Director], [m].[Duration], [m].[Genre], [m].[MovieCode], [m].[Poster], [m].[ReleaseDate], [m].[Status], [m].[Title], [m].[Trailer]
FROM [Movies] AS [m]
WHERE [m].[Status] = N'Sap chieu' AND [m].[ReleaseDate] <= @__today_0
2026-05-27 21:33:15.451 +07:00 [INF] Executed DbCommand (2ms) [Parameters=[], CommandType='"Text"', CommandTimeout='30']
SELECT [o].[OrderID], [o].[CheckInTime], [o].[FinalAmount], [o].[HoldExpiryTime], [o].[OrderCode], [o].[PayOSTransID], [o].[PromoID], [o].[QrCode], [o].[ShowtimeID], [o].[Status], [o].[TotalAmount], [o].[UserID]
FROM [Orders] AS [o]
WHERE [o].[Status] = N'Chờ thanh toán' AND [o].[HoldExpiryTime] <= GETDATE()
2026-05-27 21:33:15.457 +07:00 [INF] Executed DbCommand (4ms) [Parameters=[@__maxSellingDate_0='?' (DbType = DateTime2), @__now_1='?' (DbType = DateTime2)], CommandType='"Text"', CommandTimeout='30']
SELECT [s].[ShowtimeID], [s].[EndTime], [s].[MovieID], [s].[RoomID], [s].[ShowtimeCode], [s].[StartTime], [s].[Status]
FROM [Showtimes] AS [s]
WHERE [s].[Status] IN (N'Đã lên lịch', N'Sap chieu') AND CONVERT(date, [s].[StartTime]) <= @__maxSellingDate_0 AND [s].[StartTime] > @__now_1
2026-05-27 21:33:15.460 +07:00 [INF] Executed DbCommand (2ms) [Parameters=[@__now_0='?' (DbType = DateTime2)], CommandType='"Text"', CommandTimeout='30']
SELECT [s].[ShowtimeID], [s].[EndTime], [s].[MovieID], [s].[RoomID], [s].[ShowtimeCode], [s].[StartTime], [s].[Status]
FROM [Showtimes] AS [s]
WHERE [s].[Status] IN (N'Đã lên lịch', N'Đang mở bán', N'Sap chieu') AND [s].[StartTime] <= @__now_0 AND [s].[EndTime] > @__now_0
2026-05-27 21:33:15.462 +07:00 [INF] Executed DbCommand (2ms) [Parameters=[@__now_0='?' (DbType = DateTime2)], CommandType='"Text"', CommandTimeout='30']
SELECT [s].[ShowtimeID], [s].[EndTime], [s].[MovieID], [s].[RoomID], [s].[ShowtimeCode], [s].[StartTime], [s].[Status]
FROM [Showtimes] AS [s]
WHERE [s].[Status] IN (N'Đã lên lịch', N'Đang mở bán', N'Đang chiếu', N'Sap chieu', N'Dang dien ra') AND [s].[EndTime] <= @__now_0
2026-05-27 21:33:15.468 +07:00 [INF] Executed DbCommand (4ms) [Parameters=[@__today_0='?' (DbType = Date)], CommandType='"Text"', CommandTimeout='30']
SELECT [m].[MovieID], [m].[Actors], [m].[Description], [m].[Director], [m].[Duration], [m].[Genre], [m].[MovieCode], [m].[Poster], [m].[ReleaseDate], [m].[Status], [m].[Title], [m].[Trailer]
FROM [Movies] AS [m]
WHERE [m].[Status] = N'Sap chieu' AND [m].[ReleaseDate] <= @__today_0
2026-05-27 21:34:15.487 +07:00 [INF] Executed DbCommand (6ms) [Parameters=[], CommandType='"Text"', CommandTimeout='30']
SELECT [o].[OrderID], [o].[CheckInTime], [o].[FinalAmount], [o].[HoldExpiryTime], [o].[OrderCode], [o].[PayOSTransID], [o].[PromoID], [o].[QrCode], [o].[ShowtimeID], [o].[Status], [o].[TotalAmount], [o].[UserID]
FROM [Orders] AS [o]
WHERE [o].[Status] = N'Chờ thanh toán' AND [o].[HoldExpiryTime] <= GETDATE()
2026-05-27 21:34:15.493 +07:00 [INF] Executed DbCommand (5ms) [Parameters=[@__maxSellingDate_0='?' (DbType = DateTime2), @__now_1='?' (DbType = DateTime2)], CommandType='"Text"', CommandTimeout='30']
SELECT [s].[ShowtimeID], [s].[EndTime], [s].[MovieID], [s].[RoomID], [s].[ShowtimeCode], [s].[StartTime], [s].[Status]
FROM [Showtimes] AS [s]
WHERE [s].[Status] IN (N'Đã lên lịch', N'Sap chieu') AND CONVERT(date, [s].[StartTime]) <= @__maxSellingDate_0 AND [s].[StartTime] > @__now_1
2026-05-27 21:34:15.496 +07:00 [INF] Executed DbCommand (3ms) [Parameters=[@__now_0='?' (DbType = DateTime2)], CommandType='"Text"', CommandTimeout='30']
SELECT [s].[ShowtimeID], [s].[EndTime], [s].[MovieID], [s].[RoomID], [s].[ShowtimeCode], [s].[StartTime], [s].[Status]
FROM [Showtimes] AS [s]
WHERE [s].[Status] IN (N'Đã lên lịch', N'Đang mở bán', N'Sap chieu') AND [s].[StartTime] <= @__now_0 AND [s].[EndTime] > @__now_0
2026-05-27 21:34:15.500 +07:00 [INF] Executed DbCommand (3ms) [Parameters=[@__now_0='?' (DbType = DateTime2)], CommandType='"Text"', CommandTimeout='30']
SELECT [s].[ShowtimeID], [s].[EndTime], [s].[MovieID], [s].[RoomID], [s].[ShowtimeCode], [s].[StartTime], [s].[Status]
FROM [Showtimes] AS [s]
WHERE [s].[Status] IN (N'Đã lên lịch', N'Đang mở bán', N'Đang chiếu', N'Sap chieu', N'Dang dien ra') AND [s].[EndTime] <= @__now_0
2026-05-27 21:34:15.506 +07:00 [INF] Executed DbCommand (4ms) [Parameters=[@__today_0='?' (DbType = Date)], CommandType='"Text"', CommandTimeout='30']
SELECT [m].[MovieID], [m].[Actors], [m].[Description], [m].[Director], [m].[Duration], [m].[Genre], [m].[MovieCode], [m].[Poster], [m].[ReleaseDate], [m].[Status], [m].[Title], [m].[Trailer]
FROM [Movies] AS [m]
WHERE [m].[Status] = N'Sap chieu' AND [m].[ReleaseDate] <= @__today_0
2026-05-27 21:35:15.525 +07:00 [INF] Executed DbCommand (5ms) [Parameters=[], CommandType='"Text"', CommandTimeout='30']
SELECT [o].[OrderID], [o].[CheckInTime], [o].[FinalAmount], [o].[HoldExpiryTime], [o].[OrderCode], [o].[PayOSTransID], [o].[PromoID], [o].[QrCode], [o].[ShowtimeID], [o].[Status], [o].[TotalAmount], [o].[UserID]
FROM [Orders] AS [o]
WHERE [o].[Status] = N'Chờ thanh toán' AND [o].[HoldExpiryTime] <= GETDATE()
2026-05-27 21:35:15.531 +07:00 [INF] Executed DbCommand (5ms) [Parameters=[@__maxSellingDate_0='?' (DbType = DateTime2), @__now_1='?' (DbType = DateTime2)], CommandType='"Text"', CommandTimeout='30']
SELECT [s].[ShowtimeID], [s].[EndTime], [s].[MovieID], [s].[RoomID], [s].[ShowtimeCode], [s].[StartTime], [s].[Status]
FROM [Showtimes] AS [s]
WHERE [s].[Status] IN (N'Đã lên lịch', N'Sap chieu') AND CONVERT(date, [s].[StartTime]) <= @__maxSellingDate_0 AND [s].[StartTime] > @__now_1
2026-05-27 21:35:15.535 +07:00 [INF] Executed DbCommand (3ms) [Parameters=[@__now_0='?' (DbType = DateTime2)], CommandType='"Text"', CommandTimeout='30']
SELECT [s].[ShowtimeID], [s].[EndTime], [s].[MovieID], [s].[RoomID], [s].[ShowtimeCode], [s].[StartTime], [s].[Status]
FROM [Showtimes] AS [s]
WHERE [s].[Status] IN (N'Đã lên lịch', N'Đang mở bán', N'Sap chieu') AND [s].[StartTime] <= @__now_0 AND [s].[EndTime] > @__now_0
2026-05-27 21:35:15.540 +07:00 [INF] Executed DbCommand (4ms) [Parameters=[@__now_0='?' (DbType = DateTime2)], CommandType='"Text"', CommandTimeout='30']
SELECT [s].[ShowtimeID], [s].[EndTime], [s].[MovieID], [s].[RoomID], [s].[ShowtimeCode], [s].[StartTime], [s].[Status]
FROM [Showtimes] AS [s]
WHERE [s].[Status] IN (N'Đã lên lịch', N'Đang mở bán', N'Đang chiếu', N'Sap chieu', N'Dang dien ra') AND [s].[EndTime] <= @__now_0
2026-05-27 21:35:15.543 +07:00 [INF] Executed DbCommand (2ms) [Parameters=[@__today_0='?' (DbType = Date)], CommandType='"Text"', CommandTimeout='30']
SELECT [m].[MovieID], [m].[Actors], [m].[Description], [m].[Director], [m].[Duration], [m].[Genre], [m].[MovieCode], [m].[Poster], [m].[ReleaseDate], [m].[Status], [m].[Title], [m].[Trailer]
FROM [Movies] AS [m]
WHERE [m].[Status] = N'Sap chieu' AND [m].[ReleaseDate] <= @__today_0
2026-05-27 21:36:15.564 +07:00 [INF] Executed DbCommand (6ms) [Parameters=[], CommandType='"Text"', CommandTimeout='30']
SELECT [o].[OrderID], [o].[CheckInTime], [o].[FinalAmount], [o].[HoldExpiryTime], [o].[OrderCode], [o].[PayOSTransID], [o].[PromoID], [o].[QrCode], [o].[ShowtimeID], [o].[Status], [o].[TotalAmount], [o].[UserID]
FROM [Orders] AS [o]
WHERE [o].[Status] = N'Chờ thanh toán' AND [o].[HoldExpiryTime] <= GETDATE()
2026-05-27 21:36:15.571 +07:00 [INF] Executed DbCommand (5ms) [Parameters=[@__maxSellingDate_0='?' (DbType = DateTime2), @__now_1='?' (DbType = DateTime2)], CommandType='"Text"', CommandTimeout='30']
SELECT [s].[ShowtimeID], [s].[EndTime], [s].[MovieID], [s].[RoomID], [s].[ShowtimeCode], [s].[StartTime], [s].[Status]
FROM [Showtimes] AS [s]
WHERE [s].[Status] IN (N'Đã lên lịch', N'Sap chieu') AND CONVERT(date, [s].[StartTime]) <= @__maxSellingDate_0 AND [s].[StartTime] > @__now_1
2026-05-27 21:36:15.575 +07:00 [INF] Executed DbCommand (3ms) [Parameters=[@__now_0='?' (DbType = DateTime2)], CommandType='"Text"', CommandTimeout='30']
SELECT [s].[ShowtimeID], [s].[EndTime], [s].[MovieID], [s].[RoomID], [s].[ShowtimeCode], [s].[StartTime], [s].[Status]
FROM [Showtimes] AS [s]
WHERE [s].[Status] IN (N'Đã lên lịch', N'Đang mở bán', N'Sap chieu') AND [s].[StartTime] <= @__now_0 AND [s].[EndTime] > @__now_0
2026-05-27 21:36:15.579 +07:00 [INF] Executed DbCommand (3ms) [Parameters=[@__now_0='?' (DbType = DateTime2)], CommandType='"Text"', CommandTimeout='30']
SELECT [s].[ShowtimeID], [s].[EndTime], [s].[MovieID], [s].[RoomID], [s].[ShowtimeCode], [s].[StartTime], [s].[Status]
FROM [Showtimes] AS [s]
WHERE [s].[Status] IN (N'Đã lên lịch', N'Đang mở bán', N'Đang chiếu', N'Sap chieu', N'Dang dien ra') AND [s].[EndTime] <= @__now_0
2026-05-27 21:36:15.582 +07:00 [INF] Executed DbCommand (3ms) [Parameters=[@__today_0='?' (DbType = Date)], CommandType='"Text"', CommandTimeout='30']
SELECT [m].[MovieID], [m].[Actors], [m].[Description], [m].[Director], [m].[Duration], [m].[Genre], [m].[MovieCode], [m].[Poster], [m].[ReleaseDate], [m].[Status], [m].[Title], [m].[Trailer]
FROM [Movies] AS [m]
WHERE [m].[Status] = N'Sap chieu' AND [m].[ReleaseDate] <= @__today_0
2026-05-27 21:37:15.600 +07:00 [INF] Executed DbCommand (4ms) [Parameters=[], CommandType='"Text"', CommandTimeout='30']
SELECT [o].[OrderID], [o].[CheckInTime], [o].[FinalAmount], [o].[HoldExpiryTime], [o].[OrderCode], [o].[PayOSTransID], [o].[PromoID], [o].[QrCode], [o].[ShowtimeID], [o].[Status], [o].[TotalAmount], [o].[UserID]
FROM [Orders] AS [o]
WHERE [o].[Status] = N'Chờ thanh toán' AND [o].[HoldExpiryTime] <= GETDATE()
2026-05-27 21:37:15.605 +07:00 [INF] Executed DbCommand (4ms) [Parameters=[@__maxSellingDate_0='?' (DbType = DateTime2), @__now_1='?' (DbType = DateTime2)], CommandType='"Text"', CommandTimeout='30']
SELECT [s].[ShowtimeID], [s].[EndTime], [s].[MovieID], [s].[RoomID], [s].[ShowtimeCode], [s].[StartTime], [s].[Status]
FROM [Showtimes] AS [s]
WHERE [s].[Status] IN (N'Đã lên lịch', N'Sap chieu') AND CONVERT(date, [s].[StartTime]) <= @__maxSellingDate_0 AND [s].[StartTime] > @__now_1
2026-05-27 21:37:15.609 +07:00 [INF] Executed DbCommand (3ms) [Parameters=[@__now_0='?' (DbType = DateTime2)], CommandType='"Text"', CommandTimeout='30']
SELECT [s].[ShowtimeID], [s].[EndTime], [s].[MovieID], [s].[RoomID], [s].[ShowtimeCode], [s].[StartTime], [s].[Status]
FROM [Showtimes] AS [s]
WHERE [s].[Status] IN (N'Đã lên lịch', N'Đang mở bán', N'Sap chieu') AND [s].[StartTime] <= @__now_0 AND [s].[EndTime] > @__now_0
2026-05-27 21:37:15.613 +07:00 [INF] Executed DbCommand (3ms) [Parameters=[@__now_0='?' (DbType = DateTime2)], CommandType='"Text"', CommandTimeout='30']
SELECT [s].[ShowtimeID], [s].[EndTime], [s].[MovieID], [s].[RoomID], [s].[ShowtimeCode], [s].[StartTime], [s].[Status]
FROM [Showtimes] AS [s]
WHERE [s].[Status] IN (N'Đã lên lịch', N'Đang mở bán', N'Đang chiếu', N'Sap chieu', N'Dang dien ra') AND [s].[EndTime] <= @__now_0
2026-05-27 21:37:15.616 +07:00 [INF] Executed DbCommand (2ms) [Parameters=[@__today_0='?' (DbType = Date)], CommandType='"Text"', CommandTimeout='30']
SELECT [m].[MovieID], [m].[Actors], [m].[Description], [m].[Director], [m].[Duration], [m].[Genre], [m].[MovieCode], [m].[Poster], [m].[ReleaseDate], [m].[Status], [m].[Title], [m].[Trailer]
FROM [Movies] AS [m]
WHERE [m].[Status] = N'Sap chieu' AND [m].[ReleaseDate] <= @__today_0
2026-05-27 21:38:15.636 +07:00 [INF] Executed DbCommand (5ms) [Parameters=[], CommandType='"Text"', CommandTimeout='30']
SELECT [o].[OrderID], [o].[CheckInTime], [o].[FinalAmount], [o].[HoldExpiryTime], [o].[OrderCode], [o].[PayOSTransID], [o].[PromoID], [o].[QrCode], [o].[ShowtimeID], [o].[Status], [o].[TotalAmount], [o].[UserID]
FROM [Orders] AS [o]
WHERE [o].[Status] = N'Chờ thanh toán' AND [o].[HoldExpiryTime] <= GETDATE()
2026-05-27 21:38:15.641 +07:00 [INF] Executed DbCommand (3ms) [Parameters=[@__maxSellingDate_0='?' (DbType = DateTime2), @__now_1='?' (DbType = DateTime2)], CommandType='"Text"', CommandTimeout='30']
SELECT [s].[ShowtimeID], [s].[EndTime], [s].[MovieID], [s].[RoomID], [s].[ShowtimeCode], [s].[StartTime], [s].[Status]
FROM [Showtimes] AS [s]
WHERE [s].[Status] IN (N'Đã lên lịch', N'Sap chieu') AND CONVERT(date, [s].[StartTime]) <= @__maxSellingDate_0 AND [s].[StartTime] > @__now_1
2026-05-27 21:38:15.645 +07:00 [INF] Executed DbCommand (3ms) [Parameters=[@__now_0='?' (DbType = DateTime2)], CommandType='"Text"', CommandTimeout='30']
SELECT [s].[ShowtimeID], [s].[EndTime], [s].[MovieID], [s].[RoomID], [s].[ShowtimeCode], [s].[StartTime], [s].[Status]
FROM [Showtimes] AS [s]
WHERE [s].[Status] IN (N'Đã lên lịch', N'Đang mở bán', N'Sap chieu') AND [s].[StartTime] <= @__now_0 AND [s].[EndTime] > @__now_0
2026-05-27 21:38:15.649 +07:00 [INF] Executed DbCommand (4ms) [Parameters=[@__now_0='?' (DbType = DateTime2)], CommandType='"Text"', CommandTimeout='30']
SELECT [s].[ShowtimeID], [s].[EndTime], [s].[MovieID], [s].[RoomID], [s].[ShowtimeCode], [s].[StartTime], [s].[Status]
FROM [Showtimes] AS [s]
WHERE [s].[Status] IN (N'Đã lên lịch', N'Đang mở bán', N'Đang chiếu', N'Sap chieu', N'Dang dien ra') AND [s].[EndTime] <= @__now_0
2026-05-27 21:38:15.655 +07:00 [INF] Executed DbCommand (4ms) [Parameters=[@__today_0='?' (DbType = Date)], CommandType='"Text"', CommandTimeout='30']
SELECT [m].[MovieID], [m].[Actors], [m].[Description], [m].[Director], [m].[Duration], [m].[Genre], [m].[MovieCode], [m].[Poster], [m].[ReleaseDate], [m].[Status], [m].[Title], [m].[Trailer]
FROM [Movies] AS [m]
WHERE [m].[Status] = N'Sap chieu' AND [m].[ReleaseDate] <= @__today_0
2026-05-27 21:39:15.674 +07:00 [INF] Executed DbCommand (2ms) [Parameters=[], CommandType='"Text"', CommandTimeout='30']
SELECT [o].[OrderID], [o].[CheckInTime], [o].[FinalAmount], [o].[HoldExpiryTime], [o].[OrderCode], [o].[PayOSTransID], [o].[PromoID], [o].[QrCode], [o].[ShowtimeID], [o].[Status], [o].[TotalAmount], [o].[UserID]
FROM [Orders] AS [o]
WHERE [o].[Status] = N'Chờ thanh toán' AND [o].[HoldExpiryTime] <= GETDATE()
2026-05-27 21:39:15.677 +07:00 [INF] Executed DbCommand (2ms) [Parameters=[@__maxSellingDate_0='?' (DbType = DateTime2), @__now_1='?' (DbType = DateTime2)], CommandType='"Text"', CommandTimeout='30']
SELECT [s].[ShowtimeID], [s].[EndTime], [s].[MovieID], [s].[RoomID], [s].[ShowtimeCode], [s].[StartTime], [s].[Status]
FROM [Showtimes] AS [s]
WHERE [s].[Status] IN (N'Đã lên lịch', N'Sap chieu') AND CONVERT(date, [s].[StartTime]) <= @__maxSellingDate_0 AND [s].[StartTime] > @__now_1
2026-05-27 21:39:15.680 +07:00 [INF] Executed DbCommand (3ms) [Parameters=[@__now_0='?' (DbType = DateTime2)], CommandType='"Text"', CommandTimeout='30']
SELECT [s].[ShowtimeID], [s].[EndTime], [s].[MovieID], [s].[RoomID], [s].[ShowtimeCode], [s].[StartTime], [s].[Status]
FROM [Showtimes] AS [s]
WHERE [s].[Status] IN (N'Đã lên lịch', N'Đang mở bán', N'Sap chieu') AND [s].[StartTime] <= @__now_0 AND [s].[EndTime] > @__now_0
2026-05-27 21:39:15.684 +07:00 [INF] Executed DbCommand (4ms) [Parameters=[@__now_0='?' (DbType = DateTime2)], CommandType='"Text"', CommandTimeout='30']
SELECT [s].[ShowtimeID], [s].[EndTime], [s].[MovieID], [s].[RoomID], [s].[ShowtimeCode], [s].[StartTime], [s].[Status]
FROM [Showtimes] AS [s]
WHERE [s].[Status] IN (N'Đã lên lịch', N'Đang mở bán', N'Đang chiếu', N'Sap chieu', N'Dang dien ra') AND [s].[EndTime] <= @__now_0
2026-05-27 21:39:15.688 +07:00 [INF] Executed DbCommand (3ms) [Parameters=[@__today_0='?' (DbType = Date)], CommandType='"Text"', CommandTimeout='30']
SELECT [m].[MovieID], [m].[Actors], [m].[Description], [m].[Director], [m].[Duration], [m].[Genre], [m].[MovieCode], [m].[Poster], [m].[ReleaseDate], [m].[Status], [m].[Title], [m].[Trailer]
FROM [Movies] AS [m]
WHERE [m].[Status] = N'Sap chieu' AND [m].[ReleaseDate] <= @__today_0
2026-05-27 21:40:15.696 +07:00 [INF] Executed DbCommand (3ms) [Parameters=[], CommandType='"Text"', CommandTimeout='30']
SELECT [o].[OrderID], [o].[CheckInTime], [o].[FinalAmount], [o].[HoldExpiryTime], [o].[OrderCode], [o].[PayOSTransID], [o].[PromoID], [o].[QrCode], [o].[ShowtimeID], [o].[Status], [o].[TotalAmount], [o].[UserID]
FROM [Orders] AS [o]
WHERE [o].[Status] = N'Chờ thanh toán' AND [o].[HoldExpiryTime] <= GETDATE()
2026-05-27 21:40:15.701 +07:00 [INF] Executed DbCommand (3ms) [Parameters=[@__maxSellingDate_0='?' (DbType = DateTime2), @__now_1='?' (DbType = DateTime2)], CommandType='"Text"', CommandTimeout='30']
SELECT [s].[ShowtimeID], [s].[EndTime], [s].[MovieID], [s].[RoomID], [s].[ShowtimeCode], [s].[StartTime], [s].[Status]
FROM [Showtimes] AS [s]
WHERE [s].[Status] IN (N'Đã lên lịch', N'Sap chieu') AND CONVERT(date, [s].[StartTime]) <= @__maxSellingDate_0 AND [s].[StartTime] > @__now_1
2026-05-27 21:40:15.703 +07:00 [INF] Executed DbCommand (2ms) [Parameters=[@__now_0='?' (DbType = DateTime2)], CommandType='"Text"', CommandTimeout='30']
SELECT [s].[ShowtimeID], [s].[EndTime], [s].[MovieID], [s].[RoomID], [s].[ShowtimeCode], [s].[StartTime], [s].[Status]
FROM [Showtimes] AS [s]
WHERE [s].[Status] IN (N'Đã lên lịch', N'Đang mở bán', N'Sap chieu') AND [s].[StartTime] <= @__now_0 AND [s].[EndTime] > @__now_0
2026-05-27 21:40:15.707 +07:00 [INF] Executed DbCommand (3ms) [Parameters=[@__now_0='?' (DbType = DateTime2)], CommandType='"Text"', CommandTimeout='30']
SELECT [s].[ShowtimeID], [s].[EndTime], [s].[MovieID], [s].[RoomID], [s].[ShowtimeCode], [s].[StartTime], [s].[Status]
FROM [Showtimes] AS [s]
WHERE [s].[Status] IN (N'Đã lên lịch', N'Đang mở bán', N'Đang chiếu', N'Sap chieu', N'Dang dien ra') AND [s].[EndTime] <= @__now_0
2026-05-27 21:40:15.710 +07:00 [INF] Executed DbCommand (2ms) [Parameters=[@__today_0='?' (DbType = Date)], CommandType='"Text"', CommandTimeout='30']
SELECT [m].[MovieID], [m].[Actors], [m].[Description], [m].[Director], [m].[Duration], [m].[Genre], [m].[MovieCode], [m].[Poster], [m].[ReleaseDate], [m].[Status], [m].[Title], [m].[Trailer]
FROM [Movies] AS [m]
WHERE [m].[Status] = N'Sap chieu' AND [m].[ReleaseDate] <= @__today_0
2026-05-27 21:41:15.721 +07:00 [INF] Executed DbCommand (4ms) [Parameters=[], CommandType='"Text"', CommandTimeout='30']
SELECT [o].[OrderID], [o].[CheckInTime], [o].[FinalAmount], [o].[HoldExpiryTime], [o].[OrderCode], [o].[PayOSTransID], [o].[PromoID], [o].[QrCode], [o].[ShowtimeID], [o].[Status], [o].[TotalAmount], [o].[UserID]
FROM [Orders] AS [o]
WHERE [o].[Status] = N'Chờ thanh toán' AND [o].[HoldExpiryTime] <= GETDATE()
2026-05-27 21:41:15.728 +07:00 [INF] Executed DbCommand (5ms) [Parameters=[@__maxSellingDate_0='?' (DbType = DateTime2), @__now_1='?' (DbType = DateTime2)], CommandType='"Text"', CommandTimeout='30']
SELECT [s].[ShowtimeID], [s].[EndTime], [s].[MovieID], [s].[RoomID], [s].[ShowtimeCode], [s].[StartTime], [s].[Status]
FROM [Showtimes] AS [s]
WHERE [s].[Status] IN (N'Đã lên lịch', N'Sap chieu') AND CONVERT(date, [s].[StartTime]) <= @__maxSellingDate_0 AND [s].[StartTime] > @__now_1
2026-05-27 21:41:15.734 +07:00 [INF] Executed DbCommand (5ms) [Parameters=[@__now_0='?' (DbType = DateTime2)], CommandType='"Text"', CommandTimeout='30']
SELECT [s].[ShowtimeID], [s].[EndTime], [s].[MovieID], [s].[RoomID], [s].[ShowtimeCode], [s].[StartTime], [s].[Status]
FROM [Showtimes] AS [s]
WHERE [s].[Status] IN (N'Đã lên lịch', N'Đang mở bán', N'Sap chieu') AND [s].[StartTime] <= @__now_0 AND [s].[EndTime] > @__now_0
2026-05-27 21:41:15.737 +07:00 [INF] Executed DbCommand (2ms) [Parameters=[@__now_0='?' (DbType = DateTime2)], CommandType='"Text"', CommandTimeout='30']
SELECT [s].[ShowtimeID], [s].[EndTime], [s].[MovieID], [s].[RoomID], [s].[ShowtimeCode], [s].[StartTime], [s].[Status]
FROM [Showtimes] AS [s]
WHERE [s].[Status] IN (N'Đã lên lịch', N'Đang mở bán', N'Đang chiếu', N'Sap chieu', N'Dang dien ra') AND [s].[EndTime] <= @__now_0
2026-05-27 21:41:15.741 +07:00 [INF] Executed DbCommand (4ms) [Parameters=[@__today_0='?' (DbType = Date)], CommandType='"Text"', CommandTimeout='30']
SELECT [m].[MovieID], [m].[Actors], [m].[Description], [m].[Director], [m].[Duration], [m].[Genre], [m].[MovieCode], [m].[Poster], [m].[ReleaseDate], [m].[Status], [m].[Title], [m].[Trailer]
FROM [Movies] AS [m]
WHERE [m].[Status] = N'Sap chieu' AND [m].[ReleaseDate] <= @__today_0
2026-05-27 21:42:15.750 +07:00 [INF] Executed DbCommand (3ms) [Parameters=[], CommandType='"Text"', CommandTimeout='30']
SELECT [o].[OrderID], [o].[CheckInTime], [o].[FinalAmount], [o].[HoldExpiryTime], [o].[OrderCode], [o].[PayOSTransID], [o].[PromoID], [o].[QrCode], [o].[ShowtimeID], [o].[Status], [o].[TotalAmount], [o].[UserID]
FROM [Orders] AS [o]
WHERE [o].[Status] = N'Chờ thanh toán' AND [o].[HoldExpiryTime] <= GETDATE()
2026-05-27 21:42:15.755 +07:00 [INF] Executed DbCommand (5ms) [Parameters=[@__maxSellingDate_0='?' (DbType = DateTime2), @__now_1='?' (DbType = DateTime2)], CommandType='"Text"', CommandTimeout='30']
SELECT [s].[ShowtimeID], [s].[EndTime], [s].[MovieID], [s].[RoomID], [s].[ShowtimeCode], [s].[StartTime], [s].[Status]
FROM [Showtimes] AS [s]
WHERE [s].[Status] IN (N'Đã lên lịch', N'Sap chieu') AND CONVERT(date, [s].[StartTime]) <= @__maxSellingDate_0 AND [s].[StartTime] > @__now_1
2026-05-27 21:42:15.758 +07:00 [INF] Executed DbCommand (2ms) [Parameters=[@__now_0='?' (DbType = DateTime2)], CommandType='"Text"', CommandTimeout='30']
SELECT [s].[ShowtimeID], [s].[EndTime], [s].[MovieID], [s].[RoomID], [s].[ShowtimeCode], [s].[StartTime], [s].[Status]
FROM [Showtimes] AS [s]
WHERE [s].[Status] IN (N'Đã lên lịch', N'Đang mở bán', N'Sap chieu') AND [s].[StartTime] <= @__now_0 AND [s].[EndTime] > @__now_0
2026-05-27 21:42:15.761 +07:00 [INF] Executed DbCommand (2ms) [Parameters=[@__now_0='?' (DbType = DateTime2)], CommandType='"Text"', CommandTimeout='30']
SELECT [s].[ShowtimeID], [s].[EndTime], [s].[MovieID], [s].[RoomID], [s].[ShowtimeCode], [s].[StartTime], [s].[Status]
FROM [Showtimes] AS [s]
WHERE [s].[Status] IN (N'Đã lên lịch', N'Đang mở bán', N'Đang chiếu', N'Sap chieu', N'Dang dien ra') AND [s].[EndTime] <= @__now_0
2026-05-27 21:42:15.764 +07:00 [INF] Executed DbCommand (2ms) [Parameters=[@__today_0='?' (DbType = Date)], CommandType='"Text"', CommandTimeout='30']
SELECT [m].[MovieID], [m].[Actors], [m].[Description], [m].[Director], [m].[Duration], [m].[Genre], [m].[MovieCode], [m].[Poster], [m].[ReleaseDate], [m].[Status], [m].[Title], [m].[Trailer]
FROM [Movies] AS [m]
WHERE [m].[Status] = N'Sap chieu' AND [m].[ReleaseDate] <= @__today_0
2026-05-27 21:43:15.777 +07:00 [INF] Executed DbCommand (4ms) [Parameters=[], CommandType='"Text"', CommandTimeout='30']
SELECT [o].[OrderID], [o].[CheckInTime], [o].[FinalAmount], [o].[HoldExpiryTime], [o].[OrderCode], [o].[PayOSTransID], [o].[PromoID], [o].[QrCode], [o].[ShowtimeID], [o].[Status], [o].[TotalAmount], [o].[UserID]
FROM [Orders] AS [o]
WHERE [o].[Status] = N'Chờ thanh toán' AND [o].[HoldExpiryTime] <= GETDATE()
2026-05-27 21:43:15.786 +07:00 [INF] Executed DbCommand (4ms) [Parameters=[@__maxSellingDate_0='?' (DbType = DateTime2), @__now_1='?' (DbType = DateTime2)], CommandType='"Text"', CommandTimeout='30']
SELECT [s].[ShowtimeID], [s].[EndTime], [s].[MovieID], [s].[RoomID], [s].[ShowtimeCode], [s].[StartTime], [s].[Status]
FROM [Showtimes] AS [s]
WHERE [s].[Status] IN (N'Đã lên lịch', N'Sap chieu') AND CONVERT(date, [s].[StartTime]) <= @__maxSellingDate_0 AND [s].[StartTime] > @__now_1
2026-05-27 21:43:15.789 +07:00 [INF] Executed DbCommand (2ms) [Parameters=[@__now_0='?' (DbType = DateTime2)], CommandType='"Text"', CommandTimeout='30']
SELECT [s].[ShowtimeID], [s].[EndTime], [s].[MovieID], [s].[RoomID], [s].[ShowtimeCode], [s].[StartTime], [s].[Status]
FROM [Showtimes] AS [s]
WHERE [s].[Status] IN (N'Đã lên lịch', N'Đang mở bán', N'Sap chieu') AND [s].[StartTime] <= @__now_0 AND [s].[EndTime] > @__now_0
2026-05-27 21:43:15.794 +07:00 [INF] Executed DbCommand (4ms) [Parameters=[@__now_0='?' (DbType = DateTime2)], CommandType='"Text"', CommandTimeout='30']
SELECT [s].[ShowtimeID], [s].[EndTime], [s].[MovieID], [s].[RoomID], [s].[ShowtimeCode], [s].[StartTime], [s].[Status]
FROM [Showtimes] AS [s]
WHERE [s].[Status] IN (N'Đã lên lịch', N'Đang mở bán', N'Đang chiếu', N'Sap chieu', N'Dang dien ra') AND [s].[EndTime] <= @__now_0
2026-05-27 21:43:15.799 +07:00 [INF] Executed DbCommand (3ms) [Parameters=[@__today_0='?' (DbType = Date)], CommandType='"Text"', CommandTimeout='30']
SELECT [m].[MovieID], [m].[Actors], [m].[Description], [m].[Director], [m].[Duration], [m].[Genre], [m].[MovieCode], [m].[Poster], [m].[ReleaseDate], [m].[Status], [m].[Title], [m].[Trailer]
FROM [Movies] AS [m]
WHERE [m].[Status] = N'Sap chieu' AND [m].[ReleaseDate] <= @__today_0
2026-05-27 21:44:15.810 +07:00 [INF] Executed DbCommand (4ms) [Parameters=[], CommandType='"Text"', CommandTimeout='30']
SELECT [o].[OrderID], [o].[CheckInTime], [o].[FinalAmount], [o].[HoldExpiryTime], [o].[OrderCode], [o].[PayOSTransID], [o].[PromoID], [o].[QrCode], [o].[ShowtimeID], [o].[Status], [o].[TotalAmount], [o].[UserID]
FROM [Orders] AS [o]
WHERE [o].[Status] = N'Chờ thanh toán' AND [o].[HoldExpiryTime] <= GETDATE()
2026-05-27 21:44:15.816 +07:00 [INF] Executed DbCommand (5ms) [Parameters=[@__maxSellingDate_0='?' (DbType = DateTime2), @__now_1='?' (DbType = DateTime2)], CommandType='"Text"', CommandTimeout='30']
SELECT [s].[ShowtimeID], [s].[EndTime], [s].[MovieID], [s].[RoomID], [s].[ShowtimeCode], [s].[StartTime], [s].[Status]
FROM [Showtimes] AS [s]
WHERE [s].[Status] IN (N'Đã lên lịch', N'Sap chieu') AND CONVERT(date, [s].[StartTime]) <= @__maxSellingDate_0 AND [s].[StartTime] > @__now_1
2026-05-27 21:44:15.818 +07:00 [INF] Executed DbCommand (1ms) [Parameters=[@__now_0='?' (DbType = DateTime2)], CommandType='"Text"', CommandTimeout='30']
SELECT [s].[ShowtimeID], [s].[EndTime], [s].[MovieID], [s].[RoomID], [s].[ShowtimeCode], [s].[StartTime], [s].[Status]
FROM [Showtimes] AS [s]
WHERE [s].[Status] IN (N'Đã lên lịch', N'Đang mở bán', N'Sap chieu') AND [s].[StartTime] <= @__now_0 AND [s].[EndTime] > @__now_0
2026-05-27 21:44:15.820 +07:00 [INF] Executed DbCommand (2ms) [Parameters=[@__now_0='?' (DbType = DateTime2)], CommandType='"Text"', CommandTimeout='30']
SELECT [s].[ShowtimeID], [s].[EndTime], [s].[MovieID], [s].[RoomID], [s].[ShowtimeCode], [s].[StartTime], [s].[Status]
FROM [Showtimes] AS [s]
WHERE [s].[Status] IN (N'Đã lên lịch', N'Đang mở bán', N'Đang chiếu', N'Sap chieu', N'Dang dien ra') AND [s].[EndTime] <= @__now_0
2026-05-27 21:44:15.822 +07:00 [INF] Executed DbCommand (1ms) [Parameters=[@__today_0='?' (DbType = Date)], CommandType='"Text"', CommandTimeout='30']
SELECT [m].[MovieID], [m].[Actors], [m].[Description], [m].[Director], [m].[Duration], [m].[Genre], [m].[MovieCode], [m].[Poster], [m].[ReleaseDate], [m].[Status], [m].[Title], [m].[Trailer]
FROM [Movies] AS [m]
WHERE [m].[Status] = N'Sap chieu' AND [m].[ReleaseDate] <= @__today_0
2026-05-27 21:45:15.846 +07:00 [INF] Executed DbCommand (5ms) [Parameters=[], CommandType='"Text"', CommandTimeout='30']
SELECT [o].[OrderID], [o].[CheckInTime], [o].[FinalAmount], [o].[HoldExpiryTime], [o].[OrderCode], [o].[PayOSTransID], [o].[PromoID], [o].[QrCode], [o].[ShowtimeID], [o].[Status], [o].[TotalAmount], [o].[UserID]
FROM [Orders] AS [o]
WHERE [o].[Status] = N'Chờ thanh toán' AND [o].[HoldExpiryTime] <= GETDATE()
2026-05-27 21:45:15.853 +07:00 [INF] Executed DbCommand (5ms) [Parameters=[@__maxSellingDate_0='?' (DbType = DateTime2), @__now_1='?' (DbType = DateTime2)], CommandType='"Text"', CommandTimeout='30']
SELECT [s].[ShowtimeID], [s].[EndTime], [s].[MovieID], [s].[RoomID], [s].[ShowtimeCode], [s].[StartTime], [s].[Status]
FROM [Showtimes] AS [s]
WHERE [s].[Status] IN (N'Đã lên lịch', N'Sap chieu') AND CONVERT(date, [s].[StartTime]) <= @__maxSellingDate_0 AND [s].[StartTime] > @__now_1
2026-05-27 21:45:15.857 +07:00 [INF] Executed DbCommand (3ms) [Parameters=[@__now_0='?' (DbType = DateTime2)], CommandType='"Text"', CommandTimeout='30']
SELECT [s].[ShowtimeID], [s].[EndTime], [s].[MovieID], [s].[RoomID], [s].[ShowtimeCode], [s].[StartTime], [s].[Status]
FROM [Showtimes] AS [s]
WHERE [s].[Status] IN (N'Đã lên lịch', N'Đang mở bán', N'Sap chieu') AND [s].[StartTime] <= @__now_0 AND [s].[EndTime] > @__now_0
2026-05-27 21:45:15.860 +07:00 [INF] Executed DbCommand (3ms) [Parameters=[@__now_0='?' (DbType = DateTime2)], CommandType='"Text"', CommandTimeout='30']
SELECT [s].[ShowtimeID], [s].[EndTime], [s].[MovieID], [s].[RoomID], [s].[ShowtimeCode], [s].[StartTime], [s].[Status]
FROM [Showtimes] AS [s]
WHERE [s].[Status] IN (N'Đã lên lịch', N'Đang mở bán', N'Đang chiếu', N'Sap chieu', N'Dang dien ra') AND [s].[EndTime] <= @__now_0
2026-05-27 21:45:15.862 +07:00 [INF] Executed DbCommand (1ms) [Parameters=[@__today_0='?' (DbType = Date)], CommandType='"Text"', CommandTimeout='30']
SELECT [m].[MovieID], [m].[Actors], [m].[Description], [m].[Director], [m].[Duration], [m].[Genre], [m].[MovieCode], [m].[Poster], [m].[ReleaseDate], [m].[Status], [m].[Title], [m].[Trailer]
FROM [Movies] AS [m]
WHERE [m].[Status] = N'Sap chieu' AND [m].[ReleaseDate] <= @__today_0
2026-05-27 21:46:15.869 +07:00 [INF] Executed DbCommand (5ms) [Parameters=[], CommandType='"Text"', CommandTimeout='30']
SELECT [o].[OrderID], [o].[CheckInTime], [o].[FinalAmount], [o].[HoldExpiryTime], [o].[OrderCode], [o].[PayOSTransID], [o].[PromoID], [o].[QrCode], [o].[ShowtimeID], [o].[Status], [o].[TotalAmount], [o].[UserID]
FROM [Orders] AS [o]
WHERE [o].[Status] = N'Chờ thanh toán' AND [o].[HoldExpiryTime] <= GETDATE()
2026-05-27 21:46:15.876 +07:00 [INF] Executed DbCommand (5ms) [Parameters=[@__maxSellingDate_0='?' (DbType = DateTime2), @__now_1='?' (DbType = DateTime2)], CommandType='"Text"', CommandTimeout='30']
SELECT [s].[ShowtimeID], [s].[EndTime], [s].[MovieID], [s].[RoomID], [s].[ShowtimeCode], [s].[StartTime], [s].[Status]
FROM [Showtimes] AS [s]
WHERE [s].[Status] IN (N'Đã lên lịch', N'Sap chieu') AND CONVERT(date, [s].[StartTime]) <= @__maxSellingDate_0 AND [s].[StartTime] > @__now_1
2026-05-27 21:46:15.881 +07:00 [INF] Executed DbCommand (4ms) [Parameters=[@__now_0='?' (DbType = DateTime2)], CommandType='"Text"', CommandTimeout='30']
SELECT [s].[ShowtimeID], [s].[EndTime], [s].[MovieID], [s].[RoomID], [s].[ShowtimeCode], [s].[StartTime], [s].[Status]
FROM [Showtimes] AS [s]
WHERE [s].[Status] IN (N'Đã lên lịch', N'Đang mở bán', N'Sap chieu') AND [s].[StartTime] <= @__now_0 AND [s].[EndTime] > @__now_0
2026-05-27 21:46:15.885 +07:00 [INF] Executed DbCommand (3ms) [Parameters=[@__now_0='?' (DbType = DateTime2)], CommandType='"Text"', CommandTimeout='30']
SELECT [s].[ShowtimeID], [s].[EndTime], [s].[MovieID], [s].[RoomID], [s].[ShowtimeCode], [s].[StartTime], [s].[Status]
FROM [Showtimes] AS [s]
WHERE [s].[Status] IN (N'Đã lên lịch', N'Đang mở bán', N'Đang chiếu', N'Sap chieu', N'Dang dien ra') AND [s].[EndTime] <= @__now_0
2026-05-27 21:46:15.889 +07:00 [INF] Executed DbCommand (3ms) [Parameters=[@__today_0='?' (DbType = Date)], CommandType='"Text"', CommandTimeout='30']
SELECT [m].[MovieID], [m].[Actors], [m].[Description], [m].[Director], [m].[Duration], [m].[Genre], [m].[MovieCode], [m].[Poster], [m].[ReleaseDate], [m].[Status], [m].[Title], [m].[Trailer]
FROM [Movies] AS [m]
WHERE [m].[Status] = N'Sap chieu' AND [m].[ReleaseDate] <= @__today_0
2026-05-27 21:47:15.896 +07:00 [INF] Executed DbCommand (5ms) [Parameters=[], CommandType='"Text"', CommandTimeout='30']
SELECT [o].[OrderID], [o].[CheckInTime], [o].[FinalAmount], [o].[HoldExpiryTime], [o].[OrderCode], [o].[PayOSTransID], [o].[PromoID], [o].[QrCode], [o].[ShowtimeID], [o].[Status], [o].[TotalAmount], [o].[UserID]
FROM [Orders] AS [o]
WHERE [o].[Status] = N'Chờ thanh toán' AND [o].[HoldExpiryTime] <= GETDATE()
2026-05-27 21:47:15.903 +07:00 [INF] Executed DbCommand (6ms) [Parameters=[@__maxSellingDate_0='?' (DbType = DateTime2), @__now_1='?' (DbType = DateTime2)], CommandType='"Text"', CommandTimeout='30']
SELECT [s].[ShowtimeID], [s].[EndTime], [s].[MovieID], [s].[RoomID], [s].[ShowtimeCode], [s].[StartTime], [s].[Status]
FROM [Showtimes] AS [s]
WHERE [s].[Status] IN (N'Đã lên lịch', N'Sap chieu') AND CONVERT(date, [s].[StartTime]) <= @__maxSellingDate_0 AND [s].[StartTime] > @__now_1
2026-05-27 21:47:15.908 +07:00 [INF] Executed DbCommand (4ms) [Parameters=[@__now_0='?' (DbType = DateTime2)], CommandType='"Text"', CommandTimeout='30']
SELECT [s].[ShowtimeID], [s].[EndTime], [s].[MovieID], [s].[RoomID], [s].[ShowtimeCode], [s].[StartTime], [s].[Status]
FROM [Showtimes] AS [s]
WHERE [s].[Status] IN (N'Đã lên lịch', N'Đang mở bán', N'Sap chieu') AND [s].[StartTime] <= @__now_0 AND [s].[EndTime] > @__now_0
2026-05-27 21:47:15.914 +07:00 [INF] Executed DbCommand (5ms) [Parameters=[@__now_0='?' (DbType = DateTime2)], CommandType='"Text"', CommandTimeout='30']
SELECT [s].[ShowtimeID], [s].[EndTime], [s].[MovieID], [s].[RoomID], [s].[ShowtimeCode], [s].[StartTime], [s].[Status]
FROM [Showtimes] AS [s]
WHERE [s].[Status] IN (N'Đã lên lịch', N'Đang mở bán', N'Đang chiếu', N'Sap chieu', N'Dang dien ra') AND [s].[EndTime] <= @__now_0
2026-05-27 21:47:15.918 +07:00 [INF] Executed DbCommand (3ms) [Parameters=[@__today_0='?' (DbType = Date)], CommandType='"Text"', CommandTimeout='30']
SELECT [m].[MovieID], [m].[Actors], [m].[Description], [m].[Director], [m].[Duration], [m].[Genre], [m].[MovieCode], [m].[Poster], [m].[ReleaseDate], [m].[Status], [m].[Title], [m].[Trailer]
FROM [Movies] AS [m]
WHERE [m].[Status] = N'Sap chieu' AND [m].[ReleaseDate] <= @__today_0
2026-05-27 21:48:15.938 +07:00 [INF] Executed DbCommand (5ms) [Parameters=[], CommandType='"Text"', CommandTimeout='30']
SELECT [o].[OrderID], [o].[CheckInTime], [o].[FinalAmount], [o].[HoldExpiryTime], [o].[OrderCode], [o].[PayOSTransID], [o].[PromoID], [o].[QrCode], [o].[ShowtimeID], [o].[Status], [o].[TotalAmount], [o].[UserID]
FROM [Orders] AS [o]
WHERE [o].[Status] = N'Chờ thanh toán' AND [o].[HoldExpiryTime] <= GETDATE()
2026-05-27 21:48:15.944 +07:00 [INF] Executed DbCommand (4ms) [Parameters=[@__maxSellingDate_0='?' (DbType = DateTime2), @__now_1='?' (DbType = DateTime2)], CommandType='"Text"', CommandTimeout='30']
SELECT [s].[ShowtimeID], [s].[EndTime], [s].[MovieID], [s].[RoomID], [s].[ShowtimeCode], [s].[StartTime], [s].[Status]
FROM [Showtimes] AS [s]
WHERE [s].[Status] IN (N'Đã lên lịch', N'Sap chieu') AND CONVERT(date, [s].[StartTime]) <= @__maxSellingDate_0 AND [s].[StartTime] > @__now_1
2026-05-27 21:48:15.950 +07:00 [INF] Executed DbCommand (4ms) [Parameters=[@__now_0='?' (DbType = DateTime2)], CommandType='"Text"', CommandTimeout='30']
SELECT [s].[ShowtimeID], [s].[EndTime], [s].[MovieID], [s].[RoomID], [s].[ShowtimeCode], [s].[StartTime], [s].[Status]
FROM [Showtimes] AS [s]
WHERE [s].[Status] IN (N'Đã lên lịch', N'Đang mở bán', N'Sap chieu') AND [s].[StartTime] <= @__now_0 AND [s].[EndTime] > @__now_0
2026-05-27 21:48:15.955 +07:00 [INF] Executed DbCommand (5ms) [Parameters=[@__now_0='?' (DbType = DateTime2)], CommandType='"Text"', CommandTimeout='30']
SELECT [s].[ShowtimeID], [s].[EndTime], [s].[MovieID], [s].[RoomID], [s].[ShowtimeCode], [s].[StartTime], [s].[Status]
FROM [Showtimes] AS [s]
WHERE [s].[Status] IN (N'Đã lên lịch', N'Đang mở bán', N'Đang chiếu', N'Sap chieu', N'Dang dien ra') AND [s].[EndTime] <= @__now_0
2026-05-27 21:48:15.960 +07:00 [INF] Executed DbCommand (3ms) [Parameters=[@__today_0='?' (DbType = Date)], CommandType='"Text"', CommandTimeout='30']
SELECT [m].[MovieID], [m].[Actors], [m].[Description], [m].[Director], [m].[Duration], [m].[Genre], [m].[MovieCode], [m].[Poster], [m].[ReleaseDate], [m].[Status], [m].[Title], [m].[Trailer]
FROM [Movies] AS [m]
WHERE [m].[Status] = N'Sap chieu' AND [m].[ReleaseDate] <= @__today_0
2026-05-27 21:49:15.984 +07:00 [INF] Executed DbCommand (5ms) [Parameters=[], CommandType='"Text"', CommandTimeout='30']
SELECT [o].[OrderID], [o].[CheckInTime], [o].[FinalAmount], [o].[HoldExpiryTime], [o].[OrderCode], [o].[PayOSTransID], [o].[PromoID], [o].[QrCode], [o].[ShowtimeID], [o].[Status], [o].[TotalAmount], [o].[UserID]
FROM [Orders] AS [o]
WHERE [o].[Status] = N'Chờ thanh toán' AND [o].[HoldExpiryTime] <= GETDATE()
2026-05-27 21:49:15.991 +07:00 [INF] Executed DbCommand (5ms) [Parameters=[@__maxSellingDate_0='?' (DbType = DateTime2), @__now_1='?' (DbType = DateTime2)], CommandType='"Text"', CommandTimeout='30']
SELECT [s].[ShowtimeID], [s].[EndTime], [s].[MovieID], [s].[RoomID], [s].[ShowtimeCode], [s].[StartTime], [s].[Status]
FROM [Showtimes] AS [s]
WHERE [s].[Status] IN (N'Đã lên lịch', N'Sap chieu') AND CONVERT(date, [s].[StartTime]) <= @__maxSellingDate_0 AND [s].[StartTime] > @__now_1
2026-05-27 21:49:15.995 +07:00 [INF] Executed DbCommand (4ms) [Parameters=[@__now_0='?' (DbType = DateTime2)], CommandType='"Text"', CommandTimeout='30']
SELECT [s].[ShowtimeID], [s].[EndTime], [s].[MovieID], [s].[RoomID], [s].[ShowtimeCode], [s].[StartTime], [s].[Status]
FROM [Showtimes] AS [s]
WHERE [s].[Status] IN (N'Đã lên lịch', N'Đang mở bán', N'Sap chieu') AND [s].[StartTime] <= @__now_0 AND [s].[EndTime] > @__now_0
2026-05-27 21:49:16.000 +07:00 [INF] Executed DbCommand (5ms) [Parameters=[@__now_0='?' (DbType = DateTime2)], CommandType='"Text"', CommandTimeout='30']
SELECT [s].[ShowtimeID], [s].[EndTime], [s].[MovieID], [s].[RoomID], [s].[ShowtimeCode], [s].[StartTime], [s].[Status]
FROM [Showtimes] AS [s]
WHERE [s].[Status] IN (N'Đã lên lịch', N'Đang mở bán', N'Đang chiếu', N'Sap chieu', N'Dang dien ra') AND [s].[EndTime] <= @__now_0
2026-05-27 21:49:16.006 +07:00 [INF] Executed DbCommand (4ms) [Parameters=[@__today_0='?' (DbType = Date)], CommandType='"Text"', CommandTimeout='30']
SELECT [m].[MovieID], [m].[Actors], [m].[Description], [m].[Director], [m].[Duration], [m].[Genre], [m].[MovieCode], [m].[Poster], [m].[ReleaseDate], [m].[Status], [m].[Title], [m].[Trailer]
FROM [Movies] AS [m]
WHERE [m].[Status] = N'Sap chieu' AND [m].[ReleaseDate] <= @__today_0
2026-05-27 21:50:16.019 +07:00 [INF] Executed DbCommand (4ms) [Parameters=[], CommandType='"Text"', CommandTimeout='30']
SELECT [o].[OrderID], [o].[CheckInTime], [o].[FinalAmount], [o].[HoldExpiryTime], [o].[OrderCode], [o].[PayOSTransID], [o].[PromoID], [o].[QrCode], [o].[ShowtimeID], [o].[Status], [o].[TotalAmount], [o].[UserID]
FROM [Orders] AS [o]
WHERE [o].[Status] = N'Chờ thanh toán' AND [o].[HoldExpiryTime] <= GETDATE()
2026-05-27 21:50:16.024 +07:00 [INF] Executed DbCommand (4ms) [Parameters=[@__maxSellingDate_0='?' (DbType = DateTime2), @__now_1='?' (DbType = DateTime2)], CommandType='"Text"', CommandTimeout='30']
SELECT [s].[ShowtimeID], [s].[EndTime], [s].[MovieID], [s].[RoomID], [s].[ShowtimeCode], [s].[StartTime], [s].[Status]
FROM [Showtimes] AS [s]
WHERE [s].[Status] IN (N'Đã lên lịch', N'Sap chieu') AND CONVERT(date, [s].[StartTime]) <= @__maxSellingDate_0 AND [s].[StartTime] > @__now_1
2026-05-27 21:50:16.029 +07:00 [INF] Executed DbCommand (4ms) [Parameters=[@__now_0='?' (DbType = DateTime2)], CommandType='"Text"', CommandTimeout='30']
SELECT [s].[ShowtimeID], [s].[EndTime], [s].[MovieID], [s].[RoomID], [s].[ShowtimeCode], [s].[StartTime], [s].[Status]
FROM [Showtimes] AS [s]
WHERE [s].[Status] IN (N'Đã lên lịch', N'Đang mở bán', N'Sap chieu') AND [s].[StartTime] <= @__now_0 AND [s].[EndTime] > @__now_0
2026-05-27 21:50:16.032 +07:00 [INF] Executed DbCommand (2ms) [Parameters=[@__now_0='?' (DbType = DateTime2)], CommandType='"Text"', CommandTimeout='30']
SELECT [s].[ShowtimeID], [s].[EndTime], [s].[MovieID], [s].[RoomID], [s].[ShowtimeCode], [s].[StartTime], [s].[Status]
FROM [Showtimes] AS [s]
WHERE [s].[Status] IN (N'Đã lên lịch', N'Đang mở bán', N'Đang chiếu', N'Sap chieu', N'Dang dien ra') AND [s].[EndTime] <= @__now_0
2026-05-27 21:50:16.041 +07:00 [INF] Executed DbCommand (3ms) [Parameters=[@__today_0='?' (DbType = Date)], CommandType='"Text"', CommandTimeout='30']
SELECT [m].[MovieID], [m].[Actors], [m].[Description], [m].[Director], [m].[Duration], [m].[Genre], [m].[MovieCode], [m].[Poster], [m].[ReleaseDate], [m].[Status], [m].[Title], [m].[Trailer]
FROM [Movies] AS [m]
WHERE [m].[Status] = N'Sap chieu' AND [m].[ReleaseDate] <= @__today_0
2026-05-27 21:51:16.060 +07:00 [INF] Executed DbCommand (4ms) [Parameters=[], CommandType='"Text"', CommandTimeout='30']
SELECT [o].[OrderID], [o].[CheckInTime], [o].[FinalAmount], [o].[HoldExpiryTime], [o].[OrderCode], [o].[PayOSTransID], [o].[PromoID], [o].[QrCode], [o].[ShowtimeID], [o].[Status], [o].[TotalAmount], [o].[UserID]
FROM [Orders] AS [o]
WHERE [o].[Status] = N'Chờ thanh toán' AND [o].[HoldExpiryTime] <= GETDATE()
2026-05-27 21:51:16.066 +07:00 [INF] Executed DbCommand (5ms) [Parameters=[@__maxSellingDate_0='?' (DbType = DateTime2), @__now_1='?' (DbType = DateTime2)], CommandType='"Text"', CommandTimeout='30']
SELECT [s].[ShowtimeID], [s].[EndTime], [s].[MovieID], [s].[RoomID], [s].[ShowtimeCode], [s].[StartTime], [s].[Status]
FROM [Showtimes] AS [s]
WHERE [s].[Status] IN (N'Đã lên lịch', N'Sap chieu') AND CONVERT(date, [s].[StartTime]) <= @__maxSellingDate_0 AND [s].[StartTime] > @__now_1
2026-05-27 21:51:16.070 +07:00 [INF] Executed DbCommand (3ms) [Parameters=[@__now_0='?' (DbType = DateTime2)], CommandType='"Text"', CommandTimeout='30']
SELECT [s].[ShowtimeID], [s].[EndTime], [s].[MovieID], [s].[RoomID], [s].[ShowtimeCode], [s].[StartTime], [s].[Status]
FROM [Showtimes] AS [s]
WHERE [s].[Status] IN (N'Đã lên lịch', N'Đang mở bán', N'Sap chieu') AND [s].[StartTime] <= @__now_0 AND [s].[EndTime] > @__now_0
2026-05-27 21:51:16.073 +07:00 [INF] Executed DbCommand (3ms) [Parameters=[@__now_0='?' (DbType = DateTime2)], CommandType='"Text"', CommandTimeout='30']
SELECT [s].[ShowtimeID], [s].[EndTime], [s].[MovieID], [s].[RoomID], [s].[ShowtimeCode], [s].[StartTime], [s].[Status]
FROM [Showtimes] AS [s]
WHERE [s].[Status] IN (N'Đã lên lịch', N'Đang mở bán', N'Đang chiếu', N'Sap chieu', N'Dang dien ra') AND [s].[EndTime] <= @__now_0
2026-05-27 21:51:16.077 +07:00 [INF] Executed DbCommand (3ms) [Parameters=[@__today_0='?' (DbType = Date)], CommandType='"Text"', CommandTimeout='30']
SELECT [m].[MovieID], [m].[Actors], [m].[Description], [m].[Director], [m].[Duration], [m].[Genre], [m].[MovieCode], [m].[Poster], [m].[ReleaseDate], [m].[Status], [m].[Title], [m].[Trailer]
FROM [Movies] AS [m]
WHERE [m].[Status] = N'Sap chieu' AND [m].[ReleaseDate] <= @__today_0
2026-05-27 21:52:16.090 +07:00 [INF] Executed DbCommand (5ms) [Parameters=[], CommandType='"Text"', CommandTimeout='30']
SELECT [o].[OrderID], [o].[CheckInTime], [o].[FinalAmount], [o].[HoldExpiryTime], [o].[OrderCode], [o].[PayOSTransID], [o].[PromoID], [o].[QrCode], [o].[ShowtimeID], [o].[Status], [o].[TotalAmount], [o].[UserID]
FROM [Orders] AS [o]
WHERE [o].[Status] = N'Chờ thanh toán' AND [o].[HoldExpiryTime] <= GETDATE()
2026-05-27 21:52:16.095 +07:00 [INF] Executed DbCommand (4ms) [Parameters=[@__maxSellingDate_0='?' (DbType = DateTime2), @__now_1='?' (DbType = DateTime2)], CommandType='"Text"', CommandTimeout='30']
SELECT [s].[ShowtimeID], [s].[EndTime], [s].[MovieID], [s].[RoomID], [s].[ShowtimeCode], [s].[StartTime], [s].[Status]
FROM [Showtimes] AS [s]
WHERE [s].[Status] IN (N'Đã lên lịch', N'Sap chieu') AND CONVERT(date, [s].[StartTime]) <= @__maxSellingDate_0 AND [s].[StartTime] > @__now_1
2026-05-27 21:52:16.100 +07:00 [INF] Executed DbCommand (4ms) [Parameters=[@__now_0='?' (DbType = DateTime2)], CommandType='"Text"', CommandTimeout='30']
SELECT [s].[ShowtimeID], [s].[EndTime], [s].[MovieID], [s].[RoomID], [s].[ShowtimeCode], [s].[StartTime], [s].[Status]
FROM [Showtimes] AS [s]
WHERE [s].[Status] IN (N'Đã lên lịch', N'Đang mở bán', N'Sap chieu') AND [s].[StartTime] <= @__now_0 AND [s].[EndTime] > @__now_0
2026-05-27 21:52:16.105 +07:00 [INF] Executed DbCommand (4ms) [Parameters=[@__now_0='?' (DbType = DateTime2)], CommandType='"Text"', CommandTimeout='30']
SELECT [s].[ShowtimeID], [s].[EndTime], [s].[MovieID], [s].[RoomID], [s].[ShowtimeCode], [s].[StartTime], [s].[Status]
FROM [Showtimes] AS [s]
WHERE [s].[Status] IN (N'Đã lên lịch', N'Đang mở bán', N'Đang chiếu', N'Sap chieu', N'Dang dien ra') AND [s].[EndTime] <= @__now_0
2026-05-27 21:52:16.109 +07:00 [INF] Executed DbCommand (2ms) [Parameters=[@__today_0='?' (DbType = Date)], CommandType='"Text"', CommandTimeout='30']
SELECT [m].[MovieID], [m].[Actors], [m].[Description], [m].[Director], [m].[Duration], [m].[Genre], [m].[MovieCode], [m].[Poster], [m].[ReleaseDate], [m].[Status], [m].[Title], [m].[Trailer]
FROM [Movies] AS [m]
WHERE [m].[Status] = N'Sap chieu' AND [m].[ReleaseDate] <= @__today_0
2026-05-27 21:53:16.130 +07:00 [INF] Executed DbCommand (6ms) [Parameters=[], CommandType='"Text"', CommandTimeout='30']
SELECT [o].[OrderID], [o].[CheckInTime], [o].[FinalAmount], [o].[HoldExpiryTime], [o].[OrderCode], [o].[PayOSTransID], [o].[PromoID], [o].[QrCode], [o].[ShowtimeID], [o].[Status], [o].[TotalAmount], [o].[UserID]
FROM [Orders] AS [o]
WHERE [o].[Status] = N'Chờ thanh toán' AND [o].[HoldExpiryTime] <= GETDATE()
2026-05-27 21:53:16.136 +07:00 [INF] Executed DbCommand (5ms) [Parameters=[@__maxSellingDate_0='?' (DbType = DateTime2), @__now_1='?' (DbType = DateTime2)], CommandType='"Text"', CommandTimeout='30']
SELECT [s].[ShowtimeID], [s].[EndTime], [s].[MovieID], [s].[RoomID], [s].[ShowtimeCode], [s].[StartTime], [s].[Status]
FROM [Showtimes] AS [s]
WHERE [s].[Status] IN (N'Đã lên lịch', N'Sap chieu') AND CONVERT(date, [s].[StartTime]) <= @__maxSellingDate_0 AND [s].[StartTime] > @__now_1
2026-05-27 21:53:16.140 +07:00 [INF] Executed DbCommand (4ms) [Parameters=[@__now_0='?' (DbType = DateTime2)], CommandType='"Text"', CommandTimeout='30']
SELECT [s].[ShowtimeID], [s].[EndTime], [s].[MovieID], [s].[RoomID], [s].[ShowtimeCode], [s].[StartTime], [s].[Status]
FROM [Showtimes] AS [s]
WHERE [s].[Status] IN (N'Đã lên lịch', N'Đang mở bán', N'Sap chieu') AND [s].[StartTime] <= @__now_0 AND [s].[EndTime] > @__now_0
2026-05-27 21:53:16.145 +07:00 [INF] Executed DbCommand (3ms) [Parameters=[@__now_0='?' (DbType = DateTime2)], CommandType='"Text"', CommandTimeout='30']
SELECT [s].[ShowtimeID], [s].[EndTime], [s].[MovieID], [s].[RoomID], [s].[ShowtimeCode], [s].[StartTime], [s].[Status]
FROM [Showtimes] AS [s]
WHERE [s].[Status] IN (N'Đã lên lịch', N'Đang mở bán', N'Đang chiếu', N'Sap chieu', N'Dang dien ra') AND [s].[EndTime] <= @__now_0
2026-05-27 21:53:16.150 +07:00 [INF] Executed DbCommand (3ms) [Parameters=[@__today_0='?' (DbType = Date)], CommandType='"Text"', CommandTimeout='30']
SELECT [m].[MovieID], [m].[Actors], [m].[Description], [m].[Director], [m].[Duration], [m].[Genre], [m].[MovieCode], [m].[Poster], [m].[ReleaseDate], [m].[Status], [m].[Title], [m].[Trailer]
FROM [Movies] AS [m]
WHERE [m].[Status] = N'Sap chieu' AND [m].[ReleaseDate] <= @__today_0
2026-05-27 21:54:16.171 +07:00 [INF] Executed DbCommand (5ms) [Parameters=[], CommandType='"Text"', CommandTimeout='30']
SELECT [o].[OrderID], [o].[CheckInTime], [o].[FinalAmount], [o].[HoldExpiryTime], [o].[OrderCode], [o].[PayOSTransID], [o].[PromoID], [o].[QrCode], [o].[ShowtimeID], [o].[Status], [o].[TotalAmount], [o].[UserID]
FROM [Orders] AS [o]
WHERE [o].[Status] = N'Chờ thanh toán' AND [o].[HoldExpiryTime] <= GETDATE()
2026-05-27 21:54:16.176 +07:00 [INF] Executed DbCommand (4ms) [Parameters=[@__maxSellingDate_0='?' (DbType = DateTime2), @__now_1='?' (DbType = DateTime2)], CommandType='"Text"', CommandTimeout='30']
SELECT [s].[ShowtimeID], [s].[EndTime], [s].[MovieID], [s].[RoomID], [s].[ShowtimeCode], [s].[StartTime], [s].[Status]
FROM [Showtimes] AS [s]
WHERE [s].[Status] IN (N'Đã lên lịch', N'Sap chieu') AND CONVERT(date, [s].[StartTime]) <= @__maxSellingDate_0 AND [s].[StartTime] > @__now_1
2026-05-27 21:54:16.180 +07:00 [INF] Executed DbCommand (4ms) [Parameters=[@__now_0='?' (DbType = DateTime2)], CommandType='"Text"', CommandTimeout='30']
SELECT [s].[ShowtimeID], [s].[EndTime], [s].[MovieID], [s].[RoomID], [s].[ShowtimeCode], [s].[StartTime], [s].[Status]
FROM [Showtimes] AS [s]
WHERE [s].[Status] IN (N'Đã lên lịch', N'Đang mở bán', N'Sap chieu') AND [s].[StartTime] <= @__now_0 AND [s].[EndTime] > @__now_0
2026-05-27 21:54:16.184 +07:00 [INF] Executed DbCommand (3ms) [Parameters=[@__now_0='?' (DbType = DateTime2)], CommandType='"Text"', CommandTimeout='30']
SELECT [s].[ShowtimeID], [s].[EndTime], [s].[MovieID], [s].[RoomID], [s].[ShowtimeCode], [s].[StartTime], [s].[Status]
FROM [Showtimes] AS [s]
WHERE [s].[Status] IN (N'Đã lên lịch', N'Đang mở bán', N'Đang chiếu', N'Sap chieu', N'Dang dien ra') AND [s].[EndTime] <= @__now_0
2026-05-27 21:54:16.189 +07:00 [INF] Executed DbCommand (4ms) [Parameters=[@__today_0='?' (DbType = Date)], CommandType='"Text"', CommandTimeout='30']
SELECT [m].[MovieID], [m].[Actors], [m].[Description], [m].[Director], [m].[Duration], [m].[Genre], [m].[MovieCode], [m].[Poster], [m].[ReleaseDate], [m].[Status], [m].[Title], [m].[Trailer]
FROM [Movies] AS [m]
WHERE [m].[Status] = N'Sap chieu' AND [m].[ReleaseDate] <= @__today_0
2026-05-27 21:55:16.195 +07:00 [INF] Executed DbCommand (4ms) [Parameters=[], CommandType='"Text"', CommandTimeout='30']
SELECT [o].[OrderID], [o].[CheckInTime], [o].[FinalAmount], [o].[HoldExpiryTime], [o].[OrderCode], [o].[PayOSTransID], [o].[PromoID], [o].[QrCode], [o].[ShowtimeID], [o].[Status], [o].[TotalAmount], [o].[UserID]
FROM [Orders] AS [o]
WHERE [o].[Status] = N'Chờ thanh toán' AND [o].[HoldExpiryTime] <= GETDATE()
2026-05-27 21:55:16.202 +07:00 [INF] Executed DbCommand (5ms) [Parameters=[@__maxSellingDate_0='?' (DbType = DateTime2), @__now_1='?' (DbType = DateTime2)], CommandType='"Text"', CommandTimeout='30']
SELECT [s].[ShowtimeID], [s].[EndTime], [s].[MovieID], [s].[RoomID], [s].[ShowtimeCode], [s].[StartTime], [s].[Status]
FROM [Showtimes] AS [s]
WHERE [s].[Status] IN (N'Đã lên lịch', N'Sap chieu') AND CONVERT(date, [s].[StartTime]) <= @__maxSellingDate_0 AND [s].[StartTime] > @__now_1
2026-05-27 21:55:16.206 +07:00 [INF] Executed DbCommand (4ms) [Parameters=[@__now_0='?' (DbType = DateTime2)], CommandType='"Text"', CommandTimeout='30']
SELECT [s].[ShowtimeID], [s].[EndTime], [s].[MovieID], [s].[RoomID], [s].[ShowtimeCode], [s].[StartTime], [s].[Status]
FROM [Showtimes] AS [s]
WHERE [s].[Status] IN (N'Đã lên lịch', N'Đang mở bán', N'Sap chieu') AND [s].[StartTime] <= @__now_0 AND [s].[EndTime] > @__now_0
2026-05-27 21:55:16.210 +07:00 [INF] Executed DbCommand (4ms) [Parameters=[@__now_0='?' (DbType = DateTime2)], CommandType='"Text"', CommandTimeout='30']
SELECT [s].[ShowtimeID], [s].[EndTime], [s].[MovieID], [s].[RoomID], [s].[ShowtimeCode], [s].[StartTime], [s].[Status]
FROM [Showtimes] AS [s]
WHERE [s].[Status] IN (N'Đã lên lịch', N'Đang mở bán', N'Đang chiếu', N'Sap chieu', N'Dang dien ra') AND [s].[EndTime] <= @__now_0
2026-05-27 21:55:16.213 +07:00 [INF] Executed DbCommand (2ms) [Parameters=[@__today_0='?' (DbType = Date)], CommandType='"Text"', CommandTimeout='30']
SELECT [m].[MovieID], [m].[Actors], [m].[Description], [m].[Director], [m].[Duration], [m].[Genre], [m].[MovieCode], [m].[Poster], [m].[ReleaseDate], [m].[Status], [m].[Title], [m].[Trailer]
FROM [Movies] AS [m]
WHERE [m].[Status] = N'Sap chieu' AND [m].[ReleaseDate] <= @__today_0
2026-05-27 21:56:16.223 +07:00 [INF] Executed DbCommand (5ms) [Parameters=[], CommandType='"Text"', CommandTimeout='30']
SELECT [o].[OrderID], [o].[CheckInTime], [o].[FinalAmount], [o].[HoldExpiryTime], [o].[OrderCode], [o].[PayOSTransID], [o].[PromoID], [o].[QrCode], [o].[ShowtimeID], [o].[Status], [o].[TotalAmount], [o].[UserID]
FROM [Orders] AS [o]
WHERE [o].[Status] = N'Chờ thanh toán' AND [o].[HoldExpiryTime] <= GETDATE()
2026-05-27 21:56:16.227 +07:00 [INF] Executed DbCommand (2ms) [Parameters=[@__maxSellingDate_0='?' (DbType = DateTime2), @__now_1='?' (DbType = DateTime2)], CommandType='"Text"', CommandTimeout='30']
SELECT [s].[ShowtimeID], [s].[EndTime], [s].[MovieID], [s].[RoomID], [s].[ShowtimeCode], [s].[StartTime], [s].[Status]
FROM [Showtimes] AS [s]
WHERE [s].[Status] IN (N'Đã lên lịch', N'Sap chieu') AND CONVERT(date, [s].[StartTime]) <= @__maxSellingDate_0 AND [s].[StartTime] > @__now_1
2026-05-27 21:56:16.229 +07:00 [INF] Executed DbCommand (2ms) [Parameters=[@__now_0='?' (DbType = DateTime2)], CommandType='"Text"', CommandTimeout='30']
SELECT [s].[ShowtimeID], [s].[EndTime], [s].[MovieID], [s].[RoomID], [s].[ShowtimeCode], [s].[StartTime], [s].[Status]
FROM [Showtimes] AS [s]
WHERE [s].[Status] IN (N'Đã lên lịch', N'Đang mở bán', N'Sap chieu') AND [s].[StartTime] <= @__now_0 AND [s].[EndTime] > @__now_0
2026-05-27 21:56:16.233 +07:00 [INF] Executed DbCommand (4ms) [Parameters=[@__now_0='?' (DbType = DateTime2)], CommandType='"Text"', CommandTimeout='30']
SELECT [s].[ShowtimeID], [s].[EndTime], [s].[MovieID], [s].[RoomID], [s].[ShowtimeCode], [s].[StartTime], [s].[Status]
FROM [Showtimes] AS [s]
WHERE [s].[Status] IN (N'Đã lên lịch', N'Đang mở bán', N'Đang chiếu', N'Sap chieu', N'Dang dien ra') AND [s].[EndTime] <= @__now_0
2026-05-27 21:56:16.236 +07:00 [INF] Executed DbCommand (2ms) [Parameters=[@__today_0='?' (DbType = Date)], CommandType='"Text"', CommandTimeout='30']
SELECT [m].[MovieID], [m].[Actors], [m].[Description], [m].[Director], [m].[Duration], [m].[Genre], [m].[MovieCode], [m].[Poster], [m].[ReleaseDate], [m].[Status], [m].[Title], [m].[Trailer]
FROM [Movies] AS [m]
WHERE [m].[Status] = N'Sap chieu' AND [m].[ReleaseDate] <= @__today_0
2026-05-27 21:57:16.248 +07:00 [INF] Executed DbCommand (4ms) [Parameters=[], CommandType='"Text"', CommandTimeout='30']
SELECT [o].[OrderID], [o].[CheckInTime], [o].[FinalAmount], [o].[HoldExpiryTime], [o].[OrderCode], [o].[PayOSTransID], [o].[PromoID], [o].[QrCode], [o].[ShowtimeID], [o].[Status], [o].[TotalAmount], [o].[UserID]
FROM [Orders] AS [o]
WHERE [o].[Status] = N'Chờ thanh toán' AND [o].[HoldExpiryTime] <= GETDATE()
2026-05-27 21:57:16.252 +07:00 [INF] Executed DbCommand (4ms) [Parameters=[@__maxSellingDate_0='?' (DbType = DateTime2), @__now_1='?' (DbType = DateTime2)], CommandType='"Text"', CommandTimeout='30']
SELECT [s].[ShowtimeID], [s].[EndTime], [s].[MovieID], [s].[RoomID], [s].[ShowtimeCode], [s].[StartTime], [s].[Status]
FROM [Showtimes] AS [s]
WHERE [s].[Status] IN (N'Đã lên lịch', N'Sap chieu') AND CONVERT(date, [s].[StartTime]) <= @__maxSellingDate_0 AND [s].[StartTime] > @__now_1
2026-05-27 21:57:16.257 +07:00 [INF] Executed DbCommand (4ms) [Parameters=[@__now_0='?' (DbType = DateTime2)], CommandType='"Text"', CommandTimeout='30']
SELECT [s].[ShowtimeID], [s].[EndTime], [s].[MovieID], [s].[RoomID], [s].[ShowtimeCode], [s].[StartTime], [s].[Status]
FROM [Showtimes] AS [s]
WHERE [s].[Status] IN (N'Đã lên lịch', N'Đang mở bán', N'Sap chieu') AND [s].[StartTime] <= @__now_0 AND [s].[EndTime] > @__now_0
2026-05-27 21:57:16.260 +07:00 [INF] Executed DbCommand (3ms) [Parameters=[@__now_0='?' (DbType = DateTime2)], CommandType='"Text"', CommandTimeout='30']
SELECT [s].[ShowtimeID], [s].[EndTime], [s].[MovieID], [s].[RoomID], [s].[ShowtimeCode], [s].[StartTime], [s].[Status]
FROM [Showtimes] AS [s]
WHERE [s].[Status] IN (N'Đã lên lịch', N'Đang mở bán', N'Đang chiếu', N'Sap chieu', N'Dang dien ra') AND [s].[EndTime] <= @__now_0
2026-05-27 21:57:16.265 +07:00 [INF] Executed DbCommand (4ms) [Parameters=[@__today_0='?' (DbType = Date)], CommandType='"Text"', CommandTimeout='30']
SELECT [m].[MovieID], [m].[Actors], [m].[Description], [m].[Director], [m].[Duration], [m].[Genre], [m].[MovieCode], [m].[Poster], [m].[ReleaseDate], [m].[Status], [m].[Title], [m].[Trailer]
FROM [Movies] AS [m]
WHERE [m].[Status] = N'Sap chieu' AND [m].[ReleaseDate] <= @__today_0
2026-05-27 21:58:16.283 +07:00 [INF] Executed DbCommand (3ms) [Parameters=[], CommandType='"Text"', CommandTimeout='30']
SELECT [o].[OrderID], [o].[CheckInTime], [o].[FinalAmount], [o].[HoldExpiryTime], [o].[OrderCode], [o].[PayOSTransID], [o].[PromoID], [o].[QrCode], [o].[ShowtimeID], [o].[Status], [o].[TotalAmount], [o].[UserID]
FROM [Orders] AS [o]
WHERE [o].[Status] = N'Chờ thanh toán' AND [o].[HoldExpiryTime] <= GETDATE()
2026-05-27 21:58:16.286 +07:00 [INF] Executed DbCommand (2ms) [Parameters=[@__maxSellingDate_0='?' (DbType = DateTime2), @__now_1='?' (DbType = DateTime2)], CommandType='"Text"', CommandTimeout='30']
SELECT [s].[ShowtimeID], [s].[EndTime], [s].[MovieID], [s].[RoomID], [s].[ShowtimeCode], [s].[StartTime], [s].[Status]
FROM [Showtimes] AS [s]
WHERE [s].[Status] IN (N'Đã lên lịch', N'Sap chieu') AND CONVERT(date, [s].[StartTime]) <= @__maxSellingDate_0 AND [s].[StartTime] > @__now_1
2026-05-27 21:58:16.289 +07:00 [INF] Executed DbCommand (2ms) [Parameters=[@__now_0='?' (DbType = DateTime2)], CommandType='"Text"', CommandTimeout='30']
SELECT [s].[ShowtimeID], [s].[EndTime], [s].[MovieID], [s].[RoomID], [s].[ShowtimeCode], [s].[StartTime], [s].[Status]
FROM [Showtimes] AS [s]
WHERE [s].[Status] IN (N'Đã lên lịch', N'Đang mở bán', N'Sap chieu') AND [s].[StartTime] <= @__now_0 AND [s].[EndTime] > @__now_0
2026-05-27 21:58:16.291 +07:00 [INF] Executed DbCommand (2ms) [Parameters=[@__now_0='?' (DbType = DateTime2)], CommandType='"Text"', CommandTimeout='30']
SELECT [s].[ShowtimeID], [s].[EndTime], [s].[MovieID], [s].[RoomID], [s].[ShowtimeCode], [s].[StartTime], [s].[Status]
FROM [Showtimes] AS [s]
WHERE [s].[Status] IN (N'Đã lên lịch', N'Đang mở bán', N'Đang chiếu', N'Sap chieu', N'Dang dien ra') AND [s].[EndTime] <= @__now_0
2026-05-27 21:58:16.294 +07:00 [INF] Executed DbCommand (2ms) [Parameters=[@__today_0='?' (DbType = Date)], CommandType='"Text"', CommandTimeout='30']
SELECT [m].[MovieID], [m].[Actors], [m].[Description], [m].[Director], [m].[Duration], [m].[Genre], [m].[MovieCode], [m].[Poster], [m].[ReleaseDate], [m].[Status], [m].[Title], [m].[Trailer]
FROM [Movies] AS [m]
WHERE [m].[Status] = N'Sap chieu' AND [m].[ReleaseDate] <= @__today_0
2026-05-27 21:59:16.310 +07:00 [INF] Executed DbCommand (3ms) [Parameters=[], CommandType='"Text"', CommandTimeout='30']
SELECT [o].[OrderID], [o].[CheckInTime], [o].[FinalAmount], [o].[HoldExpiryTime], [o].[OrderCode], [o].[PayOSTransID], [o].[PromoID], [o].[QrCode], [o].[ShowtimeID], [o].[Status], [o].[TotalAmount], [o].[UserID]
FROM [Orders] AS [o]
WHERE [o].[Status] = N'Chờ thanh toán' AND [o].[HoldExpiryTime] <= GETDATE()
2026-05-27 21:59:16.315 +07:00 [INF] Executed DbCommand (3ms) [Parameters=[@__maxSellingDate_0='?' (DbType = DateTime2), @__now_1='?' (DbType = DateTime2)], CommandType='"Text"', CommandTimeout='30']
SELECT [s].[ShowtimeID], [s].[EndTime], [s].[MovieID], [s].[RoomID], [s].[ShowtimeCode], [s].[StartTime], [s].[Status]
FROM [Showtimes] AS [s]
WHERE [s].[Status] IN (N'Đã lên lịch', N'Sap chieu') AND CONVERT(date, [s].[StartTime]) <= @__maxSellingDate_0 AND [s].[StartTime] > @__now_1
2026-05-27 21:59:16.318 +07:00 [INF] Executed DbCommand (2ms) [Parameters=[@__now_0='?' (DbType = DateTime2)], CommandType='"Text"', CommandTimeout='30']
SELECT [s].[ShowtimeID], [s].[EndTime], [s].[MovieID], [s].[RoomID], [s].[ShowtimeCode], [s].[StartTime], [s].[Status]
FROM [Showtimes] AS [s]
WHERE [s].[Status] IN (N'Đã lên lịch', N'Đang mở bán', N'Sap chieu') AND [s].[StartTime] <= @__now_0 AND [s].[EndTime] > @__now_0
2026-05-27 21:59:16.321 +07:00 [INF] Executed DbCommand (3ms) [Parameters=[@__now_0='?' (DbType = DateTime2)], CommandType='"Text"', CommandTimeout='30']
SELECT [s].[ShowtimeID], [s].[EndTime], [s].[MovieID], [s].[RoomID], [s].[ShowtimeCode], [s].[StartTime], [s].[Status]
FROM [Showtimes] AS [s]
WHERE [s].[Status] IN (N'Đã lên lịch', N'Đang mở bán', N'Đang chiếu', N'Sap chieu', N'Dang dien ra') AND [s].[EndTime] <= @__now_0
2026-05-27 21:59:16.324 +07:00 [INF] Executed DbCommand (2ms) [Parameters=[@__today_0='?' (DbType = Date)], CommandType='"Text"', CommandTimeout='30']
SELECT [m].[MovieID], [m].[Actors], [m].[Description], [m].[Director], [m].[Duration], [m].[Genre], [m].[MovieCode], [m].[Poster], [m].[ReleaseDate], [m].[Status], [m].[Title], [m].[Trailer]
FROM [Movies] AS [m]
WHERE [m].[Status] = N'Sap chieu' AND [m].[ReleaseDate] <= @__today_0
2026-05-27 22:00:16.339 +07:00 [INF] Executed DbCommand (3ms) [Parameters=[], CommandType='"Text"', CommandTimeout='30']
SELECT [o].[OrderID], [o].[CheckInTime], [o].[FinalAmount], [o].[HoldExpiryTime], [o].[OrderCode], [o].[PayOSTransID], [o].[PromoID], [o].[QrCode], [o].[ShowtimeID], [o].[Status], [o].[TotalAmount], [o].[UserID]
FROM [Orders] AS [o]
WHERE [o].[Status] = N'Chờ thanh toán' AND [o].[HoldExpiryTime] <= GETDATE()
2026-05-27 22:00:16.343 +07:00 [INF] Executed DbCommand (3ms) [Parameters=[@__maxSellingDate_0='?' (DbType = DateTime2), @__now_1='?' (DbType = DateTime2)], CommandType='"Text"', CommandTimeout='30']
SELECT [s].[ShowtimeID], [s].[EndTime], [s].[MovieID], [s].[RoomID], [s].[ShowtimeCode], [s].[StartTime], [s].[Status]
FROM [Showtimes] AS [s]
WHERE [s].[Status] IN (N'Đã lên lịch', N'Sap chieu') AND CONVERT(date, [s].[StartTime]) <= @__maxSellingDate_0 AND [s].[StartTime] > @__now_1
2026-05-27 22:00:16.346 +07:00 [INF] Executed DbCommand (2ms) [Parameters=[@__now_0='?' (DbType = DateTime2)], CommandType='"Text"', CommandTimeout='30']
SELECT [s].[ShowtimeID], [s].[EndTime], [s].[MovieID], [s].[RoomID], [s].[ShowtimeCode], [s].[StartTime], [s].[Status]
FROM [Showtimes] AS [s]
WHERE [s].[Status] IN (N'Đã lên lịch', N'Đang mở bán', N'Sap chieu') AND [s].[StartTime] <= @__now_0 AND [s].[EndTime] > @__now_0
2026-05-27 22:00:16.349 +07:00 [INF] Executed DbCommand (3ms) [Parameters=[@__now_0='?' (DbType = DateTime2)], CommandType='"Text"', CommandTimeout='30']
SELECT [s].[ShowtimeID], [s].[EndTime], [s].[MovieID], [s].[RoomID], [s].[ShowtimeCode], [s].[StartTime], [s].[Status]
FROM [Showtimes] AS [s]
WHERE [s].[Status] IN (N'Đã lên lịch', N'Đang mở bán', N'Đang chiếu', N'Sap chieu', N'Dang dien ra') AND [s].[EndTime] <= @__now_0
2026-05-27 22:00:16.353 +07:00 [INF] Executed DbCommand (3ms) [Parameters=[@__today_0='?' (DbType = Date)], CommandType='"Text"', CommandTimeout='30']
SELECT [m].[MovieID], [m].[Actors], [m].[Description], [m].[Director], [m].[Duration], [m].[Genre], [m].[MovieCode], [m].[Poster], [m].[ReleaseDate], [m].[Status], [m].[Title], [m].[Trailer]
FROM [Movies] AS [m]
WHERE [m].[Status] = N'Sap chieu' AND [m].[ReleaseDate] <= @__today_0
2026-05-27 22:01:16.369 +07:00 [INF] Executed DbCommand (5ms) [Parameters=[], CommandType='"Text"', CommandTimeout='30']
SELECT [o].[OrderID], [o].[CheckInTime], [o].[FinalAmount], [o].[HoldExpiryTime], [o].[OrderCode], [o].[PayOSTransID], [o].[PromoID], [o].[QrCode], [o].[ShowtimeID], [o].[Status], [o].[TotalAmount], [o].[UserID]
FROM [Orders] AS [o]
WHERE [o].[Status] = N'Chờ thanh toán' AND [o].[HoldExpiryTime] <= GETDATE()
2026-05-27 22:01:16.375 +07:00 [INF] Executed DbCommand (6ms) [Parameters=[@__maxSellingDate_0='?' (DbType = DateTime2), @__now_1='?' (DbType = DateTime2)], CommandType='"Text"', CommandTimeout='30']
SELECT [s].[ShowtimeID], [s].[EndTime], [s].[MovieID], [s].[RoomID], [s].[ShowtimeCode], [s].[StartTime], [s].[Status]
FROM [Showtimes] AS [s]
WHERE [s].[Status] IN (N'Đã lên lịch', N'Sap chieu') AND CONVERT(date, [s].[StartTime]) <= @__maxSellingDate_0 AND [s].[StartTime] > @__now_1
2026-05-27 22:01:16.379 +07:00 [INF] Executed DbCommand (2ms) [Parameters=[@__now_0='?' (DbType = DateTime2)], CommandType='"Text"', CommandTimeout='30']
SELECT [s].[ShowtimeID], [s].[EndTime], [s].[MovieID], [s].[RoomID], [s].[ShowtimeCode], [s].[StartTime], [s].[Status]
FROM [Showtimes] AS [s]
WHERE [s].[Status] IN (N'Đã lên lịch', N'Đang mở bán', N'Sap chieu') AND [s].[StartTime] <= @__now_0 AND [s].[EndTime] > @__now_0
2026-05-27 22:01:16.381 +07:00 [INF] Executed DbCommand (2ms) [Parameters=[@__now_0='?' (DbType = DateTime2)], CommandType='"Text"', CommandTimeout='30']
SELECT [s].[ShowtimeID], [s].[EndTime], [s].[MovieID], [s].[RoomID], [s].[ShowtimeCode], [s].[StartTime], [s].[Status]
FROM [Showtimes] AS [s]
WHERE [s].[Status] IN (N'Đã lên lịch', N'Đang mở bán', N'Đang chiếu', N'Sap chieu', N'Dang dien ra') AND [s].[EndTime] <= @__now_0
2026-05-27 22:01:16.383 +07:00 [INF] Executed DbCommand (1ms) [Parameters=[@__today_0='?' (DbType = Date)], CommandType='"Text"', CommandTimeout='30']
SELECT [m].[MovieID], [m].[Actors], [m].[Description], [m].[Director], [m].[Duration], [m].[Genre], [m].[MovieCode], [m].[Poster], [m].[ReleaseDate], [m].[Status], [m].[Title], [m].[Trailer]
FROM [Movies] AS [m]
WHERE [m].[Status] = N'Sap chieu' AND [m].[ReleaseDate] <= @__today_0
2026-05-27 22:02:16.404 +07:00 [INF] Executed DbCommand (5ms) [Parameters=[], CommandType='"Text"', CommandTimeout='30']
SELECT [o].[OrderID], [o].[CheckInTime], [o].[FinalAmount], [o].[HoldExpiryTime], [o].[OrderCode], [o].[PayOSTransID], [o].[PromoID], [o].[QrCode], [o].[ShowtimeID], [o].[Status], [o].[TotalAmount], [o].[UserID]
FROM [Orders] AS [o]
WHERE [o].[Status] = N'Chờ thanh toán' AND [o].[HoldExpiryTime] <= GETDATE()
2026-05-27 22:02:16.410 +07:00 [INF] Executed DbCommand (4ms) [Parameters=[@__maxSellingDate_0='?' (DbType = DateTime2), @__now_1='?' (DbType = DateTime2)], CommandType='"Text"', CommandTimeout='30']
SELECT [s].[ShowtimeID], [s].[EndTime], [s].[MovieID], [s].[RoomID], [s].[ShowtimeCode], [s].[StartTime], [s].[Status]
FROM [Showtimes] AS [s]
WHERE [s].[Status] IN (N'Đã lên lịch', N'Sap chieu') AND CONVERT(date, [s].[StartTime]) <= @__maxSellingDate_0 AND [s].[StartTime] > @__now_1
2026-05-27 22:02:16.413 +07:00 [INF] Executed DbCommand (3ms) [Parameters=[@__now_0='?' (DbType = DateTime2)], CommandType='"Text"', CommandTimeout='30']
SELECT [s].[ShowtimeID], [s].[EndTime], [s].[MovieID], [s].[RoomID], [s].[ShowtimeCode], [s].[StartTime], [s].[Status]
FROM [Showtimes] AS [s]
WHERE [s].[Status] IN (N'Đã lên lịch', N'Đang mở bán', N'Sap chieu') AND [s].[StartTime] <= @__now_0 AND [s].[EndTime] > @__now_0
2026-05-27 22:02:16.415 +07:00 [INF] Executed DbCommand (2ms) [Parameters=[@__now_0='?' (DbType = DateTime2)], CommandType='"Text"', CommandTimeout='30']
SELECT [s].[ShowtimeID], [s].[EndTime], [s].[MovieID], [s].[RoomID], [s].[ShowtimeCode], [s].[StartTime], [s].[Status]
FROM [Showtimes] AS [s]
WHERE [s].[Status] IN (N'Đã lên lịch', N'Đang mở bán', N'Đang chiếu', N'Sap chieu', N'Dang dien ra') AND [s].[EndTime] <= @__now_0
2026-05-27 22:02:16.420 +07:00 [INF] Executed DbCommand (4ms) [Parameters=[@__today_0='?' (DbType = Date)], CommandType='"Text"', CommandTimeout='30']
SELECT [m].[MovieID], [m].[Actors], [m].[Description], [m].[Director], [m].[Duration], [m].[Genre], [m].[MovieCode], [m].[Poster], [m].[ReleaseDate], [m].[Status], [m].[Title], [m].[Trailer]
FROM [Movies] AS [m]
WHERE [m].[Status] = N'Sap chieu' AND [m].[ReleaseDate] <= @__today_0
2026-05-27 22:03:16.429 +07:00 [INF] Executed DbCommand (2ms) [Parameters=[], CommandType='"Text"', CommandTimeout='30']
SELECT [o].[OrderID], [o].[CheckInTime], [o].[FinalAmount], [o].[HoldExpiryTime], [o].[OrderCode], [o].[PayOSTransID], [o].[PromoID], [o].[QrCode], [o].[ShowtimeID], [o].[Status], [o].[TotalAmount], [o].[UserID]
FROM [Orders] AS [o]
WHERE [o].[Status] = N'Chờ thanh toán' AND [o].[HoldExpiryTime] <= GETDATE()
2026-05-27 22:03:16.435 +07:00 [INF] Executed DbCommand (5ms) [Parameters=[@__maxSellingDate_0='?' (DbType = DateTime2), @__now_1='?' (DbType = DateTime2)], CommandType='"Text"', CommandTimeout='30']
SELECT [s].[ShowtimeID], [s].[EndTime], [s].[MovieID], [s].[RoomID], [s].[ShowtimeCode], [s].[StartTime], [s].[Status]
FROM [Showtimes] AS [s]
WHERE [s].[Status] IN (N'Đã lên lịch', N'Sap chieu') AND CONVERT(date, [s].[StartTime]) <= @__maxSellingDate_0 AND [s].[StartTime] > @__now_1
2026-05-27 22:03:16.439 +07:00 [INF] Executed DbCommand (4ms) [Parameters=[@__now_0='?' (DbType = DateTime2)], CommandType='"Text"', CommandTimeout='30']
SELECT [s].[ShowtimeID], [s].[EndTime], [s].[MovieID], [s].[RoomID], [s].[ShowtimeCode], [s].[StartTime], [s].[Status]
FROM [Showtimes] AS [s]
WHERE [s].[Status] IN (N'Đã lên lịch', N'Đang mở bán', N'Sap chieu') AND [s].[StartTime] <= @__now_0 AND [s].[EndTime] > @__now_0
2026-05-27 22:03:16.442 +07:00 [INF] Executed DbCommand (2ms) [Parameters=[@__now_0='?' (DbType = DateTime2)], CommandType='"Text"', CommandTimeout='30']
SELECT [s].[ShowtimeID], [s].[EndTime], [s].[MovieID], [s].[RoomID], [s].[ShowtimeCode], [s].[StartTime], [s].[Status]
FROM [Showtimes] AS [s]
WHERE [s].[Status] IN (N'Đã lên lịch', N'Đang mở bán', N'Đang chiếu', N'Sap chieu', N'Dang dien ra') AND [s].[EndTime] <= @__now_0
2026-05-27 22:03:16.448 +07:00 [INF] Executed DbCommand (4ms) [Parameters=[@__today_0='?' (DbType = Date)], CommandType='"Text"', CommandTimeout='30']
SELECT [m].[MovieID], [m].[Actors], [m].[Description], [m].[Director], [m].[Duration], [m].[Genre], [m].[MovieCode], [m].[Poster], [m].[ReleaseDate], [m].[Status], [m].[Title], [m].[Trailer]
FROM [Movies] AS [m]
WHERE [m].[Status] = N'Sap chieu' AND [m].[ReleaseDate] <= @__today_0
2026-05-27 22:04:16.461 +07:00 [INF] Executed DbCommand (5ms) [Parameters=[], CommandType='"Text"', CommandTimeout='30']
SELECT [o].[OrderID], [o].[CheckInTime], [o].[FinalAmount], [o].[HoldExpiryTime], [o].[OrderCode], [o].[PayOSTransID], [o].[PromoID], [o].[QrCode], [o].[ShowtimeID], [o].[Status], [o].[TotalAmount], [o].[UserID]
FROM [Orders] AS [o]
WHERE [o].[Status] = N'Chờ thanh toán' AND [o].[HoldExpiryTime] <= GETDATE()
2026-05-27 22:04:16.468 +07:00 [INF] Executed DbCommand (5ms) [Parameters=[@__maxSellingDate_0='?' (DbType = DateTime2), @__now_1='?' (DbType = DateTime2)], CommandType='"Text"', CommandTimeout='30']
SELECT [s].[ShowtimeID], [s].[EndTime], [s].[MovieID], [s].[RoomID], [s].[ShowtimeCode], [s].[StartTime], [s].[Status]
FROM [Showtimes] AS [s]
WHERE [s].[Status] IN (N'Đã lên lịch', N'Sap chieu') AND CONVERT(date, [s].[StartTime]) <= @__maxSellingDate_0 AND [s].[StartTime] > @__now_1
2026-05-27 22:04:16.473 +07:00 [INF] Executed DbCommand (4ms) [Parameters=[@__now_0='?' (DbType = DateTime2)], CommandType='"Text"', CommandTimeout='30']
SELECT [s].[ShowtimeID], [s].[EndTime], [s].[MovieID], [s].[RoomID], [s].[ShowtimeCode], [s].[StartTime], [s].[Status]
FROM [Showtimes] AS [s]
WHERE [s].[Status] IN (N'Đã lên lịch', N'Đang mở bán', N'Sap chieu') AND [s].[StartTime] <= @__now_0 AND [s].[EndTime] > @__now_0
2026-05-27 22:04:16.476 +07:00 [INF] Executed DbCommand (2ms) [Parameters=[@__now_0='?' (DbType = DateTime2)], CommandType='"Text"', CommandTimeout='30']
SELECT [s].[ShowtimeID], [s].[EndTime], [s].[MovieID], [s].[RoomID], [s].[ShowtimeCode], [s].[StartTime], [s].[Status]
FROM [Showtimes] AS [s]
WHERE [s].[Status] IN (N'Đã lên lịch', N'Đang mở bán', N'Đang chiếu', N'Sap chieu', N'Dang dien ra') AND [s].[EndTime] <= @__now_0
2026-05-27 22:04:16.480 +07:00 [INF] Executed DbCommand (3ms) [Parameters=[@__today_0='?' (DbType = Date)], CommandType='"Text"', CommandTimeout='30']
SELECT [m].[MovieID], [m].[Actors], [m].[Description], [m].[Director], [m].[Duration], [m].[Genre], [m].[MovieCode], [m].[Poster], [m].[ReleaseDate], [m].[Status], [m].[Title], [m].[Trailer]
FROM [Movies] AS [m]
WHERE [m].[Status] = N'Sap chieu' AND [m].[ReleaseDate] <= @__today_0
2026-05-27 22:05:16.485 +07:00 [INF] Executed DbCommand (5ms) [Parameters=[], CommandType='"Text"', CommandTimeout='30']
SELECT [o].[OrderID], [o].[CheckInTime], [o].[FinalAmount], [o].[HoldExpiryTime], [o].[OrderCode], [o].[PayOSTransID], [o].[PromoID], [o].[QrCode], [o].[ShowtimeID], [o].[Status], [o].[TotalAmount], [o].[UserID]
FROM [Orders] AS [o]
WHERE [o].[Status] = N'Chờ thanh toán' AND [o].[HoldExpiryTime] <= GETDATE()
2026-05-27 22:05:16.491 +07:00 [INF] Executed DbCommand (4ms) [Parameters=[@__maxSellingDate_0='?' (DbType = DateTime2), @__now_1='?' (DbType = DateTime2)], CommandType='"Text"', CommandTimeout='30']
SELECT [s].[ShowtimeID], [s].[EndTime], [s].[MovieID], [s].[RoomID], [s].[ShowtimeCode], [s].[StartTime], [s].[Status]
FROM [Showtimes] AS [s]
WHERE [s].[Status] IN (N'Đã lên lịch', N'Sap chieu') AND CONVERT(date, [s].[StartTime]) <= @__maxSellingDate_0 AND [s].[StartTime] > @__now_1
2026-05-27 22:05:16.493 +07:00 [INF] Executed DbCommand (2ms) [Parameters=[@__now_0='?' (DbType = DateTime2)], CommandType='"Text"', CommandTimeout='30']
SELECT [s].[ShowtimeID], [s].[EndTime], [s].[MovieID], [s].[RoomID], [s].[ShowtimeCode], [s].[StartTime], [s].[Status]
FROM [Showtimes] AS [s]
WHERE [s].[Status] IN (N'Đã lên lịch', N'Đang mở bán', N'Sap chieu') AND [s].[StartTime] <= @__now_0 AND [s].[EndTime] > @__now_0
2026-05-27 22:05:16.496 +07:00 [INF] Executed DbCommand (2ms) [Parameters=[@__now_0='?' (DbType = DateTime2)], CommandType='"Text"', CommandTimeout='30']
SELECT [s].[ShowtimeID], [s].[EndTime], [s].[MovieID], [s].[RoomID], [s].[ShowtimeCode], [s].[StartTime], [s].[Status]
FROM [Showtimes] AS [s]
WHERE [s].[Status] IN (N'Đã lên lịch', N'Đang mở bán', N'Đang chiếu', N'Sap chieu', N'Dang dien ra') AND [s].[EndTime] <= @__now_0
2026-05-27 22:05:16.500 +07:00 [INF] Executed DbCommand (3ms) [Parameters=[@__today_0='?' (DbType = Date)], CommandType='"Text"', CommandTimeout='30']
SELECT [m].[MovieID], [m].[Actors], [m].[Description], [m].[Director], [m].[Duration], [m].[Genre], [m].[MovieCode], [m].[Poster], [m].[ReleaseDate], [m].[Status], [m].[Title], [m].[Trailer]
FROM [Movies] AS [m]
WHERE [m].[Status] = N'Sap chieu' AND [m].[ReleaseDate] <= @__today_0
2026-05-27 22:06:16.521 +07:00 [INF] Executed DbCommand (3ms) [Parameters=[], CommandType='"Text"', CommandTimeout='30']
SELECT [o].[OrderID], [o].[CheckInTime], [o].[FinalAmount], [o].[HoldExpiryTime], [o].[OrderCode], [o].[PayOSTransID], [o].[PromoID], [o].[QrCode], [o].[ShowtimeID], [o].[Status], [o].[TotalAmount], [o].[UserID]
FROM [Orders] AS [o]
WHERE [o].[Status] = N'Chờ thanh toán' AND [o].[HoldExpiryTime] <= GETDATE()
2026-05-27 22:06:16.524 +07:00 [INF] Executed DbCommand (3ms) [Parameters=[@__maxSellingDate_0='?' (DbType = DateTime2), @__now_1='?' (DbType = DateTime2)], CommandType='"Text"', CommandTimeout='30']
SELECT [s].[ShowtimeID], [s].[EndTime], [s].[MovieID], [s].[RoomID], [s].[ShowtimeCode], [s].[StartTime], [s].[Status]
FROM [Showtimes] AS [s]
WHERE [s].[Status] IN (N'Đã lên lịch', N'Sap chieu') AND CONVERT(date, [s].[StartTime]) <= @__maxSellingDate_0 AND [s].[StartTime] > @__now_1
2026-05-27 22:06:16.527 +07:00 [INF] Executed DbCommand (2ms) [Parameters=[@__now_0='?' (DbType = DateTime2)], CommandType='"Text"', CommandTimeout='30']
SELECT [s].[ShowtimeID], [s].[EndTime], [s].[MovieID], [s].[RoomID], [s].[ShowtimeCode], [s].[StartTime], [s].[Status]
FROM [Showtimes] AS [s]
WHERE [s].[Status] IN (N'Đã lên lịch', N'Đang mở bán', N'Sap chieu') AND [s].[StartTime] <= @__now_0 AND [s].[EndTime] > @__now_0
2026-05-27 22:06:16.530 +07:00 [INF] Executed DbCommand (3ms) [Parameters=[@__now_0='?' (DbType = DateTime2)], CommandType='"Text"', CommandTimeout='30']
SELECT [s].[ShowtimeID], [s].[EndTime], [s].[MovieID], [s].[RoomID], [s].[ShowtimeCode], [s].[StartTime], [s].[Status]
FROM [Showtimes] AS [s]
WHERE [s].[Status] IN (N'Đã lên lịch', N'Đang mở bán', N'Đang chiếu', N'Sap chieu', N'Dang dien ra') AND [s].[EndTime] <= @__now_0
2026-05-27 22:06:16.533 +07:00 [INF] Executed DbCommand (2ms) [Parameters=[@__today_0='?' (DbType = Date)], CommandType='"Text"', CommandTimeout='30']
SELECT [m].[MovieID], [m].[Actors], [m].[Description], [m].[Director], [m].[Duration], [m].[Genre], [m].[MovieCode], [m].[Poster], [m].[ReleaseDate], [m].[Status], [m].[Title], [m].[Trailer]
FROM [Movies] AS [m]
WHERE [m].[Status] = N'Sap chieu' AND [m].[ReleaseDate] <= @__today_0
2026-05-27 22:07:16.548 +07:00 [INF] Executed DbCommand (6ms) [Parameters=[], CommandType='"Text"', CommandTimeout='30']
SELECT [o].[OrderID], [o].[CheckInTime], [o].[FinalAmount], [o].[HoldExpiryTime], [o].[OrderCode], [o].[PayOSTransID], [o].[PromoID], [o].[QrCode], [o].[ShowtimeID], [o].[Status], [o].[TotalAmount], [o].[UserID]
FROM [Orders] AS [o]
WHERE [o].[Status] = N'Chờ thanh toán' AND [o].[HoldExpiryTime] <= GETDATE()
2026-05-27 22:07:16.556 +07:00 [INF] Executed DbCommand (4ms) [Parameters=[@__maxSellingDate_0='?' (DbType = DateTime2), @__now_1='?' (DbType = DateTime2)], CommandType='"Text"', CommandTimeout='30']
SELECT [s].[ShowtimeID], [s].[EndTime], [s].[MovieID], [s].[RoomID], [s].[ShowtimeCode], [s].[StartTime], [s].[Status]
FROM [Showtimes] AS [s]
WHERE [s].[Status] IN (N'Đã lên lịch', N'Sap chieu') AND CONVERT(date, [s].[StartTime]) <= @__maxSellingDate_0 AND [s].[StartTime] > @__now_1
2026-05-27 22:07:16.558 +07:00 [INF] Executed DbCommand (2ms) [Parameters=[@__now_0='?' (DbType = DateTime2)], CommandType='"Text"', CommandTimeout='30']
SELECT [s].[ShowtimeID], [s].[EndTime], [s].[MovieID], [s].[RoomID], [s].[ShowtimeCode], [s].[StartTime], [s].[Status]
FROM [Showtimes] AS [s]
WHERE [s].[Status] IN (N'Đã lên lịch', N'Đang mở bán', N'Sap chieu') AND [s].[StartTime] <= @__now_0 AND [s].[EndTime] > @__now_0
2026-05-27 22:07:16.560 +07:00 [INF] Executed DbCommand (2ms) [Parameters=[@__now_0='?' (DbType = DateTime2)], CommandType='"Text"', CommandTimeout='30']
SELECT [s].[ShowtimeID], [s].[EndTime], [s].[MovieID], [s].[RoomID], [s].[ShowtimeCode], [s].[StartTime], [s].[Status]
FROM [Showtimes] AS [s]
WHERE [s].[Status] IN (N'Đã lên lịch', N'Đang mở bán', N'Đang chiếu', N'Sap chieu', N'Dang dien ra') AND [s].[EndTime] <= @__now_0
2026-05-27 22:07:16.563 +07:00 [INF] Executed DbCommand (2ms) [Parameters=[@__today_0='?' (DbType = Date)], CommandType='"Text"', CommandTimeout='30']
SELECT [m].[MovieID], [m].[Actors], [m].[Description], [m].[Director], [m].[Duration], [m].[Genre], [m].[MovieCode], [m].[Poster], [m].[ReleaseDate], [m].[Status], [m].[Title], [m].[Trailer]
FROM [Movies] AS [m]
WHERE [m].[Status] = N'Sap chieu' AND [m].[ReleaseDate] <= @__today_0
2026-05-27 22:08:16.580 +07:00 [INF] Executed DbCommand (6ms) [Parameters=[], CommandType='"Text"', CommandTimeout='30']
SELECT [o].[OrderID], [o].[CheckInTime], [o].[FinalAmount], [o].[HoldExpiryTime], [o].[OrderCode], [o].[PayOSTransID], [o].[PromoID], [o].[QrCode], [o].[ShowtimeID], [o].[Status], [o].[TotalAmount], [o].[UserID]
FROM [Orders] AS [o]
WHERE [o].[Status] = N'Chờ thanh toán' AND [o].[HoldExpiryTime] <= GETDATE()
2026-05-27 22:08:16.586 +07:00 [INF] Executed DbCommand (4ms) [Parameters=[@__maxSellingDate_0='?' (DbType = DateTime2), @__now_1='?' (DbType = DateTime2)], CommandType='"Text"', CommandTimeout='30']
SELECT [s].[ShowtimeID], [s].[EndTime], [s].[MovieID], [s].[RoomID], [s].[ShowtimeCode], [s].[StartTime], [s].[Status]
FROM [Showtimes] AS [s]
WHERE [s].[Status] IN (N'Đã lên lịch', N'Sap chieu') AND CONVERT(date, [s].[StartTime]) <= @__maxSellingDate_0 AND [s].[StartTime] > @__now_1
2026-05-27 22:08:16.591 +07:00 [INF] Executed DbCommand (4ms) [Parameters=[@__now_0='?' (DbType = DateTime2)], CommandType='"Text"', CommandTimeout='30']
SELECT [s].[ShowtimeID], [s].[EndTime], [s].[MovieID], [s].[RoomID], [s].[ShowtimeCode], [s].[StartTime], [s].[Status]
FROM [Showtimes] AS [s]
WHERE [s].[Status] IN (N'Đã lên lịch', N'Đang mở bán', N'Sap chieu') AND [s].[StartTime] <= @__now_0 AND [s].[EndTime] > @__now_0
2026-05-27 22:08:16.594 +07:00 [INF] Executed DbCommand (3ms) [Parameters=[@__now_0='?' (DbType = DateTime2)], CommandType='"Text"', CommandTimeout='30']
SELECT [s].[ShowtimeID], [s].[EndTime], [s].[MovieID], [s].[RoomID], [s].[ShowtimeCode], [s].[StartTime], [s].[Status]
FROM [Showtimes] AS [s]
WHERE [s].[Status] IN (N'Đã lên lịch', N'Đang mở bán', N'Đang chiếu', N'Sap chieu', N'Dang dien ra') AND [s].[EndTime] <= @__now_0
2026-05-27 22:08:16.598 +07:00 [INF] Executed DbCommand (3ms) [Parameters=[@__today_0='?' (DbType = Date)], CommandType='"Text"', CommandTimeout='30']
SELECT [m].[MovieID], [m].[Actors], [m].[Description], [m].[Director], [m].[Duration], [m].[Genre], [m].[MovieCode], [m].[Poster], [m].[ReleaseDate], [m].[Status], [m].[Title], [m].[Trailer]
FROM [Movies] AS [m]
WHERE [m].[Status] = N'Sap chieu' AND [m].[ReleaseDate] <= @__today_0
2026-05-27 22:09:16.619 +07:00 [INF] Executed DbCommand (7ms) [Parameters=[], CommandType='"Text"', CommandTimeout='30']
SELECT [o].[OrderID], [o].[CheckInTime], [o].[FinalAmount], [o].[HoldExpiryTime], [o].[OrderCode], [o].[PayOSTransID], [o].[PromoID], [o].[QrCode], [o].[ShowtimeID], [o].[Status], [o].[TotalAmount], [o].[UserID]
FROM [Orders] AS [o]
WHERE [o].[Status] = N'Chờ thanh toán' AND [o].[HoldExpiryTime] <= GETDATE()
2026-05-27 22:09:16.625 +07:00 [INF] Executed DbCommand (5ms) [Parameters=[@__maxSellingDate_0='?' (DbType = DateTime2), @__now_1='?' (DbType = DateTime2)], CommandType='"Text"', CommandTimeout='30']
SELECT [s].[ShowtimeID], [s].[EndTime], [s].[MovieID], [s].[RoomID], [s].[ShowtimeCode], [s].[StartTime], [s].[Status]
FROM [Showtimes] AS [s]
WHERE [s].[Status] IN (N'Đã lên lịch', N'Sap chieu') AND CONVERT(date, [s].[StartTime]) <= @__maxSellingDate_0 AND [s].[StartTime] > @__now_1
2026-05-27 22:09:16.630 +07:00 [INF] Executed DbCommand (4ms) [Parameters=[@__now_0='?' (DbType = DateTime2)], CommandType='"Text"', CommandTimeout='30']
SELECT [s].[ShowtimeID], [s].[EndTime], [s].[MovieID], [s].[RoomID], [s].[ShowtimeCode], [s].[StartTime], [s].[Status]
FROM [Showtimes] AS [s]
WHERE [s].[Status] IN (N'Đã lên lịch', N'Đang mở bán', N'Sap chieu') AND [s].[StartTime] <= @__now_0 AND [s].[EndTime] > @__now_0
2026-05-27 22:09:16.633 +07:00 [INF] Executed DbCommand (2ms) [Parameters=[@__now_0='?' (DbType = DateTime2)], CommandType='"Text"', CommandTimeout='30']
SELECT [s].[ShowtimeID], [s].[EndTime], [s].[MovieID], [s].[RoomID], [s].[ShowtimeCode], [s].[StartTime], [s].[Status]
FROM [Showtimes] AS [s]
WHERE [s].[Status] IN (N'Đã lên lịch', N'Đang mở bán', N'Đang chiếu', N'Sap chieu', N'Dang dien ra') AND [s].[EndTime] <= @__now_0
2026-05-27 22:09:16.637 +07:00 [INF] Executed DbCommand (3ms) [Parameters=[@__today_0='?' (DbType = Date)], CommandType='"Text"', CommandTimeout='30']
SELECT [m].[MovieID], [m].[Actors], [m].[Description], [m].[Director], [m].[Duration], [m].[Genre], [m].[MovieCode], [m].[Poster], [m].[ReleaseDate], [m].[Status], [m].[Title], [m].[Trailer]
FROM [Movies] AS [m]
WHERE [m].[Status] = N'Sap chieu' AND [m].[ReleaseDate] <= @__today_0
2026-05-27 22:10:16.656 +07:00 [INF] Executed DbCommand (6ms) [Parameters=[], CommandType='"Text"', CommandTimeout='30']
SELECT [o].[OrderID], [o].[CheckInTime], [o].[FinalAmount], [o].[HoldExpiryTime], [o].[OrderCode], [o].[PayOSTransID], [o].[PromoID], [o].[QrCode], [o].[ShowtimeID], [o].[Status], [o].[TotalAmount], [o].[UserID]
FROM [Orders] AS [o]
WHERE [o].[Status] = N'Chờ thanh toán' AND [o].[HoldExpiryTime] <= GETDATE()
2026-05-27 22:10:16.662 +07:00 [INF] Executed DbCommand (3ms) [Parameters=[@__maxSellingDate_0='?' (DbType = DateTime2), @__now_1='?' (DbType = DateTime2)], CommandType='"Text"', CommandTimeout='30']
SELECT [s].[ShowtimeID], [s].[EndTime], [s].[MovieID], [s].[RoomID], [s].[ShowtimeCode], [s].[StartTime], [s].[Status]
FROM [Showtimes] AS [s]
WHERE [s].[Status] IN (N'Đã lên lịch', N'Sap chieu') AND CONVERT(date, [s].[StartTime]) <= @__maxSellingDate_0 AND [s].[StartTime] > @__now_1
2026-05-27 22:10:16.666 +07:00 [INF] Executed DbCommand (4ms) [Parameters=[@__now_0='?' (DbType = DateTime2)], CommandType='"Text"', CommandTimeout='30']
SELECT [s].[ShowtimeID], [s].[EndTime], [s].[MovieID], [s].[RoomID], [s].[ShowtimeCode], [s].[StartTime], [s].[Status]
FROM [Showtimes] AS [s]
WHERE [s].[Status] IN (N'Đã lên lịch', N'Đang mở bán', N'Sap chieu') AND [s].[StartTime] <= @__now_0 AND [s].[EndTime] > @__now_0
2026-05-27 22:10:16.669 +07:00 [INF] Executed DbCommand (2ms) [Parameters=[@__now_0='?' (DbType = DateTime2)], CommandType='"Text"', CommandTimeout='30']
SELECT [s].[ShowtimeID], [s].[EndTime], [s].[MovieID], [s].[RoomID], [s].[ShowtimeCode], [s].[StartTime], [s].[Status]
FROM [Showtimes] AS [s]
WHERE [s].[Status] IN (N'Đã lên lịch', N'Đang mở bán', N'Đang chiếu', N'Sap chieu', N'Dang dien ra') AND [s].[EndTime] <= @__now_0
2026-05-27 22:10:16.672 +07:00 [INF] Executed DbCommand (2ms) [Parameters=[@__today_0='?' (DbType = Date)], CommandType='"Text"', CommandTimeout='30']
SELECT [m].[MovieID], [m].[Actors], [m].[Description], [m].[Director], [m].[Duration], [m].[Genre], [m].[MovieCode], [m].[Poster], [m].[ReleaseDate], [m].[Status], [m].[Title], [m].[Trailer]
FROM [Movies] AS [m]
WHERE [m].[Status] = N'Sap chieu' AND [m].[ReleaseDate] <= @__today_0
