2026-05-20 12:02:38.072 +07:00 [INF] Executed DbCommand (21ms) [Parameters=[], CommandType='"Text"', CommandTimeout='30']
SELECT 1
2026-05-20 12:02:38.134 +07:00 [INF] Executed DbCommand (18ms) [Parameters=[], CommandType='"Text"', CommandTimeout='30']
SELECT OBJECT_ID(N'[__EFMigrationsHistory]');
2026-05-20 12:02:38.137 +07:00 [INF] Executed DbCommand (1ms) [Parameters=[], CommandType='"Text"', CommandTimeout='30']
SELECT 1
2026-05-20 12:02:38.138 +07:00 [INF] Executed DbCommand (1ms) [Parameters=[], CommandType='"Text"', CommandTimeout='30']
SELECT OBJECT_ID(N'[__EFMigrationsHistory]');
2026-05-20 12:02:38.159 +07:00 [INF] Executed DbCommand (4ms) [Parameters=[], CommandType='"Text"', CommandTimeout='30']
SELECT [MigrationId], [ProductVersion]
FROM [__EFMigrationsHistory]
ORDER BY [MigrationId];
2026-05-20 12:02:38.176 +07:00 [INF] No migrations were applied. The database is already up to date.
2026-05-20 12:02:38.361 +07:00 [INF] Executed DbCommand (5ms) [Parameters=[], CommandType='"Text"', CommandTimeout='30']
SELECT CASE
    WHEN EXISTS (
        SELECT 1
        FROM [Users] AS [u]
        WHERE [u].[Email] = N'admin@auracinema.vn') THEN CAST(1 AS bit)
    ELSE CAST(0 AS bit)
END
2026-05-20 12:02:38.370 +07:00 [INF] Executed DbCommand (1ms) [Parameters=[], CommandType='"Text"', CommandTimeout='30']
SELECT CASE
    WHEN EXISTS (
        SELECT 1
        FROM [Users] AS [u]
        WHERE [u].[Email] = N'staff@auracinema.vn') THEN CAST(1 AS bit)
    ELSE CAST(0 AS bit)
END
2026-05-20 12:02:38.375 +07:00 [INF] Executed DbCommand (3ms) [Parameters=[], CommandType='"Text"', CommandTimeout='30']
SELECT CASE
    WHEN EXISTS (
        SELECT 1
        FROM [Users] AS [u]
        WHERE [u].[Email] = N'customer@gmail.com') THEN CAST(1 AS bit)
    ELSE CAST(0 AS bit)
END
2026-05-20 12:02:38.446 +07:00 [INF] Executed DbCommand (2ms) [Parameters=[], CommandType='"Text"', CommandTimeout='30']
SELECT [u].[UserID], [u].[Email], [u].[FullName], [u].[OtpCode], [u].[OtpExpiry], [u].[Password], [u].[Phone], [u].[Role], [u].[Status], [u].[UserCode]
FROM [Users] AS [u]
WHERE [u].[UserCode] LIKE N''
2026-05-20 12:02:38.451 +07:00 [INF] Executed DbCommand (2ms) [Parameters=[], CommandType='"Text"', CommandTimeout='30']
SELECT CASE
    WHEN EXISTS (
        SELECT 1
        FROM [Rooms] AS [r]) THEN CAST(1 AS bit)
    ELSE CAST(0 AS bit)
END
2026-05-20 12:02:38.455 +07:00 [INF] Executed DbCommand (2ms) [Parameters=[], CommandType='"Text"', CommandTimeout='30']
SELECT CASE
    WHEN EXISTS (
        SELECT 1
        FROM [PriceConfigs] AS [p]) THEN CAST(1 AS bit)
    ELSE CAST(0 AS bit)
END
2026-05-20 12:02:38.462 +07:00 [INF] Executed DbCommand (2ms) [Parameters=[], CommandType='"Text"', CommandTimeout='30']
SELECT CASE
    WHEN EXISTS (
        SELECT 1
        FROM [Movies] AS [m]) THEN CAST(1 AS bit)
    ELSE CAST(0 AS bit)
END
2026-05-20 12:02:38.466 +07:00 [INF] Executed DbCommand (2ms) [Parameters=[], CommandType='"Text"', CommandTimeout='30']
SELECT CASE
    WHEN EXISTS (
        SELECT 1
        FROM [Services] AS [s]) THEN CAST(1 AS bit)
    ELSE CAST(0 AS bit)
END
2026-05-20 12:02:38.470 +07:00 [INF] Executed DbCommand (2ms) [Parameters=[], CommandType='"Text"', CommandTimeout='30']
SELECT CASE
    WHEN EXISTS (
        SELECT 1
        FROM [Promotions] AS [p]) THEN CAST(1 AS bit)
    ELSE CAST(0 AS bit)
END
2026-05-20 12:02:38.476 +07:00 [INF] Executed DbCommand (3ms) [Parameters=[], CommandType='"Text"', CommandTimeout='30']
SELECT CASE
    WHEN EXISTS (
        SELECT 1
        FROM [Showtimes] AS [s]) THEN CAST(1 AS bit)
    ELSE CAST(0 AS bit)
END
2026-05-20 12:02:38.487 +07:00 [INF] Executed DbCommand (3ms) [Parameters=[], CommandType='"Text"', CommandTimeout='30']
SELECT CASE
    WHEN EXISTS (
        SELECT 1
        FROM [Orders] AS [o]
        WHERE [o].[Status] IN (N'Da thanh toan', N'Đã thanh toán')) THEN CAST(1 AS bit)
    ELSE CAST(0 AS bit)
END
2026-05-20 12:02:42.282 +07:00 [INF] User profile is available. Using 'C:\Users\lqhie\AppData\Local\ASP.NET\DataProtection-Keys' as key repository and Windows DPAPI to encrypt keys at rest.
2026-05-20 12:02:42.676 +07:00 [INF] Booking Cleanup Service is starting.
2026-05-20 12:02:42.700 +07:00 [INF] Executed DbCommand (3ms) [Parameters=[], CommandType='"Text"', CommandTimeout='30']
SELECT [o].[OrderID], [o].[FinalAmount], [o].[HoldExpiryTime], [o].[OrderCode], [o].[PayOSTransID], [o].[PromoID], [o].[QrCode], [o].[ShowtimeID], [o].[Status], [o].[TotalAmount], [o].[UserID]
FROM [Orders] AS [o]
WHERE [o].[Status] = N'Chờ thanh toán' AND [o].[HoldExpiryTime] <= GETDATE()
2026-05-20 12:02:42.851 +07:00 [INF] Executed DbCommand (93ms) [Parameters=[@__maxSellingDate_0='?' (DbType = DateTime2), @__now_1='?' (DbType = DateTime2)], CommandType='"Text"', CommandTimeout='30']
SELECT [s].[ShowtimeID], [s].[EndTime], [s].[MovieID], [s].[RoomID], [s].[ShowtimeCode], [s].[StartTime], [s].[Status]
FROM [Showtimes] AS [s]
WHERE [s].[Status] IN (N'Đã lên lịch', N'Sap chieu') AND CONVERT(date, [s].[StartTime]) <= @__maxSellingDate_0 AND [s].[StartTime] > @__now_1
2026-05-20 12:02:42.893 +07:00 [INF] Executed DbCommand (2ms) [Parameters=[@__now_0='?' (DbType = DateTime2)], CommandType='"Text"', CommandTimeout='30']
SELECT [s].[ShowtimeID], [s].[EndTime], [s].[MovieID], [s].[RoomID], [s].[ShowtimeCode], [s].[StartTime], [s].[Status]
FROM [Showtimes] AS [s]
WHERE [s].[Status] IN (N'Đã lên lịch', N'Đang mở bán', N'Sap chieu') AND [s].[StartTime] <= @__now_0 AND [s].[EndTime] > @__now_0
2026-05-20 12:02:42.899 +07:00 [INF] Executed DbCommand (2ms) [Parameters=[@__now_0='?' (DbType = DateTime2)], CommandType='"Text"', CommandTimeout='30']
SELECT [s].[ShowtimeID], [s].[EndTime], [s].[MovieID], [s].[RoomID], [s].[ShowtimeCode], [s].[StartTime], [s].[Status]
FROM [Showtimes] AS [s]
WHERE [s].[Status] IN (N'Đã lên lịch', N'Đang mở bán', N'Đang chiếu', N'Sap chieu', N'Dang dien ra') AND [s].[EndTime] <= @__now_0
2026-05-20 12:02:42.899 +07:00 [INF] Updated showtime status: 2 → Đang mở bán, 0 → Đang chiếu, 1 → Đã kết thúc.
2026-05-20 12:02:42.975 +07:00 [INF] Executed DbCommand (6ms) [Parameters=[@p1='?' (DbType = Int32), @p0='?' (Size = 4000), @p3='?' (DbType = Int32), @p2='?' (Size = 4000), @p5='?' (DbType = Int32), @p4='?' (Size = 4000)], CommandType='"Text"', CommandTimeout='30']
SET NOCOUNT ON;
UPDATE [Showtimes] SET [Status] = @p0
OUTPUT 1
WHERE [ShowtimeID] = @p1;
UPDATE [Showtimes] SET [Status] = @p2
OUTPUT 1
WHERE [ShowtimeID] = @p3;
UPDATE [Showtimes] SET [Status] = @p4
OUTPUT 1
WHERE [ShowtimeID] = @p5;
2026-05-20 12:02:43.140 +07:00 [INF] Now listening on: http://localhost:5231
2026-05-20 12:02:43.140 +07:00 [INF] Application started. Press Ctrl+C to shut down.
2026-05-20 12:02:43.140 +07:00 [INF] Hosting environment: Development
2026-05-20 12:02:43.140 +07:00 [INF] Content root path: D:\AURACINEMA\AuraCinema.Web
2026-05-20 12:03:43.008 +07:00 [INF] Executed DbCommand (1ms) [Parameters=[], CommandType='"Text"', CommandTimeout='30']
SELECT [o].[OrderID], [o].[FinalAmount], [o].[HoldExpiryTime], [o].[OrderCode], [o].[PayOSTransID], [o].[PromoID], [o].[QrCode], [o].[ShowtimeID], [o].[Status], [o].[TotalAmount], [o].[UserID]
FROM [Orders] AS [o]
WHERE [o].[Status] = N'Chờ thanh toán' AND [o].[HoldExpiryTime] <= GETDATE()
2026-05-20 12:03:43.010 +07:00 [INF] Executed DbCommand (1ms) [Parameters=[@__maxSellingDate_0='?' (DbType = DateTime2), @__now_1='?' (DbType = DateTime2)], CommandType='"Text"', CommandTimeout='30']
SELECT [s].[ShowtimeID], [s].[EndTime], [s].[MovieID], [s].[RoomID], [s].[ShowtimeCode], [s].[StartTime], [s].[Status]
FROM [Showtimes] AS [s]
WHERE [s].[Status] IN (N'Đã lên lịch', N'Sap chieu') AND CONVERT(date, [s].[StartTime]) <= @__maxSellingDate_0 AND [s].[StartTime] > @__now_1
2026-05-20 12:03:43.011 +07:00 [INF] Executed DbCommand (1ms) [Parameters=[@__now_0='?' (DbType = DateTime2)], CommandType='"Text"', CommandTimeout='30']
SELECT [s].[ShowtimeID], [s].[EndTime], [s].[MovieID], [s].[RoomID], [s].[ShowtimeCode], [s].[StartTime], [s].[Status]
FROM [Showtimes] AS [s]
WHERE [s].[Status] IN (N'Đã lên lịch', N'Đang mở bán', N'Sap chieu') AND [s].[StartTime] <= @__now_0 AND [s].[EndTime] > @__now_0
2026-05-20 12:03:43.012 +07:00 [INF] Executed DbCommand (1ms) [Parameters=[@__now_0='?' (DbType = DateTime2)], CommandType='"Text"', CommandTimeout='30']
SELECT [s].[ShowtimeID], [s].[EndTime], [s].[MovieID], [s].[RoomID], [s].[ShowtimeCode], [s].[StartTime], [s].[Status]
FROM [Showtimes] AS [s]
WHERE [s].[Status] IN (N'Đã lên lịch', N'Đang mở bán', N'Đang chiếu', N'Sap chieu', N'Dang dien ra') AND [s].[EndTime] <= @__now_0
2026-05-20 12:04:51.800 +07:00 [INF] Executed DbCommand (17ms) [Parameters=[], CommandType='"Text"', CommandTimeout='30']
SELECT 1
2026-05-20 12:04:51.860 +07:00 [INF] Executed DbCommand (19ms) [Parameters=[], CommandType='"Text"', CommandTimeout='30']
SELECT OBJECT_ID(N'[__EFMigrationsHistory]');
2026-05-20 12:04:51.865 +07:00 [INF] Executed DbCommand (1ms) [Parameters=[], CommandType='"Text"', CommandTimeout='30']
SELECT 1
2026-05-20 12:04:51.866 +07:00 [INF] Executed DbCommand (1ms) [Parameters=[], CommandType='"Text"', CommandTimeout='30']
SELECT OBJECT_ID(N'[__EFMigrationsHistory]');
2026-05-20 12:04:51.880 +07:00 [INF] Executed DbCommand (3ms) [Parameters=[], CommandType='"Text"', CommandTimeout='30']
SELECT [MigrationId], [ProductVersion]
FROM [__EFMigrationsHistory]
ORDER BY [MigrationId];
2026-05-20 12:04:51.892 +07:00 [INF] No migrations were applied. The database is already up to date.
2026-05-20 12:04:52.050 +07:00 [INF] Executed DbCommand (4ms) [Parameters=[], CommandType='"Text"', CommandTimeout='30']
SELECT CASE
    WHEN EXISTS (
        SELECT 1
        FROM [Users] AS [u]
        WHERE [u].[Email] = N'admin@auracinema.vn') THEN CAST(1 AS bit)
    ELSE CAST(0 AS bit)
END
2026-05-20 12:04:52.056 +07:00 [INF] Executed DbCommand (2ms) [Parameters=[], CommandType='"Text"', CommandTimeout='30']
SELECT CASE
    WHEN EXISTS (
        SELECT 1
        FROM [Users] AS [u]
        WHERE [u].[Email] = N'staff@auracinema.vn') THEN CAST(1 AS bit)
    ELSE CAST(0 AS bit)
END
2026-05-20 12:04:52.060 +07:00 [INF] Executed DbCommand (1ms) [Parameters=[], CommandType='"Text"', CommandTimeout='30']
SELECT CASE
    WHEN EXISTS (
        SELECT 1
        FROM [Users] AS [u]
        WHERE [u].[Email] = N'customer@gmail.com') THEN CAST(1 AS bit)
    ELSE CAST(0 AS bit)
END
2026-05-20 12:04:52.113 +07:00 [INF] Executed DbCommand (2ms) [Parameters=[], CommandType='"Text"', CommandTimeout='30']
SELECT [u].[UserID], [u].[Email], [u].[FullName], [u].[OtpCode], [u].[OtpExpiry], [u].[Password], [u].[Phone], [u].[Role], [u].[Status], [u].[UserCode]
FROM [Users] AS [u]
WHERE [u].[UserCode] LIKE N''
2026-05-20 12:04:52.119 +07:00 [INF] Executed DbCommand (2ms) [Parameters=[], CommandType='"Text"', CommandTimeout='30']
SELECT CASE
    WHEN EXISTS (
        SELECT 1
        FROM [Rooms] AS [r]) THEN CAST(1 AS bit)
    ELSE CAST(0 AS bit)
END
2026-05-20 12:04:52.123 +07:00 [INF] Executed DbCommand (2ms) [Parameters=[], CommandType='"Text"', CommandTimeout='30']
SELECT CASE
    WHEN EXISTS (
        SELECT 1
        FROM [PriceConfigs] AS [p]) THEN CAST(1 AS bit)
    ELSE CAST(0 AS bit)
END
2026-05-20 12:04:52.127 +07:00 [INF] Executed DbCommand (2ms) [Parameters=[], CommandType='"Text"', CommandTimeout='30']
SELECT CASE
    WHEN EXISTS (
        SELECT 1
        FROM [Movies] AS [m]) THEN CAST(1 AS bit)
    ELSE CAST(0 AS bit)
END
2026-05-20 12:04:52.133 +07:00 [INF] Executed DbCommand (2ms) [Parameters=[], CommandType='"Text"', CommandTimeout='30']
SELECT CASE
    WHEN EXISTS (
        SELECT 1
        FROM [Services] AS [s]) THEN CAST(1 AS bit)
    ELSE CAST(0 AS bit)
END
2026-05-20 12:04:52.137 +07:00 [INF] Executed DbCommand (2ms) [Parameters=[], CommandType='"Text"', CommandTimeout='30']
SELECT CASE
    WHEN EXISTS (
        SELECT 1
        FROM [Promotions] AS [p]) THEN CAST(1 AS bit)
    ELSE CAST(0 AS bit)
END
2026-05-20 12:04:52.142 +07:00 [INF] Executed DbCommand (2ms) [Parameters=[], CommandType='"Text"', CommandTimeout='30']
SELECT CASE
    WHEN EXISTS (
        SELECT 1
        FROM [Showtimes] AS [s]) THEN CAST(1 AS bit)
    ELSE CAST(0 AS bit)
END
2026-05-20 12:04:52.156 +07:00 [INF] Executed DbCommand (3ms) [Parameters=[], CommandType='"Text"', CommandTimeout='30']
SELECT CASE
    WHEN EXISTS (
        SELECT 1
        FROM [Orders] AS [o]
        WHERE [o].[Status] IN (N'Da thanh toan', N'Đã thanh toán')) THEN CAST(1 AS bit)
    ELSE CAST(0 AS bit)
END
2026-05-20 12:04:52.464 +07:00 [INF] User profile is available. Using 'C:\Users\lqhie\AppData\Local\ASP.NET\DataProtection-Keys' as key repository and Windows DPAPI to encrypt keys at rest.
2026-05-20 12:04:52.502 +07:00 [INF] Booking Cleanup Service is starting.
2026-05-20 12:04:52.526 +07:00 [INF] Executed DbCommand (4ms) [Parameters=[], CommandType='"Text"', CommandTimeout='30']
SELECT [o].[OrderID], [o].[FinalAmount], [o].[HoldExpiryTime], [o].[OrderCode], [o].[PayOSTransID], [o].[PromoID], [o].[QrCode], [o].[ShowtimeID], [o].[Status], [o].[TotalAmount], [o].[UserID]
FROM [Orders] AS [o]
WHERE [o].[Status] = N'Chờ thanh toán' AND [o].[HoldExpiryTime] <= GETDATE()
2026-05-20 12:04:52.551 +07:00 [INF] Now listening on: http://localhost:5231
2026-05-20 12:04:52.551 +07:00 [INF] Application started. Press Ctrl+C to shut down.
2026-05-20 12:04:52.551 +07:00 [INF] Hosting environment: Development
2026-05-20 12:04:52.551 +07:00 [INF] Content root path: D:\AURACINEMA\AuraCinema.Web
2026-05-20 12:04:52.689 +07:00 [INF] Executed DbCommand (105ms) [Parameters=[@__maxSellingDate_0='?' (DbType = DateTime2), @__now_1='?' (DbType = DateTime2)], CommandType='"Text"', CommandTimeout='30']
SELECT [s].[ShowtimeID], [s].[EndTime], [s].[MovieID], [s].[RoomID], [s].[ShowtimeCode], [s].[StartTime], [s].[Status]
FROM [Showtimes] AS [s]
WHERE [s].[Status] IN (N'Đã lên lịch', N'Sap chieu') AND CONVERT(date, [s].[StartTime]) <= @__maxSellingDate_0 AND [s].[StartTime] > @__now_1
2026-05-20 12:04:52.695 +07:00 [INF] Executed DbCommand (2ms) [Parameters=[@__now_0='?' (DbType = DateTime2)], CommandType='"Text"', CommandTimeout='30']
SELECT [s].[ShowtimeID], [s].[EndTime], [s].[MovieID], [s].[RoomID], [s].[ShowtimeCode], [s].[StartTime], [s].[Status]
FROM [Showtimes] AS [s]
WHERE [s].[Status] IN (N'Đã lên lịch', N'Đang mở bán', N'Sap chieu') AND [s].[StartTime] <= @__now_0 AND [s].[EndTime] > @__now_0
2026-05-20 12:04:52.700 +07:00 [INF] Executed DbCommand (2ms) [Parameters=[@__now_0='?' (DbType = DateTime2)], CommandType='"Text"', CommandTimeout='30']
SELECT [s].[ShowtimeID], [s].[EndTime], [s].[MovieID], [s].[RoomID], [s].[ShowtimeCode], [s].[StartTime], [s].[Status]
FROM [Showtimes] AS [s]
WHERE [s].[Status] IN (N'Đã lên lịch', N'Đang mở bán', N'Đang chiếu', N'Sap chieu', N'Dang dien ra') AND [s].[EndTime] <= @__now_0
2026-05-20 12:04:58.416 +07:00 [INF] Request starting HTTP/1.1 GET http://localhost:5231/ - null null
2026-05-20 12:04:58.419 +07:00 [WRN] Failed to determine the https port for redirect.
2026-05-20 12:04:58.473 +07:00 [INF] Executing endpoint 'AuraCinema.Web.Controllers.HomeController.Index (AuraCinema.Web)'
2026-05-20 12:04:58.491 +07:00 [INF] Route matched with {action = "Index", controller = "Home", area = ""}. Executing controller action with signature System.Threading.Tasks.Task`1[Microsoft.AspNetCore.Mvc.IActionResult] Index() on controller AuraCinema.Web.Controllers.HomeController (AuraCinema.Web).
2026-05-20 12:04:58.518 +07:00 [INF] Executed DbCommand (2ms) [Parameters=[], CommandType='"Text"', CommandTimeout='30']
SELECT [m].[MovieID], [m].[Title], [m].[Genre], [m].[Poster], [m].[Duration], [m].[Status], [m].[ReleaseDate], [m].[Director]
FROM [Movies] AS [m]
WHERE [m].[Status] IN (N'Dang chieu', N'Sap chieu')
ORDER BY [m].[ReleaseDate] DESC
2026-05-20 12:04:58.536 +07:00 [INF] Executing ViewResult, running view Index.
2026-05-20 12:04:58.720 +07:00 [INF] Executed ViewResult - view Index executed in 183.5927ms.
2026-05-20 12:04:58.728 +07:00 [INF] Executed action AuraCinema.Web.Controllers.HomeController.Index (AuraCinema.Web) in 235.8882ms
2026-05-20 12:04:58.729 +07:00 [INF] Executed endpoint 'AuraCinema.Web.Controllers.HomeController.Index (AuraCinema.Web)'
2026-05-20 12:04:58.739 +07:00 [INF] Request finished HTTP/1.1 GET http://localhost:5231/ - 200 null text/html; charset=utf-8 324.3365ms
2026-05-20 12:04:58.773 +07:00 [INF] Request starting HTTP/1.1 GET http://localhost:5231/css/toast.css?v=Z4M7toPnjAbe_VdKSDqAbfaxhALLty-Fepv8g6yx290 - null null
2026-05-20 12:04:58.773 +07:00 [INF] Request starting HTTP/1.1 GET http://localhost:5231/css/site.css?v=wrQ1MeiVPg32MAFeAWGszcMS6avuWDFaL-8-z0i5gfo - null null
2026-05-20 12:04:58.773 +07:00 [INF] Request starting HTTP/1.1 GET http://localhost:5231/uploads/posters/788455c8-504d-4eb3-a6f3-511ebed75eef_12176_103_100001.jpg - null null
2026-05-20 12:04:58.774 +07:00 [INF] Request starting HTTP/1.1 GET http://localhost:5231/js/toast.js?v=OY_RDi1zubGPJvmnQfgWMS8dVaDq86DolKeRhvUgnoI - null null
2026-05-20 12:04:58.780 +07:00 [INF] The file /css/site.css was not modified
2026-05-20 12:04:58.780 +07:00 [INF] The file /css/toast.css was not modified
2026-05-20 12:04:58.780 +07:00 [INF] The file /uploads/posters/788455c8-504d-4eb3-a6f3-511ebed75eef_12176_103_100001.jpg was not modified
2026-05-20 12:04:58.780 +07:00 [INF] The file /js/toast.js was not modified
2026-05-20 12:04:58.781 +07:00 [INF] Request finished HTTP/1.1 GET http://localhost:5231/js/toast.js?v=OY_RDi1zubGPJvmnQfgWMS8dVaDq86DolKeRhvUgnoI - 304 null text/javascript 7.8661ms
2026-05-20 12:04:58.781 +07:00 [INF] Request finished HTTP/1.1 GET http://localhost:5231/css/toast.css?v=Z4M7toPnjAbe_VdKSDqAbfaxhALLty-Fepv8g6yx290 - 304 null text/css 8.2915ms
2026-05-20 12:04:58.782 +07:00 [INF] Request finished HTTP/1.1 GET http://localhost:5231/uploads/posters/788455c8-504d-4eb3-a6f3-511ebed75eef_12176_103_100001.jpg - 304 null image/jpeg 8.8383ms
2026-05-20 12:04:58.783 +07:00 [INF] Request finished HTTP/1.1 GET http://localhost:5231/css/site.css?v=wrQ1MeiVPg32MAFeAWGszcMS6avuWDFaL-8-z0i5gfo - 304 null text/css 9.9981ms
2026-05-20 12:04:58.889 +07:00 [INF] Request starting HTTP/1.1 GET http://localhost:5231/uploads/posters/1a5ceff8-a59b-4c32-b263-365ce252dc34_12194_103_100002.jpg - null null
2026-05-20 12:04:58.889 +07:00 [INF] Request starting HTTP/1.1 GET http://localhost:5231/uploads/posters/7d587572-1e36-44c3-b3ba-a61ad252f881_12164_103_100002.jpg - null null
2026-05-20 12:04:58.890 +07:00 [INF] The file /uploads/posters/7d587572-1e36-44c3-b3ba-a61ad252f881_12164_103_100002.jpg was not modified
2026-05-20 12:04:58.890 +07:00 [INF] The file /uploads/posters/1a5ceff8-a59b-4c32-b263-365ce252dc34_12194_103_100002.jpg was not modified
2026-05-20 12:04:58.890 +07:00 [INF] Request finished HTTP/1.1 GET http://localhost:5231/uploads/posters/7d587572-1e36-44c3-b3ba-a61ad252f881_12164_103_100002.jpg - 304 null image/jpeg 0.681ms
2026-05-20 12:04:58.890 +07:00 [INF] Request finished HTTP/1.1 GET http://localhost:5231/uploads/posters/1a5ceff8-a59b-4c32-b263-365ce252dc34_12194_103_100002.jpg - 304 null image/jpeg 0.6635ms
2026-05-20 12:05:00.098 +07:00 [INF] Request starting HTTP/1.1 GET http://localhost:5231/uploads/posters/578e0fa0-f930-4e89-807c-e2ac0597134e_12138_103_100005.jpg - null null
2026-05-20 12:05:00.098 +07:00 [INF] Request starting HTTP/1.1 GET http://localhost:5231/uploads/posters/2504f84e-e015-422d-b317-bd73eb55f8e2_12205_103_100001.jpg - null null
2026-05-20 12:05:00.098 +07:00 [INF] The file /uploads/posters/578e0fa0-f930-4e89-807c-e2ac0597134e_12138_103_100005.jpg was not modified
2026-05-20 12:05:00.098 +07:00 [INF] The file /uploads/posters/2504f84e-e015-422d-b317-bd73eb55f8e2_12205_103_100001.jpg was not modified
2026-05-20 12:05:00.098 +07:00 [INF] Request finished HTTP/1.1 GET http://localhost:5231/uploads/posters/578e0fa0-f930-4e89-807c-e2ac0597134e_12138_103_100005.jpg - 304 null image/jpeg 0.9247ms
2026-05-20 12:05:00.098 +07:00 [INF] Request finished HTTP/1.1 GET http://localhost:5231/uploads/posters/2504f84e-e015-422d-b317-bd73eb55f8e2_12205_103_100001.jpg - 304 null image/jpeg 0.9279ms
2026-05-20 12:05:52.714 +07:00 [INF] Executed DbCommand (1ms) [Parameters=[], CommandType='"Text"', CommandTimeout='30']
SELECT [o].[OrderID], [o].[FinalAmount], [o].[HoldExpiryTime], [o].[OrderCode], [o].[PayOSTransID], [o].[PromoID], [o].[QrCode], [o].[ShowtimeID], [o].[Status], [o].[TotalAmount], [o].[UserID]
FROM [Orders] AS [o]
WHERE [o].[Status] = N'Chờ thanh toán' AND [o].[HoldExpiryTime] <= GETDATE()
2026-05-20 12:05:52.718 +07:00 [INF] Executed DbCommand (1ms) [Parameters=[@__maxSellingDate_0='?' (DbType = DateTime2), @__now_1='?' (DbType = DateTime2)], CommandType='"Text"', CommandTimeout='30']
SELECT [s].[ShowtimeID], [s].[EndTime], [s].[MovieID], [s].[RoomID], [s].[ShowtimeCode], [s].[StartTime], [s].[Status]
FROM [Showtimes] AS [s]
WHERE [s].[Status] IN (N'Đã lên lịch', N'Sap chieu') AND CONVERT(date, [s].[StartTime]) <= @__maxSellingDate_0 AND [s].[StartTime] > @__now_1
2026-05-20 12:05:52.720 +07:00 [INF] Executed DbCommand (1ms) [Parameters=[@__now_0='?' (DbType = DateTime2)], CommandType='"Text"', CommandTimeout='30']
SELECT [s].[ShowtimeID], [s].[EndTime], [s].[MovieID], [s].[RoomID], [s].[ShowtimeCode], [s].[StartTime], [s].[Status]
FROM [Showtimes] AS [s]
WHERE [s].[Status] IN (N'Đã lên lịch', N'Đang mở bán', N'Sap chieu') AND [s].[StartTime] <= @__now_0 AND [s].[EndTime] > @__now_0
2026-05-20 12:05:52.722 +07:00 [INF] Executed DbCommand (1ms) [Parameters=[@__now_0='?' (DbType = DateTime2)], CommandType='"Text"', CommandTimeout='30']
SELECT [s].[ShowtimeID], [s].[EndTime], [s].[MovieID], [s].[RoomID], [s].[ShowtimeCode], [s].[StartTime], [s].[Status]
FROM [Showtimes] AS [s]
WHERE [s].[Status] IN (N'Đã lên lịch', N'Đang mở bán', N'Đang chiếu', N'Sap chieu', N'Dang dien ra') AND [s].[EndTime] <= @__now_0
2026-05-20 12:06:52.868 +07:00 [INF] Executed DbCommand (1ms) [Parameters=[], CommandType='"Text"', CommandTimeout='30']
SELECT [o].[OrderID], [o].[FinalAmount], [o].[HoldExpiryTime], [o].[OrderCode], [o].[PayOSTransID], [o].[PromoID], [o].[QrCode], [o].[ShowtimeID], [o].[Status], [o].[TotalAmount], [o].[UserID]
FROM [Orders] AS [o]
WHERE [o].[Status] = N'Chờ thanh toán' AND [o].[HoldExpiryTime] <= GETDATE()
2026-05-20 12:06:52.870 +07:00 [INF] Executed DbCommand (1ms) [Parameters=[@__maxSellingDate_0='?' (DbType = DateTime2), @__now_1='?' (DbType = DateTime2)], CommandType='"Text"', CommandTimeout='30']
SELECT [s].[ShowtimeID], [s].[EndTime], [s].[MovieID], [s].[RoomID], [s].[ShowtimeCode], [s].[StartTime], [s].[Status]
FROM [Showtimes] AS [s]
WHERE [s].[Status] IN (N'Đã lên lịch', N'Sap chieu') AND CONVERT(date, [s].[StartTime]) <= @__maxSellingDate_0 AND [s].[StartTime] > @__now_1
2026-05-20 12:06:52.872 +07:00 [INF] Executed DbCommand (1ms) [Parameters=[@__now_0='?' (DbType = DateTime2)], CommandType='"Text"', CommandTimeout='30']
SELECT [s].[ShowtimeID], [s].[EndTime], [s].[MovieID], [s].[RoomID], [s].[ShowtimeCode], [s].[StartTime], [s].[Status]
FROM [Showtimes] AS [s]
WHERE [s].[Status] IN (N'Đã lên lịch', N'Đang mở bán', N'Sap chieu') AND [s].[StartTime] <= @__now_0 AND [s].[EndTime] > @__now_0
2026-05-20 12:06:52.873 +07:00 [INF] Executed DbCommand (1ms) [Parameters=[@__now_0='?' (DbType = DateTime2)], CommandType='"Text"', CommandTimeout='30']
SELECT [s].[ShowtimeID], [s].[EndTime], [s].[MovieID], [s].[RoomID], [s].[ShowtimeCode], [s].[StartTime], [s].[Status]
FROM [Showtimes] AS [s]
WHERE [s].[Status] IN (N'Đã lên lịch', N'Đang mở bán', N'Đang chiếu', N'Sap chieu', N'Dang dien ra') AND [s].[EndTime] <= @__now_0
2026-05-20 12:07:52.881 +07:00 [INF] Executed DbCommand (1ms) [Parameters=[], CommandType='"Text"', CommandTimeout='30']
SELECT [o].[OrderID], [o].[FinalAmount], [o].[HoldExpiryTime], [o].[OrderCode], [o].[PayOSTransID], [o].[PromoID], [o].[QrCode], [o].[ShowtimeID], [o].[Status], [o].[TotalAmount], [o].[UserID]
FROM [Orders] AS [o]
WHERE [o].[Status] = N'Chờ thanh toán' AND [o].[HoldExpiryTime] <= GETDATE()
2026-05-20 12:07:52.883 +07:00 [INF] Executed DbCommand (1ms) [Parameters=[@__maxSellingDate_0='?' (DbType = DateTime2), @__now_1='?' (DbType = DateTime2)], CommandType='"Text"', CommandTimeout='30']
SELECT [s].[ShowtimeID], [s].[EndTime], [s].[MovieID], [s].[RoomID], [s].[ShowtimeCode], [s].[StartTime], [s].[Status]
FROM [Showtimes] AS [s]
WHERE [s].[Status] IN (N'Đã lên lịch', N'Sap chieu') AND CONVERT(date, [s].[StartTime]) <= @__maxSellingDate_0 AND [s].[StartTime] > @__now_1
2026-05-20 12:07:52.884 +07:00 [INF] Executed DbCommand (1ms) [Parameters=[@__now_0='?' (DbType = DateTime2)], CommandType='"Text"', CommandTimeout='30']
SELECT [s].[ShowtimeID], [s].[EndTime], [s].[MovieID], [s].[RoomID], [s].[ShowtimeCode], [s].[StartTime], [s].[Status]
FROM [Showtimes] AS [s]
WHERE [s].[Status] IN (N'Đã lên lịch', N'Đang mở bán', N'Sap chieu') AND [s].[StartTime] <= @__now_0 AND [s].[EndTime] > @__now_0
2026-05-20 12:07:52.885 +07:00 [INF] Executed DbCommand (1ms) [Parameters=[@__now_0='?' (DbType = DateTime2)], CommandType='"Text"', CommandTimeout='30']
SELECT [s].[ShowtimeID], [s].[EndTime], [s].[MovieID], [s].[RoomID], [s].[ShowtimeCode], [s].[StartTime], [s].[Status]
FROM [Showtimes] AS [s]
WHERE [s].[Status] IN (N'Đã lên lịch', N'Đang mở bán', N'Đang chiếu', N'Sap chieu', N'Dang dien ra') AND [s].[EndTime] <= @__now_0
2026-05-20 12:08:52.904 +07:00 [INF] Executed DbCommand (1ms) [Parameters=[], CommandType='"Text"', CommandTimeout='30']
SELECT [o].[OrderID], [o].[FinalAmount], [o].[HoldExpiryTime], [o].[OrderCode], [o].[PayOSTransID], [o].[PromoID], [o].[QrCode], [o].[ShowtimeID], [o].[Status], [o].[TotalAmount], [o].[UserID]
FROM [Orders] AS [o]
WHERE [o].[Status] = N'Chờ thanh toán' AND [o].[HoldExpiryTime] <= GETDATE()
2026-05-20 12:08:52.907 +07:00 [INF] Executed DbCommand (1ms) [Parameters=[@__maxSellingDate_0='?' (DbType = DateTime2), @__now_1='?' (DbType = DateTime2)], CommandType='"Text"', CommandTimeout='30']
SELECT [s].[ShowtimeID], [s].[EndTime], [s].[MovieID], [s].[RoomID], [s].[ShowtimeCode], [s].[StartTime], [s].[Status]
FROM [Showtimes] AS [s]
WHERE [s].[Status] IN (N'Đã lên lịch', N'Sap chieu') AND CONVERT(date, [s].[StartTime]) <= @__maxSellingDate_0 AND [s].[StartTime] > @__now_1
2026-05-20 12:08:52.909 +07:00 [INF] Executed DbCommand (1ms) [Parameters=[@__now_0='?' (DbType = DateTime2)], CommandType='"Text"', CommandTimeout='30']
SELECT [s].[ShowtimeID], [s].[EndTime], [s].[MovieID], [s].[RoomID], [s].[ShowtimeCode], [s].[StartTime], [s].[Status]
FROM [Showtimes] AS [s]
WHERE [s].[Status] IN (N'Đã lên lịch', N'Đang mở bán', N'Sap chieu') AND [s].[StartTime] <= @__now_0 AND [s].[EndTime] > @__now_0
2026-05-20 12:08:52.910 +07:00 [INF] Executed DbCommand (1ms) [Parameters=[@__now_0='?' (DbType = DateTime2)], CommandType='"Text"', CommandTimeout='30']
SELECT [s].[ShowtimeID], [s].[EndTime], [s].[MovieID], [s].[RoomID], [s].[ShowtimeCode], [s].[StartTime], [s].[Status]
FROM [Showtimes] AS [s]
WHERE [s].[Status] IN (N'Đã lên lịch', N'Đang mở bán', N'Đang chiếu', N'Sap chieu', N'Dang dien ra') AND [s].[EndTime] <= @__now_0
2026-05-20 12:09:52.932 +07:00 [INF] Executed DbCommand (2ms) [Parameters=[], CommandType='"Text"', CommandTimeout='30']
SELECT [o].[OrderID], [o].[FinalAmount], [o].[HoldExpiryTime], [o].[OrderCode], [o].[PayOSTransID], [o].[PromoID], [o].[QrCode], [o].[ShowtimeID], [o].[Status], [o].[TotalAmount], [o].[UserID]
FROM [Orders] AS [o]
WHERE [o].[Status] = N'Chờ thanh toán' AND [o].[HoldExpiryTime] <= GETDATE()
2026-05-20 12:09:52.934 +07:00 [INF] Executed DbCommand (1ms) [Parameters=[@__maxSellingDate_0='?' (DbType = DateTime2), @__now_1='?' (DbType = DateTime2)], CommandType='"Text"', CommandTimeout='30']
SELECT [s].[ShowtimeID], [s].[EndTime], [s].[MovieID], [s].[RoomID], [s].[ShowtimeCode], [s].[StartTime], [s].[Status]
FROM [Showtimes] AS [s]
WHERE [s].[Status] IN (N'Đã lên lịch', N'Sap chieu') AND CONVERT(date, [s].[StartTime]) <= @__maxSellingDate_0 AND [s].[StartTime] > @__now_1
2026-05-20 12:09:52.935 +07:00 [INF] Executed DbCommand (1ms) [Parameters=[@__now_0='?' (DbType = DateTime2)], CommandType='"Text"', CommandTimeout='30']
SELECT [s].[ShowtimeID], [s].[EndTime], [s].[MovieID], [s].[RoomID], [s].[ShowtimeCode], [s].[StartTime], [s].[Status]
FROM [Showtimes] AS [s]
WHERE [s].[Status] IN (N'Đã lên lịch', N'Đang mở bán', N'Sap chieu') AND [s].[StartTime] <= @__now_0 AND [s].[EndTime] > @__now_0
2026-05-20 12:09:52.936 +07:00 [INF] Executed DbCommand (0ms) [Parameters=[@__now_0='?' (DbType = DateTime2)], CommandType='"Text"', CommandTimeout='30']
SELECT [s].[ShowtimeID], [s].[EndTime], [s].[MovieID], [s].[RoomID], [s].[ShowtimeCode], [s].[StartTime], [s].[Status]
FROM [Showtimes] AS [s]
WHERE [s].[Status] IN (N'Đã lên lịch', N'Đang mở bán', N'Đang chiếu', N'Sap chieu', N'Dang dien ra') AND [s].[EndTime] <= @__now_0
2026-05-20 12:10:52.941 +07:00 [INF] Executed DbCommand (1ms) [Parameters=[], CommandType='"Text"', CommandTimeout='30']
SELECT [o].[OrderID], [o].[FinalAmount], [o].[HoldExpiryTime], [o].[OrderCode], [o].[PayOSTransID], [o].[PromoID], [o].[QrCode], [o].[ShowtimeID], [o].[Status], [o].[TotalAmount], [o].[UserID]
FROM [Orders] AS [o]
WHERE [o].[Status] = N'Chờ thanh toán' AND [o].[HoldExpiryTime] <= GETDATE()
2026-05-20 12:10:52.943 +07:00 [INF] Executed DbCommand (1ms) [Parameters=[@__maxSellingDate_0='?' (DbType = DateTime2), @__now_1='?' (DbType = DateTime2)], CommandType='"Text"', CommandTimeout='30']
SELECT [s].[ShowtimeID], [s].[EndTime], [s].[MovieID], [s].[RoomID], [s].[ShowtimeCode], [s].[StartTime], [s].[Status]
FROM [Showtimes] AS [s]
WHERE [s].[Status] IN (N'Đã lên lịch', N'Sap chieu') AND CONVERT(date, [s].[StartTime]) <= @__maxSellingDate_0 AND [s].[StartTime] > @__now_1
2026-05-20 12:10:52.944 +07:00 [INF] Executed DbCommand (0ms) [Parameters=[@__now_0='?' (DbType = DateTime2)], CommandType='"Text"', CommandTimeout='30']
SELECT [s].[ShowtimeID], [s].[EndTime], [s].[MovieID], [s].[RoomID], [s].[ShowtimeCode], [s].[StartTime], [s].[Status]
FROM [Showtimes] AS [s]
WHERE [s].[Status] IN (N'Đã lên lịch', N'Đang mở bán', N'Sap chieu') AND [s].[StartTime] <= @__now_0 AND [s].[EndTime] > @__now_0
2026-05-20 12:10:52.945 +07:00 [INF] Executed DbCommand (0ms) [Parameters=[@__now_0='?' (DbType = DateTime2)], CommandType='"Text"', CommandTimeout='30']
SELECT [s].[ShowtimeID], [s].[EndTime], [s].[MovieID], [s].[RoomID], [s].[ShowtimeCode], [s].[StartTime], [s].[Status]
FROM [Showtimes] AS [s]
WHERE [s].[Status] IN (N'Đã lên lịch', N'Đang mở bán', N'Đang chiếu', N'Sap chieu', N'Dang dien ra') AND [s].[EndTime] <= @__now_0
2026-05-20 12:11:52.957 +07:00 [INF] Executed DbCommand (1ms) [Parameters=[], CommandType='"Text"', CommandTimeout='30']
SELECT [o].[OrderID], [o].[FinalAmount], [o].[HoldExpiryTime], [o].[OrderCode], [o].[PayOSTransID], [o].[PromoID], [o].[QrCode], [o].[ShowtimeID], [o].[Status], [o].[TotalAmount], [o].[UserID]
FROM [Orders] AS [o]
WHERE [o].[Status] = N'Chờ thanh toán' AND [o].[HoldExpiryTime] <= GETDATE()
2026-05-20 12:11:52.958 +07:00 [INF] Executed DbCommand (1ms) [Parameters=[@__maxSellingDate_0='?' (DbType = DateTime2), @__now_1='?' (DbType = DateTime2)], CommandType='"Text"', CommandTimeout='30']
SELECT [s].[ShowtimeID], [s].[EndTime], [s].[MovieID], [s].[RoomID], [s].[ShowtimeCode], [s].[StartTime], [s].[Status]
FROM [Showtimes] AS [s]
WHERE [s].[Status] IN (N'Đã lên lịch', N'Sap chieu') AND CONVERT(date, [s].[StartTime]) <= @__maxSellingDate_0 AND [s].[StartTime] > @__now_1
2026-05-20 12:11:52.959 +07:00 [INF] Executed DbCommand (0ms) [Parameters=[@__now_0='?' (DbType = DateTime2)], CommandType='"Text"', CommandTimeout='30']
SELECT [s].[ShowtimeID], [s].[EndTime], [s].[MovieID], [s].[RoomID], [s].[ShowtimeCode], [s].[StartTime], [s].[Status]
FROM [Showtimes] AS [s]
WHERE [s].[Status] IN (N'Đã lên lịch', N'Đang mở bán', N'Sap chieu') AND [s].[StartTime] <= @__now_0 AND [s].[EndTime] > @__now_0
2026-05-20 12:11:52.960 +07:00 [INF] Executed DbCommand (0ms) [Parameters=[@__now_0='?' (DbType = DateTime2)], CommandType='"Text"', CommandTimeout='30']
SELECT [s].[ShowtimeID], [s].[EndTime], [s].[MovieID], [s].[RoomID], [s].[ShowtimeCode], [s].[StartTime], [s].[Status]
FROM [Showtimes] AS [s]
WHERE [s].[Status] IN (N'Đã lên lịch', N'Đang mở bán', N'Đang chiếu', N'Sap chieu', N'Dang dien ra') AND [s].[EndTime] <= @__now_0
2026-05-20 15:18:50.193 +07:00 [INF] Executed DbCommand (23ms) [Parameters=[], CommandType='"Text"', CommandTimeout='30']
SELECT 1
2026-05-20 15:18:50.263 +07:00 [INF] Executed DbCommand (17ms) [Parameters=[], CommandType='"Text"', CommandTimeout='30']
SELECT OBJECT_ID(N'[__EFMigrationsHistory]');
2026-05-20 15:18:50.266 +07:00 [INF] Executed DbCommand (1ms) [Parameters=[], CommandType='"Text"', CommandTimeout='30']
SELECT 1
2026-05-20 15:18:50.268 +07:00 [INF] Executed DbCommand (1ms) [Parameters=[], CommandType='"Text"', CommandTimeout='30']
SELECT OBJECT_ID(N'[__EFMigrationsHistory]');
2026-05-20 15:18:50.285 +07:00 [INF] Executed DbCommand (4ms) [Parameters=[], CommandType='"Text"', CommandTimeout='30']
SELECT [MigrationId], [ProductVersion]
FROM [__EFMigrationsHistory]
ORDER BY [MigrationId];
2026-05-20 15:18:50.298 +07:00 [INF] No migrations were applied. The database is already up to date.
2026-05-20 15:18:50.472 +07:00 [INF] Executed DbCommand (4ms) [Parameters=[], CommandType='"Text"', CommandTimeout='30']
SELECT CASE
    WHEN EXISTS (
        SELECT 1
        FROM [Users] AS [u]
        WHERE [u].[Email] = N'admin@auracinema.vn') THEN CAST(1 AS bit)
    ELSE CAST(0 AS bit)
END
2026-05-20 15:18:50.478 +07:00 [INF] Executed DbCommand (2ms) [Parameters=[], CommandType='"Text"', CommandTimeout='30']
SELECT CASE
    WHEN EXISTS (
        SELECT 1
        FROM [Users] AS [u]
        WHERE [u].[Email] = N'staff@auracinema.vn') THEN CAST(1 AS bit)
    ELSE CAST(0 AS bit)
END
2026-05-20 15:18:50.482 +07:00 [INF] Executed DbCommand (1ms) [Parameters=[], CommandType='"Text"', CommandTimeout='30']
SELECT CASE
    WHEN EXISTS (
        SELECT 1
        FROM [Users] AS [u]
        WHERE [u].[Email] = N'customer@gmail.com') THEN CAST(1 AS bit)
    ELSE CAST(0 AS bit)
END
2026-05-20 15:18:50.539 +07:00 [INF] Executed DbCommand (2ms) [Parameters=[], CommandType='"Text"', CommandTimeout='30']
SELECT [u].[UserID], [u].[Email], [u].[FullName], [u].[OtpCode], [u].[OtpExpiry], [u].[Password], [u].[Phone], [u].[Role], [u].[Status], [u].[UserCode]
FROM [Users] AS [u]
WHERE [u].[UserCode] LIKE N''
2026-05-20 15:18:50.544 +07:00 [INF] Executed DbCommand (2ms) [Parameters=[], CommandType='"Text"', CommandTimeout='30']
SELECT CASE
    WHEN EXISTS (
        SELECT 1
        FROM [Rooms] AS [r]) THEN CAST(1 AS bit)
    ELSE CAST(0 AS bit)
END
2026-05-20 15:18:50.548 +07:00 [INF] Executed DbCommand (2ms) [Parameters=[], CommandType='"Text"', CommandTimeout='30']
SELECT CASE
    WHEN EXISTS (
        SELECT 1
        FROM [PriceConfigs] AS [p]) THEN CAST(1 AS bit)
    ELSE CAST(0 AS bit)
END
2026-05-20 15:18:50.554 +07:00 [INF] Executed DbCommand (2ms) [Parameters=[], CommandType='"Text"', CommandTimeout='30']
SELECT CASE
    WHEN EXISTS (
        SELECT 1
        FROM [Movies] AS [m]) THEN CAST(1 AS bit)
    ELSE CAST(0 AS bit)
END
2026-05-20 15:18:50.558 +07:00 [INF] Executed DbCommand (2ms) [Parameters=[], CommandType='"Text"', CommandTimeout='30']
SELECT CASE
    WHEN EXISTS (
        SELECT 1
        FROM [Services] AS [s]) THEN CAST(1 AS bit)
    ELSE CAST(0 AS bit)
END
2026-05-20 15:18:50.562 +07:00 [INF] Executed DbCommand (2ms) [Parameters=[], CommandType='"Text"', CommandTimeout='30']
SELECT CASE
    WHEN EXISTS (
        SELECT 1
        FROM [Promotions] AS [p]) THEN CAST(1 AS bit)
    ELSE CAST(0 AS bit)
END
2026-05-20 15:18:50.567 +07:00 [INF] Executed DbCommand (3ms) [Parameters=[], CommandType='"Text"', CommandTimeout='30']
SELECT CASE
    WHEN EXISTS (
        SELECT 1
        FROM [Showtimes] AS [s]) THEN CAST(1 AS bit)
    ELSE CAST(0 AS bit)
END
2026-05-20 15:18:50.580 +07:00 [INF] Executed DbCommand (3ms) [Parameters=[], CommandType='"Text"', CommandTimeout='30']
SELECT CASE
    WHEN EXISTS (
        SELECT 1
        FROM [Orders] AS [o]
        WHERE [o].[Status] IN (N'Da thanh toan', N'Đã thanh toán')) THEN CAST(1 AS bit)
    ELSE CAST(0 AS bit)
END
2026-05-20 15:18:50.701 +07:00 [INF] User profile is available. Using 'C:\Users\lqhie\AppData\Local\ASP.NET\DataProtection-Keys' as key repository and Windows DPAPI to encrypt keys at rest.
2026-05-20 15:18:50.726 +07:00 [INF] Booking Cleanup Service is starting.
2026-05-20 15:18:50.749 +07:00 [INF] Executed DbCommand (3ms) [Parameters=[], CommandType='"Text"', CommandTimeout='30']
SELECT [o].[OrderID], [o].[FinalAmount], [o].[HoldExpiryTime], [o].[OrderCode], [o].[PayOSTransID], [o].[PromoID], [o].[QrCode], [o].[ShowtimeID], [o].[Status], [o].[TotalAmount], [o].[UserID]
FROM [Orders] AS [o]
WHERE [o].[Status] = N'Chờ thanh toán' AND [o].[HoldExpiryTime] <= GETDATE()
2026-05-20 15:18:50.795 +07:00 [INF] Now listening on: http://localhost:5231
2026-05-20 15:18:50.795 +07:00 [INF] Application started. Press Ctrl+C to shut down.
2026-05-20 15:18:50.796 +07:00 [INF] Hosting environment: Development
2026-05-20 15:18:50.796 +07:00 [INF] Content root path: D:\AURACINEMA\AuraCinema.Web
2026-05-20 15:18:50.857 +07:00 [INF] Executed DbCommand (12ms) [Parameters=[@__maxSellingDate_0='?' (DbType = DateTime2), @__now_1='?' (DbType = DateTime2)], CommandType='"Text"', CommandTimeout='30']
SELECT [s].[ShowtimeID], [s].[EndTime], [s].[MovieID], [s].[RoomID], [s].[ShowtimeCode], [s].[StartTime], [s].[Status]
FROM [Showtimes] AS [s]
WHERE [s].[Status] IN (N'Đã lên lịch', N'Sap chieu') AND CONVERT(date, [s].[StartTime]) <= @__maxSellingDate_0 AND [s].[StartTime] > @__now_1
2026-05-20 15:18:50.863 +07:00 [INF] Executed DbCommand (2ms) [Parameters=[@__now_0='?' (DbType = DateTime2)], CommandType='"Text"', CommandTimeout='30']
SELECT [s].[ShowtimeID], [s].[EndTime], [s].[MovieID], [s].[RoomID], [s].[ShowtimeCode], [s].[StartTime], [s].[Status]
FROM [Showtimes] AS [s]
WHERE [s].[Status] IN (N'Đã lên lịch', N'Đang mở bán', N'Sap chieu') AND [s].[StartTime] <= @__now_0 AND [s].[EndTime] > @__now_0
2026-05-20 15:18:50.868 +07:00 [INF] Executed DbCommand (2ms) [Parameters=[@__now_0='?' (DbType = DateTime2)], CommandType='"Text"', CommandTimeout='30']
SELECT [s].[ShowtimeID], [s].[EndTime], [s].[MovieID], [s].[RoomID], [s].[ShowtimeCode], [s].[StartTime], [s].[Status]
FROM [Showtimes] AS [s]
WHERE [s].[Status] IN (N'Đã lên lịch', N'Đang mở bán', N'Đang chiếu', N'Sap chieu', N'Dang dien ra') AND [s].[EndTime] <= @__now_0
2026-05-20 15:19:04.845 +07:00 [INF] Request starting HTTP/1.1 GET http://localhost:5231/ - null null
2026-05-20 15:19:04.850 +07:00 [WRN] Failed to determine the https port for redirect.
2026-05-20 15:19:04.934 +07:00 [INF] Executing endpoint 'AuraCinema.Web.Controllers.HomeController.Index (AuraCinema.Web)'
2026-05-20 15:19:04.957 +07:00 [INF] Route matched with {action = "Index", controller = "Home", area = ""}. Executing controller action with signature System.Threading.Tasks.Task`1[Microsoft.AspNetCore.Mvc.IActionResult] Index() on controller AuraCinema.Web.Controllers.HomeController (AuraCinema.Web).
2026-05-20 15:19:05.028 +07:00 [INF] Executed DbCommand (4ms) [Parameters=[], CommandType='"Text"', CommandTimeout='30']
SELECT [m].[MovieID], [m].[Title], [m].[Genre], [m].[Poster], [m].[Duration], [m].[Status], [m].[ReleaseDate], [m].[Director]
FROM [Movies] AS [m]
WHERE [m].[Status] IN (N'Dang chieu', N'Sap chieu')
ORDER BY [m].[ReleaseDate] DESC
2026-05-20 15:19:05.057 +07:00 [INF] Executing ViewResult, running view Index.
2026-05-20 15:19:05.196 +07:00 [INF] Executed ViewResult - view Index executed in 140.3836ms.
2026-05-20 15:19:05.202 +07:00 [INF] Executed action AuraCinema.Web.Controllers.HomeController.Index (AuraCinema.Web) in 244.5972ms
2026-05-20 15:19:05.203 +07:00 [INF] Executed endpoint 'AuraCinema.Web.Controllers.HomeController.Index (AuraCinema.Web)'
2026-05-20 15:19:05.213 +07:00 [INF] Request finished HTTP/1.1 GET http://localhost:5231/ - 200 null text/html; charset=utf-8 373.0019ms
2026-05-20 15:19:05.244 +07:00 [INF] Request starting HTTP/1.1 GET http://localhost:5231/js/site.js?v=BT5GhsMUSx2o4e2RIUFHoeFaxCDdCu2dT7NlF8pnyfA - null null
2026-05-20 15:19:05.255 +07:00 [INF] The file /js/site.js was not modified
2026-05-20 15:19:05.257 +07:00 [INF] Request finished HTTP/1.1 GET http://localhost:5231/js/site.js?v=BT5GhsMUSx2o4e2RIUFHoeFaxCDdCu2dT7NlF8pnyfA - 304 null text/javascript 12.2537ms
2026-05-20 15:19:07.272 +07:00 [INF] Request starting HTTP/1.1 GET http://localhost:5231/Account/Login - null null
2026-05-20 15:19:07.275 +07:00 [INF] Executing endpoint 'AuraCinema.Web.Controllers.AccountController.Login (AuraCinema.Web)'
2026-05-20 15:19:07.287 +07:00 [INF] Route matched with {action = "Login", controller = "Account", area = ""}. Executing controller action with signature Microsoft.AspNetCore.Mvc.IActionResult Login(System.String) on controller AuraCinema.Web.Controllers.AccountController (AuraCinema.Web).
2026-05-20 15:19:07.309 +07:00 [INF] Executing ViewResult, running view Login.
2026-05-20 15:19:07.396 +07:00 [INF] Executed ViewResult - view Login executed in 89.6206ms.
2026-05-20 15:19:07.397 +07:00 [INF] Executed action AuraCinema.Web.Controllers.AccountController.Login (AuraCinema.Web) in 109.7271ms
2026-05-20 15:19:07.397 +07:00 [INF] Executed endpoint 'AuraCinema.Web.Controllers.AccountController.Login (AuraCinema.Web)'
2026-05-20 15:19:07.398 +07:00 [INF] Request finished HTTP/1.1 GET http://localhost:5231/Account/Login - 200 null text/html; charset=utf-8 125.8461ms
2026-05-20 15:19:08.888 +07:00 [INF] Request starting HTTP/1.1 POST http://localhost:5231/Account/Login - application/x-www-form-urlencoded 237
2026-05-20 15:19:08.894 +07:00 [INF] Executing endpoint 'AuraCinema.Web.Controllers.AccountController.Login (AuraCinema.Web)'
2026-05-20 15:19:08.901 +07:00 [INF] Route matched with {action = "Login", controller = "Account", area = ""}. Executing controller action with signature System.Threading.Tasks.Task`1[Microsoft.AspNetCore.Mvc.IActionResult] Login(AuraCinema.Web.ViewModels.Account.LoginViewModel) on controller AuraCinema.Web.Controllers.AccountController (AuraCinema.Web).
2026-05-20 15:19:08.940 +07:00 [INF] Executed DbCommand (2ms) [Parameters=[@__Trim_0='?' (Size = 100)], CommandType='"Text"', CommandTimeout='30']
SELECT TOP(1) [u].[UserID], [u].[Email], [u].[FullName], [u].[OtpCode], [u].[OtpExpiry], [u].[Password], [u].[Phone], [u].[Role], [u].[Status], [u].[UserCode]
FROM [Users] AS [u]
WHERE [u].[Email] = @__Trim_0
2026-05-20 15:19:09.827 +07:00 [INF] AuthenticationScheme: Cookies signed in.
2026-05-20 15:19:09.832 +07:00 [INF] Executing RedirectResult, redirecting to /Admin.
2026-05-20 15:19:09.834 +07:00 [INF] Executed action AuraCinema.Web.Controllers.AccountController.Login (AuraCinema.Web) in 932.92ms
2026-05-20 15:19:09.834 +07:00 [INF] Executed endpoint 'AuraCinema.Web.Controllers.AccountController.Login (AuraCinema.Web)'
2026-05-20 15:19:09.835 +07:00 [INF] Request finished HTTP/1.1 POST http://localhost:5231/Account/Login - 302 0 null 947.2533ms
2026-05-20 15:19:09.839 +07:00 [INF] Request starting HTTP/1.1 GET http://localhost:5231/Admin - null null
2026-05-20 15:19:09.848 +07:00 [INF] Executing endpoint 'AuraCinema.Web.Areas.Admin.Controllers.DashboardController.Index (AuraCinema.Web)'
2026-05-20 15:19:09.854 +07:00 [INF] Route matched with {area = "Admin", action = "Index", controller = "Dashboard"}. Executing controller action with signature System.Threading.Tasks.Task`1[Microsoft.AspNetCore.Mvc.IActionResult] Index() on controller AuraCinema.Web.Areas.Admin.Controllers.DashboardController (AuraCinema.Web).
2026-05-20 15:19:09.959 +07:00 [INF] Executed DbCommand (6ms) [Parameters=[], CommandType='"Text"', CommandTimeout='30']
SELECT [o].[OrderID], [o].[FinalAmount], [o].[HoldExpiryTime], [o].[OrderCode], [o].[PayOSTransID], [o].[PromoID], [o].[QrCode], [o].[ShowtimeID], [o].[Status], [o].[TotalAmount], [o].[UserID], [s].[ShowtimeID], [m].[MovieID], [o0].[OrderID], [o0].[SeatID], [o0].[Price], [o0].[Status], [s].[EndTime], [s].[MovieID], [s].[RoomID], [s].[ShowtimeCode], [s].[StartTime], [s].[Status], [m].[Actors], [m].[Director], [m].[Duration], [m].[Genre], [m].[MovieCode], [m].[Poster], [m].[ReleaseDate], [m].[Status], [m].[Title], [m].[Trailer]
FROM [Orders] AS [o]
INNER JOIN [Showtimes] AS [s] ON [o].[ShowtimeID] = [s].[ShowtimeID]
INNER JOIN [Movies] AS [m] ON [s].[MovieID] = [m].[MovieID]
LEFT JOIN [OrderSeats] AS [o0] ON [o].[OrderID] = [o0].[OrderID]
WHERE [o].[Status] IN (N'Da thanh toan', N'Da su dung', N'Đã thanh toán', N'Đã sử dụng')
ORDER BY [o].[OrderID], [s].[ShowtimeID], [m].[MovieID], [o0].[OrderID]
2026-05-20 15:19:10.115 +07:00 [INF] Executed DbCommand (3ms) [Parameters=[], CommandType='"Text"', CommandTimeout='30']
SELECT COUNT(*)
FROM [Seats] AS [s]
2026-05-20 15:19:10.123 +07:00 [INF] Executed DbCommand (2ms) [Parameters=[@__AddDays_0='?' (DbType = DateTime2), @__AddDays_1='?' (DbType = DateTime2)], CommandType='"Text"', CommandTimeout='30']
SELECT COUNT(*)
FROM [Showtimes] AS [s]
WHERE [s].[StartTime] > @__AddDays_0 AND [s].[StartTime] < @__AddDays_1
2026-05-20 15:19:10.151 +07:00 [INF] Executing ViewResult, running view Index.
2026-05-20 15:19:10.214 +07:00 [INF] Executed ViewResult - view Index executed in 74.6037ms.
2026-05-20 15:19:10.215 +07:00 [INF] Executed action AuraCinema.Web.Areas.Admin.Controllers.DashboardController.Index (AuraCinema.Web) in 359.9995ms
2026-05-20 15:19:10.215 +07:00 [INF] Executed endpoint 'AuraCinema.Web.Areas.Admin.Controllers.DashboardController.Index (AuraCinema.Web)'
2026-05-20 15:19:10.215 +07:00 [INF] Request finished HTTP/1.1 GET http://localhost:5231/Admin - 200 null text/html; charset=utf-8 375.8099ms
2026-05-20 15:19:51.073 +07:00 [INF] Executed DbCommand (1ms) [Parameters=[], CommandType='"Text"', CommandTimeout='30']
SELECT [o].[OrderID], [o].[FinalAmount], [o].[HoldExpiryTime], [o].[OrderCode], [o].[PayOSTransID], [o].[PromoID], [o].[QrCode], [o].[ShowtimeID], [o].[Status], [o].[TotalAmount], [o].[UserID]
FROM [Orders] AS [o]
WHERE [o].[Status] = N'Chờ thanh toán' AND [o].[HoldExpiryTime] <= GETDATE()
2026-05-20 15:19:51.076 +07:00 [INF] Executed DbCommand (1ms) [Parameters=[@__maxSellingDate_0='?' (DbType = DateTime2), @__now_1='?' (DbType = DateTime2)], CommandType='"Text"', CommandTimeout='30']
SELECT [s].[ShowtimeID], [s].[EndTime], [s].[MovieID], [s].[RoomID], [s].[ShowtimeCode], [s].[StartTime], [s].[Status]
FROM [Showtimes] AS [s]
WHERE [s].[Status] IN (N'Đã lên lịch', N'Sap chieu') AND CONVERT(date, [s].[StartTime]) <= @__maxSellingDate_0 AND [s].[StartTime] > @__now_1
2026-05-20 15:19:51.078 +07:00 [INF] Executed DbCommand (1ms) [Parameters=[@__now_0='?' (DbType = DateTime2)], CommandType='"Text"', CommandTimeout='30']
SELECT [s].[ShowtimeID], [s].[EndTime], [s].[MovieID], [s].[RoomID], [s].[ShowtimeCode], [s].[StartTime], [s].[Status]
FROM [Showtimes] AS [s]
WHERE [s].[Status] IN (N'Đã lên lịch', N'Đang mở bán', N'Sap chieu') AND [s].[StartTime] <= @__now_0 AND [s].[EndTime] > @__now_0
2026-05-20 15:19:51.080 +07:00 [INF] Executed DbCommand (1ms) [Parameters=[@__now_0='?' (DbType = DateTime2)], CommandType='"Text"', CommandTimeout='30']
SELECT [s].[ShowtimeID], [s].[EndTime], [s].[MovieID], [s].[RoomID], [s].[ShowtimeCode], [s].[StartTime], [s].[Status]
FROM [Showtimes] AS [s]
WHERE [s].[Status] IN (N'Đã lên lịch', N'Đang mở bán', N'Đang chiếu', N'Sap chieu', N'Dang dien ra') AND [s].[EndTime] <= @__now_0
2026-05-20 15:20:13.875 +07:00 [INF] Request starting HTTP/1.1 GET http://localhost:5231/Admin/PriceConfigs - null null
2026-05-20 15:20:13.879 +07:00 [INF] Executing endpoint 'AuraCinema.Web.Areas.Admin.Controllers.PriceConfigsController.Index (AuraCinema.Web)'
2026-05-20 15:20:13.883 +07:00 [INF] Route matched with {area = "Admin", action = "Index", controller = "PriceConfigs"}. Executing controller action with signature System.Threading.Tasks.Task`1[Microsoft.AspNetCore.Mvc.IActionResult] Index() on controller AuraCinema.Web.Areas.Admin.Controllers.PriceConfigsController (AuraCinema.Web).
2026-05-20 15:20:13.925 +07:00 [INF] Executed DbCommand (5ms) [Parameters=[@__requiredCodes_0='?' (Size = 4000)], CommandType='"Text"', CommandTimeout='30']
SELECT [p].[ConfigID], [p].[ConfigCode], [p].[ConfigName], [p].[ConfigType], [p].[SurchargeAmount]
FROM [PriceConfigs] AS [p]
WHERE [p].[ConfigCode] IN (
    SELECT [r].[value]
    FROM OPENJSON(@__requiredCodes_0) WITH ([value] nvarchar(50) '$') AS [r]
)
2026-05-20 15:20:13.951 +07:00 [INF] Executing ViewResult, running view Index.
2026-05-20 15:20:13.960 +07:00 [INF] Executed ViewResult - view Index executed in 9.8681ms.
2026-05-20 15:20:13.960 +07:00 [INF] Executed action AuraCinema.Web.Areas.Admin.Controllers.PriceConfigsController.Index (AuraCinema.Web) in 76.8936ms
2026-05-20 15:20:13.960 +07:00 [INF] Executed endpoint 'AuraCinema.Web.Areas.Admin.Controllers.PriceConfigsController.Index (AuraCinema.Web)'
2026-05-20 15:20:13.960 +07:00 [INF] Request finished HTTP/1.1 GET http://localhost:5231/Admin/PriceConfigs - 200 null text/html; charset=utf-8 85.4254ms
2026-05-20 15:20:51.326 +07:00 [INF] Executed DbCommand (1ms) [Parameters=[], CommandType='"Text"', CommandTimeout='30']
SELECT [o].[OrderID], [o].[FinalAmount], [o].[HoldExpiryTime], [o].[OrderCode], [o].[PayOSTransID], [o].[PromoID], [o].[QrCode], [o].[ShowtimeID], [o].[Status], [o].[TotalAmount], [o].[UserID]
FROM [Orders] AS [o]
WHERE [o].[Status] = N'Chờ thanh toán' AND [o].[HoldExpiryTime] <= GETDATE()
2026-05-20 15:20:51.328 +07:00 [INF] Executed DbCommand (1ms) [Parameters=[@__maxSellingDate_0='?' (DbType = DateTime2), @__now_1='?' (DbType = DateTime2)], CommandType='"Text"', CommandTimeout='30']
SELECT [s].[ShowtimeID], [s].[EndTime], [s].[MovieID], [s].[RoomID], [s].[ShowtimeCode], [s].[StartTime], [s].[Status]
FROM [Showtimes] AS [s]
WHERE [s].[Status] IN (N'Đã lên lịch', N'Sap chieu') AND CONVERT(date, [s].[StartTime]) <= @__maxSellingDate_0 AND [s].[StartTime] > @__now_1
2026-05-20 15:20:51.329 +07:00 [INF] Executed DbCommand (1ms) [Parameters=[@__now_0='?' (DbType = DateTime2)], CommandType='"Text"', CommandTimeout='30']
SELECT [s].[ShowtimeID], [s].[EndTime], [s].[MovieID], [s].[RoomID], [s].[ShowtimeCode], [s].[StartTime], [s].[Status]
FROM [Showtimes] AS [s]
WHERE [s].[Status] IN (N'Đã lên lịch', N'Đang mở bán', N'Sap chieu') AND [s].[StartTime] <= @__now_0 AND [s].[EndTime] > @__now_0
2026-05-20 15:20:51.331 +07:00 [INF] Executed DbCommand (1ms) [Parameters=[@__now_0='?' (DbType = DateTime2)], CommandType='"Text"', CommandTimeout='30']
SELECT [s].[ShowtimeID], [s].[EndTime], [s].[MovieID], [s].[RoomID], [s].[ShowtimeCode], [s].[StartTime], [s].[Status]
FROM [Showtimes] AS [s]
WHERE [s].[Status] IN (N'Đã lên lịch', N'Đang mở bán', N'Đang chiếu', N'Sap chieu', N'Dang dien ra') AND [s].[EndTime] <= @__now_0
2026-05-20 15:21:51.677 +07:00 [INF] Executed DbCommand (1ms) [Parameters=[], CommandType='"Text"', CommandTimeout='30']
SELECT [o].[OrderID], [o].[FinalAmount], [o].[HoldExpiryTime], [o].[OrderCode], [o].[PayOSTransID], [o].[PromoID], [o].[QrCode], [o].[ShowtimeID], [o].[Status], [o].[TotalAmount], [o].[UserID]
FROM [Orders] AS [o]
WHERE [o].[Status] = N'Chờ thanh toán' AND [o].[HoldExpiryTime] <= GETDATE()
2026-05-20 15:21:51.680 +07:00 [INF] Executed DbCommand (1ms) [Parameters=[@__maxSellingDate_0='?' (DbType = DateTime2), @__now_1='?' (DbType = DateTime2)], CommandType='"Text"', CommandTimeout='30']
SELECT [s].[ShowtimeID], [s].[EndTime], [s].[MovieID], [s].[RoomID], [s].[ShowtimeCode], [s].[StartTime], [s].[Status]
FROM [Showtimes] AS [s]
WHERE [s].[Status] IN (N'Đã lên lịch', N'Sap chieu') AND CONVERT(date, [s].[StartTime]) <= @__maxSellingDate_0 AND [s].[StartTime] > @__now_1
2026-05-20 15:21:51.681 +07:00 [INF] Executed DbCommand (1ms) [Parameters=[@__now_0='?' (DbType = DateTime2)], CommandType='"Text"', CommandTimeout='30']
SELECT [s].[ShowtimeID], [s].[EndTime], [s].[MovieID], [s].[RoomID], [s].[ShowtimeCode], [s].[StartTime], [s].[Status]
FROM [Showtimes] AS [s]
WHERE [s].[Status] IN (N'Đã lên lịch', N'Đang mở bán', N'Sap chieu') AND [s].[StartTime] <= @__now_0 AND [s].[EndTime] > @__now_0
2026-05-20 15:21:51.683 +07:00 [INF] Executed DbCommand (1ms) [Parameters=[@__now_0='?' (DbType = DateTime2)], CommandType='"Text"', CommandTimeout='30']
SELECT [s].[ShowtimeID], [s].[EndTime], [s].[MovieID], [s].[RoomID], [s].[ShowtimeCode], [s].[StartTime], [s].[Status]
FROM [Showtimes] AS [s]
WHERE [s].[Status] IN (N'Đã lên lịch', N'Đang mở bán', N'Đang chiếu', N'Sap chieu', N'Dang dien ra') AND [s].[EndTime] <= @__now_0
2026-05-20 15:22:51.699 +07:00 [INF] Executed DbCommand (1ms) [Parameters=[], CommandType='"Text"', CommandTimeout='30']
SELECT [o].[OrderID], [o].[FinalAmount], [o].[HoldExpiryTime], [o].[OrderCode], [o].[PayOSTransID], [o].[PromoID], [o].[QrCode], [o].[ShowtimeID], [o].[Status], [o].[TotalAmount], [o].[UserID]
FROM [Orders] AS [o]
WHERE [o].[Status] = N'Chờ thanh toán' AND [o].[HoldExpiryTime] <= GETDATE()
2026-05-20 15:22:51.702 +07:00 [INF] Executed DbCommand (1ms) [Parameters=[@__maxSellingDate_0='?' (DbType = DateTime2), @__now_1='?' (DbType = DateTime2)], CommandType='"Text"', CommandTimeout='30']
SELECT [s].[ShowtimeID], [s].[EndTime], [s].[MovieID], [s].[RoomID], [s].[ShowtimeCode], [s].[StartTime], [s].[Status]
FROM [Showtimes] AS [s]
WHERE [s].[Status] IN (N'Đã lên lịch', N'Sap chieu') AND CONVERT(date, [s].[StartTime]) <= @__maxSellingDate_0 AND [s].[StartTime] > @__now_1
2026-05-20 15:22:51.704 +07:00 [INF] Executed DbCommand (1ms) [Parameters=[@__now_0='?' (DbType = DateTime2)], CommandType='"Text"', CommandTimeout='30']
SELECT [s].[ShowtimeID], [s].[EndTime], [s].[MovieID], [s].[RoomID], [s].[ShowtimeCode], [s].[StartTime], [s].[Status]
FROM [Showtimes] AS [s]
WHERE [s].[Status] IN (N'Đã lên lịch', N'Đang mở bán', N'Sap chieu') AND [s].[StartTime] <= @__now_0 AND [s].[EndTime] > @__now_0
2026-05-20 15:22:51.706 +07:00 [INF] Executed DbCommand (1ms) [Parameters=[@__now_0='?' (DbType = DateTime2)], CommandType='"Text"', CommandTimeout='30']
SELECT [s].[ShowtimeID], [s].[EndTime], [s].[MovieID], [s].[RoomID], [s].[ShowtimeCode], [s].[StartTime], [s].[Status]
FROM [Showtimes] AS [s]
WHERE [s].[Status] IN (N'Đã lên lịch', N'Đang mở bán', N'Đang chiếu', N'Sap chieu', N'Dang dien ra') AND [s].[EndTime] <= @__now_0
2026-05-20 15:23:51.712 +07:00 [INF] Executed DbCommand (1ms) [Parameters=[], CommandType='"Text"', CommandTimeout='30']
SELECT [o].[OrderID], [o].[FinalAmount], [o].[HoldExpiryTime], [o].[OrderCode], [o].[PayOSTransID], [o].[PromoID], [o].[QrCode], [o].[ShowtimeID], [o].[Status], [o].[TotalAmount], [o].[UserID]
FROM [Orders] AS [o]
WHERE [o].[Status] = N'Chờ thanh toán' AND [o].[HoldExpiryTime] <= GETDATE()
2026-05-20 15:23:51.716 +07:00 [INF] Executed DbCommand (1ms) [Parameters=[@__maxSellingDate_0='?' (DbType = DateTime2), @__now_1='?' (DbType = DateTime2)], CommandType='"Text"', CommandTimeout='30']
SELECT [s].[ShowtimeID], [s].[EndTime], [s].[MovieID], [s].[RoomID], [s].[ShowtimeCode], [s].[StartTime], [s].[Status]
FROM [Showtimes] AS [s]
WHERE [s].[Status] IN (N'Đã lên lịch', N'Sap chieu') AND CONVERT(date, [s].[StartTime]) <= @__maxSellingDate_0 AND [s].[StartTime] > @__now_1
2026-05-20 15:23:51.717 +07:00 [INF] Executed DbCommand (1ms) [Parameters=[@__now_0='?' (DbType = DateTime2)], CommandType='"Text"', CommandTimeout='30']
SELECT [s].[ShowtimeID], [s].[EndTime], [s].[MovieID], [s].[RoomID], [s].[ShowtimeCode], [s].[StartTime], [s].[Status]
FROM [Showtimes] AS [s]
WHERE [s].[Status] IN (N'Đã lên lịch', N'Đang mở bán', N'Sap chieu') AND [s].[StartTime] <= @__now_0 AND [s].[EndTime] > @__now_0
2026-05-20 15:23:51.719 +07:00 [INF] Executed DbCommand (1ms) [Parameters=[@__now_0='?' (DbType = DateTime2)], CommandType='"Text"', CommandTimeout='30']
SELECT [s].[ShowtimeID], [s].[EndTime], [s].[MovieID], [s].[RoomID], [s].[ShowtimeCode], [s].[StartTime], [s].[Status]
FROM [Showtimes] AS [s]
WHERE [s].[Status] IN (N'Đã lên lịch', N'Đang mở bán', N'Đang chiếu', N'Sap chieu', N'Dang dien ra') AND [s].[EndTime] <= @__now_0
2026-05-20 15:24:51.739 +07:00 [INF] Executed DbCommand (1ms) [Parameters=[], CommandType='"Text"', CommandTimeout='30']
SELECT [o].[OrderID], [o].[FinalAmount], [o].[HoldExpiryTime], [o].[OrderCode], [o].[PayOSTransID], [o].[PromoID], [o].[QrCode], [o].[ShowtimeID], [o].[Status], [o].[TotalAmount], [o].[UserID]
FROM [Orders] AS [o]
WHERE [o].[Status] = N'Chờ thanh toán' AND [o].[HoldExpiryTime] <= GETDATE()
2026-05-20 15:24:51.743 +07:00 [INF] Executed DbCommand (1ms) [Parameters=[@__maxSellingDate_0='?' (DbType = DateTime2), @__now_1='?' (DbType = DateTime2)], CommandType='"Text"', CommandTimeout='30']
SELECT [s].[ShowtimeID], [s].[EndTime], [s].[MovieID], [s].[RoomID], [s].[ShowtimeCode], [s].[StartTime], [s].[Status]
FROM [Showtimes] AS [s]
WHERE [s].[Status] IN (N'Đã lên lịch', N'Sap chieu') AND CONVERT(date, [s].[StartTime]) <= @__maxSellingDate_0 AND [s].[StartTime] > @__now_1
2026-05-20 15:24:51.745 +07:00 [INF] Executed DbCommand (1ms) [Parameters=[@__now_0='?' (DbType = DateTime2)], CommandType='"Text"', CommandTimeout='30']
SELECT [s].[ShowtimeID], [s].[EndTime], [s].[MovieID], [s].[RoomID], [s].[ShowtimeCode], [s].[StartTime], [s].[Status]
FROM [Showtimes] AS [s]
WHERE [s].[Status] IN (N'Đã lên lịch', N'Đang mở bán', N'Sap chieu') AND [s].[StartTime] <= @__now_0 AND [s].[EndTime] > @__now_0
2026-05-20 15:24:51.747 +07:00 [INF] Executed DbCommand (1ms) [Parameters=[@__now_0='?' (DbType = DateTime2)], CommandType='"Text"', CommandTimeout='30']
SELECT [s].[ShowtimeID], [s].[EndTime], [s].[MovieID], [s].[RoomID], [s].[ShowtimeCode], [s].[StartTime], [s].[Status]
FROM [Showtimes] AS [s]
WHERE [s].[Status] IN (N'Đã lên lịch', N'Đang mở bán', N'Đang chiếu', N'Sap chieu', N'Dang dien ra') AND [s].[EndTime] <= @__now_0
2026-05-20 15:25:51.762 +07:00 [INF] Executed DbCommand (2ms) [Parameters=[], CommandType='"Text"', CommandTimeout='30']
SELECT [o].[OrderID], [o].[FinalAmount], [o].[HoldExpiryTime], [o].[OrderCode], [o].[PayOSTransID], [o].[PromoID], [o].[QrCode], [o].[ShowtimeID], [o].[Status], [o].[TotalAmount], [o].[UserID]
FROM [Orders] AS [o]
WHERE [o].[Status] = N'Chờ thanh toán' AND [o].[HoldExpiryTime] <= GETDATE()
2026-05-20 15:25:51.765 +07:00 [INF] Executed DbCommand (1ms) [Parameters=[@__maxSellingDate_0='?' (DbType = DateTime2), @__now_1='?' (DbType = DateTime2)], CommandType='"Text"', CommandTimeout='30']
SELECT [s].[ShowtimeID], [s].[EndTime], [s].[MovieID], [s].[RoomID], [s].[ShowtimeCode], [s].[StartTime], [s].[Status]
FROM [Showtimes] AS [s]
WHERE [s].[Status] IN (N'Đã lên lịch', N'Sap chieu') AND CONVERT(date, [s].[StartTime]) <= @__maxSellingDate_0 AND [s].[StartTime] > @__now_1
2026-05-20 15:25:51.766 +07:00 [INF] Executed DbCommand (1ms) [Parameters=[@__now_0='?' (DbType = DateTime2)], CommandType='"Text"', CommandTimeout='30']
SELECT [s].[ShowtimeID], [s].[EndTime], [s].[MovieID], [s].[RoomID], [s].[ShowtimeCode], [s].[StartTime], [s].[Status]
FROM [Showtimes] AS [s]
WHERE [s].[Status] IN (N'Đã lên lịch', N'Đang mở bán', N'Sap chieu') AND [s].[StartTime] <= @__now_0 AND [s].[EndTime] > @__now_0
2026-05-20 15:25:51.767 +07:00 [INF] Executed DbCommand (0ms) [Parameters=[@__now_0='?' (DbType = DateTime2)], CommandType='"Text"', CommandTimeout='30']
SELECT [s].[ShowtimeID], [s].[EndTime], [s].[MovieID], [s].[RoomID], [s].[ShowtimeCode], [s].[StartTime], [s].[Status]
FROM [Showtimes] AS [s]
WHERE [s].[Status] IN (N'Đã lên lịch', N'Đang mở bán', N'Đang chiếu', N'Sap chieu', N'Dang dien ra') AND [s].[EndTime] <= @__now_0
2026-05-20 15:26:51.781 +07:00 [INF] Executed DbCommand (1ms) [Parameters=[], CommandType='"Text"', CommandTimeout='30']
SELECT [o].[OrderID], [o].[FinalAmount], [o].[HoldExpiryTime], [o].[OrderCode], [o].[PayOSTransID], [o].[PromoID], [o].[QrCode], [o].[ShowtimeID], [o].[Status], [o].[TotalAmount], [o].[UserID]
FROM [Orders] AS [o]
WHERE [o].[Status] = N'Chờ thanh toán' AND [o].[HoldExpiryTime] <= GETDATE()
2026-05-20 15:26:51.784 +07:00 [INF] Executed DbCommand (1ms) [Parameters=[@__maxSellingDate_0='?' (DbType = DateTime2), @__now_1='?' (DbType = DateTime2)], CommandType='"Text"', CommandTimeout='30']
SELECT [s].[ShowtimeID], [s].[EndTime], [s].[MovieID], [s].[RoomID], [s].[ShowtimeCode], [s].[StartTime], [s].[Status]
FROM [Showtimes] AS [s]
WHERE [s].[Status] IN (N'Đã lên lịch', N'Sap chieu') AND CONVERT(date, [s].[StartTime]) <= @__maxSellingDate_0 AND [s].[StartTime] > @__now_1
2026-05-20 15:26:51.785 +07:00 [INF] Executed DbCommand (1ms) [Parameters=[@__now_0='?' (DbType = DateTime2)], CommandType='"Text"', CommandTimeout='30']
SELECT [s].[ShowtimeID], [s].[EndTime], [s].[MovieID], [s].[RoomID], [s].[ShowtimeCode], [s].[StartTime], [s].[Status]
FROM [Showtimes] AS [s]
WHERE [s].[Status] IN (N'Đã lên lịch', N'Đang mở bán', N'Sap chieu') AND [s].[StartTime] <= @__now_0 AND [s].[EndTime] > @__now_0
2026-05-20 15:26:51.787 +07:00 [INF] Executed DbCommand (1ms) [Parameters=[@__now_0='?' (DbType = DateTime2)], CommandType='"Text"', CommandTimeout='30']
SELECT [s].[ShowtimeID], [s].[EndTime], [s].[MovieID], [s].[RoomID], [s].[ShowtimeCode], [s].[StartTime], [s].[Status]
FROM [Showtimes] AS [s]
WHERE [s].[Status] IN (N'Đã lên lịch', N'Đang mở bán', N'Đang chiếu', N'Sap chieu', N'Dang dien ra') AND [s].[EndTime] <= @__now_0
2026-05-20 15:27:51.795 +07:00 [INF] Executed DbCommand (1ms) [Parameters=[], CommandType='"Text"', CommandTimeout='30']
SELECT [o].[OrderID], [o].[FinalAmount], [o].[HoldExpiryTime], [o].[OrderCode], [o].[PayOSTransID], [o].[PromoID], [o].[QrCode], [o].[ShowtimeID], [o].[Status], [o].[TotalAmount], [o].[UserID]
FROM [Orders] AS [o]
WHERE [o].[Status] = N'Chờ thanh toán' AND [o].[HoldExpiryTime] <= GETDATE()
2026-05-20 15:27:51.798 +07:00 [INF] Executed DbCommand (1ms) [Parameters=[@__maxSellingDate_0='?' (DbType = DateTime2), @__now_1='?' (DbType = DateTime2)], CommandType='"Text"', CommandTimeout='30']
SELECT [s].[ShowtimeID], [s].[EndTime], [s].[MovieID], [s].[RoomID], [s].[ShowtimeCode], [s].[StartTime], [s].[Status]
FROM [Showtimes] AS [s]
WHERE [s].[Status] IN (N'Đã lên lịch', N'Sap chieu') AND CONVERT(date, [s].[StartTime]) <= @__maxSellingDate_0 AND [s].[StartTime] > @__now_1
2026-05-20 15:27:51.800 +07:00 [INF] Executed DbCommand (1ms) [Parameters=[@__now_0='?' (DbType = DateTime2)], CommandType='"Text"', CommandTimeout='30']
SELECT [s].[ShowtimeID], [s].[EndTime], [s].[MovieID], [s].[RoomID], [s].[ShowtimeCode], [s].[StartTime], [s].[Status]
FROM [Showtimes] AS [s]
WHERE [s].[Status] IN (N'Đã lên lịch', N'Đang mở bán', N'Sap chieu') AND [s].[StartTime] <= @__now_0 AND [s].[EndTime] > @__now_0
2026-05-20 15:27:51.802 +07:00 [INF] Executed DbCommand (1ms) [Parameters=[@__now_0='?' (DbType = DateTime2)], CommandType='"Text"', CommandTimeout='30']
SELECT [s].[ShowtimeID], [s].[EndTime], [s].[MovieID], [s].[RoomID], [s].[ShowtimeCode], [s].[StartTime], [s].[Status]
FROM [Showtimes] AS [s]
WHERE [s].[Status] IN (N'Đã lên lịch', N'Đang mở bán', N'Đang chiếu', N'Sap chieu', N'Dang dien ra') AND [s].[EndTime] <= @__now_0
2026-05-20 15:28:51.815 +07:00 [INF] Executed DbCommand (1ms) [Parameters=[], CommandType='"Text"', CommandTimeout='30']
SELECT [o].[OrderID], [o].[FinalAmount], [o].[HoldExpiryTime], [o].[OrderCode], [o].[PayOSTransID], [o].[PromoID], [o].[QrCode], [o].[ShowtimeID], [o].[Status], [o].[TotalAmount], [o].[UserID]
FROM [Orders] AS [o]
WHERE [o].[Status] = N'Chờ thanh toán' AND [o].[HoldExpiryTime] <= GETDATE()
2026-05-20 15:28:51.818 +07:00 [INF] Executed DbCommand (1ms) [Parameters=[@__maxSellingDate_0='?' (DbType = DateTime2), @__now_1='?' (DbType = DateTime2)], CommandType='"Text"', CommandTimeout='30']
SELECT [s].[ShowtimeID], [s].[EndTime], [s].[MovieID], [s].[RoomID], [s].[ShowtimeCode], [s].[StartTime], [s].[Status]
FROM [Showtimes] AS [s]
WHERE [s].[Status] IN (N'Đã lên lịch', N'Sap chieu') AND CONVERT(date, [s].[StartTime]) <= @__maxSellingDate_0 AND [s].[StartTime] > @__now_1
2026-05-20 15:28:51.819 +07:00 [INF] Executed DbCommand (1ms) [Parameters=[@__now_0='?' (DbType = DateTime2)], CommandType='"Text"', CommandTimeout='30']
SELECT [s].[ShowtimeID], [s].[EndTime], [s].[MovieID], [s].[RoomID], [s].[ShowtimeCode], [s].[StartTime], [s].[Status]
FROM [Showtimes] AS [s]
WHERE [s].[Status] IN (N'Đã lên lịch', N'Đang mở bán', N'Sap chieu') AND [s].[StartTime] <= @__now_0 AND [s].[EndTime] > @__now_0
2026-05-20 15:28:51.821 +07:00 [INF] Executed DbCommand (1ms) [Parameters=[@__now_0='?' (DbType = DateTime2)], CommandType='"Text"', CommandTimeout='30']
SELECT [s].[ShowtimeID], [s].[EndTime], [s].[MovieID], [s].[RoomID], [s].[ShowtimeCode], [s].[StartTime], [s].[Status]
FROM [Showtimes] AS [s]
WHERE [s].[Status] IN (N'Đã lên lịch', N'Đang mở bán', N'Đang chiếu', N'Sap chieu', N'Dang dien ra') AND [s].[EndTime] <= @__now_0
2026-05-20 15:29:51.836 +07:00 [INF] Executed DbCommand (1ms) [Parameters=[], CommandType='"Text"', CommandTimeout='30']
SELECT [o].[OrderID], [o].[FinalAmount], [o].[HoldExpiryTime], [o].[OrderCode], [o].[PayOSTransID], [o].[PromoID], [o].[QrCode], [o].[ShowtimeID], [o].[Status], [o].[TotalAmount], [o].[UserID]
FROM [Orders] AS [o]
WHERE [o].[Status] = N'Chờ thanh toán' AND [o].[HoldExpiryTime] <= GETDATE()
2026-05-20 15:29:51.838 +07:00 [INF] Executed DbCommand (1ms) [Parameters=[@__maxSellingDate_0='?' (DbType = DateTime2), @__now_1='?' (DbType = DateTime2)], CommandType='"Text"', CommandTimeout='30']
SELECT [s].[ShowtimeID], [s].[EndTime], [s].[MovieID], [s].[RoomID], [s].[ShowtimeCode], [s].[StartTime], [s].[Status]
FROM [Showtimes] AS [s]
WHERE [s].[Status] IN (N'Đã lên lịch', N'Sap chieu') AND CONVERT(date, [s].[StartTime]) <= @__maxSellingDate_0 AND [s].[StartTime] > @__now_1
2026-05-20 15:29:51.840 +07:00 [INF] Executed DbCommand (1ms) [Parameters=[@__now_0='?' (DbType = DateTime2)], CommandType='"Text"', CommandTimeout='30']
SELECT [s].[ShowtimeID], [s].[EndTime], [s].[MovieID], [s].[RoomID], [s].[ShowtimeCode], [s].[StartTime], [s].[Status]
FROM [Showtimes] AS [s]
WHERE [s].[Status] IN (N'Đã lên lịch', N'Đang mở bán', N'Sap chieu') AND [s].[StartTime] <= @__now_0 AND [s].[EndTime] > @__now_0
2026-05-20 15:29:51.841 +07:00 [INF] Executed DbCommand (1ms) [Parameters=[@__now_0='?' (DbType = DateTime2)], CommandType='"Text"', CommandTimeout='30']
SELECT [s].[ShowtimeID], [s].[EndTime], [s].[MovieID], [s].[RoomID], [s].[ShowtimeCode], [s].[StartTime], [s].[Status]
FROM [Showtimes] AS [s]
WHERE [s].[Status] IN (N'Đã lên lịch', N'Đang mở bán', N'Đang chiếu', N'Sap chieu', N'Dang dien ra') AND [s].[EndTime] <= @__now_0
2026-05-20 15:30:51.851 +07:00 [INF] Executed DbCommand (1ms) [Parameters=[], CommandType='"Text"', CommandTimeout='30']
SELECT [o].[OrderID], [o].[FinalAmount], [o].[HoldExpiryTime], [o].[OrderCode], [o].[PayOSTransID], [o].[PromoID], [o].[QrCode], [o].[ShowtimeID], [o].[Status], [o].[TotalAmount], [o].[UserID]
FROM [Orders] AS [o]
WHERE [o].[Status] = N'Chờ thanh toán' AND [o].[HoldExpiryTime] <= GETDATE()
2026-05-20 15:30:51.854 +07:00 [INF] Executed DbCommand (1ms) [Parameters=[@__maxSellingDate_0='?' (DbType = DateTime2), @__now_1='?' (DbType = DateTime2)], CommandType='"Text"', CommandTimeout='30']
SELECT [s].[ShowtimeID], [s].[EndTime], [s].[MovieID], [s].[RoomID], [s].[ShowtimeCode], [s].[StartTime], [s].[Status]
FROM [Showtimes] AS [s]
WHERE [s].[Status] IN (N'Đã lên lịch', N'Sap chieu') AND CONVERT(date, [s].[StartTime]) <= @__maxSellingDate_0 AND [s].[StartTime] > @__now_1
2026-05-20 15:30:51.856 +07:00 [INF] Executed DbCommand (1ms) [Parameters=[@__now_0='?' (DbType = DateTime2)], CommandType='"Text"', CommandTimeout='30']
SELECT [s].[ShowtimeID], [s].[EndTime], [s].[MovieID], [s].[RoomID], [s].[ShowtimeCode], [s].[StartTime], [s].[Status]
FROM [Showtimes] AS [s]
WHERE [s].[Status] IN (N'Đã lên lịch', N'Đang mở bán', N'Sap chieu') AND [s].[StartTime] <= @__now_0 AND [s].[EndTime] > @__now_0
2026-05-20 15:30:51.858 +07:00 [INF] Executed DbCommand (1ms) [Parameters=[@__now_0='?' (DbType = DateTime2)], CommandType='"Text"', CommandTimeout='30']
SELECT [s].[ShowtimeID], [s].[EndTime], [s].[MovieID], [s].[RoomID], [s].[ShowtimeCode], [s].[StartTime], [s].[Status]
FROM [Showtimes] AS [s]
WHERE [s].[Status] IN (N'Đã lên lịch', N'Đang mở bán', N'Đang chiếu', N'Sap chieu', N'Dang dien ra') AND [s].[EndTime] <= @__now_0
2026-05-20 15:31:51.867 +07:00 [INF] Executed DbCommand (1ms) [Parameters=[], CommandType='"Text"', CommandTimeout='30']
SELECT [o].[OrderID], [o].[FinalAmount], [o].[HoldExpiryTime], [o].[OrderCode], [o].[PayOSTransID], [o].[PromoID], [o].[QrCode], [o].[ShowtimeID], [o].[Status], [o].[TotalAmount], [o].[UserID]
FROM [Orders] AS [o]
WHERE [o].[Status] = N'Chờ thanh toán' AND [o].[HoldExpiryTime] <= GETDATE()
2026-05-20 15:31:51.869 +07:00 [INF] Executed DbCommand (1ms) [Parameters=[@__maxSellingDate_0='?' (DbType = DateTime2), @__now_1='?' (DbType = DateTime2)], CommandType='"Text"', CommandTimeout='30']
SELECT [s].[ShowtimeID], [s].[EndTime], [s].[MovieID], [s].[RoomID], [s].[ShowtimeCode], [s].[StartTime], [s].[Status]
FROM [Showtimes] AS [s]
WHERE [s].[Status] IN (N'Đã lên lịch', N'Sap chieu') AND CONVERT(date, [s].[StartTime]) <= @__maxSellingDate_0 AND [s].[StartTime] > @__now_1
2026-05-20 15:31:51.870 +07:00 [INF] Executed DbCommand (1ms) [Parameters=[@__now_0='?' (DbType = DateTime2)], CommandType='"Text"', CommandTimeout='30']
SELECT [s].[ShowtimeID], [s].[EndTime], [s].[MovieID], [s].[RoomID], [s].[ShowtimeCode], [s].[StartTime], [s].[Status]
FROM [Showtimes] AS [s]
WHERE [s].[Status] IN (N'Đã lên lịch', N'Đang mở bán', N'Sap chieu') AND [s].[StartTime] <= @__now_0 AND [s].[EndTime] > @__now_0
2026-05-20 15:31:51.872 +07:00 [INF] Executed DbCommand (1ms) [Parameters=[@__now_0='?' (DbType = DateTime2)], CommandType='"Text"', CommandTimeout='30']
SELECT [s].[ShowtimeID], [s].[EndTime], [s].[MovieID], [s].[RoomID], [s].[ShowtimeCode], [s].[StartTime], [s].[Status]
FROM [Showtimes] AS [s]
WHERE [s].[Status] IN (N'Đã lên lịch', N'Đang mở bán', N'Đang chiếu', N'Sap chieu', N'Dang dien ra') AND [s].[EndTime] <= @__now_0
2026-05-20 15:32:51.890 +07:00 [INF] Executed DbCommand (5ms) [Parameters=[], CommandType='"Text"', CommandTimeout='30']
SELECT [o].[OrderID], [o].[FinalAmount], [o].[HoldExpiryTime], [o].[OrderCode], [o].[PayOSTransID], [o].[PromoID], [o].[QrCode], [o].[ShowtimeID], [o].[Status], [o].[TotalAmount], [o].[UserID]
FROM [Orders] AS [o]
WHERE [o].[Status] = N'Chờ thanh toán' AND [o].[HoldExpiryTime] <= GETDATE()
2026-05-20 15:32:51.896 +07:00 [INF] Executed DbCommand (4ms) [Parameters=[@__maxSellingDate_0='?' (DbType = DateTime2), @__now_1='?' (DbType = DateTime2)], CommandType='"Text"', CommandTimeout='30']
SELECT [s].[ShowtimeID], [s].[EndTime], [s].[MovieID], [s].[RoomID], [s].[ShowtimeCode], [s].[StartTime], [s].[Status]
FROM [Showtimes] AS [s]
WHERE [s].[Status] IN (N'Đã lên lịch', N'Sap chieu') AND CONVERT(date, [s].[StartTime]) <= @__maxSellingDate_0 AND [s].[StartTime] > @__now_1
2026-05-20 15:32:51.901 +07:00 [INF] Executed DbCommand (4ms) [Parameters=[@__now_0='?' (DbType = DateTime2)], CommandType='"Text"', CommandTimeout='30']
SELECT [s].[ShowtimeID], [s].[EndTime], [s].[MovieID], [s].[RoomID], [s].[ShowtimeCode], [s].[StartTime], [s].[Status]
FROM [Showtimes] AS [s]
WHERE [s].[Status] IN (N'Đã lên lịch', N'Đang mở bán', N'Sap chieu') AND [s].[StartTime] <= @__now_0 AND [s].[EndTime] > @__now_0
2026-05-20 15:32:51.903 +07:00 [INF] Executed DbCommand (1ms) [Parameters=[@__now_0='?' (DbType = DateTime2)], CommandType='"Text"', CommandTimeout='30']
SELECT [s].[ShowtimeID], [s].[EndTime], [s].[MovieID], [s].[RoomID], [s].[ShowtimeCode], [s].[StartTime], [s].[Status]
FROM [Showtimes] AS [s]
WHERE [s].[Status] IN (N'Đã lên lịch', N'Đang mở bán', N'Đang chiếu', N'Sap chieu', N'Dang dien ra') AND [s].[EndTime] <= @__now_0
2026-05-20 15:33:51.914 +07:00 [INF] Executed DbCommand (5ms) [Parameters=[], CommandType='"Text"', CommandTimeout='30']
SELECT [o].[OrderID], [o].[FinalAmount], [o].[HoldExpiryTime], [o].[OrderCode], [o].[PayOSTransID], [o].[PromoID], [o].[QrCode], [o].[ShowtimeID], [o].[Status], [o].[TotalAmount], [o].[UserID]
FROM [Orders] AS [o]
WHERE [o].[Status] = N'Chờ thanh toán' AND [o].[HoldExpiryTime] <= GETDATE()
2026-05-20 15:33:51.921 +07:00 [INF] Executed DbCommand (5ms) [Parameters=[@__maxSellingDate_0='?' (DbType = DateTime2), @__now_1='?' (DbType = DateTime2)], CommandType='"Text"', CommandTimeout='30']
SELECT [s].[ShowtimeID], [s].[EndTime], [s].[MovieID], [s].[RoomID], [s].[ShowtimeCode], [s].[StartTime], [s].[Status]
FROM [Showtimes] AS [s]
WHERE [s].[Status] IN (N'Đã lên lịch', N'Sap chieu') AND CONVERT(date, [s].[StartTime]) <= @__maxSellingDate_0 AND [s].[StartTime] > @__now_1
2026-05-20 15:33:51.925 +07:00 [INF] Executed DbCommand (4ms) [Parameters=[@__now_0='?' (DbType = DateTime2)], CommandType='"Text"', CommandTimeout='30']
SELECT [s].[ShowtimeID], [s].[EndTime], [s].[MovieID], [s].[RoomID], [s].[ShowtimeCode], [s].[StartTime], [s].[Status]
FROM [Showtimes] AS [s]
WHERE [s].[Status] IN (N'Đã lên lịch', N'Đang mở bán', N'Sap chieu') AND [s].[StartTime] <= @__now_0 AND [s].[EndTime] > @__now_0
2026-05-20 15:33:51.930 +07:00 [INF] Executed DbCommand (4ms) [Parameters=[@__now_0='?' (DbType = DateTime2)], CommandType='"Text"', CommandTimeout='30']
SELECT [s].[ShowtimeID], [s].[EndTime], [s].[MovieID], [s].[RoomID], [s].[ShowtimeCode], [s].[StartTime], [s].[Status]
FROM [Showtimes] AS [s]
WHERE [s].[Status] IN (N'Đã lên lịch', N'Đang mở bán', N'Đang chiếu', N'Sap chieu', N'Dang dien ra') AND [s].[EndTime] <= @__now_0
2026-05-20 15:34:51.940 +07:00 [INF] Executed DbCommand (5ms) [Parameters=[], CommandType='"Text"', CommandTimeout='30']
SELECT [o].[OrderID], [o].[FinalAmount], [o].[HoldExpiryTime], [o].[OrderCode], [o].[PayOSTransID], [o].[PromoID], [o].[QrCode], [o].[ShowtimeID], [o].[Status], [o].[TotalAmount], [o].[UserID]
FROM [Orders] AS [o]
WHERE [o].[Status] = N'Chờ thanh toán' AND [o].[HoldExpiryTime] <= GETDATE()
2026-05-20 15:34:51.946 +07:00 [INF] Executed DbCommand (5ms) [Parameters=[@__maxSellingDate_0='?' (DbType = DateTime2), @__now_1='?' (DbType = DateTime2)], CommandType='"Text"', CommandTimeout='30']
SELECT [s].[ShowtimeID], [s].[EndTime], [s].[MovieID], [s].[RoomID], [s].[ShowtimeCode], [s].[StartTime], [s].[Status]
FROM [Showtimes] AS [s]
WHERE [s].[Status] IN (N'Đã lên lịch', N'Sap chieu') AND CONVERT(date, [s].[StartTime]) <= @__maxSellingDate_0 AND [s].[StartTime] > @__now_1
2026-05-20 15:34:51.949 +07:00 [INF] Executed DbCommand (2ms) [Parameters=[@__now_0='?' (DbType = DateTime2)], CommandType='"Text"', CommandTimeout='30']
SELECT [s].[ShowtimeID], [s].[EndTime], [s].[MovieID], [s].[RoomID], [s].[ShowtimeCode], [s].[StartTime], [s].[Status]
FROM [Showtimes] AS [s]
WHERE [s].[Status] IN (N'Đã lên lịch', N'Đang mở bán', N'Sap chieu') AND [s].[StartTime] <= @__now_0 AND [s].[EndTime] > @__now_0
2026-05-20 15:34:51.953 +07:00 [INF] Executed DbCommand (3ms) [Parameters=[@__now_0='?' (DbType = DateTime2)], CommandType='"Text"', CommandTimeout='30']
SELECT [s].[ShowtimeID], [s].[EndTime], [s].[MovieID], [s].[RoomID], [s].[ShowtimeCode], [s].[StartTime], [s].[Status]
FROM [Showtimes] AS [s]
WHERE [s].[Status] IN (N'Đã lên lịch', N'Đang mở bán', N'Đang chiếu', N'Sap chieu', N'Dang dien ra') AND [s].[EndTime] <= @__now_0
2026-05-20 15:35:51.963 +07:00 [INF] Executed DbCommand (5ms) [Parameters=[], CommandType='"Text"', CommandTimeout='30']
SELECT [o].[OrderID], [o].[FinalAmount], [o].[HoldExpiryTime], [o].[OrderCode], [o].[PayOSTransID], [o].[PromoID], [o].[QrCode], [o].[ShowtimeID], [o].[Status], [o].[TotalAmount], [o].[UserID]
FROM [Orders] AS [o]
WHERE [o].[Status] = N'Chờ thanh toán' AND [o].[HoldExpiryTime] <= GETDATE()
2026-05-20 15:35:51.969 +07:00 [INF] Executed DbCommand (5ms) [Parameters=[@__maxSellingDate_0='?' (DbType = DateTime2), @__now_1='?' (DbType = DateTime2)], CommandType='"Text"', CommandTimeout='30']
SELECT [s].[ShowtimeID], [s].[EndTime], [s].[MovieID], [s].[RoomID], [s].[ShowtimeCode], [s].[StartTime], [s].[Status]
FROM [Showtimes] AS [s]
WHERE [s].[Status] IN (N'Đã lên lịch', N'Sap chieu') AND CONVERT(date, [s].[StartTime]) <= @__maxSellingDate_0 AND [s].[StartTime] > @__now_1
2026-05-20 15:35:51.974 +07:00 [INF] Executed DbCommand (4ms) [Parameters=[@__now_0='?' (DbType = DateTime2)], CommandType='"Text"', CommandTimeout='30']
SELECT [s].[ShowtimeID], [s].[EndTime], [s].[MovieID], [s].[RoomID], [s].[ShowtimeCode], [s].[StartTime], [s].[Status]
FROM [Showtimes] AS [s]
WHERE [s].[Status] IN (N'Đã lên lịch', N'Đang mở bán', N'Sap chieu') AND [s].[StartTime] <= @__now_0 AND [s].[EndTime] > @__now_0
2026-05-20 15:35:51.978 +07:00 [INF] Executed DbCommand (3ms) [Parameters=[@__now_0='?' (DbType = DateTime2)], CommandType='"Text"', CommandTimeout='30']
SELECT [s].[ShowtimeID], [s].[EndTime], [s].[MovieID], [s].[RoomID], [s].[ShowtimeCode], [s].[StartTime], [s].[Status]
FROM [Showtimes] AS [s]
WHERE [s].[Status] IN (N'Đã lên lịch', N'Đang mở bán', N'Đang chiếu', N'Sap chieu', N'Dang dien ra') AND [s].[EndTime] <= @__now_0
2026-05-20 15:36:51.992 +07:00 [INF] Executed DbCommand (4ms) [Parameters=[], CommandType='"Text"', CommandTimeout='30']
SELECT [o].[OrderID], [o].[FinalAmount], [o].[HoldExpiryTime], [o].[OrderCode], [o].[PayOSTransID], [o].[PromoID], [o].[QrCode], [o].[ShowtimeID], [o].[Status], [o].[TotalAmount], [o].[UserID]
FROM [Orders] AS [o]
WHERE [o].[Status] = N'Chờ thanh toán' AND [o].[HoldExpiryTime] <= GETDATE()
2026-05-20 15:36:51.998 +07:00 [INF] Executed DbCommand (4ms) [Parameters=[@__maxSellingDate_0='?' (DbType = DateTime2), @__now_1='?' (DbType = DateTime2)], CommandType='"Text"', CommandTimeout='30']
SELECT [s].[ShowtimeID], [s].[EndTime], [s].[MovieID], [s].[RoomID], [s].[ShowtimeCode], [s].[StartTime], [s].[Status]
FROM [Showtimes] AS [s]
WHERE [s].[Status] IN (N'Đã lên lịch', N'Sap chieu') AND CONVERT(date, [s].[StartTime]) <= @__maxSellingDate_0 AND [s].[StartTime] > @__now_1
2026-05-20 15:36:52.002 +07:00 [INF] Executed DbCommand (3ms) [Parameters=[@__now_0='?' (DbType = DateTime2)], CommandType='"Text"', CommandTimeout='30']
SELECT [s].[ShowtimeID], [s].[EndTime], [s].[MovieID], [s].[RoomID], [s].[ShowtimeCode], [s].[StartTime], [s].[Status]
FROM [Showtimes] AS [s]
WHERE [s].[Status] IN (N'Đã lên lịch', N'Đang mở bán', N'Sap chieu') AND [s].[StartTime] <= @__now_0 AND [s].[EndTime] > @__now_0
2026-05-20 15:36:52.006 +07:00 [INF] Executed DbCommand (3ms) [Parameters=[@__now_0='?' (DbType = DateTime2)], CommandType='"Text"', CommandTimeout='30']
SELECT [s].[ShowtimeID], [s].[EndTime], [s].[MovieID], [s].[RoomID], [s].[ShowtimeCode], [s].[StartTime], [s].[Status]
FROM [Showtimes] AS [s]
WHERE [s].[Status] IN (N'Đã lên lịch', N'Đang mở bán', N'Đang chiếu', N'Sap chieu', N'Dang dien ra') AND [s].[EndTime] <= @__now_0
2026-05-20 15:37:52.024 +07:00 [INF] Executed DbCommand (4ms) [Parameters=[], CommandType='"Text"', CommandTimeout='30']
SELECT [o].[OrderID], [o].[FinalAmount], [o].[HoldExpiryTime], [o].[OrderCode], [o].[PayOSTransID], [o].[PromoID], [o].[QrCode], [o].[ShowtimeID], [o].[Status], [o].[TotalAmount], [o].[UserID]
FROM [Orders] AS [o]
WHERE [o].[Status] = N'Chờ thanh toán' AND [o].[HoldExpiryTime] <= GETDATE()
2026-05-20 15:37:52.029 +07:00 [INF] Executed DbCommand (3ms) [Parameters=[@__maxSellingDate_0='?' (DbType = DateTime2), @__now_1='?' (DbType = DateTime2)], CommandType='"Text"', CommandTimeout='30']
SELECT [s].[ShowtimeID], [s].[EndTime], [s].[MovieID], [s].[RoomID], [s].[ShowtimeCode], [s].[StartTime], [s].[Status]
FROM [Showtimes] AS [s]
WHERE [s].[Status] IN (N'Đã lên lịch', N'Sap chieu') AND CONVERT(date, [s].[StartTime]) <= @__maxSellingDate_0 AND [s].[StartTime] > @__now_1
2026-05-20 15:37:52.032 +07:00 [INF] Executed DbCommand (2ms) [Parameters=[@__now_0='?' (DbType = DateTime2)], CommandType='"Text"', CommandTimeout='30']
SELECT [s].[ShowtimeID], [s].[EndTime], [s].[MovieID], [s].[RoomID], [s].[ShowtimeCode], [s].[StartTime], [s].[Status]
FROM [Showtimes] AS [s]
WHERE [s].[Status] IN (N'Đã lên lịch', N'Đang mở bán', N'Sap chieu') AND [s].[StartTime] <= @__now_0 AND [s].[EndTime] > @__now_0
2026-05-20 15:37:52.036 +07:00 [INF] Executed DbCommand (2ms) [Parameters=[@__now_0='?' (DbType = DateTime2)], CommandType='"Text"', CommandTimeout='30']
SELECT [s].[ShowtimeID], [s].[EndTime], [s].[MovieID], [s].[RoomID], [s].[ShowtimeCode], [s].[StartTime], [s].[Status]
FROM [Showtimes] AS [s]
WHERE [s].[Status] IN (N'Đã lên lịch', N'Đang mở bán', N'Đang chiếu', N'Sap chieu', N'Dang dien ra') AND [s].[EndTime] <= @__now_0
2026-05-20 15:38:52.045 +07:00 [INF] Executed DbCommand (4ms) [Parameters=[], CommandType='"Text"', CommandTimeout='30']
SELECT [o].[OrderID], [o].[FinalAmount], [o].[HoldExpiryTime], [o].[OrderCode], [o].[PayOSTransID], [o].[PromoID], [o].[QrCode], [o].[ShowtimeID], [o].[Status], [o].[TotalAmount], [o].[UserID]
FROM [Orders] AS [o]
WHERE [o].[Status] = N'Chờ thanh toán' AND [o].[HoldExpiryTime] <= GETDATE()
2026-05-20 15:38:52.052 +07:00 [INF] Executed DbCommand (5ms) [Parameters=[@__maxSellingDate_0='?' (DbType = DateTime2), @__now_1='?' (DbType = DateTime2)], CommandType='"Text"', CommandTimeout='30']
SELECT [s].[ShowtimeID], [s].[EndTime], [s].[MovieID], [s].[RoomID], [s].[ShowtimeCode], [s].[StartTime], [s].[Status]
FROM [Showtimes] AS [s]
WHERE [s].[Status] IN (N'Đã lên lịch', N'Sap chieu') AND CONVERT(date, [s].[StartTime]) <= @__maxSellingDate_0 AND [s].[StartTime] > @__now_1
2026-05-20 15:38:52.055 +07:00 [INF] Executed DbCommand (2ms) [Parameters=[@__now_0='?' (DbType = DateTime2)], CommandType='"Text"', CommandTimeout='30']
SELECT [s].[ShowtimeID], [s].[EndTime], [s].[MovieID], [s].[RoomID], [s].[ShowtimeCode], [s].[StartTime], [s].[Status]
FROM [Showtimes] AS [s]
WHERE [s].[Status] IN (N'Đã lên lịch', N'Đang mở bán', N'Sap chieu') AND [s].[StartTime] <= @__now_0 AND [s].[EndTime] > @__now_0
2026-05-20 15:38:52.058 +07:00 [INF] Executed DbCommand (3ms) [Parameters=[@__now_0='?' (DbType = DateTime2)], CommandType='"Text"', CommandTimeout='30']
SELECT [s].[ShowtimeID], [s].[EndTime], [s].[MovieID], [s].[RoomID], [s].[ShowtimeCode], [s].[StartTime], [s].[Status]
FROM [Showtimes] AS [s]
WHERE [s].[Status] IN (N'Đã lên lịch', N'Đang mở bán', N'Đang chiếu', N'Sap chieu', N'Dang dien ra') AND [s].[EndTime] <= @__now_0
2026-05-20 15:39:52.067 +07:00 [INF] Executed DbCommand (5ms) [Parameters=[], CommandType='"Text"', CommandTimeout='30']
SELECT [o].[OrderID], [o].[FinalAmount], [o].[HoldExpiryTime], [o].[OrderCode], [o].[PayOSTransID], [o].[PromoID], [o].[QrCode], [o].[ShowtimeID], [o].[Status], [o].[TotalAmount], [o].[UserID]
FROM [Orders] AS [o]
WHERE [o].[Status] = N'Chờ thanh toán' AND [o].[HoldExpiryTime] <= GETDATE()
2026-05-20 15:39:52.073 +07:00 [INF] Executed DbCommand (3ms) [Parameters=[@__maxSellingDate_0='?' (DbType = DateTime2), @__now_1='?' (DbType = DateTime2)], CommandType='"Text"', CommandTimeout='30']
SELECT [s].[ShowtimeID], [s].[EndTime], [s].[MovieID], [s].[RoomID], [s].[ShowtimeCode], [s].[StartTime], [s].[Status]
FROM [Showtimes] AS [s]
WHERE [s].[Status] IN (N'Đã lên lịch', N'Sap chieu') AND CONVERT(date, [s].[StartTime]) <= @__maxSellingDate_0 AND [s].[StartTime] > @__now_1
2026-05-20 15:39:52.077 +07:00 [INF] Executed DbCommand (3ms) [Parameters=[@__now_0='?' (DbType = DateTime2)], CommandType='"Text"', CommandTimeout='30']
SELECT [s].[ShowtimeID], [s].[EndTime], [s].[MovieID], [s].[RoomID], [s].[ShowtimeCode], [s].[StartTime], [s].[Status]
FROM [Showtimes] AS [s]
WHERE [s].[Status] IN (N'Đã lên lịch', N'Đang mở bán', N'Sap chieu') AND [s].[StartTime] <= @__now_0 AND [s].[EndTime] > @__now_0
2026-05-20 15:39:52.079 +07:00 [INF] Executed DbCommand (2ms) [Parameters=[@__now_0='?' (DbType = DateTime2)], CommandType='"Text"', CommandTimeout='30']
SELECT [s].[ShowtimeID], [s].[EndTime], [s].[MovieID], [s].[RoomID], [s].[ShowtimeCode], [s].[StartTime], [s].[Status]
FROM [Showtimes] AS [s]
WHERE [s].[Status] IN (N'Đã lên lịch', N'Đang mở bán', N'Đang chiếu', N'Sap chieu', N'Dang dien ra') AND [s].[EndTime] <= @__now_0
2026-05-20 15:40:52.091 +07:00 [INF] Executed DbCommand (6ms) [Parameters=[], CommandType='"Text"', CommandTimeout='30']
SELECT [o].[OrderID], [o].[FinalAmount], [o].[HoldExpiryTime], [o].[OrderCode], [o].[PayOSTransID], [o].[PromoID], [o].[QrCode], [o].[ShowtimeID], [o].[Status], [o].[TotalAmount], [o].[UserID]
FROM [Orders] AS [o]
WHERE [o].[Status] = N'Chờ thanh toán' AND [o].[HoldExpiryTime] <= GETDATE()
2026-05-20 15:40:52.097 +07:00 [INF] Executed DbCommand (4ms) [Parameters=[@__maxSellingDate_0='?' (DbType = DateTime2), @__now_1='?' (DbType = DateTime2)], CommandType='"Text"', CommandTimeout='30']
SELECT [s].[ShowtimeID], [s].[EndTime], [s].[MovieID], [s].[RoomID], [s].[ShowtimeCode], [s].[StartTime], [s].[Status]
FROM [Showtimes] AS [s]
WHERE [s].[Status] IN (N'Đã lên lịch', N'Sap chieu') AND CONVERT(date, [s].[StartTime]) <= @__maxSellingDate_0 AND [s].[StartTime] > @__now_1
2026-05-20 15:40:52.102 +07:00 [INF] Executed DbCommand (4ms) [Parameters=[@__now_0='?' (DbType = DateTime2)], CommandType='"Text"', CommandTimeout='30']
SELECT [s].[ShowtimeID], [s].[EndTime], [s].[MovieID], [s].[RoomID], [s].[ShowtimeCode], [s].[StartTime], [s].[Status]
FROM [Showtimes] AS [s]
WHERE [s].[Status] IN (N'Đã lên lịch', N'Đang mở bán', N'Sap chieu') AND [s].[StartTime] <= @__now_0 AND [s].[EndTime] > @__now_0
2026-05-20 15:40:52.106 +07:00 [INF] Executed DbCommand (3ms) [Parameters=[@__now_0='?' (DbType = DateTime2)], CommandType='"Text"', CommandTimeout='30']
SELECT [s].[ShowtimeID], [s].[EndTime], [s].[MovieID], [s].[RoomID], [s].[ShowtimeCode], [s].[StartTime], [s].[Status]
FROM [Showtimes] AS [s]
WHERE [s].[Status] IN (N'Đã lên lịch', N'Đang mở bán', N'Đang chiếu', N'Sap chieu', N'Dang dien ra') AND [s].[EndTime] <= @__now_0
2026-05-20 15:41:52.128 +07:00 [INF] Executed DbCommand (5ms) [Parameters=[], CommandType='"Text"', CommandTimeout='30']
SELECT [o].[OrderID], [o].[FinalAmount], [o].[HoldExpiryTime], [o].[OrderCode], [o].[PayOSTransID], [o].[PromoID], [o].[QrCode], [o].[ShowtimeID], [o].[Status], [o].[TotalAmount], [o].[UserID]
FROM [Orders] AS [o]
WHERE [o].[Status] = N'Chờ thanh toán' AND [o].[HoldExpiryTime] <= GETDATE()
2026-05-20 15:41:52.134 +07:00 [INF] Executed DbCommand (5ms) [Parameters=[@__maxSellingDate_0='?' (DbType = DateTime2), @__now_1='?' (DbType = DateTime2)], CommandType='"Text"', CommandTimeout='30']
SELECT [s].[ShowtimeID], [s].[EndTime], [s].[MovieID], [s].[RoomID], [s].[ShowtimeCode], [s].[StartTime], [s].[Status]
FROM [Showtimes] AS [s]
WHERE [s].[Status] IN (N'Đã lên lịch', N'Sap chieu') AND CONVERT(date, [s].[StartTime]) <= @__maxSellingDate_0 AND [s].[StartTime] > @__now_1
2026-05-20 15:41:52.139 +07:00 [INF] Executed DbCommand (3ms) [Parameters=[@__now_0='?' (DbType = DateTime2)], CommandType='"Text"', CommandTimeout='30']
SELECT [s].[ShowtimeID], [s].[EndTime], [s].[MovieID], [s].[RoomID], [s].[ShowtimeCode], [s].[StartTime], [s].[Status]
FROM [Showtimes] AS [s]
WHERE [s].[Status] IN (N'Đã lên lịch', N'Đang mở bán', N'Sap chieu') AND [s].[StartTime] <= @__now_0 AND [s].[EndTime] > @__now_0
2026-05-20 15:41:52.142 +07:00 [INF] Executed DbCommand (3ms) [Parameters=[@__now_0='?' (DbType = DateTime2)], CommandType='"Text"', CommandTimeout='30']
SELECT [s].[ShowtimeID], [s].[EndTime], [s].[MovieID], [s].[RoomID], [s].[ShowtimeCode], [s].[StartTime], [s].[Status]
FROM [Showtimes] AS [s]
WHERE [s].[Status] IN (N'Đã lên lịch', N'Đang mở bán', N'Đang chiếu', N'Sap chieu', N'Dang dien ra') AND [s].[EndTime] <= @__now_0
2026-05-20 15:42:52.160 +07:00 [INF] Executed DbCommand (5ms) [Parameters=[], CommandType='"Text"', CommandTimeout='30']
SELECT [o].[OrderID], [o].[FinalAmount], [o].[HoldExpiryTime], [o].[OrderCode], [o].[PayOSTransID], [o].[PromoID], [o].[QrCode], [o].[ShowtimeID], [o].[Status], [o].[TotalAmount], [o].[UserID]
FROM [Orders] AS [o]
WHERE [o].[Status] = N'Chờ thanh toán' AND [o].[HoldExpiryTime] <= GETDATE()
2026-05-20 15:42:52.167 +07:00 [INF] Executed DbCommand (5ms) [Parameters=[@__maxSellingDate_0='?' (DbType = DateTime2), @__now_1='?' (DbType = DateTime2)], CommandType='"Text"', CommandTimeout='30']
SELECT [s].[ShowtimeID], [s].[EndTime], [s].[MovieID], [s].[RoomID], [s].[ShowtimeCode], [s].[StartTime], [s].[Status]
FROM [Showtimes] AS [s]
WHERE [s].[Status] IN (N'Đã lên lịch', N'Sap chieu') AND CONVERT(date, [s].[StartTime]) <= @__maxSellingDate_0 AND [s].[StartTime] > @__now_1
2026-05-20 15:42:52.171 +07:00 [INF] Executed DbCommand (3ms) [Parameters=[@__now_0='?' (DbType = DateTime2)], CommandType='"Text"', CommandTimeout='30']
SELECT [s].[ShowtimeID], [s].[EndTime], [s].[MovieID], [s].[RoomID], [s].[ShowtimeCode], [s].[StartTime], [s].[Status]
FROM [Showtimes] AS [s]
WHERE [s].[Status] IN (N'Đã lên lịch', N'Đang mở bán', N'Sap chieu') AND [s].[StartTime] <= @__now_0 AND [s].[EndTime] > @__now_0
2026-05-20 15:42:52.176 +07:00 [INF] Executed DbCommand (4ms) [Parameters=[@__now_0='?' (DbType = DateTime2)], CommandType='"Text"', CommandTimeout='30']
SELECT [s].[ShowtimeID], [s].[EndTime], [s].[MovieID], [s].[RoomID], [s].[ShowtimeCode], [s].[StartTime], [s].[Status]
FROM [Showtimes] AS [s]
WHERE [s].[Status] IN (N'Đã lên lịch', N'Đang mở bán', N'Đang chiếu', N'Sap chieu', N'Dang dien ra') AND [s].[EndTime] <= @__now_0
2026-05-20 15:43:52.195 +07:00 [INF] Executed DbCommand (7ms) [Parameters=[], CommandType='"Text"', CommandTimeout='30']
SELECT [o].[OrderID], [o].[FinalAmount], [o].[HoldExpiryTime], [o].[OrderCode], [o].[PayOSTransID], [o].[PromoID], [o].[QrCode], [o].[ShowtimeID], [o].[Status], [o].[TotalAmount], [o].[UserID]
FROM [Orders] AS [o]
WHERE [o].[Status] = N'Chờ thanh toán' AND [o].[HoldExpiryTime] <= GETDATE()
2026-05-20 15:43:52.202 +07:00 [INF] Executed DbCommand (5ms) [Parameters=[@__maxSellingDate_0='?' (DbType = DateTime2), @__now_1='?' (DbType = DateTime2)], CommandType='"Text"', CommandTimeout='30']
SELECT [s].[ShowtimeID], [s].[EndTime], [s].[MovieID], [s].[RoomID], [s].[ShowtimeCode], [s].[StartTime], [s].[Status]
FROM [Showtimes] AS [s]
WHERE [s].[Status] IN (N'Đã lên lịch', N'Sap chieu') AND CONVERT(date, [s].[StartTime]) <= @__maxSellingDate_0 AND [s].[StartTime] > @__now_1
2026-05-20 15:43:52.206 +07:00 [INF] Executed DbCommand (3ms) [Parameters=[@__now_0='?' (DbType = DateTime2)], CommandType='"Text"', CommandTimeout='30']
SELECT [s].[ShowtimeID], [s].[EndTime], [s].[MovieID], [s].[RoomID], [s].[ShowtimeCode], [s].[StartTime], [s].[Status]
FROM [Showtimes] AS [s]
WHERE [s].[Status] IN (N'Đã lên lịch', N'Đang mở bán', N'Sap chieu') AND [s].[StartTime] <= @__now_0 AND [s].[EndTime] > @__now_0
2026-05-20 15:43:52.210 +07:00 [INF] Executed DbCommand (4ms) [Parameters=[@__now_0='?' (DbType = DateTime2)], CommandType='"Text"', CommandTimeout='30']
SELECT [s].[ShowtimeID], [s].[EndTime], [s].[MovieID], [s].[RoomID], [s].[ShowtimeCode], [s].[StartTime], [s].[Status]
FROM [Showtimes] AS [s]
WHERE [s].[Status] IN (N'Đã lên lịch', N'Đang mở bán', N'Đang chiếu', N'Sap chieu', N'Dang dien ra') AND [s].[EndTime] <= @__now_0
2026-05-20 15:44:52.221 +07:00 [INF] Executed DbCommand (6ms) [Parameters=[], CommandType='"Text"', CommandTimeout='30']
SELECT [o].[OrderID], [o].[FinalAmount], [o].[HoldExpiryTime], [o].[OrderCode], [o].[PayOSTransID], [o].[PromoID], [o].[QrCode], [o].[ShowtimeID], [o].[Status], [o].[TotalAmount], [o].[UserID]
FROM [Orders] AS [o]
WHERE [o].[Status] = N'Chờ thanh toán' AND [o].[HoldExpiryTime] <= GETDATE()
2026-05-20 15:44:52.226 +07:00 [INF] Executed DbCommand (3ms) [Parameters=[@__maxSellingDate_0='?' (DbType = DateTime2), @__now_1='?' (DbType = DateTime2)], CommandType='"Text"', CommandTimeout='30']
SELECT [s].[ShowtimeID], [s].[EndTime], [s].[MovieID], [s].[RoomID], [s].[ShowtimeCode], [s].[StartTime], [s].[Status]
FROM [Showtimes] AS [s]
WHERE [s].[Status] IN (N'Đã lên lịch', N'Sap chieu') AND CONVERT(date, [s].[StartTime]) <= @__maxSellingDate_0 AND [s].[StartTime] > @__now_1
2026-05-20 15:44:52.229 +07:00 [INF] Executed DbCommand (2ms) [Parameters=[@__now_0='?' (DbType = DateTime2)], CommandType='"Text"', CommandTimeout='30']
SELECT [s].[ShowtimeID], [s].[EndTime], [s].[MovieID], [s].[RoomID], [s].[ShowtimeCode], [s].[StartTime], [s].[Status]
FROM [Showtimes] AS [s]
WHERE [s].[Status] IN (N'Đã lên lịch', N'Đang mở bán', N'Sap chieu') AND [s].[StartTime] <= @__now_0 AND [s].[EndTime] > @__now_0
2026-05-20 15:44:52.233 +07:00 [INF] Executed DbCommand (3ms) [Parameters=[@__now_0='?' (DbType = DateTime2)], CommandType='"Text"', CommandTimeout='30']
SELECT [s].[ShowtimeID], [s].[EndTime], [s].[MovieID], [s].[RoomID], [s].[ShowtimeCode], [s].[StartTime], [s].[Status]
FROM [Showtimes] AS [s]
WHERE [s].[Status] IN (N'Đã lên lịch', N'Đang mở bán', N'Đang chiếu', N'Sap chieu', N'Dang dien ra') AND [s].[EndTime] <= @__now_0
2026-05-20 15:45:52.243 +07:00 [INF] Executed DbCommand (4ms) [Parameters=[], CommandType='"Text"', CommandTimeout='30']
SELECT [o].[OrderID], [o].[FinalAmount], [o].[HoldExpiryTime], [o].[OrderCode], [o].[PayOSTransID], [o].[PromoID], [o].[QrCode], [o].[ShowtimeID], [o].[Status], [o].[TotalAmount], [o].[UserID]
FROM [Orders] AS [o]
WHERE [o].[Status] = N'Chờ thanh toán' AND [o].[HoldExpiryTime] <= GETDATE()
2026-05-20 15:45:52.248 +07:00 [INF] Executed DbCommand (2ms) [Parameters=[@__maxSellingDate_0='?' (DbType = DateTime2), @__now_1='?' (DbType = DateTime2)], CommandType='"Text"', CommandTimeout='30']
SELECT [s].[ShowtimeID], [s].[EndTime], [s].[MovieID], [s].[RoomID], [s].[ShowtimeCode], [s].[StartTime], [s].[Status]
FROM [Showtimes] AS [s]
WHERE [s].[Status] IN (N'Đã lên lịch', N'Sap chieu') AND CONVERT(date, [s].[StartTime]) <= @__maxSellingDate_0 AND [s].[StartTime] > @__now_1
2026-05-20 15:45:52.252 +07:00 [INF] Executed DbCommand (3ms) [Parameters=[@__now_0='?' (DbType = DateTime2)], CommandType='"Text"', CommandTimeout='30']
SELECT [s].[ShowtimeID], [s].[EndTime], [s].[MovieID], [s].[RoomID], [s].[ShowtimeCode], [s].[StartTime], [s].[Status]
FROM [Showtimes] AS [s]
WHERE [s].[Status] IN (N'Đã lên lịch', N'Đang mở bán', N'Sap chieu') AND [s].[StartTime] <= @__now_0 AND [s].[EndTime] > @__now_0
2026-05-20 15:45:52.254 +07:00 [INF] Executed DbCommand (2ms) [Parameters=[@__now_0='?' (DbType = DateTime2)], CommandType='"Text"', CommandTimeout='30']
SELECT [s].[ShowtimeID], [s].[EndTime], [s].[MovieID], [s].[RoomID], [s].[ShowtimeCode], [s].[StartTime], [s].[Status]
FROM [Showtimes] AS [s]
WHERE [s].[Status] IN (N'Đã lên lịch', N'Đang mở bán', N'Đang chiếu', N'Sap chieu', N'Dang dien ra') AND [s].[EndTime] <= @__now_0
2026-05-20 15:46:52.269 +07:00 [INF] Executed DbCommand (4ms) [Parameters=[], CommandType='"Text"', CommandTimeout='30']
SELECT [o].[OrderID], [o].[FinalAmount], [o].[HoldExpiryTime], [o].[OrderCode], [o].[PayOSTransID], [o].[PromoID], [o].[QrCode], [o].[ShowtimeID], [o].[Status], [o].[TotalAmount], [o].[UserID]
FROM [Orders] AS [o]
WHERE [o].[Status] = N'Chờ thanh toán' AND [o].[HoldExpiryTime] <= GETDATE()
2026-05-20 15:46:52.276 +07:00 [INF] Executed DbCommand (5ms) [Parameters=[@__maxSellingDate_0='?' (DbType = DateTime2), @__now_1='?' (DbType = DateTime2)], CommandType='"Text"', CommandTimeout='30']
SELECT [s].[ShowtimeID], [s].[EndTime], [s].[MovieID], [s].[RoomID], [s].[ShowtimeCode], [s].[StartTime], [s].[Status]
FROM [Showtimes] AS [s]
WHERE [s].[Status] IN (N'Đã lên lịch', N'Sap chieu') AND CONVERT(date, [s].[StartTime]) <= @__maxSellingDate_0 AND [s].[StartTime] > @__now_1
2026-05-20 15:46:52.281 +07:00 [INF] Executed DbCommand (4ms) [Parameters=[@__now_0='?' (DbType = DateTime2)], CommandType='"Text"', CommandTimeout='30']
SELECT [s].[ShowtimeID], [s].[EndTime], [s].[MovieID], [s].[RoomID], [s].[ShowtimeCode], [s].[StartTime], [s].[Status]
FROM [Showtimes] AS [s]
WHERE [s].[Status] IN (N'Đã lên lịch', N'Đang mở bán', N'Sap chieu') AND [s].[StartTime] <= @__now_0 AND [s].[EndTime] > @__now_0
2026-05-20 15:46:52.284 +07:00 [INF] Executed DbCommand (2ms) [Parameters=[@__now_0='?' (DbType = DateTime2)], CommandType='"Text"', CommandTimeout='30']
SELECT [s].[ShowtimeID], [s].[EndTime], [s].[MovieID], [s].[RoomID], [s].[ShowtimeCode], [s].[StartTime], [s].[Status]
FROM [Showtimes] AS [s]
WHERE [s].[Status] IN (N'Đã lên lịch', N'Đang mở bán', N'Đang chiếu', N'Sap chieu', N'Dang dien ra') AND [s].[EndTime] <= @__now_0
2026-05-20 15:47:52.303 +07:00 [INF] Executed DbCommand (5ms) [Parameters=[], CommandType='"Text"', CommandTimeout='30']
SELECT [o].[OrderID], [o].[FinalAmount], [o].[HoldExpiryTime], [o].[OrderCode], [o].[PayOSTransID], [o].[PromoID], [o].[QrCode], [o].[ShowtimeID], [o].[Status], [o].[TotalAmount], [o].[UserID]
FROM [Orders] AS [o]
WHERE [o].[Status] = N'Chờ thanh toán' AND [o].[HoldExpiryTime] <= GETDATE()
2026-05-20 15:47:52.311 +07:00 [INF] Executed DbCommand (6ms) [Parameters=[@__maxSellingDate_0='?' (DbType = DateTime2), @__now_1='?' (DbType = DateTime2)], CommandType='"Text"', CommandTimeout='30']
SELECT [s].[ShowtimeID], [s].[EndTime], [s].[MovieID], [s].[RoomID], [s].[ShowtimeCode], [s].[StartTime], [s].[Status]
FROM [Showtimes] AS [s]
WHERE [s].[Status] IN (N'Đã lên lịch', N'Sap chieu') AND CONVERT(date, [s].[StartTime]) <= @__maxSellingDate_0 AND [s].[StartTime] > @__now_1
2026-05-20 15:47:52.315 +07:00 [INF] Executed DbCommand (3ms) [Parameters=[@__now_0='?' (DbType = DateTime2)], CommandType='"Text"', CommandTimeout='30']
SELECT [s].[ShowtimeID], [s].[EndTime], [s].[MovieID], [s].[RoomID], [s].[ShowtimeCode], [s].[StartTime], [s].[Status]
FROM [Showtimes] AS [s]
WHERE [s].[Status] IN (N'Đã lên lịch', N'Đang mở bán', N'Sap chieu') AND [s].[StartTime] <= @__now_0 AND [s].[EndTime] > @__now_0
2026-05-20 15:47:52.319 +07:00 [INF] Executed DbCommand (4ms) [Parameters=[@__now_0='?' (DbType = DateTime2)], CommandType='"Text"', CommandTimeout='30']
SELECT [s].[ShowtimeID], [s].[EndTime], [s].[MovieID], [s].[RoomID], [s].[ShowtimeCode], [s].[StartTime], [s].[Status]
FROM [Showtimes] AS [s]
WHERE [s].[Status] IN (N'Đã lên lịch', N'Đang mở bán', N'Đang chiếu', N'Sap chieu', N'Dang dien ra') AND [s].[EndTime] <= @__now_0
2026-05-20 15:48:52.336 +07:00 [INF] Executed DbCommand (5ms) [Parameters=[], CommandType='"Text"', CommandTimeout='30']
SELECT [o].[OrderID], [o].[FinalAmount], [o].[HoldExpiryTime], [o].[OrderCode], [o].[PayOSTransID], [o].[PromoID], [o].[QrCode], [o].[ShowtimeID], [o].[Status], [o].[TotalAmount], [o].[UserID]
FROM [Orders] AS [o]
WHERE [o].[Status] = N'Chờ thanh toán' AND [o].[HoldExpiryTime] <= GETDATE()
2026-05-20 15:48:52.344 +07:00 [INF] Executed DbCommand (6ms) [Parameters=[@__maxSellingDate_0='?' (DbType = DateTime2), @__now_1='?' (DbType = DateTime2)], CommandType='"Text"', CommandTimeout='30']
SELECT [s].[ShowtimeID], [s].[EndTime], [s].[MovieID], [s].[RoomID], [s].[ShowtimeCode], [s].[StartTime], [s].[Status]
FROM [Showtimes] AS [s]
WHERE [s].[Status] IN (N'Đã lên lịch', N'Sap chieu') AND CONVERT(date, [s].[StartTime]) <= @__maxSellingDate_0 AND [s].[StartTime] > @__now_1
2026-05-20 15:48:52.347 +07:00 [INF] Executed DbCommand (3ms) [Parameters=[@__now_0='?' (DbType = DateTime2)], CommandType='"Text"', CommandTimeout='30']
SELECT [s].[ShowtimeID], [s].[EndTime], [s].[MovieID], [s].[RoomID], [s].[ShowtimeCode], [s].[StartTime], [s].[Status]
FROM [Showtimes] AS [s]
WHERE [s].[Status] IN (N'Đã lên lịch', N'Đang mở bán', N'Sap chieu') AND [s].[StartTime] <= @__now_0 AND [s].[EndTime] > @__now_0
2026-05-20 15:48:52.349 +07:00 [INF] Executed DbCommand (1ms) [Parameters=[@__now_0='?' (DbType = DateTime2)], CommandType='"Text"', CommandTimeout='30']
SELECT [s].[ShowtimeID], [s].[EndTime], [s].[MovieID], [s].[RoomID], [s].[ShowtimeCode], [s].[StartTime], [s].[Status]
FROM [Showtimes] AS [s]
WHERE [s].[Status] IN (N'Đã lên lịch', N'Đang mở bán', N'Đang chiếu', N'Sap chieu', N'Dang dien ra') AND [s].[EndTime] <= @__now_0
2026-05-20 15:49:52.364 +07:00 [INF] Executed DbCommand (4ms) [Parameters=[], CommandType='"Text"', CommandTimeout='30']
SELECT [o].[OrderID], [o].[FinalAmount], [o].[HoldExpiryTime], [o].[OrderCode], [o].[PayOSTransID], [o].[PromoID], [o].[QrCode], [o].[ShowtimeID], [o].[Status], [o].[TotalAmount], [o].[UserID]
FROM [Orders] AS [o]
WHERE [o].[Status] = N'Chờ thanh toán' AND [o].[HoldExpiryTime] <= GETDATE()
2026-05-20 15:49:52.367 +07:00 [INF] Executed DbCommand (3ms) [Parameters=[@__maxSellingDate_0='?' (DbType = DateTime2), @__now_1='?' (DbType = DateTime2)], CommandType='"Text"', CommandTimeout='30']
SELECT [s].[ShowtimeID], [s].[EndTime], [s].[MovieID], [s].[RoomID], [s].[ShowtimeCode], [s].[StartTime], [s].[Status]
FROM [Showtimes] AS [s]
WHERE [s].[Status] IN (N'Đã lên lịch', N'Sap chieu') AND CONVERT(date, [s].[StartTime]) <= @__maxSellingDate_0 AND [s].[StartTime] > @__now_1
2026-05-20 15:49:52.370 +07:00 [INF] Executed DbCommand (2ms) [Parameters=[@__now_0='?' (DbType = DateTime2)], CommandType='"Text"', CommandTimeout='30']
SELECT [s].[ShowtimeID], [s].[EndTime], [s].[MovieID], [s].[RoomID], [s].[ShowtimeCode], [s].[StartTime], [s].[Status]
FROM [Showtimes] AS [s]
WHERE [s].[Status] IN (N'Đã lên lịch', N'Đang mở bán', N'Sap chieu') AND [s].[StartTime] <= @__now_0 AND [s].[EndTime] > @__now_0
2026-05-20 15:49:52.374 +07:00 [INF] Executed DbCommand (3ms) [Parameters=[@__now_0='?' (DbType = DateTime2)], CommandType='"Text"', CommandTimeout='30']
SELECT [s].[ShowtimeID], [s].[EndTime], [s].[MovieID], [s].[RoomID], [s].[ShowtimeCode], [s].[StartTime], [s].[Status]
FROM [Showtimes] AS [s]
WHERE [s].[Status] IN (N'Đã lên lịch', N'Đang mở bán', N'Đang chiếu', N'Sap chieu', N'Dang dien ra') AND [s].[EndTime] <= @__now_0
2026-05-20 15:50:52.387 +07:00 [INF] Executed DbCommand (5ms) [Parameters=[], CommandType='"Text"', CommandTimeout='30']
SELECT [o].[OrderID], [o].[FinalAmount], [o].[HoldExpiryTime], [o].[OrderCode], [o].[PayOSTransID], [o].[PromoID], [o].[QrCode], [o].[ShowtimeID], [o].[Status], [o].[TotalAmount], [o].[UserID]
FROM [Orders] AS [o]
WHERE [o].[Status] = N'Chờ thanh toán' AND [o].[HoldExpiryTime] <= GETDATE()
2026-05-20 15:50:52.394 +07:00 [INF] Executed DbCommand (5ms) [Parameters=[@__maxSellingDate_0='?' (DbType = DateTime2), @__now_1='?' (DbType = DateTime2)], CommandType='"Text"', CommandTimeout='30']
SELECT [s].[ShowtimeID], [s].[EndTime], [s].[MovieID], [s].[RoomID], [s].[ShowtimeCode], [s].[StartTime], [s].[Status]
FROM [Showtimes] AS [s]
WHERE [s].[Status] IN (N'Đã lên lịch', N'Sap chieu') AND CONVERT(date, [s].[StartTime]) <= @__maxSellingDate_0 AND [s].[StartTime] > @__now_1
2026-05-20 15:50:52.398 +07:00 [INF] Executed DbCommand (4ms) [Parameters=[@__now_0='?' (DbType = DateTime2)], CommandType='"Text"', CommandTimeout='30']
SELECT [s].[ShowtimeID], [s].[EndTime], [s].[MovieID], [s].[RoomID], [s].[ShowtimeCode], [s].[StartTime], [s].[Status]
FROM [Showtimes] AS [s]
WHERE [s].[Status] IN (N'Đã lên lịch', N'Đang mở bán', N'Sap chieu') AND [s].[StartTime] <= @__now_0 AND [s].[EndTime] > @__now_0
2026-05-20 15:50:52.402 +07:00 [INF] Executed DbCommand (3ms) [Parameters=[@__now_0='?' (DbType = DateTime2)], CommandType='"Text"', CommandTimeout='30']
SELECT [s].[ShowtimeID], [s].[EndTime], [s].[MovieID], [s].[RoomID], [s].[ShowtimeCode], [s].[StartTime], [s].[Status]
FROM [Showtimes] AS [s]
WHERE [s].[Status] IN (N'Đã lên lịch', N'Đang mở bán', N'Đang chiếu', N'Sap chieu', N'Dang dien ra') AND [s].[EndTime] <= @__now_0
2026-05-20 15:51:52.418 +07:00 [INF] Executed DbCommand (2ms) [Parameters=[], CommandType='"Text"', CommandTimeout='30']
SELECT [o].[OrderID], [o].[FinalAmount], [o].[HoldExpiryTime], [o].[OrderCode], [o].[PayOSTransID], [o].[PromoID], [o].[QrCode], [o].[ShowtimeID], [o].[Status], [o].[TotalAmount], [o].[UserID]
FROM [Orders] AS [o]
WHERE [o].[Status] = N'Chờ thanh toán' AND [o].[HoldExpiryTime] <= GETDATE()
2026-05-20 15:51:52.423 +07:00 [INF] Executed DbCommand (4ms) [Parameters=[@__maxSellingDate_0='?' (DbType = DateTime2), @__now_1='?' (DbType = DateTime2)], CommandType='"Text"', CommandTimeout='30']
SELECT [s].[ShowtimeID], [s].[EndTime], [s].[MovieID], [s].[RoomID], [s].[ShowtimeCode], [s].[StartTime], [s].[Status]
FROM [Showtimes] AS [s]
WHERE [s].[Status] IN (N'Đã lên lịch', N'Sap chieu') AND CONVERT(date, [s].[StartTime]) <= @__maxSellingDate_0 AND [s].[StartTime] > @__now_1
2026-05-20 15:51:52.426 +07:00 [INF] Executed DbCommand (2ms) [Parameters=[@__now_0='?' (DbType = DateTime2)], CommandType='"Text"', CommandTimeout='30']
SELECT [s].[ShowtimeID], [s].[EndTime], [s].[MovieID], [s].[RoomID], [s].[ShowtimeCode], [s].[StartTime], [s].[Status]
FROM [Showtimes] AS [s]
WHERE [s].[Status] IN (N'Đã lên lịch', N'Đang mở bán', N'Sap chieu') AND [s].[StartTime] <= @__now_0 AND [s].[EndTime] > @__now_0
2026-05-20 15:51:52.428 +07:00 [INF] Executed DbCommand (2ms) [Parameters=[@__now_0='?' (DbType = DateTime2)], CommandType='"Text"', CommandTimeout='30']
SELECT [s].[ShowtimeID], [s].[EndTime], [s].[MovieID], [s].[RoomID], [s].[ShowtimeCode], [s].[StartTime], [s].[Status]
FROM [Showtimes] AS [s]
WHERE [s].[Status] IN (N'Đã lên lịch', N'Đang mở bán', N'Đang chiếu', N'Sap chieu', N'Dang dien ra') AND [s].[EndTime] <= @__now_0
2026-05-20 15:52:52.447 +07:00 [INF] Executed DbCommand (5ms) [Parameters=[], CommandType='"Text"', CommandTimeout='30']
SELECT [o].[OrderID], [o].[FinalAmount], [o].[HoldExpiryTime], [o].[OrderCode], [o].[PayOSTransID], [o].[PromoID], [o].[QrCode], [o].[ShowtimeID], [o].[Status], [o].[TotalAmount], [o].[UserID]
FROM [Orders] AS [o]
WHERE [o].[Status] = N'Chờ thanh toán' AND [o].[HoldExpiryTime] <= GETDATE()
2026-05-20 15:52:52.452 +07:00 [INF] Executed DbCommand (4ms) [Parameters=[@__maxSellingDate_0='?' (DbType = DateTime2), @__now_1='?' (DbType = DateTime2)], CommandType='"Text"', CommandTimeout='30']
SELECT [s].[ShowtimeID], [s].[EndTime], [s].[MovieID], [s].[RoomID], [s].[ShowtimeCode], [s].[StartTime], [s].[Status]
FROM [Showtimes] AS [s]
WHERE [s].[Status] IN (N'Đã lên lịch', N'Sap chieu') AND CONVERT(date, [s].[StartTime]) <= @__maxSellingDate_0 AND [s].[StartTime] > @__now_1
2026-05-20 15:52:52.456 +07:00 [INF] Executed DbCommand (3ms) [Parameters=[@__now_0='?' (DbType = DateTime2)], CommandType='"Text"', CommandTimeout='30']
SELECT [s].[ShowtimeID], [s].[EndTime], [s].[MovieID], [s].[RoomID], [s].[ShowtimeCode], [s].[StartTime], [s].[Status]
FROM [Showtimes] AS [s]
WHERE [s].[Status] IN (N'Đã lên lịch', N'Đang mở bán', N'Sap chieu') AND [s].[StartTime] <= @__now_0 AND [s].[EndTime] > @__now_0
2026-05-20 15:52:52.460 +07:00 [INF] Executed DbCommand (3ms) [Parameters=[@__now_0='?' (DbType = DateTime2)], CommandType='"Text"', CommandTimeout='30']
SELECT [s].[ShowtimeID], [s].[EndTime], [s].[MovieID], [s].[RoomID], [s].[ShowtimeCode], [s].[StartTime], [s].[Status]
FROM [Showtimes] AS [s]
WHERE [s].[Status] IN (N'Đã lên lịch', N'Đang mở bán', N'Đang chiếu', N'Sap chieu', N'Dang dien ra') AND [s].[EndTime] <= @__now_0
2026-05-20 15:53:52.473 +07:00 [INF] Executed DbCommand (4ms) [Parameters=[], CommandType='"Text"', CommandTimeout='30']
SELECT [o].[OrderID], [o].[FinalAmount], [o].[HoldExpiryTime], [o].[OrderCode], [o].[PayOSTransID], [o].[PromoID], [o].[QrCode], [o].[ShowtimeID], [o].[Status], [o].[TotalAmount], [o].[UserID]
FROM [Orders] AS [o]
WHERE [o].[Status] = N'Chờ thanh toán' AND [o].[HoldExpiryTime] <= GETDATE()
2026-05-20 15:53:52.480 +07:00 [INF] Executed DbCommand (5ms) [Parameters=[@__maxSellingDate_0='?' (DbType = DateTime2), @__now_1='?' (DbType = DateTime2)], CommandType='"Text"', CommandTimeout='30']
SELECT [s].[ShowtimeID], [s].[EndTime], [s].[MovieID], [s].[RoomID], [s].[ShowtimeCode], [s].[StartTime], [s].[Status]
FROM [Showtimes] AS [s]
WHERE [s].[Status] IN (N'Đã lên lịch', N'Sap chieu') AND CONVERT(date, [s].[StartTime]) <= @__maxSellingDate_0 AND [s].[StartTime] > @__now_1
2026-05-20 15:53:52.483 +07:00 [INF] Executed DbCommand (3ms) [Parameters=[@__now_0='?' (DbType = DateTime2)], CommandType='"Text"', CommandTimeout='30']
SELECT [s].[ShowtimeID], [s].[EndTime], [s].[MovieID], [s].[RoomID], [s].[ShowtimeCode], [s].[StartTime], [s].[Status]
FROM [Showtimes] AS [s]
WHERE [s].[Status] IN (N'Đã lên lịch', N'Đang mở bán', N'Sap chieu') AND [s].[StartTime] <= @__now_0 AND [s].[EndTime] > @__now_0
2026-05-20 15:53:52.488 +07:00 [INF] Executed DbCommand (4ms) [Parameters=[@__now_0='?' (DbType = DateTime2)], CommandType='"Text"', CommandTimeout='30']
SELECT [s].[ShowtimeID], [s].[EndTime], [s].[MovieID], [s].[RoomID], [s].[ShowtimeCode], [s].[StartTime], [s].[Status]
FROM [Showtimes] AS [s]
WHERE [s].[Status] IN (N'Đã lên lịch', N'Đang mở bán', N'Đang chiếu', N'Sap chieu', N'Dang dien ra') AND [s].[EndTime] <= @__now_0
2026-05-20 15:54:52.503 +07:00 [INF] Executed DbCommand (4ms) [Parameters=[], CommandType='"Text"', CommandTimeout='30']
SELECT [o].[OrderID], [o].[FinalAmount], [o].[HoldExpiryTime], [o].[OrderCode], [o].[PayOSTransID], [o].[PromoID], [o].[QrCode], [o].[ShowtimeID], [o].[Status], [o].[TotalAmount], [o].[UserID]
FROM [Orders] AS [o]
WHERE [o].[Status] = N'Chờ thanh toán' AND [o].[HoldExpiryTime] <= GETDATE()
2026-05-20 15:54:52.509 +07:00 [INF] Executed DbCommand (4ms) [Parameters=[@__maxSellingDate_0='?' (DbType = DateTime2), @__now_1='?' (DbType = DateTime2)], CommandType='"Text"', CommandTimeout='30']
SELECT [s].[ShowtimeID], [s].[EndTime], [s].[MovieID], [s].[RoomID], [s].[ShowtimeCode], [s].[StartTime], [s].[Status]
FROM [Showtimes] AS [s]
WHERE [s].[Status] IN (N'Đã lên lịch', N'Sap chieu') AND CONVERT(date, [s].[StartTime]) <= @__maxSellingDate_0 AND [s].[StartTime] > @__now_1
2026-05-20 15:54:52.513 +07:00 [INF] Executed DbCommand (3ms) [Parameters=[@__now_0='?' (DbType = DateTime2)], CommandType='"Text"', CommandTimeout='30']
SELECT [s].[ShowtimeID], [s].[EndTime], [s].[MovieID], [s].[RoomID], [s].[ShowtimeCode], [s].[StartTime], [s].[Status]
FROM [Showtimes] AS [s]
WHERE [s].[Status] IN (N'Đã lên lịch', N'Đang mở bán', N'Sap chieu') AND [s].[StartTime] <= @__now_0 AND [s].[EndTime] > @__now_0
2026-05-20 15:54:52.516 +07:00 [INF] Executed DbCommand (3ms) [Parameters=[@__now_0='?' (DbType = DateTime2)], CommandType='"Text"', CommandTimeout='30']
SELECT [s].[ShowtimeID], [s].[EndTime], [s].[MovieID], [s].[RoomID], [s].[ShowtimeCode], [s].[StartTime], [s].[Status]
FROM [Showtimes] AS [s]
WHERE [s].[Status] IN (N'Đã lên lịch', N'Đang mở bán', N'Đang chiếu', N'Sap chieu', N'Dang dien ra') AND [s].[EndTime] <= @__now_0
2026-05-20 15:55:52.535 +07:00 [INF] Executed DbCommand (4ms) [Parameters=[], CommandType='"Text"', CommandTimeout='30']
SELECT [o].[OrderID], [o].[FinalAmount], [o].[HoldExpiryTime], [o].[OrderCode], [o].[PayOSTransID], [o].[PromoID], [o].[QrCode], [o].[ShowtimeID], [o].[Status], [o].[TotalAmount], [o].[UserID]
FROM [Orders] AS [o]
WHERE [o].[Status] = N'Chờ thanh toán' AND [o].[HoldExpiryTime] <= GETDATE()
2026-05-20 15:55:52.540 +07:00 [INF] Executed DbCommand (3ms) [Parameters=[@__maxSellingDate_0='?' (DbType = DateTime2), @__now_1='?' (DbType = DateTime2)], CommandType='"Text"', CommandTimeout='30']
SELECT [s].[ShowtimeID], [s].[EndTime], [s].[MovieID], [s].[RoomID], [s].[ShowtimeCode], [s].[StartTime], [s].[Status]
FROM [Showtimes] AS [s]
WHERE [s].[Status] IN (N'Đã lên lịch', N'Sap chieu') AND CONVERT(date, [s].[StartTime]) <= @__maxSellingDate_0 AND [s].[StartTime] > @__now_1
2026-05-20 15:55:52.542 +07:00 [INF] Executed DbCommand (2ms) [Parameters=[@__now_0='?' (DbType = DateTime2)], CommandType='"Text"', CommandTimeout='30']
SELECT [s].[ShowtimeID], [s].[EndTime], [s].[MovieID], [s].[RoomID], [s].[ShowtimeCode], [s].[StartTime], [s].[Status]
FROM [Showtimes] AS [s]
WHERE [s].[Status] IN (N'Đã lên lịch', N'Đang mở bán', N'Sap chieu') AND [s].[StartTime] <= @__now_0 AND [s].[EndTime] > @__now_0
2026-05-20 15:55:52.544 +07:00 [INF] Executed DbCommand (1ms) [Parameters=[@__now_0='?' (DbType = DateTime2)], CommandType='"Text"', CommandTimeout='30']
SELECT [s].[ShowtimeID], [s].[EndTime], [s].[MovieID], [s].[RoomID], [s].[ShowtimeCode], [s].[StartTime], [s].[Status]
FROM [Showtimes] AS [s]
WHERE [s].[Status] IN (N'Đã lên lịch', N'Đang mở bán', N'Đang chiếu', N'Sap chieu', N'Dang dien ra') AND [s].[EndTime] <= @__now_0
2026-05-20 15:56:52.567 +07:00 [INF] Executed DbCommand (4ms) [Parameters=[], CommandType='"Text"', CommandTimeout='30']
SELECT [o].[OrderID], [o].[FinalAmount], [o].[HoldExpiryTime], [o].[OrderCode], [o].[PayOSTransID], [o].[PromoID], [o].[QrCode], [o].[ShowtimeID], [o].[Status], [o].[TotalAmount], [o].[UserID]
FROM [Orders] AS [o]
WHERE [o].[Status] = N'Chờ thanh toán' AND [o].[HoldExpiryTime] <= GETDATE()
2026-05-20 15:56:52.570 +07:00 [INF] Executed DbCommand (2ms) [Parameters=[@__maxSellingDate_0='?' (DbType = DateTime2), @__now_1='?' (DbType = DateTime2)], CommandType='"Text"', CommandTimeout='30']
SELECT [s].[ShowtimeID], [s].[EndTime], [s].[MovieID], [s].[RoomID], [s].[ShowtimeCode], [s].[StartTime], [s].[Status]
FROM [Showtimes] AS [s]
WHERE [s].[Status] IN (N'Đã lên lịch', N'Sap chieu') AND CONVERT(date, [s].[StartTime]) <= @__maxSellingDate_0 AND [s].[StartTime] > @__now_1
2026-05-20 15:56:52.572 +07:00 [INF] Executed DbCommand (2ms) [Parameters=[@__now_0='?' (DbType = DateTime2)], CommandType='"Text"', CommandTimeout='30']
SELECT [s].[ShowtimeID], [s].[EndTime], [s].[MovieID], [s].[RoomID], [s].[ShowtimeCode], [s].[StartTime], [s].[Status]
FROM [Showtimes] AS [s]
WHERE [s].[Status] IN (N'Đã lên lịch', N'Đang mở bán', N'Sap chieu') AND [s].[StartTime] <= @__now_0 AND [s].[EndTime] > @__now_0
2026-05-20 15:56:52.574 +07:00 [INF] Executed DbCommand (1ms) [Parameters=[@__now_0='?' (DbType = DateTime2)], CommandType='"Text"', CommandTimeout='30']
SELECT [s].[ShowtimeID], [s].[EndTime], [s].[MovieID], [s].[RoomID], [s].[ShowtimeCode], [s].[StartTime], [s].[Status]
FROM [Showtimes] AS [s]
WHERE [s].[Status] IN (N'Đã lên lịch', N'Đang mở bán', N'Đang chiếu', N'Sap chieu', N'Dang dien ra') AND [s].[EndTime] <= @__now_0
2026-05-20 15:56:57.522 +07:00 [INF] Request starting HTTP/1.1 POST http://localhost:5231/Admin/PriceConfigs/UpdatePrices - application/x-www-form-urlencoded 545
2026-05-20 15:56:57.527 +07:00 [INF] Executing endpoint 'AuraCinema.Web.Areas.Admin.Controllers.PriceConfigsController.UpdatePrices (AuraCinema.Web)'
2026-05-20 15:56:57.534 +07:00 [INF] Route matched with {area = "Admin", action = "UpdatePrices", controller = "PriceConfigs"}. Executing controller action with signature System.Threading.Tasks.Task`1[Microsoft.AspNetCore.Mvc.IActionResult] UpdatePrices(System.Collections.Generic.List`1[AuraCinema.Web.Areas.Admin.Controllers.PriceUpdateViewModel]) on controller AuraCinema.Web.Areas.Admin.Controllers.PriceConfigsController (AuraCinema.Web).
2026-05-20 15:56:57.560 +07:00 [INF] Executed DbCommand (5ms) [Parameters=[@__Trim_0='?' (Size = 50)], CommandType='"Text"', CommandTimeout='30']
SELECT TOP(1) [p].[ConfigID], [p].[ConfigCode], [p].[ConfigName], [p].[ConfigType], [p].[SurchargeAmount]
FROM [PriceConfigs] AS [p]
WHERE LTRIM(RTRIM([p].[ConfigCode])) = @__Trim_0
2026-05-20 15:56:57.561 +07:00 [INF] Executed DbCommand (0ms) [Parameters=[@__Trim_0='?' (Size = 50)], CommandType='"Text"', CommandTimeout='30']
SELECT TOP(1) [p].[ConfigID], [p].[ConfigCode], [p].[ConfigName], [p].[ConfigType], [p].[SurchargeAmount]
FROM [PriceConfigs] AS [p]
WHERE LTRIM(RTRIM([p].[ConfigCode])) = @__Trim_0
2026-05-20 15:56:57.562 +07:00 [INF] Executed DbCommand (0ms) [Parameters=[@__Trim_0='?' (Size = 50)], CommandType='"Text"', CommandTimeout='30']
SELECT TOP(1) [p].[ConfigID], [p].[ConfigCode], [p].[ConfigName], [p].[ConfigType], [p].[SurchargeAmount]
FROM [PriceConfigs] AS [p]
WHERE LTRIM(RTRIM([p].[ConfigCode])) = @__Trim_0
2026-05-20 15:56:57.563 +07:00 [INF] Executed DbCommand (0ms) [Parameters=[@__Trim_0='?' (Size = 50)], CommandType='"Text"', CommandTimeout='30']
SELECT TOP(1) [p].[ConfigID], [p].[ConfigCode], [p].[ConfigName], [p].[ConfigType], [p].[SurchargeAmount]
FROM [PriceConfigs] AS [p]
WHERE LTRIM(RTRIM([p].[ConfigCode])) = @__Trim_0
2026-05-20 15:56:57.564 +07:00 [INF] Executed DbCommand (0ms) [Parameters=[@__Trim_0='?' (Size = 50)], CommandType='"Text"', CommandTimeout='30']
SELECT TOP(1) [p].[ConfigID], [p].[ConfigCode], [p].[ConfigName], [p].[ConfigType], [p].[SurchargeAmount]
FROM [PriceConfigs] AS [p]
WHERE LTRIM(RTRIM([p].[ConfigCode])) = @__Trim_0
2026-05-20 15:56:57.637 +07:00 [INF] Executed DbCommand (13ms) [Parameters=[@p1='?' (DbType = Int32), @p0='?' (DbType = Int32)], CommandType='"Text"', CommandTimeout='30']
SET IMPLICIT_TRANSACTIONS OFF;
SET NOCOUNT ON;
UPDATE [PriceConfigs] SET [SurchargeAmount] = @p0
OUTPUT 1
WHERE [ConfigID] = @p1;
2026-05-20 15:56:57.655 +07:00 [INF] Executing RedirectResult, redirecting to /Admin/PriceConfigs.
2026-05-20 15:56:57.655 +07:00 [INF] Executed action AuraCinema.Web.Areas.Admin.Controllers.PriceConfigsController.UpdatePrices (AuraCinema.Web) in 120.6338ms
2026-05-20 15:56:57.655 +07:00 [INF] Executed endpoint 'AuraCinema.Web.Areas.Admin.Controllers.PriceConfigsController.UpdatePrices (AuraCinema.Web)'
2026-05-20 15:56:57.656 +07:00 [INF] Request finished HTTP/1.1 POST http://localhost:5231/Admin/PriceConfigs/UpdatePrices - 302 0 null 133.8002ms
2026-05-20 15:56:57.659 +07:00 [INF] Request starting HTTP/1.1 GET http://localhost:5231/Admin/PriceConfigs - null null
2026-05-20 15:56:57.660 +07:00 [INF] Executing endpoint 'AuraCinema.Web.Areas.Admin.Controllers.PriceConfigsController.Index (AuraCinema.Web)'
2026-05-20 15:56:57.660 +07:00 [INF] Route matched with {area = "Admin", action = "Index", controller = "PriceConfigs"}. Executing controller action with signature System.Threading.Tasks.Task`1[Microsoft.AspNetCore.Mvc.IActionResult] Index() on controller AuraCinema.Web.Areas.Admin.Controllers.PriceConfigsController (AuraCinema.Web).
2026-05-20 15:56:57.668 +07:00 [INF] Executed DbCommand (6ms) [Parameters=[@__requiredCodes_0='?' (Size = 4000)], CommandType='"Text"', CommandTimeout='30']
SELECT [p].[ConfigID], [p].[ConfigCode], [p].[ConfigName], [p].[ConfigType], [p].[SurchargeAmount]
FROM [PriceConfigs] AS [p]
WHERE [p].[ConfigCode] IN (
    SELECT [r].[value]
    FROM OPENJSON(@__requiredCodes_0) WITH ([value] nvarchar(50) '$') AS [r]
)
2026-05-20 15:56:57.669 +07:00 [INF] Executing ViewResult, running view Index.
2026-05-20 15:56:57.672 +07:00 [INF] Executed ViewResult - view Index executed in 4.0054ms.
2026-05-20 15:56:57.673 +07:00 [INF] Executed action AuraCinema.Web.Areas.Admin.Controllers.PriceConfigsController.Index (AuraCinema.Web) in 11.9988ms
2026-05-20 15:56:57.673 +07:00 [INF] Executed endpoint 'AuraCinema.Web.Areas.Admin.Controllers.PriceConfigsController.Index (AuraCinema.Web)'
2026-05-20 15:56:57.673 +07:00 [INF] Request finished HTTP/1.1 GET http://localhost:5231/Admin/PriceConfigs - 200 null text/html; charset=utf-8 13.6406ms
2026-05-20 15:56:57.708 +07:00 [INF] Request starting HTTP/1.1 GET http://localhost:5231/css/site.css?v=wrQ1MeiVPg32MAFeAWGszcMS6avuWDFaL-8-z0i5gfo - null null
2026-05-20 15:56:57.709 +07:00 [INF] The file /css/site.css was not modified
2026-05-20 15:56:57.710 +07:00 [INF] Request finished HTTP/1.1 GET http://localhost:5231/css/site.css?v=wrQ1MeiVPg32MAFeAWGszcMS6avuWDFaL-8-z0i5gfo - 304 null text/css 1.6116ms
2026-05-20 15:57:19.514 +07:00 [INF] Request starting HTTP/1.1 POST http://localhost:5231/Admin/PriceConfigs/UpdatePrices - application/x-www-form-urlencoded 548
2026-05-20 15:57:19.516 +07:00 [INF] Executing endpoint 'AuraCinema.Web.Areas.Admin.Controllers.PriceConfigsController.UpdatePrices (AuraCinema.Web)'
2026-05-20 15:57:19.516 +07:00 [INF] Route matched with {area = "Admin", action = "UpdatePrices", controller = "PriceConfigs"}. Executing controller action with signature System.Threading.Tasks.Task`1[Microsoft.AspNetCore.Mvc.IActionResult] UpdatePrices(System.Collections.Generic.List`1[AuraCinema.Web.Areas.Admin.Controllers.PriceUpdateViewModel]) on controller AuraCinema.Web.Areas.Admin.Controllers.PriceConfigsController (AuraCinema.Web).
2026-05-20 15:57:19.522 +07:00 [INF] Executed DbCommand (3ms) [Parameters=[@__Trim_0='?' (Size = 50)], CommandType='"Text"', CommandTimeout='30']
SELECT TOP(1) [p].[ConfigID], [p].[ConfigCode], [p].[ConfigName], [p].[ConfigType], [p].[SurchargeAmount]
FROM [PriceConfigs] AS [p]
WHERE LTRIM(RTRIM([p].[ConfigCode])) = @__Trim_0
2026-05-20 15:57:19.524 +07:00 [INF] Executed DbCommand (1ms) [Parameters=[@__Trim_0='?' (Size = 50)], CommandType='"Text"', CommandTimeout='30']
SELECT TOP(1) [p].[ConfigID], [p].[ConfigCode], [p].[ConfigName], [p].[ConfigType], [p].[SurchargeAmount]
FROM [PriceConfigs] AS [p]
WHERE LTRIM(RTRIM([p].[ConfigCode])) = @__Trim_0
2026-05-20 15:57:19.525 +07:00 [INF] Executed DbCommand (0ms) [Parameters=[@__Trim_0='?' (Size = 50)], CommandType='"Text"', CommandTimeout='30']
SELECT TOP(1) [p].[ConfigID], [p].[ConfigCode], [p].[ConfigName], [p].[ConfigType], [p].[SurchargeAmount]
FROM [PriceConfigs] AS [p]
WHERE LTRIM(RTRIM([p].[ConfigCode])) = @__Trim_0
2026-05-20 15:57:19.525 +07:00 [INF] Executed DbCommand (0ms) [Parameters=[@__Trim_0='?' (Size = 50)], CommandType='"Text"', CommandTimeout='30']
SELECT TOP(1) [p].[ConfigID], [p].[ConfigCode], [p].[ConfigName], [p].[ConfigType], [p].[SurchargeAmount]
FROM [PriceConfigs] AS [p]
WHERE LTRIM(RTRIM([p].[ConfigCode])) = @__Trim_0
2026-05-20 15:57:19.526 +07:00 [INF] Executed DbCommand (0ms) [Parameters=[@__Trim_0='?' (Size = 50)], CommandType='"Text"', CommandTimeout='30']
SELECT TOP(1) [p].[ConfigID], [p].[ConfigCode], [p].[ConfigName], [p].[ConfigType], [p].[SurchargeAmount]
FROM [PriceConfigs] AS [p]
WHERE LTRIM(RTRIM([p].[ConfigCode])) = @__Trim_0
2026-05-20 15:57:19.529 +07:00 [INF] Executed DbCommand (2ms) [Parameters=[@p1='?' (DbType = Int32), @p0='?' (DbType = Int32)], CommandType='"Text"', CommandTimeout='30']
SET IMPLICIT_TRANSACTIONS OFF;
SET NOCOUNT ON;
UPDATE [PriceConfigs] SET [SurchargeAmount] = @p0
OUTPUT 1
WHERE [ConfigID] = @p1;
2026-05-20 15:57:19.530 +07:00 [INF] Executing RedirectResult, redirecting to /Admin/PriceConfigs.
2026-05-20 15:57:19.530 +07:00 [INF] Executed action AuraCinema.Web.Areas.Admin.Controllers.PriceConfigsController.UpdatePrices (AuraCinema.Web) in 14.328ms
2026-05-20 15:57:19.530 +07:00 [INF] Executed endpoint 'AuraCinema.Web.Areas.Admin.Controllers.PriceConfigsController.UpdatePrices (AuraCinema.Web)'
2026-05-20 15:57:19.531 +07:00 [INF] Request finished HTTP/1.1 POST http://localhost:5231/Admin/PriceConfigs/UpdatePrices - 302 0 null 16.4971ms
2026-05-20 15:57:19.534 +07:00 [INF] Request starting HTTP/1.1 GET http://localhost:5231/Admin/PriceConfigs - null null
2026-05-20 15:57:19.535 +07:00 [INF] Executing endpoint 'AuraCinema.Web.Areas.Admin.Controllers.PriceConfigsController.Index (AuraCinema.Web)'
2026-05-20 15:57:19.535 +07:00 [INF] Route matched with {area = "Admin", action = "Index", controller = "PriceConfigs"}. Executing controller action with signature System.Threading.Tasks.Task`1[Microsoft.AspNetCore.Mvc.IActionResult] Index() on controller AuraCinema.Web.Areas.Admin.Controllers.PriceConfigsController (AuraCinema.Web).
2026-05-20 15:57:19.539 +07:00 [INF] Executed DbCommand (3ms) [Parameters=[@__requiredCodes_0='?' (Size = 4000)], CommandType='"Text"', CommandTimeout='30']
SELECT [p].[ConfigID], [p].[ConfigCode], [p].[ConfigName], [p].[ConfigType], [p].[SurchargeAmount]
FROM [PriceConfigs] AS [p]
WHERE [p].[ConfigCode] IN (
    SELECT [r].[value]
    FROM OPENJSON(@__requiredCodes_0) WITH ([value] nvarchar(50) '$') AS [r]
)
2026-05-20 15:57:19.540 +07:00 [INF] Executing ViewResult, running view Index.
2026-05-20 15:57:19.543 +07:00 [INF] Executed ViewResult - view Index executed in 2.9572ms.
2026-05-20 15:57:19.543 +07:00 [INF] Executed action AuraCinema.Web.Areas.Admin.Controllers.PriceConfigsController.Index (AuraCinema.Web) in 7.8157ms
2026-05-20 15:57:19.543 +07:00 [INF] Executed endpoint 'AuraCinema.Web.Areas.Admin.Controllers.PriceConfigsController.Index (AuraCinema.Web)'
2026-05-20 15:57:19.543 +07:00 [INF] Request finished HTTP/1.1 GET http://localhost:5231/Admin/PriceConfigs - 200 null text/html; charset=utf-8 9.2702ms
2026-05-20 15:57:52.589 +07:00 [INF] Executed DbCommand (5ms) [Parameters=[], CommandType='"Text"', CommandTimeout='30']
SELECT [o].[OrderID], [o].[FinalAmount], [o].[HoldExpiryTime], [o].[OrderCode], [o].[PayOSTransID], [o].[PromoID], [o].[QrCode], [o].[ShowtimeID], [o].[Status], [o].[TotalAmount], [o].[UserID]
FROM [Orders] AS [o]
WHERE [o].[Status] = N'Chờ thanh toán' AND [o].[HoldExpiryTime] <= GETDATE()
2026-05-20 15:57:52.595 +07:00 [INF] Executed DbCommand (5ms) [Parameters=[@__maxSellingDate_0='?' (DbType = DateTime2), @__now_1='?' (DbType = DateTime2)], CommandType='"Text"', CommandTimeout='30']
SELECT [s].[ShowtimeID], [s].[EndTime], [s].[MovieID], [s].[RoomID], [s].[ShowtimeCode], [s].[StartTime], [s].[Status]
FROM [Showtimes] AS [s]
WHERE [s].[Status] IN (N'Đã lên lịch', N'Sap chieu') AND CONVERT(date, [s].[StartTime]) <= @__maxSellingDate_0 AND [s].[StartTime] > @__now_1
2026-05-20 15:57:52.599 +07:00 [INF] Executed DbCommand (3ms) [Parameters=[@__now_0='?' (DbType = DateTime2)], CommandType='"Text"', CommandTimeout='30']
SELECT [s].[ShowtimeID], [s].[EndTime], [s].[MovieID], [s].[RoomID], [s].[ShowtimeCode], [s].[StartTime], [s].[Status]
FROM [Showtimes] AS [s]
WHERE [s].[Status] IN (N'Đã lên lịch', N'Đang mở bán', N'Sap chieu') AND [s].[StartTime] <= @__now_0 AND [s].[EndTime] > @__now_0
2026-05-20 15:57:52.604 +07:00 [INF] Executed DbCommand (4ms) [Parameters=[@__now_0='?' (DbType = DateTime2)], CommandType='"Text"', CommandTimeout='30']
SELECT [s].[ShowtimeID], [s].[EndTime], [s].[MovieID], [s].[RoomID], [s].[ShowtimeCode], [s].[StartTime], [s].[Status]
FROM [Showtimes] AS [s]
WHERE [s].[Status] IN (N'Đã lên lịch', N'Đang mở bán', N'Đang chiếu', N'Sap chieu', N'Dang dien ra') AND [s].[EndTime] <= @__now_0
2026-05-20 15:58:52.627 +07:00 [INF] Executed DbCommand (6ms) [Parameters=[], CommandType='"Text"', CommandTimeout='30']
SELECT [o].[OrderID], [o].[FinalAmount], [o].[HoldExpiryTime], [o].[OrderCode], [o].[PayOSTransID], [o].[PromoID], [o].[QrCode], [o].[ShowtimeID], [o].[Status], [o].[TotalAmount], [o].[UserID]
FROM [Orders] AS [o]
WHERE [o].[Status] = N'Chờ thanh toán' AND [o].[HoldExpiryTime] <= GETDATE()
2026-05-20 15:58:52.634 +07:00 [INF] Executed DbCommand (6ms) [Parameters=[@__maxSellingDate_0='?' (DbType = DateTime2), @__now_1='?' (DbType = DateTime2)], CommandType='"Text"', CommandTimeout='30']
SELECT [s].[ShowtimeID], [s].[EndTime], [s].[MovieID], [s].[RoomID], [s].[ShowtimeCode], [s].[StartTime], [s].[Status]
FROM [Showtimes] AS [s]
WHERE [s].[Status] IN (N'Đã lên lịch', N'Sap chieu') AND CONVERT(date, [s].[StartTime]) <= @__maxSellingDate_0 AND [s].[StartTime] > @__now_1
2026-05-20 15:58:52.637 +07:00 [INF] Executed DbCommand (2ms) [Parameters=[@__now_0='?' (DbType = DateTime2)], CommandType='"Text"', CommandTimeout='30']
SELECT [s].[ShowtimeID], [s].[EndTime], [s].[MovieID], [s].[RoomID], [s].[ShowtimeCode], [s].[StartTime], [s].[Status]
FROM [Showtimes] AS [s]
WHERE [s].[Status] IN (N'Đã lên lịch', N'Đang mở bán', N'Sap chieu') AND [s].[StartTime] <= @__now_0 AND [s].[EndTime] > @__now_0
2026-05-20 15:58:52.641 +07:00 [INF] Executed DbCommand (3ms) [Parameters=[@__now_0='?' (DbType = DateTime2)], CommandType='"Text"', CommandTimeout='30']
SELECT [s].[ShowtimeID], [s].[EndTime], [s].[MovieID], [s].[RoomID], [s].[ShowtimeCode], [s].[StartTime], [s].[Status]
FROM [Showtimes] AS [s]
WHERE [s].[Status] IN (N'Đã lên lịch', N'Đang mở bán', N'Đang chiếu', N'Sap chieu', N'Dang dien ra') AND [s].[EndTime] <= @__now_0
2026-05-20 15:59:52.662 +07:00 [INF] Executed DbCommand (6ms) [Parameters=[], CommandType='"Text"', CommandTimeout='30']
SELECT [o].[OrderID], [o].[FinalAmount], [o].[HoldExpiryTime], [o].[OrderCode], [o].[PayOSTransID], [o].[PromoID], [o].[QrCode], [o].[ShowtimeID], [o].[Status], [o].[TotalAmount], [o].[UserID]
FROM [Orders] AS [o]
WHERE [o].[Status] = N'Chờ thanh toán' AND [o].[HoldExpiryTime] <= GETDATE()
2026-05-20 15:59:52.670 +07:00 [INF] Executed DbCommand (6ms) [Parameters=[@__maxSellingDate_0='?' (DbType = DateTime2), @__now_1='?' (DbType = DateTime2)], CommandType='"Text"', CommandTimeout='30']
SELECT [s].[ShowtimeID], [s].[EndTime], [s].[MovieID], [s].[RoomID], [s].[ShowtimeCode], [s].[StartTime], [s].[Status]
FROM [Showtimes] AS [s]
WHERE [s].[Status] IN (N'Đã lên lịch', N'Sap chieu') AND CONVERT(date, [s].[StartTime]) <= @__maxSellingDate_0 AND [s].[StartTime] > @__now_1
2026-05-20 15:59:52.673 +07:00 [INF] Executed DbCommand (2ms) [Parameters=[@__now_0='?' (DbType = DateTime2)], CommandType='"Text"', CommandTimeout='30']
SELECT [s].[ShowtimeID], [s].[EndTime], [s].[MovieID], [s].[RoomID], [s].[ShowtimeCode], [s].[StartTime], [s].[Status]
FROM [Showtimes] AS [s]
WHERE [s].[Status] IN (N'Đã lên lịch', N'Đang mở bán', N'Sap chieu') AND [s].[StartTime] <= @__now_0 AND [s].[EndTime] > @__now_0
2026-05-20 15:59:52.676 +07:00 [INF] Executed DbCommand (2ms) [Parameters=[@__now_0='?' (DbType = DateTime2)], CommandType='"Text"', CommandTimeout='30']
SELECT [s].[ShowtimeID], [s].[EndTime], [s].[MovieID], [s].[RoomID], [s].[ShowtimeCode], [s].[StartTime], [s].[Status]
FROM [Showtimes] AS [s]
WHERE [s].[Status] IN (N'Đã lên lịch', N'Đang mở bán', N'Đang chiếu', N'Sap chieu', N'Dang dien ra') AND [s].[EndTime] <= @__now_0
2026-05-20 16:00:52.687 +07:00 [INF] Executed DbCommand (5ms) [Parameters=[], CommandType='"Text"', CommandTimeout='30']
SELECT [o].[OrderID], [o].[FinalAmount], [o].[HoldExpiryTime], [o].[OrderCode], [o].[PayOSTransID], [o].[PromoID], [o].[QrCode], [o].[ShowtimeID], [o].[Status], [o].[TotalAmount], [o].[UserID]
FROM [Orders] AS [o]
WHERE [o].[Status] = N'Chờ thanh toán' AND [o].[HoldExpiryTime] <= GETDATE()
2026-05-20 16:00:52.694 +07:00 [INF] Executed DbCommand (5ms) [Parameters=[@__maxSellingDate_0='?' (DbType = DateTime2), @__now_1='?' (DbType = DateTime2)], CommandType='"Text"', CommandTimeout='30']
SELECT [s].[ShowtimeID], [s].[EndTime], [s].[MovieID], [s].[RoomID], [s].[ShowtimeCode], [s].[StartTime], [s].[Status]
FROM [Showtimes] AS [s]
WHERE [s].[Status] IN (N'Đã lên lịch', N'Sap chieu') AND CONVERT(date, [s].[StartTime]) <= @__maxSellingDate_0 AND [s].[StartTime] > @__now_1
2026-05-20 16:00:52.698 +07:00 [INF] Executed DbCommand (3ms) [Parameters=[@__now_0='?' (DbType = DateTime2)], CommandType='"Text"', CommandTimeout='30']
SELECT [s].[ShowtimeID], [s].[EndTime], [s].[MovieID], [s].[RoomID], [s].[ShowtimeCode], [s].[StartTime], [s].[Status]
FROM [Showtimes] AS [s]
WHERE [s].[Status] IN (N'Đã lên lịch', N'Đang mở bán', N'Sap chieu') AND [s].[StartTime] <= @__now_0 AND [s].[EndTime] > @__now_0
2026-05-20 16:00:52.701 +07:00 [INF] Executed DbCommand (3ms) [Parameters=[@__now_0='?' (DbType = DateTime2)], CommandType='"Text"', CommandTimeout='30']
SELECT [s].[ShowtimeID], [s].[EndTime], [s].[MovieID], [s].[RoomID], [s].[ShowtimeCode], [s].[StartTime], [s].[Status]
FROM [Showtimes] AS [s]
WHERE [s].[Status] IN (N'Đã lên lịch', N'Đang mở bán', N'Đang chiếu', N'Sap chieu', N'Dang dien ra') AND [s].[EndTime] <= @__now_0
2026-05-20 16:01:52.715 +07:00 [INF] Executed DbCommand (5ms) [Parameters=[], CommandType='"Text"', CommandTimeout='30']
SELECT [o].[OrderID], [o].[FinalAmount], [o].[HoldExpiryTime], [o].[OrderCode], [o].[PayOSTransID], [o].[PromoID], [o].[QrCode], [o].[ShowtimeID], [o].[Status], [o].[TotalAmount], [o].[UserID]
FROM [Orders] AS [o]
WHERE [o].[Status] = N'Chờ thanh toán' AND [o].[HoldExpiryTime] <= GETDATE()
2026-05-20 16:01:52.721 +07:00 [INF] Executed DbCommand (5ms) [Parameters=[@__maxSellingDate_0='?' (DbType = DateTime2), @__now_1='?' (DbType = DateTime2)], CommandType='"Text"', CommandTimeout='30']
SELECT [s].[ShowtimeID], [s].[EndTime], [s].[MovieID], [s].[RoomID], [s].[ShowtimeCode], [s].[StartTime], [s].[Status]
FROM [Showtimes] AS [s]
WHERE [s].[Status] IN (N'Đã lên lịch', N'Sap chieu') AND CONVERT(date, [s].[StartTime]) <= @__maxSellingDate_0 AND [s].[StartTime] > @__now_1
2026-05-20 16:01:52.725 +07:00 [INF] Executed DbCommand (3ms) [Parameters=[@__now_0='?' (DbType = DateTime2)], CommandType='"Text"', CommandTimeout='30']
SELECT [s].[ShowtimeID], [s].[EndTime], [s].[MovieID], [s].[RoomID], [s].[ShowtimeCode], [s].[StartTime], [s].[Status]
FROM [Showtimes] AS [s]
WHERE [s].[Status] IN (N'Đã lên lịch', N'Đang mở bán', N'Sap chieu') AND [s].[StartTime] <= @__now_0 AND [s].[EndTime] > @__now_0
2026-05-20 16:01:52.729 +07:00 [INF] Executed DbCommand (4ms) [Parameters=[@__now_0='?' (DbType = DateTime2)], CommandType='"Text"', CommandTimeout='30']
SELECT [s].[ShowtimeID], [s].[EndTime], [s].[MovieID], [s].[RoomID], [s].[ShowtimeCode], [s].[StartTime], [s].[Status]
FROM [Showtimes] AS [s]
WHERE [s].[Status] IN (N'Đã lên lịch', N'Đang mở bán', N'Đang chiếu', N'Sap chieu', N'Dang dien ra') AND [s].[EndTime] <= @__now_0
2026-05-20 16:02:52.745 +07:00 [INF] Executed DbCommand (5ms) [Parameters=[], CommandType='"Text"', CommandTimeout='30']
SELECT [o].[OrderID], [o].[FinalAmount], [o].[HoldExpiryTime], [o].[OrderCode], [o].[PayOSTransID], [o].[PromoID], [o].[QrCode], [o].[ShowtimeID], [o].[Status], [o].[TotalAmount], [o].[UserID]
FROM [Orders] AS [o]
WHERE [o].[Status] = N'Chờ thanh toán' AND [o].[HoldExpiryTime] <= GETDATE()
2026-05-20 16:02:52.752 +07:00 [INF] Executed DbCommand (4ms) [Parameters=[@__maxSellingDate_0='?' (DbType = DateTime2), @__now_1='?' (DbType = DateTime2)], CommandType='"Text"', CommandTimeout='30']
SELECT [s].[ShowtimeID], [s].[EndTime], [s].[MovieID], [s].[RoomID], [s].[ShowtimeCode], [s].[StartTime], [s].[Status]
FROM [Showtimes] AS [s]
WHERE [s].[Status] IN (N'Đã lên lịch', N'Sap chieu') AND CONVERT(date, [s].[StartTime]) <= @__maxSellingDate_0 AND [s].[StartTime] > @__now_1
2026-05-20 16:02:52.754 +07:00 [INF] Executed DbCommand (2ms) [Parameters=[@__now_0='?' (DbType = DateTime2)], CommandType='"Text"', CommandTimeout='30']
SELECT [s].[ShowtimeID], [s].[EndTime], [s].[MovieID], [s].[RoomID], [s].[ShowtimeCode], [s].[StartTime], [s].[Status]
FROM [Showtimes] AS [s]
WHERE [s].[Status] IN (N'Đã lên lịch', N'Đang mở bán', N'Sap chieu') AND [s].[StartTime] <= @__now_0 AND [s].[EndTime] > @__now_0
2026-05-20 16:02:52.756 +07:00 [INF] Executed DbCommand (2ms) [Parameters=[@__now_0='?' (DbType = DateTime2)], CommandType='"Text"', CommandTimeout='30']
SELECT [s].[ShowtimeID], [s].[EndTime], [s].[MovieID], [s].[RoomID], [s].[ShowtimeCode], [s].[StartTime], [s].[Status]
FROM [Showtimes] AS [s]
WHERE [s].[Status] IN (N'Đã lên lịch', N'Đang mở bán', N'Đang chiếu', N'Sap chieu', N'Dang dien ra') AND [s].[EndTime] <= @__now_0
2026-05-20 16:03:52.762 +07:00 [INF] Executed DbCommand (2ms) [Parameters=[], CommandType='"Text"', CommandTimeout='30']
SELECT [o].[OrderID], [o].[FinalAmount], [o].[HoldExpiryTime], [o].[OrderCode], [o].[PayOSTransID], [o].[PromoID], [o].[QrCode], [o].[ShowtimeID], [o].[Status], [o].[TotalAmount], [o].[UserID]
FROM [Orders] AS [o]
WHERE [o].[Status] = N'Chờ thanh toán' AND [o].[HoldExpiryTime] <= GETDATE()
2026-05-20 16:03:52.768 +07:00 [INF] Executed DbCommand (5ms) [Parameters=[@__maxSellingDate_0='?' (DbType = DateTime2), @__now_1='?' (DbType = DateTime2)], CommandType='"Text"', CommandTimeout='30']
SELECT [s].[ShowtimeID], [s].[EndTime], [s].[MovieID], [s].[RoomID], [s].[ShowtimeCode], [s].[StartTime], [s].[Status]
FROM [Showtimes] AS [s]
WHERE [s].[Status] IN (N'Đã lên lịch', N'Sap chieu') AND CONVERT(date, [s].[StartTime]) <= @__maxSellingDate_0 AND [s].[StartTime] > @__now_1
2026-05-20 16:03:52.770 +07:00 [INF] Executed DbCommand (2ms) [Parameters=[@__now_0='?' (DbType = DateTime2)], CommandType='"Text"', CommandTimeout='30']
SELECT [s].[ShowtimeID], [s].[EndTime], [s].[MovieID], [s].[RoomID], [s].[ShowtimeCode], [s].[StartTime], [s].[Status]
FROM [Showtimes] AS [s]
WHERE [s].[Status] IN (N'Đã lên lịch', N'Đang mở bán', N'Sap chieu') AND [s].[StartTime] <= @__now_0 AND [s].[EndTime] > @__now_0
2026-05-20 16:03:52.773 +07:00 [INF] Executed DbCommand (2ms) [Parameters=[@__now_0='?' (DbType = DateTime2)], CommandType='"Text"', CommandTimeout='30']
SELECT [s].[ShowtimeID], [s].[EndTime], [s].[MovieID], [s].[RoomID], [s].[ShowtimeCode], [s].[StartTime], [s].[Status]
FROM [Showtimes] AS [s]
WHERE [s].[Status] IN (N'Đã lên lịch', N'Đang mở bán', N'Đang chiếu', N'Sap chieu', N'Dang dien ra') AND [s].[EndTime] <= @__now_0
2026-05-20 16:04:52.787 +07:00 [INF] Executed DbCommand (3ms) [Parameters=[], CommandType='"Text"', CommandTimeout='30']
SELECT [o].[OrderID], [o].[FinalAmount], [o].[HoldExpiryTime], [o].[OrderCode], [o].[PayOSTransID], [o].[PromoID], [o].[QrCode], [o].[ShowtimeID], [o].[Status], [o].[TotalAmount], [o].[UserID]
FROM [Orders] AS [o]
WHERE [o].[Status] = N'Chờ thanh toán' AND [o].[HoldExpiryTime] <= GETDATE()
2026-05-20 16:04:52.790 +07:00 [INF] Executed DbCommand (2ms) [Parameters=[@__maxSellingDate_0='?' (DbType = DateTime2), @__now_1='?' (DbType = DateTime2)], CommandType='"Text"', CommandTimeout='30']
SELECT [s].[ShowtimeID], [s].[EndTime], [s].[MovieID], [s].[RoomID], [s].[ShowtimeCode], [s].[StartTime], [s].[Status]
FROM [Showtimes] AS [s]
WHERE [s].[Status] IN (N'Đã lên lịch', N'Sap chieu') AND CONVERT(date, [s].[StartTime]) <= @__maxSellingDate_0 AND [s].[StartTime] > @__now_1
2026-05-20 16:04:52.793 +07:00 [INF] Executed DbCommand (2ms) [Parameters=[@__now_0='?' (DbType = DateTime2)], CommandType='"Text"', CommandTimeout='30']
SELECT [s].[ShowtimeID], [s].[EndTime], [s].[MovieID], [s].[RoomID], [s].[ShowtimeCode], [s].[StartTime], [s].[Status]
FROM [Showtimes] AS [s]
WHERE [s].[Status] IN (N'Đã lên lịch', N'Đang mở bán', N'Sap chieu') AND [s].[StartTime] <= @__now_0 AND [s].[EndTime] > @__now_0
2026-05-20 16:04:52.795 +07:00 [INF] Executed DbCommand (2ms) [Parameters=[@__now_0='?' (DbType = DateTime2)], CommandType='"Text"', CommandTimeout='30']
SELECT [s].[ShowtimeID], [s].[EndTime], [s].[MovieID], [s].[RoomID], [s].[ShowtimeCode], [s].[StartTime], [s].[Status]
FROM [Showtimes] AS [s]
WHERE [s].[Status] IN (N'Đã lên lịch', N'Đang mở bán', N'Đang chiếu', N'Sap chieu', N'Dang dien ra') AND [s].[EndTime] <= @__now_0
2026-05-20 16:05:52.809 +07:00 [INF] Executed DbCommand (3ms) [Parameters=[], CommandType='"Text"', CommandTimeout='30']
SELECT [o].[OrderID], [o].[FinalAmount], [o].[HoldExpiryTime], [o].[OrderCode], [o].[PayOSTransID], [o].[PromoID], [o].[QrCode], [o].[ShowtimeID], [o].[Status], [o].[TotalAmount], [o].[UserID]
FROM [Orders] AS [o]
WHERE [o].[Status] = N'Chờ thanh toán' AND [o].[HoldExpiryTime] <= GETDATE()
2026-05-20 16:05:52.813 +07:00 [INF] Executed DbCommand (3ms) [Parameters=[@__maxSellingDate_0='?' (DbType = DateTime2), @__now_1='?' (DbType = DateTime2)], CommandType='"Text"', CommandTimeout='30']
SELECT [s].[ShowtimeID], [s].[EndTime], [s].[MovieID], [s].[RoomID], [s].[ShowtimeCode], [s].[StartTime], [s].[Status]
FROM [Showtimes] AS [s]
WHERE [s].[Status] IN (N'Đã lên lịch', N'Sap chieu') AND CONVERT(date, [s].[StartTime]) <= @__maxSellingDate_0 AND [s].[StartTime] > @__now_1
2026-05-20 16:05:52.815 +07:00 [INF] Executed DbCommand (1ms) [Parameters=[@__now_0='?' (DbType = DateTime2)], CommandType='"Text"', CommandTimeout='30']
SELECT [s].[ShowtimeID], [s].[EndTime], [s].[MovieID], [s].[RoomID], [s].[ShowtimeCode], [s].[StartTime], [s].[Status]
FROM [Showtimes] AS [s]
WHERE [s].[Status] IN (N'Đã lên lịch', N'Đang mở bán', N'Sap chieu') AND [s].[StartTime] <= @__now_0 AND [s].[EndTime] > @__now_0
2026-05-20 16:05:52.817 +07:00 [INF] Executed DbCommand (2ms) [Parameters=[@__now_0='?' (DbType = DateTime2)], CommandType='"Text"', CommandTimeout='30']
SELECT [s].[ShowtimeID], [s].[EndTime], [s].[MovieID], [s].[RoomID], [s].[ShowtimeCode], [s].[StartTime], [s].[Status]
FROM [Showtimes] AS [s]
WHERE [s].[Status] IN (N'Đã lên lịch', N'Đang mở bán', N'Đang chiếu', N'Sap chieu', N'Dang dien ra') AND [s].[EndTime] <= @__now_0
2026-05-20 16:06:52.828 +07:00 [INF] Executed DbCommand (5ms) [Parameters=[], CommandType='"Text"', CommandTimeout='30']
SELECT [o].[OrderID], [o].[FinalAmount], [o].[HoldExpiryTime], [o].[OrderCode], [o].[PayOSTransID], [o].[PromoID], [o].[QrCode], [o].[ShowtimeID], [o].[Status], [o].[TotalAmount], [o].[UserID]
FROM [Orders] AS [o]
WHERE [o].[Status] = N'Chờ thanh toán' AND [o].[HoldExpiryTime] <= GETDATE()
2026-05-20 16:06:52.834 +07:00 [INF] Executed DbCommand (5ms) [Parameters=[@__maxSellingDate_0='?' (DbType = DateTime2), @__now_1='?' (DbType = DateTime2)], CommandType='"Text"', CommandTimeout='30']
SELECT [s].[ShowtimeID], [s].[EndTime], [s].[MovieID], [s].[RoomID], [s].[ShowtimeCode], [s].[StartTime], [s].[Status]
FROM [Showtimes] AS [s]
WHERE [s].[Status] IN (N'Đã lên lịch', N'Sap chieu') AND CONVERT(date, [s].[StartTime]) <= @__maxSellingDate_0 AND [s].[StartTime] > @__now_1
2026-05-20 16:06:52.837 +07:00 [INF] Executed DbCommand (2ms) [Parameters=[@__now_0='?' (DbType = DateTime2)], CommandType='"Text"', CommandTimeout='30']
SELECT [s].[ShowtimeID], [s].[EndTime], [s].[MovieID], [s].[RoomID], [s].[ShowtimeCode], [s].[StartTime], [s].[Status]
FROM [Showtimes] AS [s]
WHERE [s].[Status] IN (N'Đã lên lịch', N'Đang mở bán', N'Sap chieu') AND [s].[StartTime] <= @__now_0 AND [s].[EndTime] > @__now_0
2026-05-20 16:06:52.840 +07:00 [INF] Executed DbCommand (2ms) [Parameters=[@__now_0='?' (DbType = DateTime2)], CommandType='"Text"', CommandTimeout='30']
SELECT [s].[ShowtimeID], [s].[EndTime], [s].[MovieID], [s].[RoomID], [s].[ShowtimeCode], [s].[StartTime], [s].[Status]
FROM [Showtimes] AS [s]
WHERE [s].[Status] IN (N'Đã lên lịch', N'Đang mở bán', N'Đang chiếu', N'Sap chieu', N'Dang dien ra') AND [s].[EndTime] <= @__now_0
2026-05-20 16:07:52.860 +07:00 [INF] Executed DbCommand (6ms) [Parameters=[], CommandType='"Text"', CommandTimeout='30']
SELECT [o].[OrderID], [o].[FinalAmount], [o].[HoldExpiryTime], [o].[OrderCode], [o].[PayOSTransID], [o].[PromoID], [o].[QrCode], [o].[ShowtimeID], [o].[Status], [o].[TotalAmount], [o].[UserID]
FROM [Orders] AS [o]
WHERE [o].[Status] = N'Chờ thanh toán' AND [o].[HoldExpiryTime] <= GETDATE()
2026-05-20 16:07:52.867 +07:00 [INF] Executed DbCommand (5ms) [Parameters=[@__maxSellingDate_0='?' (DbType = DateTime2), @__now_1='?' (DbType = DateTime2)], CommandType='"Text"', CommandTimeout='30']
SELECT [s].[ShowtimeID], [s].[EndTime], [s].[MovieID], [s].[RoomID], [s].[ShowtimeCode], [s].[StartTime], [s].[Status]
FROM [Showtimes] AS [s]
WHERE [s].[Status] IN (N'Đã lên lịch', N'Sap chieu') AND CONVERT(date, [s].[StartTime]) <= @__maxSellingDate_0 AND [s].[StartTime] > @__now_1
2026-05-20 16:07:52.871 +07:00 [INF] Executed DbCommand (3ms) [Parameters=[@__now_0='?' (DbType = DateTime2)], CommandType='"Text"', CommandTimeout='30']
SELECT [s].[ShowtimeID], [s].[EndTime], [s].[MovieID], [s].[RoomID], [s].[ShowtimeCode], [s].[StartTime], [s].[Status]
FROM [Showtimes] AS [s]
WHERE [s].[Status] IN (N'Đã lên lịch', N'Đang mở bán', N'Sap chieu') AND [s].[StartTime] <= @__now_0 AND [s].[EndTime] > @__now_0
2026-05-20 16:07:52.876 +07:00 [INF] Executed DbCommand (3ms) [Parameters=[@__now_0='?' (DbType = DateTime2)], CommandType='"Text"', CommandTimeout='30']
SELECT [s].[ShowtimeID], [s].[EndTime], [s].[MovieID], [s].[RoomID], [s].[ShowtimeCode], [s].[StartTime], [s].[Status]
FROM [Showtimes] AS [s]
WHERE [s].[Status] IN (N'Đã lên lịch', N'Đang mở bán', N'Đang chiếu', N'Sap chieu', N'Dang dien ra') AND [s].[EndTime] <= @__now_0
2026-05-20 16:08:52.895 +07:00 [INF] Executed DbCommand (5ms) [Parameters=[], CommandType='"Text"', CommandTimeout='30']
SELECT [o].[OrderID], [o].[FinalAmount], [o].[HoldExpiryTime], [o].[OrderCode], [o].[PayOSTransID], [o].[PromoID], [o].[QrCode], [o].[ShowtimeID], [o].[Status], [o].[TotalAmount], [o].[UserID]
FROM [Orders] AS [o]
WHERE [o].[Status] = N'Chờ thanh toán' AND [o].[HoldExpiryTime] <= GETDATE()
2026-05-20 16:08:52.901 +07:00 [INF] Executed DbCommand (5ms) [Parameters=[@__maxSellingDate_0='?' (DbType = DateTime2), @__now_1='?' (DbType = DateTime2)], CommandType='"Text"', CommandTimeout='30']
SELECT [s].[ShowtimeID], [s].[EndTime], [s].[MovieID], [s].[RoomID], [s].[ShowtimeCode], [s].[StartTime], [s].[Status]
FROM [Showtimes] AS [s]
WHERE [s].[Status] IN (N'Đã lên lịch', N'Sap chieu') AND CONVERT(date, [s].[StartTime]) <= @__maxSellingDate_0 AND [s].[StartTime] > @__now_1
2026-05-20 16:08:52.906 +07:00 [INF] Executed DbCommand (4ms) [Parameters=[@__now_0='?' (DbType = DateTime2)], CommandType='"Text"', CommandTimeout='30']
SELECT [s].[ShowtimeID], [s].[EndTime], [s].[MovieID], [s].[RoomID], [s].[ShowtimeCode], [s].[StartTime], [s].[Status]
FROM [Showtimes] AS [s]
WHERE [s].[Status] IN (N'Đã lên lịch', N'Đang mở bán', N'Sap chieu') AND [s].[StartTime] <= @__now_0 AND [s].[EndTime] > @__now_0
2026-05-20 16:08:52.910 +07:00 [INF] Executed DbCommand (3ms) [Parameters=[@__now_0='?' (DbType = DateTime2)], CommandType='"Text"', CommandTimeout='30']
SELECT [s].[ShowtimeID], [s].[EndTime], [s].[MovieID], [s].[RoomID], [s].[ShowtimeCode], [s].[StartTime], [s].[Status]
FROM [Showtimes] AS [s]
WHERE [s].[Status] IN (N'Đã lên lịch', N'Đang mở bán', N'Đang chiếu', N'Sap chieu', N'Dang dien ra') AND [s].[EndTime] <= @__now_0
2026-05-20 16:09:52.929 +07:00 [INF] Executed DbCommand (6ms) [Parameters=[], CommandType='"Text"', CommandTimeout='30']
SELECT [o].[OrderID], [o].[FinalAmount], [o].[HoldExpiryTime], [o].[OrderCode], [o].[PayOSTransID], [o].[PromoID], [o].[QrCode], [o].[ShowtimeID], [o].[Status], [o].[TotalAmount], [o].[UserID]
FROM [Orders] AS [o]
WHERE [o].[Status] = N'Chờ thanh toán' AND [o].[HoldExpiryTime] <= GETDATE()
2026-05-20 16:09:52.937 +07:00 [INF] Executed DbCommand (5ms) [Parameters=[@__maxSellingDate_0='?' (DbType = DateTime2), @__now_1='?' (DbType = DateTime2)], CommandType='"Text"', CommandTimeout='30']
SELECT [s].[ShowtimeID], [s].[EndTime], [s].[MovieID], [s].[RoomID], [s].[ShowtimeCode], [s].[StartTime], [s].[Status]
FROM [Showtimes] AS [s]
WHERE [s].[Status] IN (N'Đã lên lịch', N'Sap chieu') AND CONVERT(date, [s].[StartTime]) <= @__maxSellingDate_0 AND [s].[StartTime] > @__now_1
2026-05-20 16:09:52.941 +07:00 [INF] Executed DbCommand (3ms) [Parameters=[@__now_0='?' (DbType = DateTime2)], CommandType='"Text"', CommandTimeout='30']
SELECT [s].[ShowtimeID], [s].[EndTime], [s].[MovieID], [s].[RoomID], [s].[ShowtimeCode], [s].[StartTime], [s].[Status]
FROM [Showtimes] AS [s]
WHERE [s].[Status] IN (N'Đã lên lịch', N'Đang mở bán', N'Sap chieu') AND [s].[StartTime] <= @__now_0 AND [s].[EndTime] > @__now_0
2026-05-20 16:09:52.945 +07:00 [INF] Executed DbCommand (3ms) [Parameters=[@__now_0='?' (DbType = DateTime2)], CommandType='"Text"', CommandTimeout='30']
SELECT [s].[ShowtimeID], [s].[EndTime], [s].[MovieID], [s].[RoomID], [s].[ShowtimeCode], [s].[StartTime], [s].[Status]
FROM [Showtimes] AS [s]
WHERE [s].[Status] IN (N'Đã lên lịch', N'Đang mở bán', N'Đang chiếu', N'Sap chieu', N'Dang dien ra') AND [s].[EndTime] <= @__now_0
2026-05-20 16:10:52.965 +07:00 [INF] Executed DbCommand (5ms) [Parameters=[], CommandType='"Text"', CommandTimeout='30']
SELECT [o].[OrderID], [o].[FinalAmount], [o].[HoldExpiryTime], [o].[OrderCode], [o].[PayOSTransID], [o].[PromoID], [o].[QrCode], [o].[ShowtimeID], [o].[Status], [o].[TotalAmount], [o].[UserID]
FROM [Orders] AS [o]
WHERE [o].[Status] = N'Chờ thanh toán' AND [o].[HoldExpiryTime] <= GETDATE()
2026-05-20 16:10:52.972 +07:00 [INF] Executed DbCommand (5ms) [Parameters=[@__maxSellingDate_0='?' (DbType = DateTime2), @__now_1='?' (DbType = DateTime2)], CommandType='"Text"', CommandTimeout='30']
SELECT [s].[ShowtimeID], [s].[EndTime], [s].[MovieID], [s].[RoomID], [s].[ShowtimeCode], [s].[StartTime], [s].[Status]
FROM [Showtimes] AS [s]
WHERE [s].[Status] IN (N'Đã lên lịch', N'Sap chieu') AND CONVERT(date, [s].[StartTime]) <= @__maxSellingDate_0 AND [s].[StartTime] > @__now_1
2026-05-20 16:10:52.976 +07:00 [INF] Executed DbCommand (3ms) [Parameters=[@__now_0='?' (DbType = DateTime2)], CommandType='"Text"', CommandTimeout='30']
SELECT [s].[ShowtimeID], [s].[EndTime], [s].[MovieID], [s].[RoomID], [s].[ShowtimeCode], [s].[StartTime], [s].[Status]
FROM [Showtimes] AS [s]
WHERE [s].[Status] IN (N'Đã lên lịch', N'Đang mở bán', N'Sap chieu') AND [s].[StartTime] <= @__now_0 AND [s].[EndTime] > @__now_0
2026-05-20 16:10:52.980 +07:00 [INF] Executed DbCommand (3ms) [Parameters=[@__now_0='?' (DbType = DateTime2)], CommandType='"Text"', CommandTimeout='30']
SELECT [s].[ShowtimeID], [s].[EndTime], [s].[MovieID], [s].[RoomID], [s].[ShowtimeCode], [s].[StartTime], [s].[Status]
FROM [Showtimes] AS [s]
WHERE [s].[Status] IN (N'Đã lên lịch', N'Đang mở bán', N'Đang chiếu', N'Sap chieu', N'Dang dien ra') AND [s].[EndTime] <= @__now_0
2026-05-20 16:11:52.989 +07:00 [INF] Executed DbCommand (3ms) [Parameters=[], CommandType='"Text"', CommandTimeout='30']
SELECT [o].[OrderID], [o].[FinalAmount], [o].[HoldExpiryTime], [o].[OrderCode], [o].[PayOSTransID], [o].[PromoID], [o].[QrCode], [o].[ShowtimeID], [o].[Status], [o].[TotalAmount], [o].[UserID]
FROM [Orders] AS [o]
WHERE [o].[Status] = N'Chờ thanh toán' AND [o].[HoldExpiryTime] <= GETDATE()
2026-05-20 16:11:52.993 +07:00 [INF] Executed DbCommand (3ms) [Parameters=[@__maxSellingDate_0='?' (DbType = DateTime2), @__now_1='?' (DbType = DateTime2)], CommandType='"Text"', CommandTimeout='30']
SELECT [s].[ShowtimeID], [s].[EndTime], [s].[MovieID], [s].[RoomID], [s].[ShowtimeCode], [s].[StartTime], [s].[Status]
FROM [Showtimes] AS [s]
WHERE [s].[Status] IN (N'Đã lên lịch', N'Sap chieu') AND CONVERT(date, [s].[StartTime]) <= @__maxSellingDate_0 AND [s].[StartTime] > @__now_1
2026-05-20 16:11:52.996 +07:00 [INF] Executed DbCommand (2ms) [Parameters=[@__now_0='?' (DbType = DateTime2)], CommandType='"Text"', CommandTimeout='30']
SELECT [s].[ShowtimeID], [s].[EndTime], [s].[MovieID], [s].[RoomID], [s].[ShowtimeCode], [s].[StartTime], [s].[Status]
FROM [Showtimes] AS [s]
WHERE [s].[Status] IN (N'Đã lên lịch', N'Đang mở bán', N'Sap chieu') AND [s].[StartTime] <= @__now_0 AND [s].[EndTime] > @__now_0
2026-05-20 16:11:52.998 +07:00 [INF] Executed DbCommand (2ms) [Parameters=[@__now_0='?' (DbType = DateTime2)], CommandType='"Text"', CommandTimeout='30']
SELECT [s].[ShowtimeID], [s].[EndTime], [s].[MovieID], [s].[RoomID], [s].[ShowtimeCode], [s].[StartTime], [s].[Status]
FROM [Showtimes] AS [s]
WHERE [s].[Status] IN (N'Đã lên lịch', N'Đang mở bán', N'Đang chiếu', N'Sap chieu', N'Dang dien ra') AND [s].[EndTime] <= @__now_0
2026-05-20 16:12:53.014 +07:00 [INF] Executed DbCommand (2ms) [Parameters=[], CommandType='"Text"', CommandTimeout='30']
SELECT [o].[OrderID], [o].[FinalAmount], [o].[HoldExpiryTime], [o].[OrderCode], [o].[PayOSTransID], [o].[PromoID], [o].[QrCode], [o].[ShowtimeID], [o].[Status], [o].[TotalAmount], [o].[UserID]
FROM [Orders] AS [o]
WHERE [o].[Status] = N'Chờ thanh toán' AND [o].[HoldExpiryTime] <= GETDATE()
2026-05-20 16:12:53.019 +07:00 [INF] Executed DbCommand (4ms) [Parameters=[@__maxSellingDate_0='?' (DbType = DateTime2), @__now_1='?' (DbType = DateTime2)], CommandType='"Text"', CommandTimeout='30']
SELECT [s].[ShowtimeID], [s].[EndTime], [s].[MovieID], [s].[RoomID], [s].[ShowtimeCode], [s].[StartTime], [s].[Status]
FROM [Showtimes] AS [s]
WHERE [s].[Status] IN (N'Đã lên lịch', N'Sap chieu') AND CONVERT(date, [s].[StartTime]) <= @__maxSellingDate_0 AND [s].[StartTime] > @__now_1
2026-05-20 16:12:53.022 +07:00 [INF] Executed DbCommand (2ms) [Parameters=[@__now_0='?' (DbType = DateTime2)], CommandType='"Text"', CommandTimeout='30']
SELECT [s].[ShowtimeID], [s].[EndTime], [s].[MovieID], [s].[RoomID], [s].[ShowtimeCode], [s].[StartTime], [s].[Status]
FROM [Showtimes] AS [s]
WHERE [s].[Status] IN (N'Đã lên lịch', N'Đang mở bán', N'Sap chieu') AND [s].[StartTime] <= @__now_0 AND [s].[EndTime] > @__now_0
2026-05-20 16:12:53.024 +07:00 [INF] Executed DbCommand (2ms) [Parameters=[@__now_0='?' (DbType = DateTime2)], CommandType='"Text"', CommandTimeout='30']
SELECT [s].[ShowtimeID], [s].[EndTime], [s].[MovieID], [s].[RoomID], [s].[ShowtimeCode], [s].[StartTime], [s].[Status]
FROM [Showtimes] AS [s]
WHERE [s].[Status] IN (N'Đã lên lịch', N'Đang mở bán', N'Đang chiếu', N'Sap chieu', N'Dang dien ra') AND [s].[EndTime] <= @__now_0
2026-05-20 16:13:53.036 +07:00 [INF] Executed DbCommand (4ms) [Parameters=[], CommandType='"Text"', CommandTimeout='30']
SELECT [o].[OrderID], [o].[FinalAmount], [o].[HoldExpiryTime], [o].[OrderCode], [o].[PayOSTransID], [o].[PromoID], [o].[QrCode], [o].[ShowtimeID], [o].[Status], [o].[TotalAmount], [o].[UserID]
FROM [Orders] AS [o]
WHERE [o].[Status] = N'Chờ thanh toán' AND [o].[HoldExpiryTime] <= GETDATE()
2026-05-20 16:13:53.042 +07:00 [INF] Executed DbCommand (5ms) [Parameters=[@__maxSellingDate_0='?' (DbType = DateTime2), @__now_1='?' (DbType = DateTime2)], CommandType='"Text"', CommandTimeout='30']
SELECT [s].[ShowtimeID], [s].[EndTime], [s].[MovieID], [s].[RoomID], [s].[ShowtimeCode], [s].[StartTime], [s].[Status]
FROM [Showtimes] AS [s]
WHERE [s].[Status] IN (N'Đã lên lịch', N'Sap chieu') AND CONVERT(date, [s].[StartTime]) <= @__maxSellingDate_0 AND [s].[StartTime] > @__now_1
2026-05-20 16:13:53.044 +07:00 [INF] Executed DbCommand (2ms) [Parameters=[@__now_0='?' (DbType = DateTime2)], CommandType='"Text"', CommandTimeout='30']
SELECT [s].[ShowtimeID], [s].[EndTime], [s].[MovieID], [s].[RoomID], [s].[ShowtimeCode], [s].[StartTime], [s].[Status]
FROM [Showtimes] AS [s]
WHERE [s].[Status] IN (N'Đã lên lịch', N'Đang mở bán', N'Sap chieu') AND [s].[StartTime] <= @__now_0 AND [s].[EndTime] > @__now_0
2026-05-20 16:13:53.047 +07:00 [INF] Executed DbCommand (2ms) [Parameters=[@__now_0='?' (DbType = DateTime2)], CommandType='"Text"', CommandTimeout='30']
SELECT [s].[ShowtimeID], [s].[EndTime], [s].[MovieID], [s].[RoomID], [s].[ShowtimeCode], [s].[StartTime], [s].[Status]
FROM [Showtimes] AS [s]
WHERE [s].[Status] IN (N'Đã lên lịch', N'Đang mở bán', N'Đang chiếu', N'Sap chieu', N'Dang dien ra') AND [s].[EndTime] <= @__now_0
2026-05-20 16:14:53.064 +07:00 [INF] Executed DbCommand (3ms) [Parameters=[], CommandType='"Text"', CommandTimeout='30']
SELECT [o].[OrderID], [o].[FinalAmount], [o].[HoldExpiryTime], [o].[OrderCode], [o].[PayOSTransID], [o].[PromoID], [o].[QrCode], [o].[ShowtimeID], [o].[Status], [o].[TotalAmount], [o].[UserID]
FROM [Orders] AS [o]
WHERE [o].[Status] = N'Chờ thanh toán' AND [o].[HoldExpiryTime] <= GETDATE()
2026-05-20 16:14:53.070 +07:00 [INF] Executed DbCommand (5ms) [Parameters=[@__maxSellingDate_0='?' (DbType = DateTime2), @__now_1='?' (DbType = DateTime2)], CommandType='"Text"', CommandTimeout='30']
SELECT [s].[ShowtimeID], [s].[EndTime], [s].[MovieID], [s].[RoomID], [s].[ShowtimeCode], [s].[StartTime], [s].[Status]
FROM [Showtimes] AS [s]
WHERE [s].[Status] IN (N'Đã lên lịch', N'Sap chieu') AND CONVERT(date, [s].[StartTime]) <= @__maxSellingDate_0 AND [s].[StartTime] > @__now_1
2026-05-20 16:14:53.074 +07:00 [INF] Executed DbCommand (3ms) [Parameters=[@__now_0='?' (DbType = DateTime2)], CommandType='"Text"', CommandTimeout='30']
SELECT [s].[ShowtimeID], [s].[EndTime], [s].[MovieID], [s].[RoomID], [s].[ShowtimeCode], [s].[StartTime], [s].[Status]
FROM [Showtimes] AS [s]
WHERE [s].[Status] IN (N'Đã lên lịch', N'Đang mở bán', N'Sap chieu') AND [s].[StartTime] <= @__now_0 AND [s].[EndTime] > @__now_0
2026-05-20 16:14:53.077 +07:00 [INF] Executed DbCommand (3ms) [Parameters=[@__now_0='?' (DbType = DateTime2)], CommandType='"Text"', CommandTimeout='30']
SELECT [s].[ShowtimeID], [s].[EndTime], [s].[MovieID], [s].[RoomID], [s].[ShowtimeCode], [s].[StartTime], [s].[Status]
FROM [Showtimes] AS [s]
WHERE [s].[Status] IN (N'Đã lên lịch', N'Đang mở bán', N'Đang chiếu', N'Sap chieu', N'Dang dien ra') AND [s].[EndTime] <= @__now_0
2026-05-20 16:15:37.500 +07:00 [INF] Request starting HTTP/1.1 GET http://localhost:5231/Admin/Rooms - null null
2026-05-20 16:15:37.501 +07:00 [INF] Executing endpoint 'AuraCinema.Web.Areas.Admin.Controllers.RoomsController.Index (AuraCinema.Web)'
2026-05-20 16:15:37.505 +07:00 [INF] Route matched with {area = "Admin", action = "Index", controller = "Rooms"}. Executing controller action with signature System.Threading.Tasks.Task`1[Microsoft.AspNetCore.Mvc.IActionResult] Index() on controller AuraCinema.Web.Areas.Admin.Controllers.RoomsController (AuraCinema.Web).
2026-05-20 16:15:37.514 +07:00 [INF] Executed DbCommand (2ms) [Parameters=[], CommandType='"Text"', CommandTimeout='30']
SELECT [r].[RoomID], [r].[Capacity], [r].[RoomCode], [r].[RoomName], [r].[Status]
FROM [Rooms] AS [r]
ORDER BY [r].[RoomID] DESC
2026-05-20 16:15:37.528 +07:00 [INF] Executing ViewResult, running view Index.
2026-05-20 16:15:37.539 +07:00 [INF] Executed ViewResult - view Index executed in 11.7752ms.
2026-05-20 16:15:37.539 +07:00 [INF] Executed action AuraCinema.Web.Areas.Admin.Controllers.RoomsController.Index (AuraCinema.Web) in 34.0015ms
2026-05-20 16:15:37.539 +07:00 [INF] Executed endpoint 'AuraCinema.Web.Areas.Admin.Controllers.RoomsController.Index (AuraCinema.Web)'
2026-05-20 16:15:37.539 +07:00 [INF] Request finished HTTP/1.1 GET http://localhost:5231/Admin/Rooms - 200 null text/html; charset=utf-8 39.5653ms
2026-05-20 16:15:39.309 +07:00 [INF] Request starting HTTP/1.1 GET http://localhost:5231/Admin/Rooms/Create - null null
2026-05-20 16:15:39.310 +07:00 [INF] Executing endpoint 'AuraCinema.Web.Areas.Admin.Controllers.RoomsController.Create (AuraCinema.Web)'
2026-05-20 16:15:39.312 +07:00 [INF] Route matched with {area = "Admin", action = "Create", controller = "Rooms"}. Executing controller action with signature Microsoft.AspNetCore.Mvc.IActionResult Create() on controller AuraCinema.Web.Areas.Admin.Controllers.RoomsController (AuraCinema.Web).
2026-05-20 16:15:39.315 +07:00 [INF] Executing ViewResult, running view Create.
2026-05-20 16:15:39.355 +07:00 [INF] Executed ViewResult - view Create executed in 40.9502ms.
2026-05-20 16:15:39.355 +07:00 [INF] Executed action AuraCinema.Web.Areas.Admin.Controllers.RoomsController.Create (AuraCinema.Web) in 43.599ms
2026-05-20 16:15:39.355 +07:00 [INF] Executed endpoint 'AuraCinema.Web.Areas.Admin.Controllers.RoomsController.Create (AuraCinema.Web)'
2026-05-20 16:15:39.356 +07:00 [INF] Request finished HTTP/1.1 GET http://localhost:5231/Admin/Rooms/Create - 200 null text/html; charset=utf-8 46.8417ms
2026-05-20 16:15:51.303 +07:00 [INF] Request starting HTTP/1.1 POST http://localhost:5231/Admin/Rooms/Create - application/x-www-form-urlencoded 313
2026-05-20 16:15:51.305 +07:00 [INF] Executing endpoint 'AuraCinema.Web.Areas.Admin.Controllers.RoomsController.Create (AuraCinema.Web)'
2026-05-20 16:15:51.312 +07:00 [INF] Route matched with {area = "Admin", action = "Create", controller = "Rooms"}. Executing controller action with signature System.Threading.Tasks.Task`1[Microsoft.AspNetCore.Mvc.IActionResult] Create(AuraCinema.Web.Areas.Admin.ViewModels.RoomFormViewModel) on controller AuraCinema.Web.Areas.Admin.Controllers.RoomsController (AuraCinema.Web).
2026-05-20 16:15:51.374 +07:00 [INF] Executed DbCommand (17ms) [Parameters=[@p0='?' (DbType = Int32), @p1='?' (Size = 4000), @p2='?' (Size = 50), @p3='?' (Size = 50)], CommandType='"Text"', CommandTimeout='30']
SET IMPLICIT_TRANSACTIONS OFF;
SET NOCOUNT ON;
INSERT INTO [Rooms] ([Capacity], [RoomCode], [RoomName], [Status])
OUTPUT INSERTED.[RoomID]
VALUES (@p0, @p1, @p2, @p3);
2026-05-20 16:15:51.481 +07:00 [INF] Executed DbCommand (60ms) [Parameters=[@p0='?' (DbType = Int32), @p1='?' (Size = 2), @p2='?' (Size = 4000), @p3='?' (DbType = Int32), @p4='?' (Size = 20), @p5='?' (DbType = Int32), @p6='?' (Size = 2), @p7='?' (Size = 4000), @p8='?' (DbType = Int32), @p9='?' (Size = 20), @p10='?' (DbType = Int32), @p11='?' (Size = 2), @p12='?' (Size = 4000), @p13='?' (DbType = Int32), @p14='?' (Size = 20), @p15='?' (DbType = Int32), @p16='?' (Size = 2), @p17='?' (Size = 4000), @p18='?' (DbType = Int32), @p19='?' (Size = 20), @p20='?' (DbType = Int32), @p21='?' (Size = 2), @p22='?' (Size = 4000), @p23='?' (DbType = Int32), @p24='?' (Size = 20), @p25='?' (DbType = Int32), @p26='?' (Size = 2), @p27='?' (Size = 4000), @p28='?' (DbType = Int32), @p29='?' (Size = 20), @p30='?' (DbType = Int32), @p31='?' (Size = 2), @p32='?' (Size = 4000), @p33='?' (DbType = Int32), @p34='?' (Size = 20), @p35='?' (DbType = Int32), @p36='?' (Size = 2), @p37='?' (Size = 4000), @p38='?' (DbType = Int32), @p39='?' (Size = 20), @p40='?' (DbType = Int32), @p41='?' (Size = 2), @p42='?' (Size = 4000), @p43='?' (DbType = Int32), @p44='?' (Size = 20), @p45='?' (DbType = Int32), @p46='?' (Size = 2), @p47='?' (Size = 4000), @p48='?' (DbType = Int32), @p49='?' (Size = 20), @p50='?' (DbType = Int32), @p51='?' (Size = 2), @p52='?' (Size = 4000), @p53='?' (DbType = Int32), @p54='?' (Size = 20), @p55='?' (DbType = Int32), @p56='?' (Size = 2), @p57='?' (Size = 4000), @p58='?' (DbType = Int32), @p59='?' (Size = 20), @p60='?' (DbType = Int32), @p61='?' (Size = 2), @p62='?' (Size = 4000), @p63='?' (DbType = Int32), @p64='?' (Size = 20), @p65='?' (DbType = Int32), @p66='?' (Size = 2), @p67='?' (Size = 4000), @p68='?' (DbType = Int32), @p69='?' (Size = 20), @p70='?' (DbType = Int32), @p71='?' (Size = 2), @p72='?' (Size = 4000), @p73='?' (DbType = Int32), @p74='?' (Size = 20), @p75='?' (DbType = Int32), @p76='?' (Size = 2), @p77='?' (Size = 4000), @p78='?' (DbType = Int32), @p79='?' (Size = 20), @p80='?' (DbType = Int32), @p81='?' (Size = 2), @p82='?' (Size = 4000), @p83='?' (DbType = Int32), @p84='?' (Size = 20), @p85='?' (DbType = Int32), @p86='?' (Size = 2), @p87='?' (Size = 4000), @p88='?' (DbType = Int32), @p89='?' (Size = 20), @p90='?' (DbType = Int32), @p91='?' (Size = 2), @p92='?' (Size = 4000), @p93='?' (DbType = Int32), @p94='?' (Size = 20), @p95='?' (DbType = Int32), @p96='?' (Size = 2), @p97='?' (Size = 4000), @p98='?' (DbType = Int32), @p99='?' (Size = 20), @p100='?' (DbType = Int32), @p101='?' (Size = 2), @p102='?' (Size = 4000), @p103='?' (DbType = Int32), @p104='?' (Size = 20), @p105='?' (DbType = Int32), @p106='?' (Size = 2), @p107='?' (Size = 4000), @p108='?' (DbType = Int32), @p109='?' (Size = 20), @p110='?' (DbType = Int32), @p111='?' (Size = 2), @p112='?' (Size = 4000), @p113='?' (DbType = Int32), @p114='?' (Size = 20), @p115='?' (DbType = Int32), @p116='?' (Size = 2), @p117='?' (Size = 4000), @p118='?' (DbType = Int32), @p119='?' (Size = 20), @p120='?' (DbType = Int32), @p121='?' (Size = 2), @p122='?' (Size = 4000), @p123='?' (DbType = Int32), @p124='?' (Size = 20), @p125='?' (DbType = Int32), @p126='?' (Size = 2), @p127='?' (Size = 4000), @p128='?' (DbType = Int32), @p129='?' (Size = 20), @p130='?' (DbType = Int32), @p131='?' (Size = 2), @p132='?' (Size = 4000), @p133='?' (DbType = Int32), @p134='?' (Size = 20), @p135='?' (DbType = Int32), @p136='?' (Size = 2), @p137='?' (Size = 4000), @p138='?' (DbType = Int32), @p139='?' (Size = 20), @p140='?' (DbType = Int32), @p141='?' (Size = 2), @p142='?' (Size = 4000), @p143='?' (DbType = Int32), @p144='?' (Size = 20), @p145='?' (DbType = Int32), @p146='?' (Size = 2), @p147='?' (Size = 4000), @p148='?' (DbType = Int32), @p149='?' (Size = 20), @p150='?' (DbType = Int32), @p151='?' (Size = 2), @p152='?' (Size = 4000), @p153='?' (DbType = Int32), @p154='?' (Size = 20), @p155='?' (DbType = Int32), @p156='?' (Size = 2), @p157='?' (Size = 4000), @p158='?' (DbType = Int32), @p159='?' (Size = 20), @p160='?' (DbType = Int32), @p161='?' (Size = 2), @p162='?' (Size = 4000), @p163='?' (DbType = Int32), @p164='?' (Size = 20), @p165='?' (DbType = Int32), @p166='?' (Size = 2), @p167='?' (Size = 4000), @p168='?' (DbType = Int32), @p169='?' (Size = 20), @p170='?' (DbType = Int32), @p171='?' (Size = 2), @p172='?' (Size = 4000), @p173='?' (DbType = Int32), @p174='?' (Size = 20), @p175='?' (DbType = Int32), @p176='?' (Size = 2), @p177='?' (Size = 4000), @p178='?' (DbType = Int32), @p179='?' (Size = 20), @p180='?' (DbType = Int32), @p181='?' (Size = 2), @p182='?' (Size = 4000), @p183='?' (DbType = Int32), @p184='?' (Size = 20), @p185='?' (DbType = Int32), @p186='?' (Size = 2), @p187='?' (Size = 4000), @p188='?' (DbType = Int32), @p189='?' (Size = 20), @p190='?' (DbType = Int32), @p191='?' (Size = 2), @p192='?' (Size = 4000), @p193='?' (DbType = Int32), @p194='?' (Size = 20), @p195='?' (DbType = Int32), @p196='?' (Size = 2), @p197='?' (Size = 4000), @p198='?' (DbType = Int32), @p199='?' (Size = 20), @p200='?' (DbType = Int32), @p201='?' (Size = 2), @p202='?' (Size = 4000), @p203='?' (DbType = Int32), @p204='?' (Size = 20), @p205='?' (DbType = Int32), @p206='?' (Size = 2), @p207='?' (Size = 4000), @p208='?' (DbType = Int32), @p209='?' (Size = 20)], CommandType='"Text"', CommandTimeout='30']
SET IMPLICIT_TRANSACTIONS OFF;
SET NOCOUNT ON;
MERGE [Seats] USING (
VALUES (@p0, @p1, @p2, @p3, @p4, 0),
(@p5, @p6, @p7, @p8, @p9, 1),
(@p10, @p11, @p12, @p13, @p14, 2),
(@p15, @p16, @p17, @p18, @p19, 3),
(@p20, @p21, @p22, @p23, @p24, 4),
(@p25, @p26, @p27, @p28, @p29, 5),
(@p30, @p31, @p32, @p33, @p34, 6),
(@p35, @p36, @p37, @p38, @p39, 7),
(@p40, @p41, @p42, @p43, @p44, 8),
(@p45, @p46, @p47, @p48, @p49, 9),
(@p50, @p51, @p52, @p53, @p54, 10),
(@p55, @p56, @p57, @p58, @p59, 11),
(@p60, @p61, @p62, @p63, @p64, 12),
(@p65, @p66, @p67, @p68, @p69, 13),
(@p70, @p71, @p72, @p73, @p74, 14),
(@p75, @p76, @p77, @p78, @p79, 15),
(@p80, @p81, @p82, @p83, @p84, 16),
(@p85, @p86, @p87, @p88, @p89, 17),
(@p90, @p91, @p92, @p93, @p94, 18),
(@p95, @p96, @p97, @p98, @p99, 19),
(@p100, @p101, @p102, @p103, @p104, 20),
(@p105, @p106, @p107, @p108, @p109, 21),
(@p110, @p111, @p112, @p113, @p114, 22),
(@p115, @p116, @p117, @p118, @p119, 23),
(@p120, @p121, @p122, @p123, @p124, 24),
(@p125, @p126, @p127, @p128, @p129, 25),
(@p130, @p131, @p132, @p133, @p134, 26),
(@p135, @p136, @p137, @p138, @p139, 27),
(@p140, @p141, @p142, @p143, @p144, 28),
(@p145, @p146, @p147, @p148, @p149, 29),
(@p150, @p151, @p152, @p153, @p154, 30),
(@p155, @p156, @p157, @p158, @p159, 31),
(@p160, @p161, @p162, @p163, @p164, 32),
(@p165, @p166, @p167, @p168, @p169, 33),
(@p170, @p171, @p172, @p173, @p174, 34),
(@p175, @p176, @p177, @p178, @p179, 35),
(@p180, @p181, @p182, @p183, @p184, 36),
(@p185, @p186, @p187, @p188, @p189, 37),
(@p190, @p191, @p192, @p193, @p194, 38),
(@p195, @p196, @p197, @p198, @p199, 39),
(@p200, @p201, @p202, @p203, @p204, 40),
(@p205, @p206, @p207, @p208, @p209, 41)) AS i ([RoomID], [RowLabel], [SeatCode], [SeatNumber], [SeatType], _Position) ON 1=0
WHEN NOT MATCHED THEN
INSERT ([RoomID], [RowLabel], [SeatCode], [SeatNumber], [SeatType])
VALUES (i.[RoomID], i.[RowLabel], i.[SeatCode], i.[SeatNumber], i.[SeatType])
OUTPUT INSERTED.[SeatID], i._Position;
2026-05-20 16:15:51.495 +07:00 [INF] Executed DbCommand (7ms) [Parameters=[@p0='?' (DbType = Int32), @p1='?' (Size = 2), @p2='?' (Size = 4000), @p3='?' (DbType = Int32), @p4='?' (Size = 20), @p5='?' (DbType = Int32), @p6='?' (Size = 2), @p7='?' (Size = 4000), @p8='?' (DbType = Int32), @p9='?' (Size = 20), @p10='?' (DbType = Int32), @p11='?' (Size = 2), @p12='?' (Size = 4000), @p13='?' (DbType = Int32), @p14='?' (Size = 20), @p15='?' (DbType = Int32), @p16='?' (Size = 2), @p17='?' (Size = 4000), @p18='?' (DbType = Int32), @p19='?' (Size = 20), @p20='?' (DbType = Int32), @p21='?' (Size = 2), @p22='?' (Size = 4000), @p23='?' (DbType = Int32), @p24='?' (Size = 20), @p25='?' (DbType = Int32), @p26='?' (Size = 2), @p27='?' (Size = 4000), @p28='?' (DbType = Int32), @p29='?' (Size = 20), @p30='?' (DbType = Int32), @p31='?' (Size = 2), @p32='?' (Size = 4000), @p33='?' (DbType = Int32), @p34='?' (Size = 20), @p35='?' (DbType = Int32), @p36='?' (Size = 2), @p37='?' (Size = 4000), @p38='?' (DbType = Int32), @p39='?' (Size = 20)], CommandType='"Text"', CommandTimeout='30']
SET IMPLICIT_TRANSACTIONS OFF;
SET NOCOUNT ON;
MERGE [Seats] USING (
VALUES (@p0, @p1, @p2, @p3, @p4, 0),
(@p5, @p6, @p7, @p8, @p9, 1),
(@p10, @p11, @p12, @p13, @p14, 2),
(@p15, @p16, @p17, @p18, @p19, 3),
(@p20, @p21, @p22, @p23, @p24, 4),
(@p25, @p26, @p27, @p28, @p29, 5),
(@p30, @p31, @p32, @p33, @p34, 6),
(@p35, @p36, @p37, @p38, @p39, 7)) AS i ([RoomID], [RowLabel], [SeatCode], [SeatNumber], [SeatType], _Position) ON 1=0
WHEN NOT MATCHED THEN
INSERT ([RoomID], [RowLabel], [SeatCode], [SeatNumber], [SeatType])
VALUES (i.[RoomID], i.[RowLabel], i.[SeatCode], i.[SeatNumber], i.[SeatType])
OUTPUT INSERTED.[SeatID], i._Position;
2026-05-20 16:15:51.508 +07:00 [INF] Executing RedirectResult, redirecting to /Admin/Rooms.
2026-05-20 16:15:51.509 +07:00 [INF] Executed action AuraCinema.Web.Areas.Admin.Controllers.RoomsController.Create (AuraCinema.Web) in 196.3634ms
2026-05-20 16:15:51.509 +07:00 [INF] Executed endpoint 'AuraCinema.Web.Areas.Admin.Controllers.RoomsController.Create (AuraCinema.Web)'
2026-05-20 16:15:51.509 +07:00 [INF] Request finished HTTP/1.1 POST http://localhost:5231/Admin/Rooms/Create - 302 0 null 206.0037ms
2026-05-20 16:15:51.513 +07:00 [INF] Request starting HTTP/1.1 GET http://localhost:5231/Admin/Rooms - null null
2026-05-20 16:15:51.513 +07:00 [INF] Executing endpoint 'AuraCinema.Web.Areas.Admin.Controllers.RoomsController.Index (AuraCinema.Web)'
2026-05-20 16:15:51.513 +07:00 [INF] Route matched with {area = "Admin", action = "Index", controller = "Rooms"}. Executing controller action with signature System.Threading.Tasks.Task`1[Microsoft.AspNetCore.Mvc.IActionResult] Index() on controller AuraCinema.Web.Areas.Admin.Controllers.RoomsController (AuraCinema.Web).
2026-05-20 16:15:51.515 +07:00 [INF] Executed DbCommand (1ms) [Parameters=[], CommandType='"Text"', CommandTimeout='30']
SELECT [r].[RoomID], [r].[Capacity], [r].[RoomCode], [r].[RoomName], [r].[Status]
FROM [Rooms] AS [r]
ORDER BY [r].[RoomID] DESC
2026-05-20 16:15:51.516 +07:00 [INF] Executing ViewResult, running view Index.
2026-05-20 16:15:51.518 +07:00 [INF] Executed ViewResult - view Index executed in 2.2921ms.
2026-05-20 16:15:51.518 +07:00 [INF] Executed action AuraCinema.Web.Areas.Admin.Controllers.RoomsController.Index (AuraCinema.Web) in 4.9164ms
2026-05-20 16:15:51.518 +07:00 [INF] Executed endpoint 'AuraCinema.Web.Areas.Admin.Controllers.RoomsController.Index (AuraCinema.Web)'
2026-05-20 16:15:51.518 +07:00 [INF] Request finished HTTP/1.1 GET http://localhost:5231/Admin/Rooms - 200 null text/html; charset=utf-8 5.841ms
2026-05-20 16:15:53.096 +07:00 [INF] Executed DbCommand (4ms) [Parameters=[], CommandType='"Text"', CommandTimeout='30']
SELECT [o].[OrderID], [o].[FinalAmount], [o].[HoldExpiryTime], [o].[OrderCode], [o].[PayOSTransID], [o].[PromoID], [o].[QrCode], [o].[ShowtimeID], [o].[Status], [o].[TotalAmount], [o].[UserID]
FROM [Orders] AS [o]
WHERE [o].[Status] = N'Chờ thanh toán' AND [o].[HoldExpiryTime] <= GETDATE()
2026-05-20 16:15:53.099 +07:00 [INF] Executed DbCommand (2ms) [Parameters=[@__maxSellingDate_0='?' (DbType = DateTime2), @__now_1='?' (DbType = DateTime2)], CommandType='"Text"', CommandTimeout='30']
SELECT [s].[ShowtimeID], [s].[EndTime], [s].[MovieID], [s].[RoomID], [s].[ShowtimeCode], [s].[StartTime], [s].[Status]
FROM [Showtimes] AS [s]
WHERE [s].[Status] IN (N'Đã lên lịch', N'Sap chieu') AND CONVERT(date, [s].[StartTime]) <= @__maxSellingDate_0 AND [s].[StartTime] > @__now_1
2026-05-20 16:15:53.104 +07:00 [INF] Executed DbCommand (4ms) [Parameters=[@__now_0='?' (DbType = DateTime2)], CommandType='"Text"', CommandTimeout='30']
SELECT [s].[ShowtimeID], [s].[EndTime], [s].[MovieID], [s].[RoomID], [s].[ShowtimeCode], [s].[StartTime], [s].[Status]
FROM [Showtimes] AS [s]
WHERE [s].[Status] IN (N'Đã lên lịch', N'Đang mở bán', N'Sap chieu') AND [s].[StartTime] <= @__now_0 AND [s].[EndTime] > @__now_0
2026-05-20 16:15:53.107 +07:00 [INF] Executed DbCommand (3ms) [Parameters=[@__now_0='?' (DbType = DateTime2)], CommandType='"Text"', CommandTimeout='30']
SELECT [s].[ShowtimeID], [s].[EndTime], [s].[MovieID], [s].[RoomID], [s].[ShowtimeCode], [s].[StartTime], [s].[Status]
FROM [Showtimes] AS [s]
WHERE [s].[Status] IN (N'Đã lên lịch', N'Đang mở bán', N'Đang chiếu', N'Sap chieu', N'Dang dien ra') AND [s].[EndTime] <= @__now_0
2026-05-20 16:15:56.974 +07:00 [INF] Request starting HTTP/1.1 GET http://localhost:5231/Admin/Seats/Room/9 - null null
2026-05-20 16:15:56.975 +07:00 [INF] Executing endpoint 'AuraCinema.Web.Areas.Admin.Controllers.SeatsController.Room (AuraCinema.Web)'
2026-05-20 16:15:56.979 +07:00 [INF] Route matched with {area = "Admin", action = "Room", controller = "Seats"}. Executing controller action with signature System.Threading.Tasks.Task`1[Microsoft.AspNetCore.Mvc.IActionResult] Room(Int32) on controller AuraCinema.Web.Areas.Admin.Controllers.SeatsController (AuraCinema.Web).
2026-05-20 16:15:57.006 +07:00 [INF] Executed DbCommand (5ms) [Parameters=[@__id_0='?' (DbType = Int32)], CommandType='"Text"', CommandTimeout='30']
SELECT [t].[RoomID], [t].[Capacity], [t].[RoomCode], [t].[RoomName], [t].[Status], [s].[SeatID], [s].[RoomID], [s].[RowLabel], [s].[SeatCode], [s].[SeatNumber], [s].[SeatType]
FROM (
    SELECT TOP(1) [r].[RoomID], [r].[Capacity], [r].[RoomCode], [r].[RoomName], [r].[Status]
    FROM [Rooms] AS [r]
    WHERE [r].[RoomID] = @__id_0
) AS [t]
LEFT JOIN [Seats] AS [s] ON [t].[RoomID] = [s].[RoomID]
ORDER BY [t].[RoomID], [s].[RowLabel], [s].[SeatNumber]
2026-05-20 16:15:57.010 +07:00 [INF] Executing ViewResult, running view Room.
2026-05-20 16:15:57.021 +07:00 [INF] Executed ViewResult - view Room executed in 11.8582ms.
2026-05-20 16:15:57.021 +07:00 [INF] Executed action AuraCinema.Web.Areas.Admin.Controllers.SeatsController.Room (AuraCinema.Web) in 41.6831ms
2026-05-20 16:15:57.021 +07:00 [INF] Executed endpoint 'AuraCinema.Web.Areas.Admin.Controllers.SeatsController.Room (AuraCinema.Web)'
2026-05-20 16:15:57.021 +07:00 [INF] Request finished HTTP/1.1 GET http://localhost:5231/Admin/Seats/Room/9 - 200 null text/html; charset=utf-8 46.6917ms
2026-05-20 16:16:11.632 +07:00 [INF] Request starting HTTP/1.1 POST http://localhost:5231/Admin/Rooms/GenerateSeats/9 - application/x-www-form-urlencoded 225
2026-05-20 16:16:11.633 +07:00 [INF] Executing endpoint 'AuraCinema.Web.Areas.Admin.Controllers.RoomsController.GenerateSeats (AuraCinema.Web)'
2026-05-20 16:16:11.637 +07:00 [INF] Route matched with {area = "Admin", action = "GenerateSeats", controller = "Rooms"}. Executing controller action with signature System.Threading.Tasks.Task`1[Microsoft.AspNetCore.Mvc.IActionResult] GenerateSeats(Int32) on controller AuraCinema.Web.Areas.Admin.Controllers.RoomsController (AuraCinema.Web).
2026-05-20 16:16:11.657 +07:00 [INF] Executed DbCommand (2ms) [Parameters=[@__id_0='?' (DbType = Int32)], CommandType='"Text"', CommandTimeout='30']
SELECT [t].[RoomID], [t].[Capacity], [t].[RoomCode], [t].[RoomName], [t].[Status], [s].[SeatID], [s].[RoomID], [s].[RowLabel], [s].[SeatCode], [s].[SeatNumber], [s].[SeatType]
FROM (
    SELECT TOP(1) [r].[RoomID], [r].[Capacity], [r].[RoomCode], [r].[RoomName], [r].[Status]
    FROM [Rooms] AS [r]
    WHERE [r].[RoomID] = @__id_0
) AS [t]
LEFT JOIN [Seats] AS [s] ON [t].[RoomID] = [s].[RoomID]
ORDER BY [t].[RoomID]
2026-05-20 16:16:11.658 +07:00 [INF] Executing RedirectResult, redirecting to /Admin/Rooms.
2026-05-20 16:16:11.659 +07:00 [INF] Executed action AuraCinema.Web.Areas.Admin.Controllers.RoomsController.GenerateSeats (AuraCinema.Web) in 21.7552ms
2026-05-20 16:16:11.659 +07:00 [INF] Executed endpoint 'AuraCinema.Web.Areas.Admin.Controllers.RoomsController.GenerateSeats (AuraCinema.Web)'
2026-05-20 16:16:11.659 +07:00 [INF] Request finished HTTP/1.1 POST http://localhost:5231/Admin/Rooms/GenerateSeats/9 - 302 0 null 27.8408ms
2026-05-20 16:16:11.662 +07:00 [INF] Request starting HTTP/1.1 GET http://localhost:5231/Admin/Rooms - null null
2026-05-20 16:16:11.663 +07:00 [INF] Executing endpoint 'AuraCinema.Web.Areas.Admin.Controllers.RoomsController.Index (AuraCinema.Web)'
2026-05-20 16:16:11.663 +07:00 [INF] Route matched with {area = "Admin", action = "Index", controller = "Rooms"}. Executing controller action with signature System.Threading.Tasks.Task`1[Microsoft.AspNetCore.Mvc.IActionResult] Index() on controller AuraCinema.Web.Areas.Admin.Controllers.RoomsController (AuraCinema.Web).
2026-05-20 16:16:11.664 +07:00 [INF] Executed DbCommand (1ms) [Parameters=[], CommandType='"Text"', CommandTimeout='30']
SELECT [r].[RoomID], [r].[Capacity], [r].[RoomCode], [r].[RoomName], [r].[Status]
FROM [Rooms] AS [r]
ORDER BY [r].[RoomID] DESC
2026-05-20 16:16:11.665 +07:00 [INF] Executing ViewResult, running view Index.
2026-05-20 16:16:11.667 +07:00 [INF] Executed ViewResult - view Index executed in 2.4312ms.
2026-05-20 16:16:11.667 +07:00 [INF] Executed action AuraCinema.Web.Areas.Admin.Controllers.RoomsController.Index (AuraCinema.Web) in 4.2073ms
2026-05-20 16:16:11.667 +07:00 [INF] Executed endpoint 'AuraCinema.Web.Areas.Admin.Controllers.RoomsController.Index (AuraCinema.Web)'
2026-05-20 16:16:11.668 +07:00 [INF] Request finished HTTP/1.1 GET http://localhost:5231/Admin/Rooms - 200 null text/html; charset=utf-8 5.117ms
2026-05-20 16:16:40.051 +07:00 [INF] Request starting HTTP/1.1 POST http://localhost:5231/Admin/Rooms/Delete/9 - application/x-www-form-urlencoded 225
2026-05-20 16:16:40.052 +07:00 [INF] Executing endpoint 'AuraCinema.Web.Areas.Admin.Controllers.RoomsController.Delete (AuraCinema.Web)'
2026-05-20 16:16:40.057 +07:00 [INF] Route matched with {area = "Admin", action = "Delete", controller = "Rooms"}. Executing controller action with signature System.Threading.Tasks.Task`1[Microsoft.AspNetCore.Mvc.IActionResult] Delete(Int32) on controller AuraCinema.Web.Areas.Admin.Controllers.RoomsController (AuraCinema.Web).
2026-05-20 16:16:40.072 +07:00 [INF] Executed DbCommand (1ms) [Parameters=[@__p_0='?' (DbType = Int32)], CommandType='"Text"', CommandTimeout='30']
SELECT TOP(1) [r].[RoomID], [r].[Capacity], [r].[RoomCode], [r].[RoomName], [r].[Status]
FROM [Rooms] AS [r]
WHERE [r].[RoomID] = @__p_0
2026-05-20 16:16:40.077 +07:00 [INF] Executed DbCommand (4ms) [Parameters=[@p1='?' (DbType = Int32), @p0='?' (Size = 50)], CommandType='"Text"', CommandTimeout='30']
SET IMPLICIT_TRANSACTIONS OFF;
SET NOCOUNT ON;
UPDATE [Rooms] SET [Status] = @p0
OUTPUT 1
WHERE [RoomID] = @p1;
2026-05-20 16:16:40.078 +07:00 [INF] Executing RedirectResult, redirecting to /Admin/Rooms.
2026-05-20 16:16:40.078 +07:00 [INF] Executed action AuraCinema.Web.Areas.Admin.Controllers.RoomsController.Delete (AuraCinema.Web) in 21.0834ms
2026-05-20 16:16:40.078 +07:00 [INF] Executed endpoint 'AuraCinema.Web.Areas.Admin.Controllers.RoomsController.Delete (AuraCinema.Web)'
2026-05-20 16:16:40.079 +07:00 [INF] Request finished HTTP/1.1 POST http://localhost:5231/Admin/Rooms/Delete/9 - 302 0 null 27.2483ms
2026-05-20 16:16:40.082 +07:00 [INF] Request starting HTTP/1.1 GET http://localhost:5231/Admin/Rooms - null null
2026-05-20 16:16:40.083 +07:00 [INF] Executing endpoint 'AuraCinema.Web.Areas.Admin.Controllers.RoomsController.Index (AuraCinema.Web)'
2026-05-20 16:16:40.083 +07:00 [INF] Route matched with {area = "Admin", action = "Index", controller = "Rooms"}. Executing controller action with signature System.Threading.Tasks.Task`1[Microsoft.AspNetCore.Mvc.IActionResult] Index() on controller AuraCinema.Web.Areas.Admin.Controllers.RoomsController (AuraCinema.Web).
2026-05-20 16:16:40.084 +07:00 [INF] Executed DbCommand (1ms) [Parameters=[], CommandType='"Text"', CommandTimeout='30']
SELECT [r].[RoomID], [r].[Capacity], [r].[RoomCode], [r].[RoomName], [r].[Status]
FROM [Rooms] AS [r]
ORDER BY [r].[RoomID] DESC
2026-05-20 16:16:40.085 +07:00 [INF] Executing ViewResult, running view Index.
2026-05-20 16:16:40.087 +07:00 [INF] Executed ViewResult - view Index executed in 1.9973ms.
2026-05-20 16:16:40.087 +07:00 [INF] Executed action AuraCinema.Web.Areas.Admin.Controllers.RoomsController.Index (AuraCinema.Web) in 4.0309ms
2026-05-20 16:16:40.087 +07:00 [INF] Executed endpoint 'AuraCinema.Web.Areas.Admin.Controllers.RoomsController.Index (AuraCinema.Web)'
2026-05-20 16:16:40.087 +07:00 [INF] Request finished HTTP/1.1 GET http://localhost:5231/Admin/Rooms - 200 null text/html; charset=utf-8 5.0577ms
2026-05-20 16:16:53.114 +07:00 [INF] Executed DbCommand (4ms) [Parameters=[], CommandType='"Text"', CommandTimeout='30']
SELECT [o].[OrderID], [o].[FinalAmount], [o].[HoldExpiryTime], [o].[OrderCode], [o].[PayOSTransID], [o].[PromoID], [o].[QrCode], [o].[ShowtimeID], [o].[Status], [o].[TotalAmount], [o].[UserID]
FROM [Orders] AS [o]
WHERE [o].[Status] = N'Chờ thanh toán' AND [o].[HoldExpiryTime] <= GETDATE()
2026-05-20 16:16:53.119 +07:00 [INF] Executed DbCommand (3ms) [Parameters=[@__maxSellingDate_0='?' (DbType = DateTime2), @__now_1='?' (DbType = DateTime2)], CommandType='"Text"', CommandTimeout='30']
SELECT [s].[ShowtimeID], [s].[EndTime], [s].[MovieID], [s].[RoomID], [s].[ShowtimeCode], [s].[StartTime], [s].[Status]
FROM [Showtimes] AS [s]
WHERE [s].[Status] IN (N'Đã lên lịch', N'Sap chieu') AND CONVERT(date, [s].[StartTime]) <= @__maxSellingDate_0 AND [s].[StartTime] > @__now_1
2026-05-20 16:16:53.122 +07:00 [INF] Executed DbCommand (2ms) [Parameters=[@__now_0='?' (DbType = DateTime2)], CommandType='"Text"', CommandTimeout='30']
SELECT [s].[ShowtimeID], [s].[EndTime], [s].[MovieID], [s].[RoomID], [s].[ShowtimeCode], [s].[StartTime], [s].[Status]
FROM [Showtimes] AS [s]
WHERE [s].[Status] IN (N'Đã lên lịch', N'Đang mở bán', N'Sap chieu') AND [s].[StartTime] <= @__now_0 AND [s].[EndTime] > @__now_0
2026-05-20 16:16:53.124 +07:00 [INF] Executed DbCommand (2ms) [Parameters=[@__now_0='?' (DbType = DateTime2)], CommandType='"Text"', CommandTimeout='30']
SELECT [s].[ShowtimeID], [s].[EndTime], [s].[MovieID], [s].[RoomID], [s].[ShowtimeCode], [s].[StartTime], [s].[Status]
FROM [Showtimes] AS [s]
WHERE [s].[Status] IN (N'Đã lên lịch', N'Đang mở bán', N'Đang chiếu', N'Sap chieu', N'Dang dien ra') AND [s].[EndTime] <= @__now_0
2026-05-20 16:17:05.458 +07:00 [INF] Request starting HTTP/1.1 GET http://localhost:5231/Admin/Showtimes - null null
2026-05-20 16:17:05.459 +07:00 [INF] Executing endpoint 'AuraCinema.Web.Areas.Admin.Controllers.ShowtimesController.Index (AuraCinema.Web)'
2026-05-20 16:17:05.465 +07:00 [INF] Route matched with {area = "Admin", action = "Index", controller = "Showtimes"}. Executing controller action with signature System.Threading.Tasks.Task`1[Microsoft.AspNetCore.Mvc.IActionResult] Index(System.String, System.Nullable`1[System.DateTime], System.Nullable`1[System.Int32]) on controller AuraCinema.Web.Areas.Admin.Controllers.ShowtimesController (AuraCinema.Web).
2026-05-20 16:17:05.536 +07:00 [INF] Executed DbCommand (3ms) [Parameters=[], CommandType='"Text"', CommandTimeout='30']
SELECT CONVERT(varchar(11), [r].[RoomID]) AS [Value], [r].[RoomName] AS [Text]
FROM [Rooms] AS [r]
2026-05-20 16:17:05.562 +07:00 [INF] Executed DbCommand (7ms) [Parameters=[], CommandType='"Text"', CommandTimeout='30']
SELECT [s].[ShowtimeID], [s].[EndTime], [s].[MovieID], [s].[RoomID], [s].[ShowtimeCode], [s].[StartTime], [s].[Status], [m].[MovieID], [m].[Actors], [m].[Director], [m].[Duration], [m].[Genre], [m].[MovieCode], [m].[Poster], [m].[ReleaseDate], [m].[Status], [m].[Title], [m].[Trailer], [r].[RoomID], [r].[Capacity], [r].[RoomCode], [r].[RoomName], [r].[Status]
FROM [Showtimes] AS [s]
INNER JOIN [Movies] AS [m] ON [s].[MovieID] = [m].[MovieID]
INNER JOIN [Rooms] AS [r] ON [s].[RoomID] = [r].[RoomID]
WHERE [s].[Status] NOT IN (N'Đã hủy', N'Đã kết thúc') AND [s].[EndTime] > GETDATE()
ORDER BY [s].[StartTime] DESC
2026-05-20 16:17:05.565 +07:00 [INF] Executing ViewResult, running view Index.
2026-05-20 16:17:05.615 +07:00 [INF] Executed ViewResult - view Index executed in 50.6957ms.
2026-05-20 16:17:05.615 +07:00 [INF] Executed action AuraCinema.Web.Areas.Admin.Controllers.ShowtimesController.Index (AuraCinema.Web) in 150.5699ms
2026-05-20 16:17:05.615 +07:00 [INF] Executed endpoint 'AuraCinema.Web.Areas.Admin.Controllers.ShowtimesController.Index (AuraCinema.Web)'
2026-05-20 16:17:05.616 +07:00 [INF] Request finished HTTP/1.1 GET http://localhost:5231/Admin/Showtimes - 200 null text/html; charset=utf-8 157.7624ms
2026-05-20 16:17:39.198 +07:00 [INF] Request starting HTTP/1.1 GET http://localhost:5231/Admin/Rooms - null null
2026-05-20 16:17:39.199 +07:00 [INF] Executing endpoint 'AuraCinema.Web.Areas.Admin.Controllers.RoomsController.Index (AuraCinema.Web)'
2026-05-20 16:17:39.199 +07:00 [INF] Route matched with {area = "Admin", action = "Index", controller = "Rooms"}. Executing controller action with signature System.Threading.Tasks.Task`1[Microsoft.AspNetCore.Mvc.IActionResult] Index() on controller AuraCinema.Web.Areas.Admin.Controllers.RoomsController (AuraCinema.Web).
2026-05-20 16:17:39.202 +07:00 [INF] Executed DbCommand (1ms) [Parameters=[], CommandType='"Text"', CommandTimeout='30']
SELECT [r].[RoomID], [r].[Capacity], [r].[RoomCode], [r].[RoomName], [r].[Status]
FROM [Rooms] AS [r]
ORDER BY [r].[RoomID] DESC
2026-05-20 16:17:39.202 +07:00 [INF] Executing ViewResult, running view Index.
2026-05-20 16:17:39.203 +07:00 [INF] Executed ViewResult - view Index executed in 1.368ms.
2026-05-20 16:17:39.203 +07:00 [INF] Executed action AuraCinema.Web.Areas.Admin.Controllers.RoomsController.Index (AuraCinema.Web) in 4.4325ms
2026-05-20 16:17:39.204 +07:00 [INF] Executed endpoint 'AuraCinema.Web.Areas.Admin.Controllers.RoomsController.Index (AuraCinema.Web)'
2026-05-20 16:17:39.204 +07:00 [INF] Request finished HTTP/1.1 GET http://localhost:5231/Admin/Rooms - 200 null text/html; charset=utf-8 5.8962ms
2026-05-20 16:17:40.455 +07:00 [INF] Request starting HTTP/1.1 GET http://localhost:5231/Admin/Showtimes - null null
2026-05-20 16:17:40.456 +07:00 [INF] Executing endpoint 'AuraCinema.Web.Areas.Admin.Controllers.ShowtimesController.Index (AuraCinema.Web)'
2026-05-20 16:17:40.456 +07:00 [INF] Route matched with {area = "Admin", action = "Index", controller = "Showtimes"}. Executing controller action with signature System.Threading.Tasks.Task`1[Microsoft.AspNetCore.Mvc.IActionResult] Index(System.String, System.Nullable`1[System.DateTime], System.Nullable`1[System.Int32]) on controller AuraCinema.Web.Areas.Admin.Controllers.ShowtimesController (AuraCinema.Web).
2026-05-20 16:17:40.460 +07:00 [INF] Executed DbCommand (1ms) [Parameters=[], CommandType='"Text"', CommandTimeout='30']
SELECT CONVERT(varchar(11), [r].[RoomID]) AS [Value], [r].[RoomName] AS [Text]
FROM [Rooms] AS [r]
2026-05-20 16:17:40.462 +07:00 [INF] Executed DbCommand (1ms) [Parameters=[], CommandType='"Text"', CommandTimeout='30']
SELECT [s].[ShowtimeID], [s].[EndTime], [s].[MovieID], [s].[RoomID], [s].[ShowtimeCode], [s].[StartTime], [s].[Status], [m].[MovieID], [m].[Actors], [m].[Director], [m].[Duration], [m].[Genre], [m].[MovieCode], [m].[Poster], [m].[ReleaseDate], [m].[Status], [m].[Title], [m].[Trailer], [r].[RoomID], [r].[Capacity], [r].[RoomCode], [r].[RoomName], [r].[Status]
FROM [Showtimes] AS [s]
INNER JOIN [Movies] AS [m] ON [s].[MovieID] = [m].[MovieID]
INNER JOIN [Rooms] AS [r] ON [s].[RoomID] = [r].[RoomID]
WHERE [s].[Status] NOT IN (N'Đã hủy', N'Đã kết thúc') AND [s].[EndTime] > GETDATE()
ORDER BY [s].[StartTime] DESC
2026-05-20 16:17:40.462 +07:00 [INF] Executing ViewResult, running view Index.
2026-05-20 16:17:40.464 +07:00 [INF] Executed ViewResult - view Index executed in 2.0981ms.
2026-05-20 16:17:40.465 +07:00 [INF] Executed action AuraCinema.Web.Areas.Admin.Controllers.ShowtimesController.Index (AuraCinema.Web) in 8.3129ms
2026-05-20 16:17:40.465 +07:00 [INF] Executed endpoint 'AuraCinema.Web.Areas.Admin.Controllers.ShowtimesController.Index (AuraCinema.Web)'
2026-05-20 16:17:40.465 +07:00 [INF] Request finished HTTP/1.1 GET http://localhost:5231/Admin/Showtimes - 200 null text/html; charset=utf-8 9.4468ms
2026-05-20 16:17:53.132 +07:00 [INF] Executed DbCommand (3ms) [Parameters=[], CommandType='"Text"', CommandTimeout='30']
SELECT [o].[OrderID], [o].[FinalAmount], [o].[HoldExpiryTime], [o].[OrderCode], [o].[PayOSTransID], [o].[PromoID], [o].[QrCode], [o].[ShowtimeID], [o].[Status], [o].[TotalAmount], [o].[UserID]
FROM [Orders] AS [o]
WHERE [o].[Status] = N'Chờ thanh toán' AND [o].[HoldExpiryTime] <= GETDATE()
2026-05-20 16:17:53.135 +07:00 [INF] Executed DbCommand (3ms) [Parameters=[@__maxSellingDate_0='?' (DbType = DateTime2), @__now_1='?' (DbType = DateTime2)], CommandType='"Text"', CommandTimeout='30']
SELECT [s].[ShowtimeID], [s].[EndTime], [s].[MovieID], [s].[RoomID], [s].[ShowtimeCode], [s].[StartTime], [s].[Status]
FROM [Showtimes] AS [s]
WHERE [s].[Status] IN (N'Đã lên lịch', N'Sap chieu') AND CONVERT(date, [s].[StartTime]) <= @__maxSellingDate_0 AND [s].[StartTime] > @__now_1
2026-05-20 16:17:53.138 +07:00 [INF] Executed DbCommand (2ms) [Parameters=[@__now_0='?' (DbType = DateTime2)], CommandType='"Text"', CommandTimeout='30']
SELECT [s].[ShowtimeID], [s].[EndTime], [s].[MovieID], [s].[RoomID], [s].[ShowtimeCode], [s].[StartTime], [s].[Status]
FROM [Showtimes] AS [s]
WHERE [s].[Status] IN (N'Đã lên lịch', N'Đang mở bán', N'Sap chieu') AND [s].[StartTime] <= @__now_0 AND [s].[EndTime] > @__now_0
2026-05-20 16:17:53.140 +07:00 [INF] Executed DbCommand (1ms) [Parameters=[@__now_0='?' (DbType = DateTime2)], CommandType='"Text"', CommandTimeout='30']
SELECT [s].[ShowtimeID], [s].[EndTime], [s].[MovieID], [s].[RoomID], [s].[ShowtimeCode], [s].[StartTime], [s].[Status]
FROM [Showtimes] AS [s]
WHERE [s].[Status] IN (N'Đã lên lịch', N'Đang mở bán', N'Đang chiếu', N'Sap chieu', N'Dang dien ra') AND [s].[EndTime] <= @__now_0
2026-05-20 16:18:53.147 +07:00 [INF] Executed DbCommand (3ms) [Parameters=[], CommandType='"Text"', CommandTimeout='30']
SELECT [o].[OrderID], [o].[FinalAmount], [o].[HoldExpiryTime], [o].[OrderCode], [o].[PayOSTransID], [o].[PromoID], [o].[QrCode], [o].[ShowtimeID], [o].[Status], [o].[TotalAmount], [o].[UserID]
FROM [Orders] AS [o]
WHERE [o].[Status] = N'Chờ thanh toán' AND [o].[HoldExpiryTime] <= GETDATE()
2026-05-20 16:18:53.150 +07:00 [INF] Executed DbCommand (2ms) [Parameters=[@__maxSellingDate_0='?' (DbType = DateTime2), @__now_1='?' (DbType = DateTime2)], CommandType='"Text"', CommandTimeout='30']
SELECT [s].[ShowtimeID], [s].[EndTime], [s].[MovieID], [s].[RoomID], [s].[ShowtimeCode], [s].[StartTime], [s].[Status]
FROM [Showtimes] AS [s]
WHERE [s].[Status] IN (N'Đã lên lịch', N'Sap chieu') AND CONVERT(date, [s].[StartTime]) <= @__maxSellingDate_0 AND [s].[StartTime] > @__now_1
2026-05-20 16:18:53.152 +07:00 [INF] Executed DbCommand (1ms) [Parameters=[@__now_0='?' (DbType = DateTime2)], CommandType='"Text"', CommandTimeout='30']
SELECT [s].[ShowtimeID], [s].[EndTime], [s].[MovieID], [s].[RoomID], [s].[ShowtimeCode], [s].[StartTime], [s].[Status]
FROM [Showtimes] AS [s]
WHERE [s].[Status] IN (N'Đã lên lịch', N'Đang mở bán', N'Sap chieu') AND [s].[StartTime] <= @__now_0 AND [s].[EndTime] > @__now_0
2026-05-20 16:18:53.154 +07:00 [INF] Executed DbCommand (1ms) [Parameters=[@__now_0='?' (DbType = DateTime2)], CommandType='"Text"', CommandTimeout='30']
SELECT [s].[ShowtimeID], [s].[EndTime], [s].[MovieID], [s].[RoomID], [s].[ShowtimeCode], [s].[StartTime], [s].[Status]
FROM [Showtimes] AS [s]
WHERE [s].[Status] IN (N'Đã lên lịch', N'Đang mở bán', N'Đang chiếu', N'Sap chieu', N'Dang dien ra') AND [s].[EndTime] <= @__now_0
2026-05-20 16:19:53.167 +07:00 [INF] Executed DbCommand (4ms) [Parameters=[], CommandType='"Text"', CommandTimeout='30']
SELECT [o].[OrderID], [o].[FinalAmount], [o].[HoldExpiryTime], [o].[OrderCode], [o].[PayOSTransID], [o].[PromoID], [o].[QrCode], [o].[ShowtimeID], [o].[Status], [o].[TotalAmount], [o].[UserID]
FROM [Orders] AS [o]
WHERE [o].[Status] = N'Chờ thanh toán' AND [o].[HoldExpiryTime] <= GETDATE()
2026-05-20 16:19:53.171 +07:00 [INF] Executed DbCommand (4ms) [Parameters=[@__maxSellingDate_0='?' (DbType = DateTime2), @__now_1='?' (DbType = DateTime2)], CommandType='"Text"', CommandTimeout='30']
SELECT [s].[ShowtimeID], [s].[EndTime], [s].[MovieID], [s].[RoomID], [s].[ShowtimeCode], [s].[StartTime], [s].[Status]
FROM [Showtimes] AS [s]
WHERE [s].[Status] IN (N'Đã lên lịch', N'Sap chieu') AND CONVERT(date, [s].[StartTime]) <= @__maxSellingDate_0 AND [s].[StartTime] > @__now_1
2026-05-20 16:19:53.173 +07:00 [INF] Executed DbCommand (2ms) [Parameters=[@__now_0='?' (DbType = DateTime2)], CommandType='"Text"', CommandTimeout='30']
SELECT [s].[ShowtimeID], [s].[EndTime], [s].[MovieID], [s].[RoomID], [s].[ShowtimeCode], [s].[StartTime], [s].[Status]
FROM [Showtimes] AS [s]
WHERE [s].[Status] IN (N'Đã lên lịch', N'Đang mở bán', N'Sap chieu') AND [s].[StartTime] <= @__now_0 AND [s].[EndTime] > @__now_0
2026-05-20 16:19:53.178 +07:00 [INF] Executed DbCommand (4ms) [Parameters=[@__now_0='?' (DbType = DateTime2)], CommandType='"Text"', CommandTimeout='30']
SELECT [s].[ShowtimeID], [s].[EndTime], [s].[MovieID], [s].[RoomID], [s].[ShowtimeCode], [s].[StartTime], [s].[Status]
FROM [Showtimes] AS [s]
WHERE [s].[Status] IN (N'Đã lên lịch', N'Đang mở bán', N'Đang chiếu', N'Sap chieu', N'Dang dien ra') AND [s].[EndTime] <= @__now_0
2026-05-20 16:20:53.183 +07:00 [INF] Executed DbCommand (3ms) [Parameters=[], CommandType='"Text"', CommandTimeout='30']
SELECT [o].[OrderID], [o].[FinalAmount], [o].[HoldExpiryTime], [o].[OrderCode], [o].[PayOSTransID], [o].[PromoID], [o].[QrCode], [o].[ShowtimeID], [o].[Status], [o].[TotalAmount], [o].[UserID]
FROM [Orders] AS [o]
WHERE [o].[Status] = N'Chờ thanh toán' AND [o].[HoldExpiryTime] <= GETDATE()
2026-05-20 16:20:53.194 +07:00 [INF] Executed DbCommand (10ms) [Parameters=[@__maxSellingDate_0='?' (DbType = DateTime2), @__now_1='?' (DbType = DateTime2)], CommandType='"Text"', CommandTimeout='30']
SELECT [s].[ShowtimeID], [s].[EndTime], [s].[MovieID], [s].[RoomID], [s].[ShowtimeCode], [s].[StartTime], [s].[Status]
FROM [Showtimes] AS [s]
WHERE [s].[Status] IN (N'Đã lên lịch', N'Sap chieu') AND CONVERT(date, [s].[StartTime]) <= @__maxSellingDate_0 AND [s].[StartTime] > @__now_1
2026-05-20 16:20:53.197 +07:00 [INF] Executed DbCommand (2ms) [Parameters=[@__now_0='?' (DbType = DateTime2)], CommandType='"Text"', CommandTimeout='30']
SELECT [s].[ShowtimeID], [s].[EndTime], [s].[MovieID], [s].[RoomID], [s].[ShowtimeCode], [s].[StartTime], [s].[Status]
FROM [Showtimes] AS [s]
WHERE [s].[Status] IN (N'Đã lên lịch', N'Đang mở bán', N'Sap chieu') AND [s].[StartTime] <= @__now_0 AND [s].[EndTime] > @__now_0
2026-05-20 16:20:53.199 +07:00 [INF] Executed DbCommand (1ms) [Parameters=[@__now_0='?' (DbType = DateTime2)], CommandType='"Text"', CommandTimeout='30']
SELECT [s].[ShowtimeID], [s].[EndTime], [s].[MovieID], [s].[RoomID], [s].[ShowtimeCode], [s].[StartTime], [s].[Status]
FROM [Showtimes] AS [s]
WHERE [s].[Status] IN (N'Đã lên lịch', N'Đang mở bán', N'Đang chiếu', N'Sap chieu', N'Dang dien ra') AND [s].[EndTime] <= @__now_0
2026-05-20 16:21:53.205 +07:00 [INF] Executed DbCommand (2ms) [Parameters=[], CommandType='"Text"', CommandTimeout='30']
SELECT [o].[OrderID], [o].[FinalAmount], [o].[HoldExpiryTime], [o].[OrderCode], [o].[PayOSTransID], [o].[PromoID], [o].[QrCode], [o].[ShowtimeID], [o].[Status], [o].[TotalAmount], [o].[UserID]
FROM [Orders] AS [o]
WHERE [o].[Status] = N'Chờ thanh toán' AND [o].[HoldExpiryTime] <= GETDATE()
2026-05-20 16:21:53.207 +07:00 [INF] Executed DbCommand (2ms) [Parameters=[@__maxSellingDate_0='?' (DbType = DateTime2), @__now_1='?' (DbType = DateTime2)], CommandType='"Text"', CommandTimeout='30']
SELECT [s].[ShowtimeID], [s].[EndTime], [s].[MovieID], [s].[RoomID], [s].[ShowtimeCode], [s].[StartTime], [s].[Status]
FROM [Showtimes] AS [s]
WHERE [s].[Status] IN (N'Đã lên lịch', N'Sap chieu') AND CONVERT(date, [s].[StartTime]) <= @__maxSellingDate_0 AND [s].[StartTime] > @__now_1
2026-05-20 16:21:53.209 +07:00 [INF] Executed DbCommand (2ms) [Parameters=[@__now_0='?' (DbType = DateTime2)], CommandType='"Text"', CommandTimeout='30']
SELECT [s].[ShowtimeID], [s].[EndTime], [s].[MovieID], [s].[RoomID], [s].[ShowtimeCode], [s].[StartTime], [s].[Status]
FROM [Showtimes] AS [s]
WHERE [s].[Status] IN (N'Đã lên lịch', N'Đang mở bán', N'Sap chieu') AND [s].[StartTime] <= @__now_0 AND [s].[EndTime] > @__now_0
2026-05-20 16:21:53.211 +07:00 [INF] Executed DbCommand (1ms) [Parameters=[@__now_0='?' (DbType = DateTime2)], CommandType='"Text"', CommandTimeout='30']
SELECT [s].[ShowtimeID], [s].[EndTime], [s].[MovieID], [s].[RoomID], [s].[ShowtimeCode], [s].[StartTime], [s].[Status]
FROM [Showtimes] AS [s]
WHERE [s].[Status] IN (N'Đã lên lịch', N'Đang mở bán', N'Đang chiếu', N'Sap chieu', N'Dang dien ra') AND [s].[EndTime] <= @__now_0
2026-05-20 16:22:43.313 +07:00 [INF] Request starting HTTP/1.1 GET http://localhost:5231/Admin/Showtimes - null null
2026-05-20 16:22:43.314 +07:00 [INF] Executing endpoint 'AuraCinema.Web.Areas.Admin.Controllers.ShowtimesController.Index (AuraCinema.Web)'
2026-05-20 16:22:43.314 +07:00 [INF] Route matched with {area = "Admin", action = "Index", controller = "Showtimes"}. Executing controller action with signature System.Threading.Tasks.Task`1[Microsoft.AspNetCore.Mvc.IActionResult] Index(System.String, System.Nullable`1[System.DateTime], System.Nullable`1[System.Int32]) on controller AuraCinema.Web.Areas.Admin.Controllers.ShowtimesController (AuraCinema.Web).
2026-05-20 16:22:43.318 +07:00 [INF] Executed DbCommand (2ms) [Parameters=[], CommandType='"Text"', CommandTimeout='30']
SELECT CONVERT(varchar(11), [r].[RoomID]) AS [Value], [r].[RoomName] AS [Text]
FROM [Rooms] AS [r]
2026-05-20 16:22:43.325 +07:00 [INF] Executed DbCommand (6ms) [Parameters=[], CommandType='"Text"', CommandTimeout='30']
SELECT [s].[ShowtimeID], [s].[EndTime], [s].[MovieID], [s].[RoomID], [s].[ShowtimeCode], [s].[StartTime], [s].[Status], [m].[MovieID], [m].[Actors], [m].[Director], [m].[Duration], [m].[Genre], [m].[MovieCode], [m].[Poster], [m].[ReleaseDate], [m].[Status], [m].[Title], [m].[Trailer], [r].[RoomID], [r].[Capacity], [r].[RoomCode], [r].[RoomName], [r].[Status]
FROM [Showtimes] AS [s]
INNER JOIN [Movies] AS [m] ON [s].[MovieID] = [m].[MovieID]
INNER JOIN [Rooms] AS [r] ON [s].[RoomID] = [r].[RoomID]
WHERE [s].[Status] NOT IN (N'Đã hủy', N'Đã kết thúc') AND [s].[EndTime] > GETDATE()
ORDER BY [s].[StartTime] DESC
2026-05-20 16:22:43.326 +07:00 [INF] Executing ViewResult, running view Index.
2026-05-20 16:22:43.332 +07:00 [INF] Executed ViewResult - view Index executed in 5.2323ms.
2026-05-20 16:22:43.332 +07:00 [INF] Executed action AuraCinema.Web.Areas.Admin.Controllers.ShowtimesController.Index (AuraCinema.Web) in 17.3592ms
2026-05-20 16:22:43.332 +07:00 [INF] Executed endpoint 'AuraCinema.Web.Areas.Admin.Controllers.ShowtimesController.Index (AuraCinema.Web)'
2026-05-20 16:22:43.332 +07:00 [INF] Request finished HTTP/1.1 GET http://localhost:5231/Admin/Showtimes - 200 null text/html; charset=utf-8 18.7282ms
2026-05-20 16:22:53.222 +07:00 [INF] Executed DbCommand (5ms) [Parameters=[], CommandType='"Text"', CommandTimeout='30']
SELECT [o].[OrderID], [o].[FinalAmount], [o].[HoldExpiryTime], [o].[OrderCode], [o].[PayOSTransID], [o].[PromoID], [o].[QrCode], [o].[ShowtimeID], [o].[Status], [o].[TotalAmount], [o].[UserID]
FROM [Orders] AS [o]
WHERE [o].[Status] = N'Chờ thanh toán' AND [o].[HoldExpiryTime] <= GETDATE()
2026-05-20 16:22:53.228 +07:00 [INF] Executed DbCommand (4ms) [Parameters=[@__maxSellingDate_0='?' (DbType = DateTime2), @__now_1='?' (DbType = DateTime2)], CommandType='"Text"', CommandTimeout='30']
SELECT [s].[ShowtimeID], [s].[EndTime], [s].[MovieID], [s].[RoomID], [s].[ShowtimeCode], [s].[StartTime], [s].[Status]
FROM [Showtimes] AS [s]
WHERE [s].[Status] IN (N'Đã lên lịch', N'Sap chieu') AND CONVERT(date, [s].[StartTime]) <= @__maxSellingDate_0 AND [s].[StartTime] > @__now_1
2026-05-20 16:22:53.237 +07:00 [INF] Executed DbCommand (6ms) [Parameters=[@__now_0='?' (DbType = DateTime2)], CommandType='"Text"', CommandTimeout='30']
SELECT [s].[ShowtimeID], [s].[EndTime], [s].[MovieID], [s].[RoomID], [s].[ShowtimeCode], [s].[StartTime], [s].[Status]
FROM [Showtimes] AS [s]
WHERE [s].[Status] IN (N'Đã lên lịch', N'Đang mở bán', N'Sap chieu') AND [s].[StartTime] <= @__now_0 AND [s].[EndTime] > @__now_0
2026-05-20 16:22:53.240 +07:00 [INF] Executed DbCommand (2ms) [Parameters=[@__now_0='?' (DbType = DateTime2)], CommandType='"Text"', CommandTimeout='30']
SELECT [s].[ShowtimeID], [s].[EndTime], [s].[MovieID], [s].[RoomID], [s].[ShowtimeCode], [s].[StartTime], [s].[Status]
FROM [Showtimes] AS [s]
WHERE [s].[Status] IN (N'Đã lên lịch', N'Đang mở bán', N'Đang chiếu', N'Sap chieu', N'Dang dien ra') AND [s].[EndTime] <= @__now_0
2026-05-20 16:22:53.241 +07:00 [INF] Updated showtime status: 8 → Đang mở bán, 0 → Đang chiếu, 0 → Đã kết thúc.
2026-05-20 16:22:53.278 +07:00 [INF] Executed DbCommand (17ms) [Parameters=[@p1='?' (DbType = Int32), @p0='?' (Size = 4000), @p3='?' (DbType = Int32), @p2='?' (Size = 4000), @p5='?' (DbType = Int32), @p4='?' (Size = 4000), @p7='?' (DbType = Int32), @p6='?' (Size = 4000), @p9='?' (DbType = Int32), @p8='?' (Size = 4000), @p11='?' (DbType = Int32), @p10='?' (Size = 4000), @p13='?' (DbType = Int32), @p12='?' (Size = 4000), @p15='?' (DbType = Int32), @p14='?' (Size = 4000)], CommandType='"Text"', CommandTimeout='30']
SET NOCOUNT ON;
UPDATE [Showtimes] SET [Status] = @p0
OUTPUT 1
WHERE [ShowtimeID] = @p1;
UPDATE [Showtimes] SET [Status] = @p2
OUTPUT 1
WHERE [ShowtimeID] = @p3;
UPDATE [Showtimes] SET [Status] = @p4
OUTPUT 1
WHERE [ShowtimeID] = @p5;
UPDATE [Showtimes] SET [Status] = @p6
OUTPUT 1
WHERE [ShowtimeID] = @p7;
UPDATE [Showtimes] SET [Status] = @p8
OUTPUT 1
WHERE [ShowtimeID] = @p9;
UPDATE [Showtimes] SET [Status] = @p10
OUTPUT 1
WHERE [ShowtimeID] = @p11;
UPDATE [Showtimes] SET [Status] = @p12
OUTPUT 1
WHERE [ShowtimeID] = @p13;
UPDATE [Showtimes] SET [Status] = @p14
OUTPUT 1
WHERE [ShowtimeID] = @p15;
2026-05-20 16:23:22.750 +07:00 [INF] Request starting HTTP/1.1 GET http://localhost:5231/Admin/Showtimes/Edit/8092 - null null
2026-05-20 16:23:22.750 +07:00 [INF] Executing endpoint 'AuraCinema.Web.Areas.Admin.Controllers.ShowtimesController.Edit (AuraCinema.Web)'
2026-05-20 16:23:22.756 +07:00 [INF] Route matched with {area = "Admin", action = "Edit", controller = "Showtimes"}. Executing controller action with signature System.Threading.Tasks.Task`1[Microsoft.AspNetCore.Mvc.IActionResult] Edit(Int32) on controller AuraCinema.Web.Areas.Admin.Controllers.ShowtimesController (AuraCinema.Web).
2026-05-20 16:23:22.767 +07:00 [INF] Executed DbCommand (1ms) [Parameters=[@__p_0='?' (DbType = Int32)], CommandType='"Text"', CommandTimeout='30']
SELECT TOP(1) [s].[ShowtimeID], [s].[EndTime], [s].[MovieID], [s].[RoomID], [s].[ShowtimeCode], [s].[StartTime], [s].[Status]
FROM [Showtimes] AS [s]
WHERE [s].[ShowtimeID] = @__p_0
2026-05-20 16:23:22.775 +07:00 [INF] Executed DbCommand (3ms) [Parameters=[], CommandType='"Text"', CommandTimeout='30']
SELECT CONVERT(varchar(11), [m].[MovieID]) AS [Value], [m].[Title] AS [Text]
FROM [Movies] AS [m]
WHERE [m].[Status] <> N'Ngung chieu'
2026-05-20 16:23:22.779 +07:00 [INF] Executed DbCommand (2ms) [Parameters=[], CommandType='"Text"', CommandTimeout='30']
SELECT CONVERT(varchar(11), [r].[RoomID]) AS [Value], [r].[RoomName] AS [Text]
FROM [Rooms] AS [r]
WHERE [r].[Status] = N'Hoat dong'
2026-05-20 16:23:22.780 +07:00 [INF] Executing ViewResult, running view Edit.
2026-05-20 16:23:22.806 +07:00 [INF] Executed ViewResult - view Edit executed in 25.7532ms.
2026-05-20 16:23:22.806 +07:00 [INF] Executed action AuraCinema.Web.Areas.Admin.Controllers.ShowtimesController.Edit (AuraCinema.Web) in 49.8347ms
2026-05-20 16:23:22.806 +07:00 [INF] Executed endpoint 'AuraCinema.Web.Areas.Admin.Controllers.ShowtimesController.Edit (AuraCinema.Web)'
2026-05-20 16:23:22.806 +07:00 [INF] Request finished HTTP/1.1 GET http://localhost:5231/Admin/Showtimes/Edit/8092 - 200 null text/html; charset=utf-8 56.3515ms
2026-05-20 16:23:27.512 +07:00 [INF] Request starting HTTP/1.1 POST http://localhost:5231/Admin/Showtimes/Edit/8092 - application/x-www-form-urlencoded 353
2026-05-20 16:23:27.513 +07:00 [INF] Executing endpoint 'AuraCinema.Web.Areas.Admin.Controllers.ShowtimesController.Edit (AuraCinema.Web)'
2026-05-20 16:23:27.519 +07:00 [INF] Route matched with {area = "Admin", action = "Edit", controller = "Showtimes"}. Executing controller action with signature System.Threading.Tasks.Task`1[Microsoft.AspNetCore.Mvc.IActionResult] Edit(Int32, AuraCinema.Web.Areas.Admin.ViewModels.ShowtimeFormViewModel) on controller AuraCinema.Web.Areas.Admin.Controllers.ShowtimesController (AuraCinema.Web).
2026-05-20 16:23:27.528 +07:00 [INF] Executed DbCommand (2ms) [Parameters=[@__p_0='?' (DbType = Int32)], CommandType='"Text"', CommandTimeout='30']
SELECT TOP(1) [s].[ShowtimeID], [s].[EndTime], [s].[MovieID], [s].[RoomID], [s].[ShowtimeCode], [s].[StartTime], [s].[Status]
FROM [Showtimes] AS [s]
WHERE [s].[ShowtimeID] = @__p_0
2026-05-20 16:23:27.535 +07:00 [INF] Executed DbCommand (2ms) [Parameters=[@__p_0='?' (DbType = Int32)], CommandType='"Text"', CommandTimeout='30']
SELECT TOP(1) [m].[MovieID], [m].[Actors], [m].[Director], [m].[Duration], [m].[Genre], [m].[MovieCode], [m].[Poster], [m].[ReleaseDate], [m].[Status], [m].[Title], [m].[Trailer]
FROM [Movies] AS [m]
WHERE [m].[MovieID] = @__p_0
2026-05-20 16:23:27.547 +07:00 [INF] Executed DbCommand (5ms) [Parameters=[@__roomId_0='?' (DbType = Int32), @__currentShowtimeId_Value_1='?' (DbType = Int32), @__start_2='?' (DbType = DateTime2), @__end_3='?' (DbType = DateTime2)], CommandType='"Text"', CommandTimeout='30']
SELECT CASE
    WHEN EXISTS (
        SELECT 1
        FROM [Showtimes] AS [s]
        WHERE [s].[RoomID] = @__roomId_0 AND [s].[Status] <> N'Đã hủy' AND [s].[ShowtimeID] <> @__currentShowtimeId_Value_1 AND @__start_2 < DATEADD(minute, CAST(10.0E0 AS int), [s].[EndTime]) AND @__end_3 > DATEADD(minute, CAST(-10.0E0 AS int), [s].[StartTime])) THEN CAST(1 AS bit)
    ELSE CAST(0 AS bit)
END
2026-05-20 16:23:27.558 +07:00 [INF] Executed DbCommand (2ms) [Parameters=[@p1='?' (DbType = Int32), @p0='?' (Size = 4000)], CommandType='"Text"', CommandTimeout='30']
SET IMPLICIT_TRANSACTIONS OFF;
SET NOCOUNT ON;
UPDATE [Showtimes] SET [Status] = @p0
OUTPUT 1
WHERE [ShowtimeID] = @p1;
2026-05-20 16:23:27.558 +07:00 [INF] Executing RedirectResult, redirecting to /Admin/Showtimes.
2026-05-20 16:23:27.559 +07:00 [INF] Executed action AuraCinema.Web.Areas.Admin.Controllers.ShowtimesController.Edit (AuraCinema.Web) in 40.0466ms
2026-05-20 16:23:27.559 +07:00 [INF] Executed endpoint 'AuraCinema.Web.Areas.Admin.Controllers.ShowtimesController.Edit (AuraCinema.Web)'
2026-05-20 16:23:27.559 +07:00 [INF] Request finished HTTP/1.1 POST http://localhost:5231/Admin/Showtimes/Edit/8092 - 302 0 null 47.0559ms
2026-05-20 16:23:27.562 +07:00 [INF] Request starting HTTP/1.1 GET http://localhost:5231/Admin/Showtimes - null null
2026-05-20 16:23:27.563 +07:00 [INF] Executing endpoint 'AuraCinema.Web.Areas.Admin.Controllers.ShowtimesController.Index (AuraCinema.Web)'
2026-05-20 16:23:27.563 +07:00 [INF] Route matched with {area = "Admin", action = "Index", controller = "Showtimes"}. Executing controller action with signature System.Threading.Tasks.Task`1[Microsoft.AspNetCore.Mvc.IActionResult] Index(System.String, System.Nullable`1[System.DateTime], System.Nullable`1[System.Int32]) on controller AuraCinema.Web.Areas.Admin.Controllers.ShowtimesController (AuraCinema.Web).
2026-05-20 16:23:27.565 +07:00 [INF] Executed DbCommand (1ms) [Parameters=[], CommandType='"Text"', CommandTimeout='30']
SELECT CONVERT(varchar(11), [r].[RoomID]) AS [Value], [r].[RoomName] AS [Text]
FROM [Rooms] AS [r]
2026-05-20 16:23:27.569 +07:00 [INF] Executed DbCommand (4ms) [Parameters=[], CommandType='"Text"', CommandTimeout='30']
SELECT [s].[ShowtimeID], [s].[EndTime], [s].[MovieID], [s].[RoomID], [s].[ShowtimeCode], [s].[StartTime], [s].[Status], [m].[MovieID], [m].[Actors], [m].[Director], [m].[Duration], [m].[Genre], [m].[MovieCode], [m].[Poster], [m].[ReleaseDate], [m].[Status], [m].[Title], [m].[Trailer], [r].[RoomID], [r].[Capacity], [r].[RoomCode], [r].[RoomName], [r].[Status]
FROM [Showtimes] AS [s]
INNER JOIN [Movies] AS [m] ON [s].[MovieID] = [m].[MovieID]
INNER JOIN [Rooms] AS [r] ON [s].[RoomID] = [r].[RoomID]
WHERE [s].[Status] NOT IN (N'Đã hủy', N'Đã kết thúc') AND [s].[EndTime] > GETDATE()
ORDER BY [s].[StartTime] DESC
2026-05-20 16:23:27.570 +07:00 [INF] Executing ViewResult, running view Index.
2026-05-20 16:23:27.574 +07:00 [INF] Executed ViewResult - view Index executed in 3.4096ms.
2026-05-20 16:23:27.574 +07:00 [INF] Executed action AuraCinema.Web.Areas.Admin.Controllers.ShowtimesController.Index (AuraCinema.Web) in 11.2791ms
2026-05-20 16:23:27.574 +07:00 [INF] Executed endpoint 'AuraCinema.Web.Areas.Admin.Controllers.ShowtimesController.Index (AuraCinema.Web)'
2026-05-20 16:23:27.574 +07:00 [INF] Request finished HTTP/1.1 GET http://localhost:5231/Admin/Showtimes - 200 null text/html; charset=utf-8 11.9685ms
2026-05-20 16:23:29.782 +07:00 [INF] Request starting HTTP/1.1 GET http://localhost:5231/Admin/Showtimes/Edit/8069 - null null
2026-05-20 16:23:29.782 +07:00 [INF] Executing endpoint 'AuraCinema.Web.Areas.Admin.Controllers.ShowtimesController.Edit (AuraCinema.Web)'
2026-05-20 16:23:29.782 +07:00 [INF] Route matched with {area = "Admin", action = "Edit", controller = "Showtimes"}. Executing controller action with signature System.Threading.Tasks.Task`1[Microsoft.AspNetCore.Mvc.IActionResult] Edit(Int32) on controller AuraCinema.Web.Areas.Admin.Controllers.ShowtimesController (AuraCinema.Web).
2026-05-20 16:23:29.784 +07:00 [INF] Executed DbCommand (1ms) [Parameters=[@__p_0='?' (DbType = Int32)], CommandType='"Text"', CommandTimeout='30']
SELECT TOP(1) [s].[ShowtimeID], [s].[EndTime], [s].[MovieID], [s].[RoomID], [s].[ShowtimeCode], [s].[StartTime], [s].[Status]
FROM [Showtimes] AS [s]
WHERE [s].[ShowtimeID] = @__p_0
2026-05-20 16:23:29.790 +07:00 [INF] Executed DbCommand (5ms) [Parameters=[], CommandType='"Text"', CommandTimeout='30']
SELECT CONVERT(varchar(11), [m].[MovieID]) AS [Value], [m].[Title] AS [Text]
FROM [Movies] AS [m]
WHERE [m].[Status] <> N'Ngung chieu'
2026-05-20 16:23:29.793 +07:00 [INF] Executed DbCommand (2ms) [Parameters=[], CommandType='"Text"', CommandTimeout='30']
SELECT CONVERT(varchar(11), [r].[RoomID]) AS [Value], [r].[RoomName] AS [Text]
FROM [Rooms] AS [r]
WHERE [r].[Status] = N'Hoat dong'
2026-05-20 16:23:29.793 +07:00 [INF] Executing ViewResult, running view Edit.
2026-05-20 16:23:29.796 +07:00 [INF] Executed ViewResult - view Edit executed in 2.6199ms.
2026-05-20 16:23:29.796 +07:00 [INF] Executed action AuraCinema.Web.Areas.Admin.Controllers.ShowtimesController.Edit (AuraCinema.Web) in 13.4076ms
2026-05-20 16:23:29.796 +07:00 [INF] Executed endpoint 'AuraCinema.Web.Areas.Admin.Controllers.ShowtimesController.Edit (AuraCinema.Web)'
2026-05-20 16:23:29.796 +07:00 [INF] Request finished HTTP/1.1 GET http://localhost:5231/Admin/Showtimes/Edit/8069 - 200 null text/html; charset=utf-8 14.3576ms
2026-05-20 16:23:30.861 +07:00 [INF] Request starting HTTP/1.1 POST http://localhost:5231/Admin/Showtimes/Edit/8069 - application/x-www-form-urlencoded 352
2026-05-20 16:23:30.861 +07:00 [INF] Executing endpoint 'AuraCinema.Web.Areas.Admin.Controllers.ShowtimesController.Edit (AuraCinema.Web)'
2026-05-20 16:23:30.861 +07:00 [INF] Route matched with {area = "Admin", action = "Edit", controller = "Showtimes"}. Executing controller action with signature System.Threading.Tasks.Task`1[Microsoft.AspNetCore.Mvc.IActionResult] Edit(Int32, AuraCinema.Web.Areas.Admin.ViewModels.ShowtimeFormViewModel) on controller AuraCinema.Web.Areas.Admin.Controllers.ShowtimesController (AuraCinema.Web).
2026-05-20 16:23:30.864 +07:00 [INF] Executed DbCommand (1ms) [Parameters=[@__p_0='?' (DbType = Int32)], CommandType='"Text"', CommandTimeout='30']
SELECT TOP(1) [s].[ShowtimeID], [s].[EndTime], [s].[MovieID], [s].[RoomID], [s].[ShowtimeCode], [s].[StartTime], [s].[Status]
FROM [Showtimes] AS [s]
WHERE [s].[ShowtimeID] = @__p_0
2026-05-20 16:23:30.865 +07:00 [INF] Executed DbCommand (1ms) [Parameters=[@__p_0='?' (DbType = Int32)], CommandType='"Text"', CommandTimeout='30']
SELECT TOP(1) [m].[MovieID], [m].[Actors], [m].[Director], [m].[Duration], [m].[Genre], [m].[MovieCode], [m].[Poster], [m].[ReleaseDate], [m].[Status], [m].[Title], [m].[Trailer]
FROM [Movies] AS [m]
WHERE [m].[MovieID] = @__p_0
2026-05-20 16:23:30.867 +07:00 [INF] Executed DbCommand (1ms) [Parameters=[@__roomId_0='?' (DbType = Int32), @__currentShowtimeId_Value_1='?' (DbType = Int32), @__start_2='?' (DbType = DateTime2), @__end_3='?' (DbType = DateTime2)], CommandType='"Text"', CommandTimeout='30']
SELECT CASE
    WHEN EXISTS (
        SELECT 1
        FROM [Showtimes] AS [s]
        WHERE [s].[RoomID] = @__roomId_0 AND [s].[Status] <> N'Đã hủy' AND [s].[ShowtimeID] <> @__currentShowtimeId_Value_1 AND @__start_2 < DATEADD(minute, CAST(10.0E0 AS int), [s].[EndTime]) AND @__end_3 > DATEADD(minute, CAST(-10.0E0 AS int), [s].[StartTime])) THEN CAST(1 AS bit)
    ELSE CAST(0 AS bit)
END
2026-05-20 16:23:30.869 +07:00 [INF] Executed DbCommand (1ms) [Parameters=[@p1='?' (DbType = Int32), @p0='?' (Size = 4000)], CommandType='"Text"', CommandTimeout='30']
SET IMPLICIT_TRANSACTIONS OFF;
SET NOCOUNT ON;
UPDATE [Showtimes] SET [Status] = @p0
OUTPUT 1
WHERE [ShowtimeID] = @p1;
2026-05-20 16:23:30.870 +07:00 [INF] Executing RedirectResult, redirecting to /Admin/Showtimes.
2026-05-20 16:23:30.870 +07:00 [INF] Executed action AuraCinema.Web.Areas.Admin.Controllers.ShowtimesController.Edit (AuraCinema.Web) in 8.9909ms
2026-05-20 16:23:30.870 +07:00 [INF] Executed endpoint 'AuraCinema.Web.Areas.Admin.Controllers.ShowtimesController.Edit (AuraCinema.Web)'
2026-05-20 16:23:30.871 +07:00 [INF] Request finished HTTP/1.1 POST http://localhost:5231/Admin/Showtimes/Edit/8069 - 302 0 null 10.1224ms
2026-05-20 16:23:30.875 +07:00 [INF] Request starting HTTP/1.1 GET http://localhost:5231/Admin/Showtimes - null null
2026-05-20 16:23:30.875 +07:00 [INF] Executing endpoint 'AuraCinema.Web.Areas.Admin.Controllers.ShowtimesController.Index (AuraCinema.Web)'
2026-05-20 16:23:30.875 +07:00 [INF] Route matched with {area = "Admin", action = "Index", controller = "Showtimes"}. Executing controller action with signature System.Threading.Tasks.Task`1[Microsoft.AspNetCore.Mvc.IActionResult] Index(System.String, System.Nullable`1[System.DateTime], System.Nullable`1[System.Int32]) on controller AuraCinema.Web.Areas.Admin.Controllers.ShowtimesController (AuraCinema.Web).
2026-05-20 16:23:30.877 +07:00 [INF] Executed DbCommand (0ms) [Parameters=[], CommandType='"Text"', CommandTimeout='30']
SELECT CONVERT(varchar(11), [r].[RoomID]) AS [Value], [r].[RoomName] AS [Text]
FROM [Rooms] AS [r]
2026-05-20 16:23:30.878 +07:00 [INF] Executed DbCommand (1ms) [Parameters=[], CommandType='"Text"', CommandTimeout='30']
SELECT [s].[ShowtimeID], [s].[EndTime], [s].[MovieID], [s].[RoomID], [s].[ShowtimeCode], [s].[StartTime], [s].[Status], [m].[MovieID], [m].[Actors], [m].[Director], [m].[Duration], [m].[Genre], [m].[MovieCode], [m].[Poster], [m].[ReleaseDate], [m].[Status], [m].[Title], [m].[Trailer], [r].[RoomID], [r].[Capacity], [r].[RoomCode], [r].[RoomName], [r].[Status]
FROM [Showtimes] AS [s]
INNER JOIN [Movies] AS [m] ON [s].[MovieID] = [m].[MovieID]
INNER JOIN [Rooms] AS [r] ON [s].[RoomID] = [r].[RoomID]
WHERE [s].[Status] NOT IN (N'Đã hủy', N'Đã kết thúc') AND [s].[EndTime] > GETDATE()
ORDER BY [s].[StartTime] DESC
2026-05-20 16:23:30.879 +07:00 [INF] Executing ViewResult, running view Index.
2026-05-20 16:23:30.893 +07:00 [INF] Executed ViewResult - view Index executed in 14.0137ms.
2026-05-20 16:23:30.895 +07:00 [INF] Executed action AuraCinema.Web.Areas.Admin.Controllers.ShowtimesController.Index (AuraCinema.Web) in 19.6019ms
2026-05-20 16:23:30.895 +07:00 [INF] Executed endpoint 'AuraCinema.Web.Areas.Admin.Controllers.ShowtimesController.Index (AuraCinema.Web)'
2026-05-20 16:23:30.895 +07:00 [INF] Request finished HTTP/1.1 GET http://localhost:5231/Admin/Showtimes - 200 null text/html; charset=utf-8 20.6528ms
2026-05-20 16:23:32.520 +07:00 [INF] Request starting HTTP/1.1 GET http://localhost:5231/Admin/Showtimes/Edit/8077 - null null
2026-05-20 16:23:32.521 +07:00 [INF] Executing endpoint 'AuraCinema.Web.Areas.Admin.Controllers.ShowtimesController.Edit (AuraCinema.Web)'
2026-05-20 16:23:32.521 +07:00 [INF] Route matched with {area = "Admin", action = "Edit", controller = "Showtimes"}. Executing controller action with signature System.Threading.Tasks.Task`1[Microsoft.AspNetCore.Mvc.IActionResult] Edit(Int32) on controller AuraCinema.Web.Areas.Admin.Controllers.ShowtimesController (AuraCinema.Web).
2026-05-20 16:23:32.526 +07:00 [INF] Executed DbCommand (3ms) [Parameters=[@__p_0='?' (DbType = Int32)], CommandType='"Text"', CommandTimeout='30']
SELECT TOP(1) [s].[ShowtimeID], [s].[EndTime], [s].[MovieID], [s].[RoomID], [s].[ShowtimeCode], [s].[StartTime], [s].[Status]
FROM [Showtimes] AS [s]
WHERE [s].[ShowtimeID] = @__p_0
2026-05-20 16:23:32.529 +07:00 [INF] Executed DbCommand (2ms) [Parameters=[], CommandType='"Text"', CommandTimeout='30']
SELECT CONVERT(varchar(11), [m].[MovieID]) AS [Value], [m].[Title] AS [Text]
FROM [Movies] AS [m]
WHERE [m].[Status] <> N'Ngung chieu'
2026-05-20 16:23:32.530 +07:00 [INF] Executed DbCommand (0ms) [Parameters=[], CommandType='"Text"', CommandTimeout='30']
SELECT CONVERT(varchar(11), [r].[RoomID]) AS [Value], [r].[RoomName] AS [Text]
FROM [Rooms] AS [r]
WHERE [r].[Status] = N'Hoat dong'
2026-05-20 16:23:32.530 +07:00 [INF] Executing ViewResult, running view Edit.
2026-05-20 16:23:32.533 +07:00 [INF] Executed ViewResult - view Edit executed in 2.7074ms.
2026-05-20 16:23:32.533 +07:00 [INF] Executed action AuraCinema.Web.Areas.Admin.Controllers.ShowtimesController.Edit (AuraCinema.Web) in 11.7984ms
2026-05-20 16:23:32.533 +07:00 [INF] Executed endpoint 'AuraCinema.Web.Areas.Admin.Controllers.ShowtimesController.Edit (AuraCinema.Web)'
2026-05-20 16:23:32.533 +07:00 [INF] Request finished HTTP/1.1 GET http://localhost:5231/Admin/Showtimes/Edit/8077 - 200 null text/html; charset=utf-8 12.8325ms
2026-05-20 16:23:33.710 +07:00 [INF] Request starting HTTP/1.1 POST http://localhost:5231/Admin/Showtimes/Edit/8077 - application/x-www-form-urlencoded 352
2026-05-20 16:23:33.711 +07:00 [INF] Executing endpoint 'AuraCinema.Web.Areas.Admin.Controllers.ShowtimesController.Edit (AuraCinema.Web)'
2026-05-20 16:23:33.711 +07:00 [INF] Route matched with {area = "Admin", action = "Edit", controller = "Showtimes"}. Executing controller action with signature System.Threading.Tasks.Task`1[Microsoft.AspNetCore.Mvc.IActionResult] Edit(Int32, AuraCinema.Web.Areas.Admin.ViewModels.ShowtimeFormViewModel) on controller AuraCinema.Web.Areas.Admin.Controllers.ShowtimesController (AuraCinema.Web).
2026-05-20 16:23:33.713 +07:00 [INF] Executed DbCommand (1ms) [Parameters=[@__p_0='?' (DbType = Int32)], CommandType='"Text"', CommandTimeout='30']
SELECT TOP(1) [s].[ShowtimeID], [s].[EndTime], [s].[MovieID], [s].[RoomID], [s].[ShowtimeCode], [s].[StartTime], [s].[Status]
FROM [Showtimes] AS [s]
WHERE [s].[ShowtimeID] = @__p_0
2026-05-20 16:23:33.714 +07:00 [INF] Executed DbCommand (0ms) [Parameters=[@__p_0='?' (DbType = Int32)], CommandType='"Text"', CommandTimeout='30']
SELECT TOP(1) [m].[MovieID], [m].[Actors], [m].[Director], [m].[Duration], [m].[Genre], [m].[MovieCode], [m].[Poster], [m].[ReleaseDate], [m].[Status], [m].[Title], [m].[Trailer]
FROM [Movies] AS [m]
WHERE [m].[MovieID] = @__p_0
2026-05-20 16:23:33.715 +07:00 [INF] Executed DbCommand (0ms) [Parameters=[@__roomId_0='?' (DbType = Int32), @__currentShowtimeId_Value_1='?' (DbType = Int32), @__start_2='?' (DbType = DateTime2), @__end_3='?' (DbType = DateTime2)], CommandType='"Text"', CommandTimeout='30']
SELECT CASE
    WHEN EXISTS (
        SELECT 1
        FROM [Showtimes] AS [s]
        WHERE [s].[RoomID] = @__roomId_0 AND [s].[Status] <> N'Đã hủy' AND [s].[ShowtimeID] <> @__currentShowtimeId_Value_1 AND @__start_2 < DATEADD(minute, CAST(10.0E0 AS int), [s].[EndTime]) AND @__end_3 > DATEADD(minute, CAST(-10.0E0 AS int), [s].[StartTime])) THEN CAST(1 AS bit)
    ELSE CAST(0 AS bit)
END
2026-05-20 16:23:33.716 +07:00 [INF] Executed DbCommand (1ms) [Parameters=[], CommandType='"Text"', CommandTimeout='30']
SELECT CONVERT(varchar(11), [m].[MovieID]) AS [Value], [m].[Title] AS [Text]
FROM [Movies] AS [m]
WHERE [m].[Status] <> N'Ngung chieu'
2026-05-20 16:23:33.717 +07:00 [INF] Executed DbCommand (0ms) [Parameters=[], CommandType='"Text"', CommandTimeout='30']
SELECT CONVERT(varchar(11), [r].[RoomID]) AS [Value], [r].[RoomName] AS [Text]
FROM [Rooms] AS [r]
WHERE [r].[Status] = N'Hoat dong'
2026-05-20 16:23:33.717 +07:00 [INF] Executing ViewResult, running view Edit.
2026-05-20 16:23:33.720 +07:00 [INF] Executed ViewResult - view Edit executed in 2.58ms.
2026-05-20 16:23:33.720 +07:00 [INF] Executed action AuraCinema.Web.Areas.Admin.Controllers.ShowtimesController.Edit (AuraCinema.Web) in 8.9045ms
2026-05-20 16:23:33.720 +07:00 [INF] Executed endpoint 'AuraCinema.Web.Areas.Admin.Controllers.ShowtimesController.Edit (AuraCinema.Web)'
2026-05-20 16:23:33.720 +07:00 [INF] Request finished HTTP/1.1 POST http://localhost:5231/Admin/Showtimes/Edit/8077 - 200 null text/html; charset=utf-8 9.8707ms
2026-05-20 16:23:36.594 +07:00 [INF] Request starting HTTP/1.1 POST http://localhost:5231/Admin/Showtimes/Edit/8077 - application/x-www-form-urlencoded 352
2026-05-20 16:23:36.595 +07:00 [INF] Executing endpoint 'AuraCinema.Web.Areas.Admin.Controllers.ShowtimesController.Edit (AuraCinema.Web)'
2026-05-20 16:23:36.595 +07:00 [INF] Route matched with {area = "Admin", action = "Edit", controller = "Showtimes"}. Executing controller action with signature System.Threading.Tasks.Task`1[Microsoft.AspNetCore.Mvc.IActionResult] Edit(Int32, AuraCinema.Web.Areas.Admin.ViewModels.ShowtimeFormViewModel) on controller AuraCinema.Web.Areas.Admin.Controllers.ShowtimesController (AuraCinema.Web).
2026-05-20 16:23:36.598 +07:00 [INF] Executed DbCommand (1ms) [Parameters=[@__p_0='?' (DbType = Int32)], CommandType='"Text"', CommandTimeout='30']
SELECT TOP(1) [s].[ShowtimeID], [s].[EndTime], [s].[MovieID], [s].[RoomID], [s].[ShowtimeCode], [s].[StartTime], [s].[Status]
FROM [Showtimes] AS [s]
WHERE [s].[ShowtimeID] = @__p_0
2026-05-20 16:23:36.599 +07:00 [INF] Executed DbCommand (0ms) [Parameters=[@__p_0='?' (DbType = Int32)], CommandType='"Text"', CommandTimeout='30']
SELECT TOP(1) [m].[MovieID], [m].[Actors], [m].[Director], [m].[Duration], [m].[Genre], [m].[MovieCode], [m].[Poster], [m].[ReleaseDate], [m].[Status], [m].[Title], [m].[Trailer]
FROM [Movies] AS [m]
WHERE [m].[MovieID] = @__p_0
2026-05-20 16:23:36.600 +07:00 [INF] Executed DbCommand (1ms) [Parameters=[@__roomId_0='?' (DbType = Int32), @__currentShowtimeId_Value_1='?' (DbType = Int32), @__start_2='?' (DbType = DateTime2), @__end_3='?' (DbType = DateTime2)], CommandType='"Text"', CommandTimeout='30']
SELECT CASE
    WHEN EXISTS (
        SELECT 1
        FROM [Showtimes] AS [s]
        WHERE [s].[RoomID] = @__roomId_0 AND [s].[Status] <> N'Đã hủy' AND [s].[ShowtimeID] <> @__currentShowtimeId_Value_1 AND @__start_2 < DATEADD(minute, CAST(10.0E0 AS int), [s].[EndTime]) AND @__end_3 > DATEADD(minute, CAST(-10.0E0 AS int), [s].[StartTime])) THEN CAST(1 AS bit)
    ELSE CAST(0 AS bit)
END
2026-05-20 16:23:36.601 +07:00 [INF] Executed DbCommand (1ms) [Parameters=[], CommandType='"Text"', CommandTimeout='30']
SELECT CONVERT(varchar(11), [m].[MovieID]) AS [Value], [m].[Title] AS [Text]
FROM [Movies] AS [m]
WHERE [m].[Status] <> N'Ngung chieu'
2026-05-20 16:23:36.603 +07:00 [INF] Executed DbCommand (1ms) [Parameters=[], CommandType='"Text"', CommandTimeout='30']
SELECT CONVERT(varchar(11), [r].[RoomID]) AS [Value], [r].[RoomName] AS [Text]
FROM [Rooms] AS [r]
WHERE [r].[Status] = N'Hoat dong'
2026-05-20 16:23:36.603 +07:00 [INF] Executing ViewResult, running view Edit.
2026-05-20 16:23:36.604 +07:00 [INF] Executed ViewResult - view Edit executed in 1.4952ms.
2026-05-20 16:23:36.605 +07:00 [INF] Executed action AuraCinema.Web.Areas.Admin.Controllers.ShowtimesController.Edit (AuraCinema.Web) in 9.4047ms
2026-05-20 16:23:36.605 +07:00 [INF] Executed endpoint 'AuraCinema.Web.Areas.Admin.Controllers.ShowtimesController.Edit (AuraCinema.Web)'
2026-05-20 16:23:36.605 +07:00 [INF] Request finished HTTP/1.1 POST http://localhost:5231/Admin/Showtimes/Edit/8077 - 200 null text/html; charset=utf-8 10.5768ms
2026-05-20 16:23:42.952 +07:00 [INF] Request starting HTTP/1.1 POST http://localhost:5231/Admin/Showtimes/Edit/8077 - application/x-www-form-urlencoded 352
2026-05-20 16:23:42.953 +07:00 [INF] Executing endpoint 'AuraCinema.Web.Areas.Admin.Controllers.ShowtimesController.Edit (AuraCinema.Web)'
2026-05-20 16:23:42.953 +07:00 [INF] Route matched with {area = "Admin", action = "Edit", controller = "Showtimes"}. Executing controller action with signature System.Threading.Tasks.Task`1[Microsoft.AspNetCore.Mvc.IActionResult] Edit(Int32, AuraCinema.Web.Areas.Admin.ViewModels.ShowtimeFormViewModel) on controller AuraCinema.Web.Areas.Admin.Controllers.ShowtimesController (AuraCinema.Web).
2026-05-20 16:23:42.955 +07:00 [INF] Executed DbCommand (1ms) [Parameters=[@__p_0='?' (DbType = Int32)], CommandType='"Text"', CommandTimeout='30']
SELECT TOP(1) [s].[ShowtimeID], [s].[EndTime], [s].[MovieID], [s].[RoomID], [s].[ShowtimeCode], [s].[StartTime], [s].[Status]
FROM [Showtimes] AS [s]
WHERE [s].[ShowtimeID] = @__p_0
2026-05-20 16:23:42.957 +07:00 [INF] Executed DbCommand (0ms) [Parameters=[@__p_0='?' (DbType = Int32)], CommandType='"Text"', CommandTimeout='30']
SELECT TOP(1) [m].[MovieID], [m].[Actors], [m].[Director], [m].[Duration], [m].[Genre], [m].[MovieCode], [m].[Poster], [m].[ReleaseDate], [m].[Status], [m].[Title], [m].[Trailer]
FROM [Movies] AS [m]
WHERE [m].[MovieID] = @__p_0
2026-05-20 16:23:42.958 +07:00 [INF] Executed DbCommand (1ms) [Parameters=[@__roomId_0='?' (DbType = Int32), @__currentShowtimeId_Value_1='?' (DbType = Int32), @__start_2='?' (DbType = DateTime2), @__end_3='?' (DbType = DateTime2)], CommandType='"Text"', CommandTimeout='30']
SELECT CASE
    WHEN EXISTS (
        SELECT 1
        FROM [Showtimes] AS [s]
        WHERE [s].[RoomID] = @__roomId_0 AND [s].[Status] <> N'Đã hủy' AND [s].[ShowtimeID] <> @__currentShowtimeId_Value_1 AND @__start_2 < DATEADD(minute, CAST(10.0E0 AS int), [s].[EndTime]) AND @__end_3 > DATEADD(minute, CAST(-10.0E0 AS int), [s].[StartTime])) THEN CAST(1 AS bit)
    ELSE CAST(0 AS bit)
END
2026-05-20 16:23:42.959 +07:00 [INF] Executed DbCommand (0ms) [Parameters=[], CommandType='"Text"', CommandTimeout='30']
SELECT CONVERT(varchar(11), [m].[MovieID]) AS [Value], [m].[Title] AS [Text]
FROM [Movies] AS [m]
WHERE [m].[Status] <> N'Ngung chieu'
2026-05-20 16:23:42.960 +07:00 [INF] Executed DbCommand (0ms) [Parameters=[], CommandType='"Text"', CommandTimeout='30']
SELECT CONVERT(varchar(11), [r].[RoomID]) AS [Value], [r].[RoomName] AS [Text]
FROM [Rooms] AS [r]
WHERE [r].[Status] = N'Hoat dong'
2026-05-20 16:23:42.960 +07:00 [INF] Executing ViewResult, running view Edit.
2026-05-20 16:23:42.962 +07:00 [INF] Executed ViewResult - view Edit executed in 1.6813ms.
2026-05-20 16:23:42.962 +07:00 [INF] Executed action AuraCinema.Web.Areas.Admin.Controllers.ShowtimesController.Edit (AuraCinema.Web) in 9.2746ms
2026-05-20 16:23:42.962 +07:00 [INF] Executed endpoint 'AuraCinema.Web.Areas.Admin.Controllers.ShowtimesController.Edit (AuraCinema.Web)'
2026-05-20 16:23:42.962 +07:00 [INF] Request finished HTTP/1.1 POST http://localhost:5231/Admin/Showtimes/Edit/8077 - 200 null text/html; charset=utf-8 10.452ms
2026-05-20 16:23:45.419 +07:00 [INF] Request starting HTTP/1.1 GET http://localhost:5231/Admin/Showtimes - null null
2026-05-20 16:23:45.419 +07:00 [INF] Executing endpoint 'AuraCinema.Web.Areas.Admin.Controllers.ShowtimesController.Index (AuraCinema.Web)'
2026-05-20 16:23:45.419 +07:00 [INF] Route matched with {area = "Admin", action = "Index", controller = "Showtimes"}. Executing controller action with signature System.Threading.Tasks.Task`1[Microsoft.AspNetCore.Mvc.IActionResult] Index(System.String, System.Nullable`1[System.DateTime], System.Nullable`1[System.Int32]) on controller AuraCinema.Web.Areas.Admin.Controllers.ShowtimesController (AuraCinema.Web).
2026-05-20 16:23:45.422 +07:00 [INF] Executed DbCommand (1ms) [Parameters=[], CommandType='"Text"', CommandTimeout='30']
SELECT CONVERT(varchar(11), [r].[RoomID]) AS [Value], [r].[RoomName] AS [Text]
FROM [Rooms] AS [r]
2026-05-20 16:23:45.423 +07:00 [INF] Executed DbCommand (1ms) [Parameters=[], CommandType='"Text"', CommandTimeout='30']
SELECT [s].[ShowtimeID], [s].[EndTime], [s].[MovieID], [s].[RoomID], [s].[ShowtimeCode], [s].[StartTime], [s].[Status], [m].[MovieID], [m].[Actors], [m].[Director], [m].[Duration], [m].[Genre], [m].[MovieCode], [m].[Poster], [m].[ReleaseDate], [m].[Status], [m].[Title], [m].[Trailer], [r].[RoomID], [r].[Capacity], [r].[RoomCode], [r].[RoomName], [r].[Status]
FROM [Showtimes] AS [s]
INNER JOIN [Movies] AS [m] ON [s].[MovieID] = [m].[MovieID]
INNER JOIN [Rooms] AS [r] ON [s].[RoomID] = [r].[RoomID]
WHERE [s].[Status] NOT IN (N'Đã hủy', N'Đã kết thúc') AND [s].[EndTime] > GETDATE()
ORDER BY [s].[StartTime] DESC
2026-05-20 16:23:45.425 +07:00 [INF] Executing ViewResult, running view Index.
2026-05-20 16:23:45.428 +07:00 [INF] Executed ViewResult - view Index executed in 3.1958ms.
2026-05-20 16:23:45.429 +07:00 [INF] Executed action AuraCinema.Web.Areas.Admin.Controllers.ShowtimesController.Index (AuraCinema.Web) in 9.7586ms
2026-05-20 16:23:45.429 +07:00 [INF] Executed endpoint 'AuraCinema.Web.Areas.Admin.Controllers.ShowtimesController.Index (AuraCinema.Web)'
2026-05-20 16:23:45.429 +07:00 [INF] Request finished HTTP/1.1 GET http://localhost:5231/Admin/Showtimes - 200 null text/html; charset=utf-8 10.633ms
2026-05-20 16:23:48.353 +07:00 [INF] Request starting HTTP/1.1 POST http://localhost:5231/Admin/Showtimes/Delete/8077 - application/x-www-form-urlencoded 225
2026-05-20 16:23:48.354 +07:00 [INF] Executing endpoint 'AuraCinema.Web.Areas.Admin.Controllers.ShowtimesController.Delete (AuraCinema.Web)'
2026-05-20 16:23:48.358 +07:00 [INF] Route matched with {area = "Admin", action = "Delete", controller = "Showtimes"}. Executing controller action with signature System.Threading.Tasks.Task`1[Microsoft.AspNetCore.Mvc.IActionResult] Delete(Int32) on controller AuraCinema.Web.Areas.Admin.Controllers.ShowtimesController (AuraCinema.Web).
2026-05-20 16:23:48.378 +07:00 [INF] Executed DbCommand (6ms) [Parameters=[@__id_0='?' (DbType = Int32)], CommandType='"Text"', CommandTimeout='30']
SELECT [t].[ShowtimeID], [t].[EndTime], [t].[MovieID], [t].[RoomID], [t].[ShowtimeCode], [t].[StartTime], [t].[Status], [o].[OrderID], [o].[FinalAmount], [o].[HoldExpiryTime], [o].[OrderCode], [o].[PayOSTransID], [o].[PromoID], [o].[QrCode], [o].[ShowtimeID], [o].[Status], [o].[TotalAmount], [o].[UserID]
FROM (
    SELECT TOP(1) [s].[ShowtimeID], [s].[EndTime], [s].[MovieID], [s].[RoomID], [s].[ShowtimeCode], [s].[StartTime], [s].[Status]
    FROM [Showtimes] AS [s]
    WHERE [s].[ShowtimeID] = @__id_0
) AS [t]
LEFT JOIN [Orders] AS [o] ON [t].[ShowtimeID] = [o].[ShowtimeID]
ORDER BY [t].[ShowtimeID]
2026-05-20 16:23:48.378 +07:00 [INF] Executing RedirectResult, redirecting to /Admin/Showtimes.
2026-05-20 16:23:48.379 +07:00 [INF] Executed action AuraCinema.Web.Areas.Admin.Controllers.ShowtimesController.Delete (AuraCinema.Web) in 20.0226ms
2026-05-20 16:23:48.379 +07:00 [INF] Executed endpoint 'AuraCinema.Web.Areas.Admin.Controllers.ShowtimesController.Delete (AuraCinema.Web)'
2026-05-20 16:23:48.379 +07:00 [INF] Request finished HTTP/1.1 POST http://localhost:5231/Admin/Showtimes/Delete/8077 - 302 0 null 25.4514ms
2026-05-20 16:23:48.385 +07:00 [INF] Request starting HTTP/1.1 GET http://localhost:5231/Admin/Showtimes - null null
2026-05-20 16:23:48.386 +07:00 [INF] Executing endpoint 'AuraCinema.Web.Areas.Admin.Controllers.ShowtimesController.Index (AuraCinema.Web)'
2026-05-20 16:23:48.386 +07:00 [INF] Route matched with {area = "Admin", action = "Index", controller = "Showtimes"}. Executing controller action with signature System.Threading.Tasks.Task`1[Microsoft.AspNetCore.Mvc.IActionResult] Index(System.String, System.Nullable`1[System.DateTime], System.Nullable`1[System.Int32]) on controller AuraCinema.Web.Areas.Admin.Controllers.ShowtimesController (AuraCinema.Web).
2026-05-20 16:23:48.387 +07:00 [INF] Executed DbCommand (0ms) [Parameters=[], CommandType='"Text"', CommandTimeout='30']
SELECT CONVERT(varchar(11), [r].[RoomID]) AS [Value], [r].[RoomName] AS [Text]
FROM [Rooms] AS [r]
2026-05-20 16:23:48.389 +07:00 [INF] Executed DbCommand (1ms) [Parameters=[], CommandType='"Text"', CommandTimeout='30']
SELECT [s].[ShowtimeID], [s].[EndTime], [s].[MovieID], [s].[RoomID], [s].[ShowtimeCode], [s].[StartTime], [s].[Status], [m].[MovieID], [m].[Actors], [m].[Director], [m].[Duration], [m].[Genre], [m].[MovieCode], [m].[Poster], [m].[ReleaseDate], [m].[Status], [m].[Title], [m].[Trailer], [r].[RoomID], [r].[Capacity], [r].[RoomCode], [r].[RoomName], [r].[Status]
FROM [Showtimes] AS [s]
INNER JOIN [Movies] AS [m] ON [s].[MovieID] = [m].[MovieID]
INNER JOIN [Rooms] AS [r] ON [s].[RoomID] = [r].[RoomID]
WHERE [s].[Status] NOT IN (N'Đã hủy', N'Đã kết thúc') AND [s].[EndTime] > GETDATE()
ORDER BY [s].[StartTime] DESC
2026-05-20 16:23:48.391 +07:00 [INF] Executing ViewResult, running view Index.
2026-05-20 16:23:48.393 +07:00 [INF] Executed ViewResult - view Index executed in 2.1113ms.
2026-05-20 16:23:48.394 +07:00 [INF] Executed action AuraCinema.Web.Areas.Admin.Controllers.ShowtimesController.Index (AuraCinema.Web) in 7.7175ms
2026-05-20 16:23:48.394 +07:00 [INF] Executed endpoint 'AuraCinema.Web.Areas.Admin.Controllers.ShowtimesController.Index (AuraCinema.Web)'
2026-05-20 16:23:48.394 +07:00 [INF] Request finished HTTP/1.1 GET http://localhost:5231/Admin/Showtimes - 200 null text/html; charset=utf-8 9.3006ms
2026-05-20 16:23:51.291 +07:00 [INF] Request starting HTTP/1.1 GET http://localhost:5231/Admin/Showtimes/Edit/8077 - null null
2026-05-20 16:23:51.292 +07:00 [INF] Executing endpoint 'AuraCinema.Web.Areas.Admin.Controllers.ShowtimesController.Edit (AuraCinema.Web)'
2026-05-20 16:23:51.292 +07:00 [INF] Route matched with {area = "Admin", action = "Edit", controller = "Showtimes"}. Executing controller action with signature System.Threading.Tasks.Task`1[Microsoft.AspNetCore.Mvc.IActionResult] Edit(Int32) on controller AuraCinema.Web.Areas.Admin.Controllers.ShowtimesController (AuraCinema.Web).
2026-05-20 16:23:51.294 +07:00 [INF] Executed DbCommand (1ms) [Parameters=[@__p_0='?' (DbType = Int32)], CommandType='"Text"', CommandTimeout='30']
SELECT TOP(1) [s].[ShowtimeID], [s].[EndTime], [s].[MovieID], [s].[RoomID], [s].[ShowtimeCode], [s].[StartTime], [s].[Status]
FROM [Showtimes] AS [s]
WHERE [s].[ShowtimeID] = @__p_0
2026-05-20 16:23:51.296 +07:00 [INF] Executed DbCommand (1ms) [Parameters=[], CommandType='"Text"', CommandTimeout='30']
SELECT CONVERT(varchar(11), [m].[MovieID]) AS [Value], [m].[Title] AS [Text]
FROM [Movies] AS [m]
WHERE [m].[Status] <> N'Ngung chieu'
2026-05-20 16:23:51.297 +07:00 [INF] Executed DbCommand (1ms) [Parameters=[], CommandType='"Text"', CommandTimeout='30']
SELECT CONVERT(varchar(11), [r].[RoomID]) AS [Value], [r].[RoomName] AS [Text]
FROM [Rooms] AS [r]
WHERE [r].[Status] = N'Hoat dong'
2026-05-20 16:23:51.297 +07:00 [INF] Executing ViewResult, running view Edit.
2026-05-20 16:23:51.299 +07:00 [INF] Executed ViewResult - view Edit executed in 2.2767ms.
2026-05-20 16:23:51.299 +07:00 [INF] Executed action AuraCinema.Web.Areas.Admin.Controllers.ShowtimesController.Edit (AuraCinema.Web) in 7.2439ms
2026-05-20 16:23:51.300 +07:00 [INF] Executed endpoint 'AuraCinema.Web.Areas.Admin.Controllers.ShowtimesController.Edit (AuraCinema.Web)'
2026-05-20 16:23:51.300 +07:00 [INF] Request finished HTTP/1.1 GET http://localhost:5231/Admin/Showtimes/Edit/8077 - 200 null text/html; charset=utf-8 8.1785ms
2026-05-20 16:23:52.587 +07:00 [INF] Request starting HTTP/1.1 POST http://localhost:5231/Admin/Showtimes/Edit/8077 - application/x-www-form-urlencoded 352
2026-05-20 16:23:52.588 +07:00 [INF] Executing endpoint 'AuraCinema.Web.Areas.Admin.Controllers.ShowtimesController.Edit (AuraCinema.Web)'
2026-05-20 16:23:52.588 +07:00 [INF] Route matched with {area = "Admin", action = "Edit", controller = "Showtimes"}. Executing controller action with signature System.Threading.Tasks.Task`1[Microsoft.AspNetCore.Mvc.IActionResult] Edit(Int32, AuraCinema.Web.Areas.Admin.ViewModels.ShowtimeFormViewModel) on controller AuraCinema.Web.Areas.Admin.Controllers.ShowtimesController (AuraCinema.Web).
2026-05-20 16:23:52.591 +07:00 [INF] Executed DbCommand (1ms) [Parameters=[@__p_0='?' (DbType = Int32)], CommandType='"Text"', CommandTimeout='30']
SELECT TOP(1) [s].[ShowtimeID], [s].[EndTime], [s].[MovieID], [s].[RoomID], [s].[ShowtimeCode], [s].[StartTime], [s].[Status]
FROM [Showtimes] AS [s]
WHERE [s].[ShowtimeID] = @__p_0
2026-05-20 16:23:52.593 +07:00 [INF] Executed DbCommand (1ms) [Parameters=[@__p_0='?' (DbType = Int32)], CommandType='"Text"', CommandTimeout='30']
SELECT TOP(1) [m].[MovieID], [m].[Actors], [m].[Director], [m].[Duration], [m].[Genre], [m].[MovieCode], [m].[Poster], [m].[ReleaseDate], [m].[Status], [m].[Title], [m].[Trailer]
FROM [Movies] AS [m]
WHERE [m].[MovieID] = @__p_0
2026-05-20 16:23:52.595 +07:00 [INF] Executed DbCommand (1ms) [Parameters=[@__roomId_0='?' (DbType = Int32), @__currentShowtimeId_Value_1='?' (DbType = Int32), @__start_2='?' (DbType = DateTime2), @__end_3='?' (DbType = DateTime2)], CommandType='"Text"', CommandTimeout='30']
SELECT CASE
    WHEN EXISTS (
        SELECT 1
        FROM [Showtimes] AS [s]
        WHERE [s].[RoomID] = @__roomId_0 AND [s].[Status] <> N'Đã hủy' AND [s].[ShowtimeID] <> @__currentShowtimeId_Value_1 AND @__start_2 < DATEADD(minute, CAST(10.0E0 AS int), [s].[EndTime]) AND @__end_3 > DATEADD(minute, CAST(-10.0E0 AS int), [s].[StartTime])) THEN CAST(1 AS bit)
    ELSE CAST(0 AS bit)
END
2026-05-20 16:23:52.597 +07:00 [INF] Executed DbCommand (1ms) [Parameters=[], CommandType='"Text"', CommandTimeout='30']
SELECT CONVERT(varchar(11), [m].[MovieID]) AS [Value], [m].[Title] AS [Text]
FROM [Movies] AS [m]
WHERE [m].[Status] <> N'Ngung chieu'
2026-05-20 16:23:52.598 +07:00 [INF] Executed DbCommand (1ms) [Parameters=[], CommandType='"Text"', CommandTimeout='30']
SELECT CONVERT(varchar(11), [r].[RoomID]) AS [Value], [r].[RoomName] AS [Text]
FROM [Rooms] AS [r]
WHERE [r].[Status] = N'Hoat dong'
2026-05-20 16:23:52.598 +07:00 [INF] Executing ViewResult, running view Edit.
2026-05-20 16:23:52.601 +07:00 [INF] Executed ViewResult - view Edit executed in 2.3974ms.
2026-05-20 16:23:52.601 +07:00 [INF] Executed action AuraCinema.Web.Areas.Admin.Controllers.ShowtimesController.Edit (AuraCinema.Web) in 12.6407ms
2026-05-20 16:23:52.601 +07:00 [INF] Executed endpoint 'AuraCinema.Web.Areas.Admin.Controllers.ShowtimesController.Edit (AuraCinema.Web)'
2026-05-20 16:23:52.601 +07:00 [INF] Request finished HTTP/1.1 POST http://localhost:5231/Admin/Showtimes/Edit/8077 - 200 null text/html; charset=utf-8 13.5368ms
2026-05-20 16:23:53.292 +07:00 [INF] Executed DbCommand (2ms) [Parameters=[], CommandType='"Text"', CommandTimeout='30']
SELECT [o].[OrderID], [o].[FinalAmount], [o].[HoldExpiryTime], [o].[OrderCode], [o].[PayOSTransID], [o].[PromoID], [o].[QrCode], [o].[ShowtimeID], [o].[Status], [o].[TotalAmount], [o].[UserID]
FROM [Orders] AS [o]
WHERE [o].[Status] = N'Chờ thanh toán' AND [o].[HoldExpiryTime] <= GETDATE()
2026-05-20 16:23:53.295 +07:00 [INF] Executed DbCommand (2ms) [Parameters=[@__maxSellingDate_0='?' (DbType = DateTime2), @__now_1='?' (DbType = DateTime2)], CommandType='"Text"', CommandTimeout='30']
SELECT [s].[ShowtimeID], [s].[EndTime], [s].[MovieID], [s].[RoomID], [s].[ShowtimeCode], [s].[StartTime], [s].[Status]
FROM [Showtimes] AS [s]
WHERE [s].[Status] IN (N'Đã lên lịch', N'Sap chieu') AND CONVERT(date, [s].[StartTime]) <= @__maxSellingDate_0 AND [s].[StartTime] > @__now_1
2026-05-20 16:23:53.298 +07:00 [INF] Executed DbCommand (2ms) [Parameters=[@__now_0='?' (DbType = DateTime2)], CommandType='"Text"', CommandTimeout='30']
SELECT [s].[ShowtimeID], [s].[EndTime], [s].[MovieID], [s].[RoomID], [s].[ShowtimeCode], [s].[StartTime], [s].[Status]
FROM [Showtimes] AS [s]
WHERE [s].[Status] IN (N'Đã lên lịch', N'Đang mở bán', N'Sap chieu') AND [s].[StartTime] <= @__now_0 AND [s].[EndTime] > @__now_0
2026-05-20 16:23:53.300 +07:00 [INF] Executed DbCommand (2ms) [Parameters=[@__now_0='?' (DbType = DateTime2)], CommandType='"Text"', CommandTimeout='30']
SELECT [s].[ShowtimeID], [s].[EndTime], [s].[MovieID], [s].[RoomID], [s].[ShowtimeCode], [s].[StartTime], [s].[Status]
FROM [Showtimes] AS [s]
WHERE [s].[Status] IN (N'Đã lên lịch', N'Đang mở bán', N'Đang chiếu', N'Sap chieu', N'Dang dien ra') AND [s].[EndTime] <= @__now_0
2026-05-20 16:23:54.963 +07:00 [INF] Request starting HTTP/1.1 GET http://localhost:5231/Admin/Showtimes - null null
2026-05-20 16:23:54.963 +07:00 [INF] Executing endpoint 'AuraCinema.Web.Areas.Admin.Controllers.ShowtimesController.Index (AuraCinema.Web)'
2026-05-20 16:23:54.963 +07:00 [INF] Route matched with {area = "Admin", action = "Index", controller = "Showtimes"}. Executing controller action with signature System.Threading.Tasks.Task`1[Microsoft.AspNetCore.Mvc.IActionResult] Index(System.String, System.Nullable`1[System.DateTime], System.Nullable`1[System.Int32]) on controller AuraCinema.Web.Areas.Admin.Controllers.ShowtimesController (AuraCinema.Web).
2026-05-20 16:23:54.965 +07:00 [INF] Executed DbCommand (0ms) [Parameters=[], CommandType='"Text"', CommandTimeout='30']
SELECT CONVERT(varchar(11), [r].[RoomID]) AS [Value], [r].[RoomName] AS [Text]
FROM [Rooms] AS [r]
2026-05-20 16:23:54.966 +07:00 [INF] Executed DbCommand (1ms) [Parameters=[], CommandType='"Text"', CommandTimeout='30']
SELECT [s].[ShowtimeID], [s].[EndTime], [s].[MovieID], [s].[RoomID], [s].[ShowtimeCode], [s].[StartTime], [s].[Status], [m].[MovieID], [m].[Actors], [m].[Director], [m].[Duration], [m].[Genre], [m].[MovieCode], [m].[Poster], [m].[ReleaseDate], [m].[Status], [m].[Title], [m].[Trailer], [r].[RoomID], [r].[Capacity], [r].[RoomCode], [r].[RoomName], [r].[Status]
FROM [Showtimes] AS [s]
INNER JOIN [Movies] AS [m] ON [s].[MovieID] = [m].[MovieID]
INNER JOIN [Rooms] AS [r] ON [s].[RoomID] = [r].[RoomID]
WHERE [s].[Status] NOT IN (N'Đã hủy', N'Đã kết thúc') AND [s].[EndTime] > GETDATE()
ORDER BY [s].[StartTime] DESC
2026-05-20 16:23:54.968 +07:00 [INF] Executing ViewResult, running view Index.
2026-05-20 16:23:54.970 +07:00 [INF] Executed ViewResult - view Index executed in 2.5954ms.
2026-05-20 16:23:54.971 +07:00 [INF] Executed action AuraCinema.Web.Areas.Admin.Controllers.ShowtimesController.Index (AuraCinema.Web) in 7.2873ms
2026-05-20 16:23:54.971 +07:00 [INF] Executed endpoint 'AuraCinema.Web.Areas.Admin.Controllers.ShowtimesController.Index (AuraCinema.Web)'
2026-05-20 16:23:54.971 +07:00 [INF] Request finished HTTP/1.1 GET http://localhost:5231/Admin/Showtimes - 200 null text/html; charset=utf-8 8.122ms
2026-05-20 16:24:09.397 +07:00 [INF] Request starting HTTP/1.1 POST http://localhost:5231/Admin/Showtimes/Delete/8077 - application/x-www-form-urlencoded 225
2026-05-20 16:24:09.398 +07:00 [INF] Executing endpoint 'AuraCinema.Web.Areas.Admin.Controllers.ShowtimesController.Delete (AuraCinema.Web)'
2026-05-20 16:24:09.398 +07:00 [INF] Route matched with {area = "Admin", action = "Delete", controller = "Showtimes"}. Executing controller action with signature System.Threading.Tasks.Task`1[Microsoft.AspNetCore.Mvc.IActionResult] Delete(Int32) on controller AuraCinema.Web.Areas.Admin.Controllers.ShowtimesController (AuraCinema.Web).
2026-05-20 16:24:09.400 +07:00 [INF] Executed DbCommand (1ms) [Parameters=[@__id_0='?' (DbType = Int32)], CommandType='"Text"', CommandTimeout='30']
SELECT [t].[ShowtimeID], [t].[EndTime], [t].[MovieID], [t].[RoomID], [t].[ShowtimeCode], [t].[StartTime], [t].[Status], [o].[OrderID], [o].[FinalAmount], [o].[HoldExpiryTime], [o].[OrderCode], [o].[PayOSTransID], [o].[PromoID], [o].[QrCode], [o].[ShowtimeID], [o].[Status], [o].[TotalAmount], [o].[UserID]
FROM (
    SELECT TOP(1) [s].[ShowtimeID], [s].[EndTime], [s].[MovieID], [s].[RoomID], [s].[ShowtimeCode], [s].[StartTime], [s].[Status]
    FROM [Showtimes] AS [s]
    WHERE [s].[ShowtimeID] = @__id_0
) AS [t]
LEFT JOIN [Orders] AS [o] ON [t].[ShowtimeID] = [o].[ShowtimeID]
ORDER BY [t].[ShowtimeID]
2026-05-20 16:24:09.400 +07:00 [INF] Executing RedirectResult, redirecting to /Admin/Showtimes.
2026-05-20 16:24:09.400 +07:00 [INF] Executed action AuraCinema.Web.Areas.Admin.Controllers.ShowtimesController.Delete (AuraCinema.Web) in 2.7716ms
2026-05-20 16:24:09.401 +07:00 [INF] Executed endpoint 'AuraCinema.Web.Areas.Admin.Controllers.ShowtimesController.Delete (AuraCinema.Web)'
2026-05-20 16:24:09.401 +07:00 [INF] Request finished HTTP/1.1 POST http://localhost:5231/Admin/Showtimes/Delete/8077 - 302 0 null 3.9023ms
2026-05-20 16:24:09.405 +07:00 [INF] Request starting HTTP/1.1 GET http://localhost:5231/Admin/Showtimes - null null
2026-05-20 16:24:09.405 +07:00 [INF] Executing endpoint 'AuraCinema.Web.Areas.Admin.Controllers.ShowtimesController.Index (AuraCinema.Web)'
2026-05-20 16:24:09.406 +07:00 [INF] Route matched with {area = "Admin", action = "Index", controller = "Showtimes"}. Executing controller action with signature System.Threading.Tasks.Task`1[Microsoft.AspNetCore.Mvc.IActionResult] Index(System.String, System.Nullable`1[System.DateTime], System.Nullable`1[System.Int32]) on controller AuraCinema.Web.Areas.Admin.Controllers.ShowtimesController (AuraCinema.Web).
2026-05-20 16:24:09.408 +07:00 [INF] Executed DbCommand (1ms) [Parameters=[], CommandType='"Text"', CommandTimeout='30']
SELECT CONVERT(varchar(11), [r].[RoomID]) AS [Value], [r].[RoomName] AS [Text]
FROM [Rooms] AS [r]
2026-05-20 16:24:09.410 +07:00 [INF] Executed DbCommand (1ms) [Parameters=[], CommandType='"Text"', CommandTimeout='30']
SELECT [s].[ShowtimeID], [s].[EndTime], [s].[MovieID], [s].[RoomID], [s].[ShowtimeCode], [s].[StartTime], [s].[Status], [m].[MovieID], [m].[Actors], [m].[Director], [m].[Duration], [m].[Genre], [m].[MovieCode], [m].[Poster], [m].[ReleaseDate], [m].[Status], [m].[Title], [m].[Trailer], [r].[RoomID], [r].[Capacity], [r].[RoomCode], [r].[RoomName], [r].[Status]
FROM [Showtimes] AS [s]
INNER JOIN [Movies] AS [m] ON [s].[MovieID] = [m].[MovieID]
INNER JOIN [Rooms] AS [r] ON [s].[RoomID] = [r].[RoomID]
WHERE [s].[Status] NOT IN (N'Đã hủy', N'Đã kết thúc') AND [s].[EndTime] > GETDATE()
ORDER BY [s].[StartTime] DESC
2026-05-20 16:24:09.412 +07:00 [INF] Executing ViewResult, running view Index.
2026-05-20 16:24:09.415 +07:00 [INF] Executed ViewResult - view Index executed in 2.8798ms.
2026-05-20 16:24:09.415 +07:00 [INF] Executed action AuraCinema.Web.Areas.Admin.Controllers.ShowtimesController.Index (AuraCinema.Web) in 9.0076ms
2026-05-20 16:24:09.415 +07:00 [INF] Executed endpoint 'AuraCinema.Web.Areas.Admin.Controllers.ShowtimesController.Index (AuraCinema.Web)'
2026-05-20 16:24:09.415 +07:00 [INF] Request finished HTTP/1.1 GET http://localhost:5231/Admin/Showtimes - 200 null text/html; charset=utf-8 9.8277ms
2026-05-20 16:24:11.027 +07:00 [INF] Request starting HTTP/1.1 GET http://localhost:5231/Admin/Showtimes/Edit/8077 - null null
2026-05-20 16:24:11.028 +07:00 [INF] Executing endpoint 'AuraCinema.Web.Areas.Admin.Controllers.ShowtimesController.Edit (AuraCinema.Web)'
2026-05-20 16:24:11.028 +07:00 [INF] Route matched with {area = "Admin", action = "Edit", controller = "Showtimes"}. Executing controller action with signature System.Threading.Tasks.Task`1[Microsoft.AspNetCore.Mvc.IActionResult] Edit(Int32) on controller AuraCinema.Web.Areas.Admin.Controllers.ShowtimesController (AuraCinema.Web).
2026-05-20 16:24:11.029 +07:00 [INF] Executed DbCommand (1ms) [Parameters=[@__p_0='?' (DbType = Int32)], CommandType='"Text"', CommandTimeout='30']
SELECT TOP(1) [s].[ShowtimeID], [s].[EndTime], [s].[MovieID], [s].[RoomID], [s].[ShowtimeCode], [s].[StartTime], [s].[Status]
FROM [Showtimes] AS [s]
WHERE [s].[ShowtimeID] = @__p_0
2026-05-20 16:24:11.031 +07:00 [INF] Executed DbCommand (1ms) [Parameters=[], CommandType='"Text"', CommandTimeout='30']
SELECT CONVERT(varchar(11), [m].[MovieID]) AS [Value], [m].[Title] AS [Text]
FROM [Movies] AS [m]
WHERE [m].[Status] <> N'Ngung chieu'
2026-05-20 16:24:11.032 +07:00 [INF] Executed DbCommand (1ms) [Parameters=[], CommandType='"Text"', CommandTimeout='30']
SELECT CONVERT(varchar(11), [r].[RoomID]) AS [Value], [r].[RoomName] AS [Text]
FROM [Rooms] AS [r]
WHERE [r].[Status] = N'Hoat dong'
2026-05-20 16:24:11.032 +07:00 [INF] Executing ViewResult, running view Edit.
2026-05-20 16:24:11.034 +07:00 [INF] Executed ViewResult - view Edit executed in 2.0443ms.
2026-05-20 16:24:11.034 +07:00 [INF] Executed action AuraCinema.Web.Areas.Admin.Controllers.ShowtimesController.Edit (AuraCinema.Web) in 6.3224ms
2026-05-20 16:24:11.034 +07:00 [INF] Executed endpoint 'AuraCinema.Web.Areas.Admin.Controllers.ShowtimesController.Edit (AuraCinema.Web)'
2026-05-20 16:24:11.035 +07:00 [INF] Request finished HTTP/1.1 GET http://localhost:5231/Admin/Showtimes/Edit/8077 - 200 null text/html; charset=utf-8 7.135ms
2026-05-20 16:24:12.133 +07:00 [INF] Request starting HTTP/1.1 POST http://localhost:5231/Admin/Showtimes/Edit/8077 - application/x-www-form-urlencoded 352
2026-05-20 16:24:12.134 +07:00 [INF] Executing endpoint 'AuraCinema.Web.Areas.Admin.Controllers.ShowtimesController.Edit (AuraCinema.Web)'
2026-05-20 16:24:12.134 +07:00 [INF] Route matched with {area = "Admin", action = "Edit", controller = "Showtimes"}. Executing controller action with signature System.Threading.Tasks.Task`1[Microsoft.AspNetCore.Mvc.IActionResult] Edit(Int32, AuraCinema.Web.Areas.Admin.ViewModels.ShowtimeFormViewModel) on controller AuraCinema.Web.Areas.Admin.Controllers.ShowtimesController (AuraCinema.Web).
2026-05-20 16:24:12.135 +07:00 [INF] Executed DbCommand (0ms) [Parameters=[@__p_0='?' (DbType = Int32)], CommandType='"Text"', CommandTimeout='30']
SELECT TOP(1) [s].[ShowtimeID], [s].[EndTime], [s].[MovieID], [s].[RoomID], [s].[ShowtimeCode], [s].[StartTime], [s].[Status]
FROM [Showtimes] AS [s]
WHERE [s].[ShowtimeID] = @__p_0
2026-05-20 16:24:12.137 +07:00 [INF] Executed DbCommand (0ms) [Parameters=[@__p_0='?' (DbType = Int32)], CommandType='"Text"', CommandTimeout='30']
SELECT TOP(1) [m].[MovieID], [m].[Actors], [m].[Director], [m].[Duration], [m].[Genre], [m].[MovieCode], [m].[Poster], [m].[ReleaseDate], [m].[Status], [m].[Title], [m].[Trailer]
FROM [Movies] AS [m]
WHERE [m].[MovieID] = @__p_0
2026-05-20 16:24:12.138 +07:00 [INF] Executed DbCommand (1ms) [Parameters=[@__roomId_0='?' (DbType = Int32), @__currentShowtimeId_Value_1='?' (DbType = Int32), @__start_2='?' (DbType = DateTime2), @__end_3='?' (DbType = DateTime2)], CommandType='"Text"', CommandTimeout='30']
SELECT CASE
    WHEN EXISTS (
        SELECT 1
        FROM [Showtimes] AS [s]
        WHERE [s].[RoomID] = @__roomId_0 AND [s].[Status] <> N'Đã hủy' AND [s].[ShowtimeID] <> @__currentShowtimeId_Value_1 AND @__start_2 < DATEADD(minute, CAST(10.0E0 AS int), [s].[EndTime]) AND @__end_3 > DATEADD(minute, CAST(-10.0E0 AS int), [s].[StartTime])) THEN CAST(1 AS bit)
    ELSE CAST(0 AS bit)
END
2026-05-20 16:24:12.140 +07:00 [INF] Executed DbCommand (1ms) [Parameters=[], CommandType='"Text"', CommandTimeout='30']
SELECT CONVERT(varchar(11), [m].[MovieID]) AS [Value], [m].[Title] AS [Text]
FROM [Movies] AS [m]
WHERE [m].[Status] <> N'Ngung chieu'
2026-05-20 16:24:12.141 +07:00 [INF] Executed DbCommand (1ms) [Parameters=[], CommandType='"Text"', CommandTimeout='30']
SELECT CONVERT(varchar(11), [r].[RoomID]) AS [Value], [r].[RoomName] AS [Text]
FROM [Rooms] AS [r]
WHERE [r].[Status] = N'Hoat dong'
2026-05-20 16:24:12.142 +07:00 [INF] Executing ViewResult, running view Edit.
2026-05-20 16:24:12.143 +07:00 [INF] Executed ViewResult - view Edit executed in 1.7961ms.
2026-05-20 16:24:12.144 +07:00 [INF] Executed action AuraCinema.Web.Areas.Admin.Controllers.ShowtimesController.Edit (AuraCinema.Web) in 9.8469ms
2026-05-20 16:24:12.144 +07:00 [INF] Executed endpoint 'AuraCinema.Web.Areas.Admin.Controllers.ShowtimesController.Edit (AuraCinema.Web)'
2026-05-20 16:24:12.144 +07:00 [INF] Request finished HTTP/1.1 POST http://localhost:5231/Admin/Showtimes/Edit/8077 - 200 null text/html; charset=utf-8 10.5478ms
2026-05-20 16:24:15.616 +07:00 [INF] Request starting HTTP/1.1 GET http://localhost:5231/Admin/Showtimes - null null
2026-05-20 16:24:15.616 +07:00 [INF] Executing endpoint 'AuraCinema.Web.Areas.Admin.Controllers.ShowtimesController.Index (AuraCinema.Web)'
2026-05-20 16:24:15.616 +07:00 [INF] Route matched with {area = "Admin", action = "Index", controller = "Showtimes"}. Executing controller action with signature System.Threading.Tasks.Task`1[Microsoft.AspNetCore.Mvc.IActionResult] Index(System.String, System.Nullable`1[System.DateTime], System.Nullable`1[System.Int32]) on controller AuraCinema.Web.Areas.Admin.Controllers.ShowtimesController (AuraCinema.Web).
2026-05-20 16:24:15.618 +07:00 [INF] Executed DbCommand (0ms) [Parameters=[], CommandType='"Text"', CommandTimeout='30']
SELECT CONVERT(varchar(11), [r].[RoomID]) AS [Value], [r].[RoomName] AS [Text]
FROM [Rooms] AS [r]
2026-05-20 16:24:15.619 +07:00 [INF] Executed DbCommand (1ms) [Parameters=[], CommandType='"Text"', CommandTimeout='30']
SELECT [s].[ShowtimeID], [s].[EndTime], [s].[MovieID], [s].[RoomID], [s].[ShowtimeCode], [s].[StartTime], [s].[Status], [m].[MovieID], [m].[Actors], [m].[Director], [m].[Duration], [m].[Genre], [m].[MovieCode], [m].[Poster], [m].[ReleaseDate], [m].[Status], [m].[Title], [m].[Trailer], [r].[RoomID], [r].[Capacity], [r].[RoomCode], [r].[RoomName], [r].[Status]
FROM [Showtimes] AS [s]
INNER JOIN [Movies] AS [m] ON [s].[MovieID] = [m].[MovieID]
INNER JOIN [Rooms] AS [r] ON [s].[RoomID] = [r].[RoomID]
WHERE [s].[Status] NOT IN (N'Đã hủy', N'Đã kết thúc') AND [s].[EndTime] > GETDATE()
ORDER BY [s].[StartTime] DESC
2026-05-20 16:24:15.620 +07:00 [INF] Executing ViewResult, running view Index.
2026-05-20 16:24:15.623 +07:00 [INF] Executed ViewResult - view Index executed in 2.856ms.
2026-05-20 16:24:15.623 +07:00 [INF] Executed action AuraCinema.Web.Areas.Admin.Controllers.ShowtimesController.Index (AuraCinema.Web) in 7.2967ms
2026-05-20 16:24:15.623 +07:00 [INF] Executed endpoint 'AuraCinema.Web.Areas.Admin.Controllers.ShowtimesController.Index (AuraCinema.Web)'
2026-05-20 16:24:15.624 +07:00 [INF] Request finished HTTP/1.1 GET http://localhost:5231/Admin/Showtimes - 200 null text/html; charset=utf-8 8.0826ms
2026-05-20 16:24:25.791 +07:00 [INF] Request starting HTTP/1.1 POST http://localhost:5231/Admin/Showtimes/Delete/8077 - application/x-www-form-urlencoded 225
2026-05-20 16:24:25.791 +07:00 [INF] Executing endpoint 'AuraCinema.Web.Areas.Admin.Controllers.ShowtimesController.Delete (AuraCinema.Web)'
2026-05-20 16:24:25.791 +07:00 [INF] Route matched with {area = "Admin", action = "Delete", controller = "Showtimes"}. Executing controller action with signature System.Threading.Tasks.Task`1[Microsoft.AspNetCore.Mvc.IActionResult] Delete(Int32) on controller AuraCinema.Web.Areas.Admin.Controllers.ShowtimesController (AuraCinema.Web).
2026-05-20 16:24:25.793 +07:00 [INF] Executed DbCommand (1ms) [Parameters=[@__id_0='?' (DbType = Int32)], CommandType='"Text"', CommandTimeout='30']
SELECT [t].[ShowtimeID], [t].[EndTime], [t].[MovieID], [t].[RoomID], [t].[ShowtimeCode], [t].[StartTime], [t].[Status], [o].[OrderID], [o].[FinalAmount], [o].[HoldExpiryTime], [o].[OrderCode], [o].[PayOSTransID], [o].[PromoID], [o].[QrCode], [o].[ShowtimeID], [o].[Status], [o].[TotalAmount], [o].[UserID]
FROM (
    SELECT TOP(1) [s].[ShowtimeID], [s].[EndTime], [s].[MovieID], [s].[RoomID], [s].[ShowtimeCode], [s].[StartTime], [s].[Status]
    FROM [Showtimes] AS [s]
    WHERE [s].[ShowtimeID] = @__id_0
) AS [t]
LEFT JOIN [Orders] AS [o] ON [t].[ShowtimeID] = [o].[ShowtimeID]
ORDER BY [t].[ShowtimeID]
2026-05-20 16:24:25.794 +07:00 [INF] Executing RedirectResult, redirecting to /Admin/Showtimes.
2026-05-20 16:24:25.794 +07:00 [INF] Executed action AuraCinema.Web.Areas.Admin.Controllers.ShowtimesController.Delete (AuraCinema.Web) in 2.5645ms
2026-05-20 16:24:25.794 +07:00 [INF] Executed endpoint 'AuraCinema.Web.Areas.Admin.Controllers.ShowtimesController.Delete (AuraCinema.Web)'
2026-05-20 16:24:25.794 +07:00 [INF] Request finished HTTP/1.1 POST http://localhost:5231/Admin/Showtimes/Delete/8077 - 302 0 null 3.2114ms
2026-05-20 16:24:25.804 +07:00 [INF] Request starting HTTP/1.1 GET http://localhost:5231/Admin/Showtimes - null null
2026-05-20 16:24:25.804 +07:00 [INF] Executing endpoint 'AuraCinema.Web.Areas.Admin.Controllers.ShowtimesController.Index (AuraCinema.Web)'
2026-05-20 16:24:25.804 +07:00 [INF] Route matched with {area = "Admin", action = "Index", controller = "Showtimes"}. Executing controller action with signature System.Threading.Tasks.Task`1[Microsoft.AspNetCore.Mvc.IActionResult] Index(System.String, System.Nullable`1[System.DateTime], System.Nullable`1[System.Int32]) on controller AuraCinema.Web.Areas.Admin.Controllers.ShowtimesController (AuraCinema.Web).
2026-05-20 16:24:25.807 +07:00 [INF] Executed DbCommand (1ms) [Parameters=[], CommandType='"Text"', CommandTimeout='30']
SELECT CONVERT(varchar(11), [r].[RoomID]) AS [Value], [r].[RoomName] AS [Text]
FROM [Rooms] AS [r]
2026-05-20 16:24:25.808 +07:00 [INF] Executed DbCommand (1ms) [Parameters=[], CommandType='"Text"', CommandTimeout='30']
SELECT [s].[ShowtimeID], [s].[EndTime], [s].[MovieID], [s].[RoomID], [s].[ShowtimeCode], [s].[StartTime], [s].[Status], [m].[MovieID], [m].[Actors], [m].[Director], [m].[Duration], [m].[Genre], [m].[MovieCode], [m].[Poster], [m].[ReleaseDate], [m].[Status], [m].[Title], [m].[Trailer], [r].[RoomID], [r].[Capacity], [r].[RoomCode], [r].[RoomName], [r].[Status]
FROM [Showtimes] AS [s]
INNER JOIN [Movies] AS [m] ON [s].[MovieID] = [m].[MovieID]
INNER JOIN [Rooms] AS [r] ON [s].[RoomID] = [r].[RoomID]
WHERE [s].[Status] NOT IN (N'Đã hủy', N'Đã kết thúc') AND [s].[EndTime] > GETDATE()
ORDER BY [s].[StartTime] DESC
2026-05-20 16:24:25.809 +07:00 [INF] Executing ViewResult, running view Index.
2026-05-20 16:24:25.811 +07:00 [INF] Executed ViewResult - view Index executed in 1.462ms.
2026-05-20 16:24:25.811 +07:00 [INF] Executed action AuraCinema.Web.Areas.Admin.Controllers.ShowtimesController.Index (AuraCinema.Web) in 6.3269ms
2026-05-20 16:24:25.811 +07:00 [INF] Executed endpoint 'AuraCinema.Web.Areas.Admin.Controllers.ShowtimesController.Index (AuraCinema.Web)'
2026-05-20 16:24:25.811 +07:00 [INF] Request finished HTTP/1.1 GET http://localhost:5231/Admin/Showtimes - 200 null text/html; charset=utf-8 7.2466ms
2026-05-20 16:24:28.480 +07:00 [INF] Request starting HTTP/1.1 GET http://localhost:5231/Admin/Showtimes/Edit/8077 - null null
2026-05-20 16:24:28.481 +07:00 [INF] Executing endpoint 'AuraCinema.Web.Areas.Admin.Controllers.ShowtimesController.Edit (AuraCinema.Web)'
2026-05-20 16:24:28.481 +07:00 [INF] Route matched with {area = "Admin", action = "Edit", controller = "Showtimes"}. Executing controller action with signature System.Threading.Tasks.Task`1[Microsoft.AspNetCore.Mvc.IActionResult] Edit(Int32) on controller AuraCinema.Web.Areas.Admin.Controllers.ShowtimesController (AuraCinema.Web).
2026-05-20 16:24:28.484 +07:00 [INF] Executed DbCommand (2ms) [Parameters=[@__p_0='?' (DbType = Int32)], CommandType='"Text"', CommandTimeout='30']
SELECT TOP(1) [s].[ShowtimeID], [s].[EndTime], [s].[MovieID], [s].[RoomID], [s].[ShowtimeCode], [s].[StartTime], [s].[Status]
FROM [Showtimes] AS [s]
WHERE [s].[ShowtimeID] = @__p_0
2026-05-20 16:24:28.487 +07:00 [INF] Executed DbCommand (3ms) [Parameters=[], CommandType='"Text"', CommandTimeout='30']
SELECT CONVERT(varchar(11), [m].[MovieID]) AS [Value], [m].[Title] AS [Text]
FROM [Movies] AS [m]
WHERE [m].[Status] <> N'Ngung chieu'
2026-05-20 16:24:28.489 +07:00 [INF] Executed DbCommand (1ms) [Parameters=[], CommandType='"Text"', CommandTimeout='30']
SELECT CONVERT(varchar(11), [r].[RoomID]) AS [Value], [r].[RoomName] AS [Text]
FROM [Rooms] AS [r]
WHERE [r].[Status] = N'Hoat dong'
2026-05-20 16:24:28.489 +07:00 [INF] Executing ViewResult, running view Edit.
2026-05-20 16:24:28.490 +07:00 [INF] Executed ViewResult - view Edit executed in 0.887ms.
2026-05-20 16:24:28.490 +07:00 [INF] Executed action AuraCinema.Web.Areas.Admin.Controllers.ShowtimesController.Edit (AuraCinema.Web) in 9.1235ms
2026-05-20 16:24:28.490 +07:00 [INF] Executed endpoint 'AuraCinema.Web.Areas.Admin.Controllers.ShowtimesController.Edit (AuraCinema.Web)'
2026-05-20 16:24:28.490 +07:00 [INF] Request finished HTTP/1.1 GET http://localhost:5231/Admin/Showtimes/Edit/8077 - 200 null text/html; charset=utf-8 9.7315ms
2026-05-20 16:24:29.524 +07:00 [INF] Request starting HTTP/1.1 POST http://localhost:5231/Admin/Showtimes/Edit/8077 - application/x-www-form-urlencoded 352
2026-05-20 16:24:29.524 +07:00 [INF] Executing endpoint 'AuraCinema.Web.Areas.Admin.Controllers.ShowtimesController.Edit (AuraCinema.Web)'
2026-05-20 16:24:29.524 +07:00 [INF] Route matched with {area = "Admin", action = "Edit", controller = "Showtimes"}. Executing controller action with signature System.Threading.Tasks.Task`1[Microsoft.AspNetCore.Mvc.IActionResult] Edit(Int32, AuraCinema.Web.Areas.Admin.ViewModels.ShowtimeFormViewModel) on controller AuraCinema.Web.Areas.Admin.Controllers.ShowtimesController (AuraCinema.Web).
2026-05-20 16:24:29.527 +07:00 [INF] Executed DbCommand (2ms) [Parameters=[@__p_0='?' (DbType = Int32)], CommandType='"Text"', CommandTimeout='30']
SELECT TOP(1) [s].[ShowtimeID], [s].[EndTime], [s].[MovieID], [s].[RoomID], [s].[ShowtimeCode], [s].[StartTime], [s].[Status]
FROM [Showtimes] AS [s]
WHERE [s].[ShowtimeID] = @__p_0
2026-05-20 16:24:29.530 +07:00 [INF] Executed DbCommand (2ms) [Parameters=[@__p_0='?' (DbType = Int32)], CommandType='"Text"', CommandTimeout='30']
SELECT TOP(1) [m].[MovieID], [m].[Actors], [m].[Director], [m].[Duration], [m].[Genre], [m].[MovieCode], [m].[Poster], [m].[ReleaseDate], [m].[Status], [m].[Title], [m].[Trailer]
FROM [Movies] AS [m]
WHERE [m].[MovieID] = @__p_0
2026-05-20 16:24:29.534 +07:00 [INF] Executed DbCommand (4ms) [Parameters=[@__roomId_0='?' (DbType = Int32), @__currentShowtimeId_Value_1='?' (DbType = Int32), @__start_2='?' (DbType = DateTime2), @__end_3='?' (DbType = DateTime2)], CommandType='"Text"', CommandTimeout='30']
SELECT CASE
    WHEN EXISTS (
        SELECT 1
        FROM [Showtimes] AS [s]
        WHERE [s].[RoomID] = @__roomId_0 AND [s].[Status] <> N'Đã hủy' AND [s].[ShowtimeID] <> @__currentShowtimeId_Value_1 AND @__start_2 < DATEADD(minute, CAST(10.0E0 AS int), [s].[EndTime]) AND @__end_3 > DATEADD(minute, CAST(-10.0E0 AS int), [s].[StartTime])) THEN CAST(1 AS bit)
    ELSE CAST(0 AS bit)
END
2026-05-20 16:24:29.537 +07:00 [INF] Executed DbCommand (2ms) [Parameters=[], CommandType='"Text"', CommandTimeout='30']
SELECT CONVERT(varchar(11), [m].[MovieID]) AS [Value], [m].[Title] AS [Text]
FROM [Movies] AS [m]
WHERE [m].[Status] <> N'Ngung chieu'
2026-05-20 16:24:29.538 +07:00 [INF] Executed DbCommand (1ms) [Parameters=[], CommandType='"Text"', CommandTimeout='30']
SELECT CONVERT(varchar(11), [r].[RoomID]) AS [Value], [r].[RoomName] AS [Text]
FROM [Rooms] AS [r]
WHERE [r].[Status] = N'Hoat dong'
2026-05-20 16:24:29.539 +07:00 [INF] Executing ViewResult, running view Edit.
2026-05-20 16:24:29.540 +07:00 [INF] Executed ViewResult - view Edit executed in 1.2548ms.
2026-05-20 16:24:29.540 +07:00 [INF] Executed action AuraCinema.Web.Areas.Admin.Controllers.ShowtimesController.Edit (AuraCinema.Web) in 15.7492ms
2026-05-20 16:24:29.540 +07:00 [INF] Executed endpoint 'AuraCinema.Web.Areas.Admin.Controllers.ShowtimesController.Edit (AuraCinema.Web)'
2026-05-20 16:24:29.540 +07:00 [INF] Request finished HTTP/1.1 POST http://localhost:5231/Admin/Showtimes/Edit/8077 - 200 null text/html; charset=utf-8 16.317ms
2026-05-20 16:24:31.426 +07:00 [INF] Request starting HTTP/1.1 GET http://localhost:5231/Admin/Showtimes - null null
2026-05-20 16:24:31.426 +07:00 [INF] Executing endpoint 'AuraCinema.Web.Areas.Admin.Controllers.ShowtimesController.Index (AuraCinema.Web)'
2026-05-20 16:24:31.427 +07:00 [INF] Route matched with {area = "Admin", action = "Index", controller = "Showtimes"}. Executing controller action with signature System.Threading.Tasks.Task`1[Microsoft.AspNetCore.Mvc.IActionResult] Index(System.String, System.Nullable`1[System.DateTime], System.Nullable`1[System.Int32]) on controller AuraCinema.Web.Areas.Admin.Controllers.ShowtimesController (AuraCinema.Web).
2026-05-20 16:24:31.430 +07:00 [INF] Executed DbCommand (2ms) [Parameters=[], CommandType='"Text"', CommandTimeout='30']
SELECT CONVERT(varchar(11), [r].[RoomID]) AS [Value], [r].[RoomName] AS [Text]
FROM [Rooms] AS [r]
2026-05-20 16:24:31.439 +07:00 [INF] Executed DbCommand (8ms) [Parameters=[], CommandType='"Text"', CommandTimeout='30']
SELECT [s].[ShowtimeID], [s].[EndTime], [s].[MovieID], [s].[RoomID], [s].[ShowtimeCode], [s].[StartTime], [s].[Status], [m].[MovieID], [m].[Actors], [m].[Director], [m].[Duration], [m].[Genre], [m].[MovieCode], [m].[Poster], [m].[ReleaseDate], [m].[Status], [m].[Title], [m].[Trailer], [r].[RoomID], [r].[Capacity], [r].[RoomCode], [r].[RoomName], [r].[Status]
FROM [Showtimes] AS [s]
INNER JOIN [Movies] AS [m] ON [s].[MovieID] = [m].[MovieID]
INNER JOIN [Rooms] AS [r] ON [s].[RoomID] = [r].[RoomID]
WHERE [s].[Status] NOT IN (N'Đã hủy', N'Đã kết thúc') AND [s].[EndTime] > GETDATE()
ORDER BY [s].[StartTime] DESC
2026-05-20 16:24:31.440 +07:00 [INF] Executing ViewResult, running view Index.
2026-05-20 16:24:31.442 +07:00 [INF] Executed ViewResult - view Index executed in 2.1823ms.
2026-05-20 16:24:31.442 +07:00 [INF] Executed action AuraCinema.Web.Areas.Admin.Controllers.ShowtimesController.Index (AuraCinema.Web) in 15.5319ms
2026-05-20 16:24:31.442 +07:00 [INF] Executed endpoint 'AuraCinema.Web.Areas.Admin.Controllers.ShowtimesController.Index (AuraCinema.Web)'
2026-05-20 16:24:31.442 +07:00 [INF] Request finished HTTP/1.1 GET http://localhost:5231/Admin/Showtimes - 200 null text/html; charset=utf-8 16.4607ms
2026-05-20 16:24:34.572 +07:00 [INF] Request starting HTTP/1.1 POST http://localhost:5231/Admin/Showtimes/Delete/8077 - application/x-www-form-urlencoded 225
2026-05-20 16:24:34.572 +07:00 [INF] Executing endpoint 'AuraCinema.Web.Areas.Admin.Controllers.ShowtimesController.Delete (AuraCinema.Web)'
2026-05-20 16:24:34.572 +07:00 [INF] Route matched with {area = "Admin", action = "Delete", controller = "Showtimes"}. Executing controller action with signature System.Threading.Tasks.Task`1[Microsoft.AspNetCore.Mvc.IActionResult] Delete(Int32) on controller AuraCinema.Web.Areas.Admin.Controllers.ShowtimesController (AuraCinema.Web).
2026-05-20 16:24:34.576 +07:00 [INF] Executed DbCommand (3ms) [Parameters=[@__id_0='?' (DbType = Int32)], CommandType='"Text"', CommandTimeout='30']
SELECT [t].[ShowtimeID], [t].[EndTime], [t].[MovieID], [t].[RoomID], [t].[ShowtimeCode], [t].[StartTime], [t].[Status], [o].[OrderID], [o].[FinalAmount], [o].[HoldExpiryTime], [o].[OrderCode], [o].[PayOSTransID], [o].[PromoID], [o].[QrCode], [o].[ShowtimeID], [o].[Status], [o].[TotalAmount], [o].[UserID]
FROM (
    SELECT TOP(1) [s].[ShowtimeID], [s].[EndTime], [s].[MovieID], [s].[RoomID], [s].[ShowtimeCode], [s].[StartTime], [s].[Status]
    FROM [Showtimes] AS [s]
    WHERE [s].[ShowtimeID] = @__id_0
) AS [t]
LEFT JOIN [Orders] AS [o] ON [t].[ShowtimeID] = [o].[ShowtimeID]
ORDER BY [t].[ShowtimeID]
2026-05-20 16:24:34.577 +07:00 [INF] Executing RedirectResult, redirecting to /Admin/Showtimes.
2026-05-20 16:24:34.577 +07:00 [INF] Executed action AuraCinema.Web.Areas.Admin.Controllers.ShowtimesController.Delete (AuraCinema.Web) in 5.1074ms
2026-05-20 16:24:34.577 +07:00 [INF] Executed endpoint 'AuraCinema.Web.Areas.Admin.Controllers.ShowtimesController.Delete (AuraCinema.Web)'
2026-05-20 16:24:34.577 +07:00 [INF] Request finished HTTP/1.1 POST http://localhost:5231/Admin/Showtimes/Delete/8077 - 302 0 null 5.9027ms
2026-05-20 16:24:34.584 +07:00 [INF] Request starting HTTP/1.1 GET http://localhost:5231/Admin/Showtimes - null null
2026-05-20 16:24:34.584 +07:00 [INF] Executing endpoint 'AuraCinema.Web.Areas.Admin.Controllers.ShowtimesController.Index (AuraCinema.Web)'
2026-05-20 16:24:34.584 +07:00 [INF] Route matched with {area = "Admin", action = "Index", controller = "Showtimes"}. Executing controller action with signature System.Threading.Tasks.Task`1[Microsoft.AspNetCore.Mvc.IActionResult] Index(System.String, System.Nullable`1[System.DateTime], System.Nullable`1[System.Int32]) on controller AuraCinema.Web.Areas.Admin.Controllers.ShowtimesController (AuraCinema.Web).
2026-05-20 16:24:34.586 +07:00 [INF] Executed DbCommand (1ms) [Parameters=[], CommandType='"Text"', CommandTimeout='30']
SELECT CONVERT(varchar(11), [r].[RoomID]) AS [Value], [r].[RoomName] AS [Text]
FROM [Rooms] AS [r]
2026-05-20 16:24:34.591 +07:00 [INF] Executed DbCommand (5ms) [Parameters=[], CommandType='"Text"', CommandTimeout='30']
SELECT [s].[ShowtimeID], [s].[EndTime], [s].[MovieID], [s].[RoomID], [s].[ShowtimeCode], [s].[StartTime], [s].[Status], [m].[MovieID], [m].[Actors], [m].[Director], [m].[Duration], [m].[Genre], [m].[MovieCode], [m].[Poster], [m].[ReleaseDate], [m].[Status], [m].[Title], [m].[Trailer], [r].[RoomID], [r].[Capacity], [r].[RoomCode], [r].[RoomName], [r].[Status]
FROM [Showtimes] AS [s]
INNER JOIN [Movies] AS [m] ON [s].[MovieID] = [m].[MovieID]
INNER JOIN [Rooms] AS [r] ON [s].[RoomID] = [r].[RoomID]
WHERE [s].[Status] NOT IN (N'Đã hủy', N'Đã kết thúc') AND [s].[EndTime] > GETDATE()
ORDER BY [s].[StartTime] DESC
2026-05-20 16:24:34.593 +07:00 [INF] Executing ViewResult, running view Index.
2026-05-20 16:24:34.595 +07:00 [INF] Executed ViewResult - view Index executed in 2.2424ms.
2026-05-20 16:24:34.595 +07:00 [INF] Executed action AuraCinema.Web.Areas.Admin.Controllers.ShowtimesController.Index (AuraCinema.Web) in 10.5984ms
2026-05-20 16:24:34.595 +07:00 [INF] Executed endpoint 'AuraCinema.Web.Areas.Admin.Controllers.ShowtimesController.Index (AuraCinema.Web)'
2026-05-20 16:24:34.595 +07:00 [INF] Request finished HTTP/1.1 GET http://localhost:5231/Admin/Showtimes - 200 null text/html; charset=utf-8 11.2311ms
2026-05-20 16:24:41.177 +07:00 [INF] Request starting HTTP/1.1 GET http://localhost:5231/Admin/Showtimes?searchCode=&searchDate=&roomId=4 - null null
2026-05-20 16:24:41.178 +07:00 [INF] Executing endpoint 'AuraCinema.Web.Areas.Admin.Controllers.ShowtimesController.Index (AuraCinema.Web)'
2026-05-20 16:24:41.178 +07:00 [INF] Route matched with {area = "Admin", action = "Index", controller = "Showtimes"}. Executing controller action with signature System.Threading.Tasks.Task`1[Microsoft.AspNetCore.Mvc.IActionResult] Index(System.String, System.Nullable`1[System.DateTime], System.Nullable`1[System.Int32]) on controller AuraCinema.Web.Areas.Admin.Controllers.ShowtimesController (AuraCinema.Web).
2026-05-20 16:24:41.186 +07:00 [INF] Executed DbCommand (1ms) [Parameters=[], CommandType='"Text"', CommandTimeout='30']
SELECT CONVERT(varchar(11), [r].[RoomID]) AS [Value], [r].[RoomName] AS [Text]
FROM [Rooms] AS [r]
2026-05-20 16:24:41.200 +07:00 [INF] Executed DbCommand (6ms) [Parameters=[@__roomId_Value_0='?' (DbType = Int32)], CommandType='"Text"', CommandTimeout='30']
SELECT [s].[ShowtimeID], [s].[EndTime], [s].[MovieID], [s].[RoomID], [s].[ShowtimeCode], [s].[StartTime], [s].[Status], [m].[MovieID], [m].[Actors], [m].[Director], [m].[Duration], [m].[Genre], [m].[MovieCode], [m].[Poster], [m].[ReleaseDate], [m].[Status], [m].[Title], [m].[Trailer], [r].[RoomID], [r].[Capacity], [r].[RoomCode], [r].[RoomName], [r].[Status]
FROM [Showtimes] AS [s]
INNER JOIN [Movies] AS [m] ON [s].[MovieID] = [m].[MovieID]
INNER JOIN [Rooms] AS [r] ON [s].[RoomID] = [r].[RoomID]
WHERE [s].[Status] NOT IN (N'Đã hủy', N'Đã kết thúc') AND [s].[EndTime] > GETDATE() AND [s].[RoomID] = @__roomId_Value_0
ORDER BY [s].[StartTime] DESC
2026-05-20 16:24:41.201 +07:00 [INF] Executing ViewResult, running view Index.
2026-05-20 16:24:41.205 +07:00 [INF] Executed ViewResult - view Index executed in 4.7714ms.
2026-05-20 16:24:41.205 +07:00 [INF] Executed action AuraCinema.Web.Areas.Admin.Controllers.ShowtimesController.Index (AuraCinema.Web) in 27.7942ms
2026-05-20 16:24:41.206 +07:00 [INF] Executed endpoint 'AuraCinema.Web.Areas.Admin.Controllers.ShowtimesController.Index (AuraCinema.Web)'
2026-05-20 16:24:41.206 +07:00 [INF] Request finished HTTP/1.1 GET http://localhost:5231/Admin/Showtimes?searchCode=&searchDate=&roomId=4 - 200 null text/html; charset=utf-8 28.4431ms
2026-05-20 16:24:44.213 +07:00 [INF] Request starting HTTP/1.1 GET http://localhost:5231/Admin/Showtimes/Edit/8073 - null null
2026-05-20 16:24:44.213 +07:00 [INF] Executing endpoint 'AuraCinema.Web.Areas.Admin.Controllers.ShowtimesController.Edit (AuraCinema.Web)'
2026-05-20 16:24:44.213 +07:00 [INF] Route matched with {area = "Admin", action = "Edit", controller = "Showtimes"}. Executing controller action with signature System.Threading.Tasks.Task`1[Microsoft.AspNetCore.Mvc.IActionResult] Edit(Int32) on controller AuraCinema.Web.Areas.Admin.Controllers.ShowtimesController (AuraCinema.Web).
2026-05-20 16:24:44.216 +07:00 [INF] Executed DbCommand (2ms) [Parameters=[@__p_0='?' (DbType = Int32)], CommandType='"Text"', CommandTimeout='30']
SELECT TOP(1) [s].[ShowtimeID], [s].[EndTime], [s].[MovieID], [s].[RoomID], [s].[ShowtimeCode], [s].[StartTime], [s].[Status]
FROM [Showtimes] AS [s]
WHERE [s].[ShowtimeID] = @__p_0
2026-05-20 16:24:44.218 +07:00 [INF] Executed DbCommand (1ms) [Parameters=[], CommandType='"Text"', CommandTimeout='30']
SELECT CONVERT(varchar(11), [m].[MovieID]) AS [Value], [m].[Title] AS [Text]
FROM [Movies] AS [m]
WHERE [m].[Status] <> N'Ngung chieu'
2026-05-20 16:24:44.221 +07:00 [INF] Executed DbCommand (2ms) [Parameters=[], CommandType='"Text"', CommandTimeout='30']
SELECT CONVERT(varchar(11), [r].[RoomID]) AS [Value], [r].[RoomName] AS [Text]
FROM [Rooms] AS [r]
WHERE [r].[Status] = N'Hoat dong'
2026-05-20 16:24:44.221 +07:00 [INF] Executing ViewResult, running view Edit.
2026-05-20 16:24:44.222 +07:00 [INF] Executed ViewResult - view Edit executed in 0.9209ms.
2026-05-20 16:24:44.222 +07:00 [INF] Executed action AuraCinema.Web.Areas.Admin.Controllers.ShowtimesController.Edit (AuraCinema.Web) in 8.7717ms
2026-05-20 16:24:44.222 +07:00 [INF] Executed endpoint 'AuraCinema.Web.Areas.Admin.Controllers.ShowtimesController.Edit (AuraCinema.Web)'
2026-05-20 16:24:44.222 +07:00 [INF] Request finished HTTP/1.1 GET http://localhost:5231/Admin/Showtimes/Edit/8073 - 200 null text/html; charset=utf-8 9.3963ms
2026-05-20 16:24:46.288 +07:00 [INF] Request starting HTTP/1.1 POST http://localhost:5231/Admin/Showtimes/Edit/8073 - application/x-www-form-urlencoded 352
2026-05-20 16:24:46.288 +07:00 [INF] Executing endpoint 'AuraCinema.Web.Areas.Admin.Controllers.ShowtimesController.Edit (AuraCinema.Web)'
2026-05-20 16:24:46.288 +07:00 [INF] Route matched with {area = "Admin", action = "Edit", controller = "Showtimes"}. Executing controller action with signature System.Threading.Tasks.Task`1[Microsoft.AspNetCore.Mvc.IActionResult] Edit(Int32, AuraCinema.Web.Areas.Admin.ViewModels.ShowtimeFormViewModel) on controller AuraCinema.Web.Areas.Admin.Controllers.ShowtimesController (AuraCinema.Web).
2026-05-20 16:24:46.290 +07:00 [INF] Executed DbCommand (0ms) [Parameters=[@__p_0='?' (DbType = Int32)], CommandType='"Text"', CommandTimeout='30']
SELECT TOP(1) [s].[ShowtimeID], [s].[EndTime], [s].[MovieID], [s].[RoomID], [s].[ShowtimeCode], [s].[StartTime], [s].[Status]
FROM [Showtimes] AS [s]
WHERE [s].[ShowtimeID] = @__p_0
2026-05-20 16:24:46.292 +07:00 [INF] Executed DbCommand (1ms) [Parameters=[@__p_0='?' (DbType = Int32)], CommandType='"Text"', CommandTimeout='30']
SELECT TOP(1) [m].[MovieID], [m].[Actors], [m].[Director], [m].[Duration], [m].[Genre], [m].[MovieCode], [m].[Poster], [m].[ReleaseDate], [m].[Status], [m].[Title], [m].[Trailer]
FROM [Movies] AS [m]
WHERE [m].[MovieID] = @__p_0
2026-05-20 16:24:46.297 +07:00 [INF] Executed DbCommand (3ms) [Parameters=[@__roomId_0='?' (DbType = Int32), @__currentShowtimeId_Value_1='?' (DbType = Int32), @__start_2='?' (DbType = DateTime2), @__end_3='?' (DbType = DateTime2)], CommandType='"Text"', CommandTimeout='30']
SELECT CASE
    WHEN EXISTS (
        SELECT 1
        FROM [Showtimes] AS [s]
        WHERE [s].[RoomID] = @__roomId_0 AND [s].[Status] <> N'Đã hủy' AND [s].[ShowtimeID] <> @__currentShowtimeId_Value_1 AND @__start_2 < DATEADD(minute, CAST(10.0E0 AS int), [s].[EndTime]) AND @__end_3 > DATEADD(minute, CAST(-10.0E0 AS int), [s].[StartTime])) THEN CAST(1 AS bit)
    ELSE CAST(0 AS bit)
END
2026-05-20 16:24:46.299 +07:00 [INF] Executed DbCommand (2ms) [Parameters=[@p1='?' (DbType = Int32), @p0='?' (Size = 4000)], CommandType='"Text"', CommandTimeout='30']
SET IMPLICIT_TRANSACTIONS OFF;
SET NOCOUNT ON;
UPDATE [Showtimes] SET [Status] = @p0
OUTPUT 1
WHERE [ShowtimeID] = @p1;
2026-05-20 16:24:46.300 +07:00 [INF] Executing RedirectResult, redirecting to /Admin/Showtimes.
2026-05-20 16:24:46.300 +07:00 [INF] Executed action AuraCinema.Web.Areas.Admin.Controllers.ShowtimesController.Edit (AuraCinema.Web) in 11.3076ms
2026-05-20 16:24:46.300 +07:00 [INF] Executed endpoint 'AuraCinema.Web.Areas.Admin.Controllers.ShowtimesController.Edit (AuraCinema.Web)'
2026-05-20 16:24:46.300 +07:00 [INF] Request finished HTTP/1.1 POST http://localhost:5231/Admin/Showtimes/Edit/8073 - 302 0 null 12.2471ms
2026-05-20 16:24:46.304 +07:00 [INF] Request starting HTTP/1.1 GET http://localhost:5231/Admin/Showtimes - null null
2026-05-20 16:24:46.304 +07:00 [INF] Executing endpoint 'AuraCinema.Web.Areas.Admin.Controllers.ShowtimesController.Index (AuraCinema.Web)'
2026-05-20 16:24:46.304 +07:00 [INF] Route matched with {area = "Admin", action = "Index", controller = "Showtimes"}. Executing controller action with signature System.Threading.Tasks.Task`1[Microsoft.AspNetCore.Mvc.IActionResult] Index(System.String, System.Nullable`1[System.DateTime], System.Nullable`1[System.Int32]) on controller AuraCinema.Web.Areas.Admin.Controllers.ShowtimesController (AuraCinema.Web).
2026-05-20 16:24:46.305 +07:00 [INF] Executed DbCommand (1ms) [Parameters=[], CommandType='"Text"', CommandTimeout='30']
SELECT CONVERT(varchar(11), [r].[RoomID]) AS [Value], [r].[RoomName] AS [Text]
FROM [Rooms] AS [r]
2026-05-20 16:24:46.307 +07:00 [INF] Executed DbCommand (1ms) [Parameters=[], CommandType='"Text"', CommandTimeout='30']
SELECT [s].[ShowtimeID], [s].[EndTime], [s].[MovieID], [s].[RoomID], [s].[ShowtimeCode], [s].[StartTime], [s].[Status], [m].[MovieID], [m].[Actors], [m].[Director], [m].[Duration], [m].[Genre], [m].[MovieCode], [m].[Poster], [m].[ReleaseDate], [m].[Status], [m].[Title], [m].[Trailer], [r].[RoomID], [r].[Capacity], [r].[RoomCode], [r].[RoomName], [r].[Status]
FROM [Showtimes] AS [s]
INNER JOIN [Movies] AS [m] ON [s].[MovieID] = [m].[MovieID]
INNER JOIN [Rooms] AS [r] ON [s].[RoomID] = [r].[RoomID]
WHERE [s].[Status] NOT IN (N'Đã hủy', N'Đã kết thúc') AND [s].[EndTime] > GETDATE()
ORDER BY [s].[StartTime] DESC
2026-05-20 16:24:46.308 +07:00 [INF] Executing ViewResult, running view Index.
2026-05-20 16:24:46.310 +07:00 [INF] Executed ViewResult - view Index executed in 2.093ms.
2026-05-20 16:24:46.310 +07:00 [INF] Executed action AuraCinema.Web.Areas.Admin.Controllers.ShowtimesController.Index (AuraCinema.Web) in 5.7681ms
2026-05-20 16:24:46.310 +07:00 [INF] Executed endpoint 'AuraCinema.Web.Areas.Admin.Controllers.ShowtimesController.Index (AuraCinema.Web)'
2026-05-20 16:24:46.310 +07:00 [INF] Request finished HTTP/1.1 GET http://localhost:5231/Admin/Showtimes - 200 null text/html; charset=utf-8 6.2184ms
2026-05-20 16:24:52.947 +07:00 [INF] Request starting HTTP/1.1 GET http://localhost:5231/Admin/Showtimes?searchCode=&searchDate=&roomId=4 - null null
2026-05-20 16:24:52.947 +07:00 [INF] Executing endpoint 'AuraCinema.Web.Areas.Admin.Controllers.ShowtimesController.Index (AuraCinema.Web)'
2026-05-20 16:24:52.947 +07:00 [INF] Route matched with {area = "Admin", action = "Index", controller = "Showtimes"}. Executing controller action with signature System.Threading.Tasks.Task`1[Microsoft.AspNetCore.Mvc.IActionResult] Index(System.String, System.Nullable`1[System.DateTime], System.Nullable`1[System.Int32]) on controller AuraCinema.Web.Areas.Admin.Controllers.ShowtimesController (AuraCinema.Web).
2026-05-20 16:24:52.949 +07:00 [INF] Executed DbCommand (1ms) [Parameters=[], CommandType='"Text"', CommandTimeout='30']
SELECT CONVERT(varchar(11), [r].[RoomID]) AS [Value], [r].[RoomName] AS [Text]
FROM [Rooms] AS [r]
2026-05-20 16:24:52.950 +07:00 [INF] Executed DbCommand (1ms) [Parameters=[@__roomId_Value_0='?' (DbType = Int32)], CommandType='"Text"', CommandTimeout='30']
SELECT [s].[ShowtimeID], [s].[EndTime], [s].[MovieID], [s].[RoomID], [s].[ShowtimeCode], [s].[StartTime], [s].[Status], [m].[MovieID], [m].[Actors], [m].[Director], [m].[Duration], [m].[Genre], [m].[MovieCode], [m].[Poster], [m].[ReleaseDate], [m].[Status], [m].[Title], [m].[Trailer], [r].[RoomID], [r].[Capacity], [r].[RoomCode], [r].[RoomName], [r].[Status]
FROM [Showtimes] AS [s]
INNER JOIN [Movies] AS [m] ON [s].[MovieID] = [m].[MovieID]
INNER JOIN [Rooms] AS [r] ON [s].[RoomID] = [r].[RoomID]
WHERE [s].[Status] NOT IN (N'Đã hủy', N'Đã kết thúc') AND [s].[EndTime] > GETDATE() AND [s].[RoomID] = @__roomId_Value_0
ORDER BY [s].[StartTime] DESC
2026-05-20 16:24:52.951 +07:00 [INF] Executing ViewResult, running view Index.
2026-05-20 16:24:52.952 +07:00 [INF] Executed ViewResult - view Index executed in 1.0959ms.
2026-05-20 16:24:52.952 +07:00 [INF] Executed action AuraCinema.Web.Areas.Admin.Controllers.ShowtimesController.Index (AuraCinema.Web) in 4.6335ms
2026-05-20 16:24:52.952 +07:00 [INF] Executed endpoint 'AuraCinema.Web.Areas.Admin.Controllers.ShowtimesController.Index (AuraCinema.Web)'
2026-05-20 16:24:52.952 +07:00 [INF] Request finished HTTP/1.1 GET http://localhost:5231/Admin/Showtimes?searchCode=&searchDate=&roomId=4 - 200 null text/html; charset=utf-8 5.3133ms
2026-05-20 16:24:53.308 +07:00 [INF] Executed DbCommand (2ms) [Parameters=[], CommandType='"Text"', CommandTimeout='30']
SELECT [o].[OrderID], [o].[FinalAmount], [o].[HoldExpiryTime], [o].[OrderCode], [o].[PayOSTransID], [o].[PromoID], [o].[QrCode], [o].[ShowtimeID], [o].[Status], [o].[TotalAmount], [o].[UserID]
FROM [Orders] AS [o]
WHERE [o].[Status] = N'Chờ thanh toán' AND [o].[HoldExpiryTime] <= GETDATE()
2026-05-20 16:24:53.312 +07:00 [INF] Executed DbCommand (2ms) [Parameters=[@__maxSellingDate_0='?' (DbType = DateTime2), @__now_1='?' (DbType = DateTime2)], CommandType='"Text"', CommandTimeout='30']
SELECT [s].[ShowtimeID], [s].[EndTime], [s].[MovieID], [s].[RoomID], [s].[ShowtimeCode], [s].[StartTime], [s].[Status]
FROM [Showtimes] AS [s]
WHERE [s].[Status] IN (N'Đã lên lịch', N'Sap chieu') AND CONVERT(date, [s].[StartTime]) <= @__maxSellingDate_0 AND [s].[StartTime] > @__now_1
2026-05-20 16:24:53.315 +07:00 [INF] Executed DbCommand (2ms) [Parameters=[@__now_0='?' (DbType = DateTime2)], CommandType='"Text"', CommandTimeout='30']
SELECT [s].[ShowtimeID], [s].[EndTime], [s].[MovieID], [s].[RoomID], [s].[ShowtimeCode], [s].[StartTime], [s].[Status]
FROM [Showtimes] AS [s]
WHERE [s].[Status] IN (N'Đã lên lịch', N'Đang mở bán', N'Sap chieu') AND [s].[StartTime] <= @__now_0 AND [s].[EndTime] > @__now_0
2026-05-20 16:24:53.318 +07:00 [INF] Executed DbCommand (3ms) [Parameters=[@__now_0='?' (DbType = DateTime2)], CommandType='"Text"', CommandTimeout='30']
SELECT [s].[ShowtimeID], [s].[EndTime], [s].[MovieID], [s].[RoomID], [s].[ShowtimeCode], [s].[StartTime], [s].[Status]
FROM [Showtimes] AS [s]
WHERE [s].[Status] IN (N'Đã lên lịch', N'Đang mở bán', N'Đang chiếu', N'Sap chieu', N'Dang dien ra') AND [s].[EndTime] <= @__now_0
2026-05-20 16:24:54.517 +07:00 [INF] Request starting HTTP/1.1 GET http://localhost:5231/Admin/Showtimes/Edit/8095 - null null
2026-05-20 16:24:54.517 +07:00 [INF] Executing endpoint 'AuraCinema.Web.Areas.Admin.Controllers.ShowtimesController.Edit (AuraCinema.Web)'
2026-05-20 16:24:54.517 +07:00 [INF] Route matched with {area = "Admin", action = "Edit", controller = "Showtimes"}. Executing controller action with signature System.Threading.Tasks.Task`1[Microsoft.AspNetCore.Mvc.IActionResult] Edit(Int32) on controller AuraCinema.Web.Areas.Admin.Controllers.ShowtimesController (AuraCinema.Web).
2026-05-20 16:24:54.519 +07:00 [INF] Executed DbCommand (1ms) [Parameters=[@__p_0='?' (DbType = Int32)], CommandType='"Text"', CommandTimeout='30']
SELECT TOP(1) [s].[ShowtimeID], [s].[EndTime], [s].[MovieID], [s].[RoomID], [s].[ShowtimeCode], [s].[StartTime], [s].[Status]
FROM [Showtimes] AS [s]
WHERE [s].[ShowtimeID] = @__p_0
2026-05-20 16:24:54.520 +07:00 [INF] Executed DbCommand (1ms) [Parameters=[], CommandType='"Text"', CommandTimeout='30']
SELECT CONVERT(varchar(11), [m].[MovieID]) AS [Value], [m].[Title] AS [Text]
FROM [Movies] AS [m]
WHERE [m].[Status] <> N'Ngung chieu'
2026-05-20 16:24:54.521 +07:00 [INF] Executed DbCommand (1ms) [Parameters=[], CommandType='"Text"', CommandTimeout='30']
SELECT CONVERT(varchar(11), [r].[RoomID]) AS [Value], [r].[RoomName] AS [Text]
FROM [Rooms] AS [r]
WHERE [r].[Status] = N'Hoat dong'
2026-05-20 16:24:54.521 +07:00 [INF] Executing ViewResult, running view Edit.
2026-05-20 16:24:54.523 +07:00 [INF] Executed ViewResult - view Edit executed in 1.9813ms.
2026-05-20 16:24:54.523 +07:00 [INF] Executed action AuraCinema.Web.Areas.Admin.Controllers.ShowtimesController.Edit (AuraCinema.Web) in 5.937ms
2026-05-20 16:24:54.523 +07:00 [INF] Executed endpoint 'AuraCinema.Web.Areas.Admin.Controllers.ShowtimesController.Edit (AuraCinema.Web)'
2026-05-20 16:24:54.524 +07:00 [INF] Request finished HTTP/1.1 GET http://localhost:5231/Admin/Showtimes/Edit/8095 - 200 null text/html; charset=utf-8 6.6305ms
2026-05-20 16:24:55.615 +07:00 [INF] Request starting HTTP/1.1 POST http://localhost:5231/Admin/Showtimes/Edit/8095 - application/x-www-form-urlencoded 353
2026-05-20 16:24:55.615 +07:00 [INF] Executing endpoint 'AuraCinema.Web.Areas.Admin.Controllers.ShowtimesController.Edit (AuraCinema.Web)'
2026-05-20 16:24:55.615 +07:00 [INF] Route matched with {area = "Admin", action = "Edit", controller = "Showtimes"}. Executing controller action with signature System.Threading.Tasks.Task`1[Microsoft.AspNetCore.Mvc.IActionResult] Edit(Int32, AuraCinema.Web.Areas.Admin.ViewModels.ShowtimeFormViewModel) on controller AuraCinema.Web.Areas.Admin.Controllers.ShowtimesController (AuraCinema.Web).
2026-05-20 16:24:55.634 +07:00 [INF] Executed DbCommand (17ms) [Parameters=[@__p_0='?' (DbType = Int32)], CommandType='"Text"', CommandTimeout='30']
SELECT TOP(1) [s].[ShowtimeID], [s].[EndTime], [s].[MovieID], [s].[RoomID], [s].[ShowtimeCode], [s].[StartTime], [s].[Status]
FROM [Showtimes] AS [s]
WHERE [s].[ShowtimeID] = @__p_0
2026-05-20 16:24:55.666 +07:00 [INF] Executed DbCommand (31ms) [Parameters=[@__p_0='?' (DbType = Int32)], CommandType='"Text"', CommandTimeout='30']
SELECT TOP(1) [m].[MovieID], [m].[Actors], [m].[Director], [m].[Duration], [m].[Genre], [m].[MovieCode], [m].[Poster], [m].[ReleaseDate], [m].[Status], [m].[Title], [m].[Trailer]
FROM [Movies] AS [m]
WHERE [m].[MovieID] = @__p_0
2026-05-20 16:24:55.683 +07:00 [INF] Executed DbCommand (15ms) [Parameters=[@__roomId_0='?' (DbType = Int32), @__currentShowtimeId_Value_1='?' (DbType = Int32), @__start_2='?' (DbType = DateTime2), @__end_3='?' (DbType = DateTime2)], CommandType='"Text"', CommandTimeout='30']
SELECT CASE
    WHEN EXISTS (
        SELECT 1
        FROM [Showtimes] AS [s]
        WHERE [s].[RoomID] = @__roomId_0 AND [s].[Status] <> N'Đã hủy' AND [s].[ShowtimeID] <> @__currentShowtimeId_Value_1 AND @__start_2 < DATEADD(minute, CAST(10.0E0 AS int), [s].[EndTime]) AND @__end_3 > DATEADD(minute, CAST(-10.0E0 AS int), [s].[StartTime])) THEN CAST(1 AS bit)
    ELSE CAST(0 AS bit)
END
2026-05-20 16:24:55.726 +07:00 [INF] Executed DbCommand (43ms) [Parameters=[@p1='?' (DbType = Int32), @p0='?' (Size = 4000)], CommandType='"Text"', CommandTimeout='30']
SET IMPLICIT_TRANSACTIONS OFF;
SET NOCOUNT ON;
UPDATE [Showtimes] SET [Status] = @p0
OUTPUT 1
WHERE [ShowtimeID] = @p1;
2026-05-20 16:24:55.727 +07:00 [INF] Executing RedirectResult, redirecting to /Admin/Showtimes.
2026-05-20 16:24:55.727 +07:00 [INF] Executed action AuraCinema.Web.Areas.Admin.Controllers.ShowtimesController.Edit (AuraCinema.Web) in 111.8624ms
2026-05-20 16:24:55.727 +07:00 [INF] Executed endpoint 'AuraCinema.Web.Areas.Admin.Controllers.ShowtimesController.Edit (AuraCinema.Web)'
2026-05-20 16:24:55.727 +07:00 [INF] Request finished HTTP/1.1 POST http://localhost:5231/Admin/Showtimes/Edit/8095 - 302 0 null 112.6084ms
2026-05-20 16:24:55.732 +07:00 [INF] Request starting HTTP/1.1 GET http://localhost:5231/Admin/Showtimes - null null
2026-05-20 16:24:55.733 +07:00 [INF] Executing endpoint 'AuraCinema.Web.Areas.Admin.Controllers.ShowtimesController.Index (AuraCinema.Web)'
2026-05-20 16:24:55.733 +07:00 [INF] Route matched with {area = "Admin", action = "Index", controller = "Showtimes"}. Executing controller action with signature System.Threading.Tasks.Task`1[Microsoft.AspNetCore.Mvc.IActionResult] Index(System.String, System.Nullable`1[System.DateTime], System.Nullable`1[System.Int32]) on controller AuraCinema.Web.Areas.Admin.Controllers.ShowtimesController (AuraCinema.Web).
2026-05-20 16:24:55.734 +07:00 [INF] Executed DbCommand (1ms) [Parameters=[], CommandType='"Text"', CommandTimeout='30']
SELECT CONVERT(varchar(11), [r].[RoomID]) AS [Value], [r].[RoomName] AS [Text]
FROM [Rooms] AS [r]
2026-05-20 16:24:55.736 +07:00 [INF] Executed DbCommand (1ms) [Parameters=[], CommandType='"Text"', CommandTimeout='30']
SELECT [s].[ShowtimeID], [s].[EndTime], [s].[MovieID], [s].[RoomID], [s].[ShowtimeCode], [s].[StartTime], [s].[Status], [m].[MovieID], [m].[Actors], [m].[Director], [m].[Duration], [m].[Genre], [m].[MovieCode], [m].[Poster], [m].[ReleaseDate], [m].[Status], [m].[Title], [m].[Trailer], [r].[RoomID], [r].[Capacity], [r].[RoomCode], [r].[RoomName], [r].[Status]
FROM [Showtimes] AS [s]
INNER JOIN [Movies] AS [m] ON [s].[MovieID] = [m].[MovieID]
INNER JOIN [Rooms] AS [r] ON [s].[RoomID] = [r].[RoomID]
WHERE [s].[Status] NOT IN (N'Đã hủy', N'Đã kết thúc') AND [s].[EndTime] > GETDATE()
ORDER BY [s].[StartTime] DESC
2026-05-20 16:24:55.737 +07:00 [INF] Executing ViewResult, running view Index.
2026-05-20 16:24:55.741 +07:00 [INF] Executed ViewResult - view Index executed in 4.1219ms.
2026-05-20 16:24:55.741 +07:00 [INF] Executed action AuraCinema.Web.Areas.Admin.Controllers.ShowtimesController.Index (AuraCinema.Web) in 8.5082ms
2026-05-20 16:24:55.741 +07:00 [INF] Executed endpoint 'AuraCinema.Web.Areas.Admin.Controllers.ShowtimesController.Index (AuraCinema.Web)'
2026-05-20 16:24:55.742 +07:00 [INF] Request finished HTTP/1.1 GET http://localhost:5231/Admin/Showtimes - 200 null text/html; charset=utf-8 9.2253ms
2026-05-20 16:24:59.562 +07:00 [INF] Request starting HTTP/1.1 GET http://localhost:5231/Admin/Showtimes?searchCode=&searchDate=&roomId=5 - null null
2026-05-20 16:24:59.562 +07:00 [INF] Executing endpoint 'AuraCinema.Web.Areas.Admin.Controllers.ShowtimesController.Index (AuraCinema.Web)'
2026-05-20 16:24:59.562 +07:00 [INF] Route matched with {area = "Admin", action = "Index", controller = "Showtimes"}. Executing controller action with signature System.Threading.Tasks.Task`1[Microsoft.AspNetCore.Mvc.IActionResult] Index(System.String, System.Nullable`1[System.DateTime], System.Nullable`1[System.Int32]) on controller AuraCinema.Web.Areas.Admin.Controllers.ShowtimesController (AuraCinema.Web).
2026-05-20 16:24:59.563 +07:00 [INF] Executed DbCommand (0ms) [Parameters=[], CommandType='"Text"', CommandTimeout='30']
SELECT CONVERT(varchar(11), [r].[RoomID]) AS [Value], [r].[RoomName] AS [Text]
FROM [Rooms] AS [r]
2026-05-20 16:24:59.565 +07:00 [INF] Executed DbCommand (1ms) [Parameters=[@__roomId_Value_0='?' (DbType = Int32)], CommandType='"Text"', CommandTimeout='30']
SELECT [s].[ShowtimeID], [s].[EndTime], [s].[MovieID], [s].[RoomID], [s].[ShowtimeCode], [s].[StartTime], [s].[Status], [m].[MovieID], [m].[Actors], [m].[Director], [m].[Duration], [m].[Genre], [m].[MovieCode], [m].[Poster], [m].[ReleaseDate], [m].[Status], [m].[Title], [m].[Trailer], [r].[RoomID], [r].[Capacity], [r].[RoomCode], [r].[RoomName], [r].[Status]
FROM [Showtimes] AS [s]
INNER JOIN [Movies] AS [m] ON [s].[MovieID] = [m].[MovieID]
INNER JOIN [Rooms] AS [r] ON [s].[RoomID] = [r].[RoomID]
WHERE [s].[Status] NOT IN (N'Đã hủy', N'Đã kết thúc') AND [s].[EndTime] > GETDATE() AND [s].[RoomID] = @__roomId_Value_0
ORDER BY [s].[StartTime] DESC
2026-05-20 16:24:59.566 +07:00 [INF] Executing ViewResult, running view Index.
2026-05-20 16:24:59.568 +07:00 [INF] Executed ViewResult - view Index executed in 1.3825ms.
2026-05-20 16:24:59.568 +07:00 [INF] Executed action AuraCinema.Web.Areas.Admin.Controllers.ShowtimesController.Index (AuraCinema.Web) in 5.5323ms
2026-05-20 16:24:59.568 +07:00 [INF] Executed endpoint 'AuraCinema.Web.Areas.Admin.Controllers.ShowtimesController.Index (AuraCinema.Web)'
2026-05-20 16:24:59.568 +07:00 [INF] Request finished HTTP/1.1 GET http://localhost:5231/Admin/Showtimes?searchCode=&searchDate=&roomId=5 - 200 null text/html; charset=utf-8 6.2284ms
2026-05-20 16:25:03.327 +07:00 [INF] Request starting HTTP/1.1 GET http://localhost:5231/Admin/Showtimes/Edit/8075 - null null
2026-05-20 16:25:03.327 +07:00 [INF] Executing endpoint 'AuraCinema.Web.Areas.Admin.Controllers.ShowtimesController.Edit (AuraCinema.Web)'
2026-05-20 16:25:03.327 +07:00 [INF] Route matched with {area = "Admin", action = "Edit", controller = "Showtimes"}. Executing controller action with signature System.Threading.Tasks.Task`1[Microsoft.AspNetCore.Mvc.IActionResult] Edit(Int32) on controller AuraCinema.Web.Areas.Admin.Controllers.ShowtimesController (AuraCinema.Web).
2026-05-20 16:25:03.329 +07:00 [INF] Executed DbCommand (1ms) [Parameters=[@__p_0='?' (DbType = Int32)], CommandType='"Text"', CommandTimeout='30']
SELECT TOP(1) [s].[ShowtimeID], [s].[EndTime], [s].[MovieID], [s].[RoomID], [s].[ShowtimeCode], [s].[StartTime], [s].[Status]
FROM [Showtimes] AS [s]
WHERE [s].[ShowtimeID] = @__p_0
2026-05-20 16:25:03.330 +07:00 [INF] Executed DbCommand (1ms) [Parameters=[], CommandType='"Text"', CommandTimeout='30']
SELECT CONVERT(varchar(11), [m].[MovieID]) AS [Value], [m].[Title] AS [Text]
FROM [Movies] AS [m]
WHERE [m].[Status] <> N'Ngung chieu'
2026-05-20 16:25:03.331 +07:00 [INF] Executed DbCommand (0ms) [Parameters=[], CommandType='"Text"', CommandTimeout='30']
SELECT CONVERT(varchar(11), [r].[RoomID]) AS [Value], [r].[RoomName] AS [Text]
FROM [Rooms] AS [r]
WHERE [r].[Status] = N'Hoat dong'
2026-05-20 16:25:03.331 +07:00 [INF] Executing ViewResult, running view Edit.
2026-05-20 16:25:03.333 +07:00 [INF] Executed ViewResult - view Edit executed in 2.0468ms.
2026-05-20 16:25:03.333 +07:00 [INF] Executed action AuraCinema.Web.Areas.Admin.Controllers.ShowtimesController.Edit (AuraCinema.Web) in 6.0766ms
2026-05-20 16:25:03.333 +07:00 [INF] Executed endpoint 'AuraCinema.Web.Areas.Admin.Controllers.ShowtimesController.Edit (AuraCinema.Web)'
2026-05-20 16:25:03.334 +07:00 [INF] Request finished HTTP/1.1 GET http://localhost:5231/Admin/Showtimes/Edit/8075 - 200 null text/html; charset=utf-8 6.8028ms
2026-05-20 16:25:04.536 +07:00 [INF] Request starting HTTP/1.1 POST http://localhost:5231/Admin/Showtimes/Edit/8075 - application/x-www-form-urlencoded 352
2026-05-20 16:25:04.536 +07:00 [INF] Executing endpoint 'AuraCinema.Web.Areas.Admin.Controllers.ShowtimesController.Edit (AuraCinema.Web)'
2026-05-20 16:25:04.536 +07:00 [INF] Route matched with {area = "Admin", action = "Edit", controller = "Showtimes"}. Executing controller action with signature System.Threading.Tasks.Task`1[Microsoft.AspNetCore.Mvc.IActionResult] Edit(Int32, AuraCinema.Web.Areas.Admin.ViewModels.ShowtimeFormViewModel) on controller AuraCinema.Web.Areas.Admin.Controllers.ShowtimesController (AuraCinema.Web).
2026-05-20 16:25:04.541 +07:00 [INF] Executed DbCommand (1ms) [Parameters=[@__p_0='?' (DbType = Int32)], CommandType='"Text"', CommandTimeout='30']
SELECT TOP(1) [s].[ShowtimeID], [s].[EndTime], [s].[MovieID], [s].[RoomID], [s].[ShowtimeCode], [s].[StartTime], [s].[Status]
FROM [Showtimes] AS [s]
WHERE [s].[ShowtimeID] = @__p_0
2026-05-20 16:25:04.542 +07:00 [INF] Executed DbCommand (0ms) [Parameters=[@__p_0='?' (DbType = Int32)], CommandType='"Text"', CommandTimeout='30']
SELECT TOP(1) [m].[MovieID], [m].[Actors], [m].[Director], [m].[Duration], [m].[Genre], [m].[MovieCode], [m].[Poster], [m].[ReleaseDate], [m].[Status], [m].[Title], [m].[Trailer]
FROM [Movies] AS [m]
WHERE [m].[MovieID] = @__p_0
2026-05-20 16:25:04.543 +07:00 [INF] Executed DbCommand (1ms) [Parameters=[@__roomId_0='?' (DbType = Int32), @__currentShowtimeId_Value_1='?' (DbType = Int32), @__start_2='?' (DbType = DateTime2), @__end_3='?' (DbType = DateTime2)], CommandType='"Text"', CommandTimeout='30']
SELECT CASE
    WHEN EXISTS (
        SELECT 1
        FROM [Showtimes] AS [s]
        WHERE [s].[RoomID] = @__roomId_0 AND [s].[Status] <> N'Đã hủy' AND [s].[ShowtimeID] <> @__currentShowtimeId_Value_1 AND @__start_2 < DATEADD(minute, CAST(10.0E0 AS int), [s].[EndTime]) AND @__end_3 > DATEADD(minute, CAST(-10.0E0 AS int), [s].[StartTime])) THEN CAST(1 AS bit)
    ELSE CAST(0 AS bit)
END
2026-05-20 16:25:04.545 +07:00 [INF] Executed DbCommand (1ms) [Parameters=[@p1='?' (DbType = Int32), @p0='?' (Size = 4000)], CommandType='"Text"', CommandTimeout='30']
SET IMPLICIT_TRANSACTIONS OFF;
SET NOCOUNT ON;
UPDATE [Showtimes] SET [Status] = @p0
OUTPUT 1
WHERE [ShowtimeID] = @p1;
2026-05-20 16:25:04.545 +07:00 [INF] Executing RedirectResult, redirecting to /Admin/Showtimes.
2026-05-20 16:25:04.545 +07:00 [INF] Executed action AuraCinema.Web.Areas.Admin.Controllers.ShowtimesController.Edit (AuraCinema.Web) in 8.8496ms
2026-05-20 16:25:04.545 +07:00 [INF] Executed endpoint 'AuraCinema.Web.Areas.Admin.Controllers.ShowtimesController.Edit (AuraCinema.Web)'
2026-05-20 16:25:04.545 +07:00 [INF] Request finished HTTP/1.1 POST http://localhost:5231/Admin/Showtimes/Edit/8075 - 302 0 null 9.6918ms
2026-05-20 16:25:04.548 +07:00 [INF] Request starting HTTP/1.1 GET http://localhost:5231/Admin/Showtimes - null null
2026-05-20 16:25:04.549 +07:00 [INF] Executing endpoint 'AuraCinema.Web.Areas.Admin.Controllers.ShowtimesController.Index (AuraCinema.Web)'
2026-05-20 16:25:04.549 +07:00 [INF] Route matched with {area = "Admin", action = "Index", controller = "Showtimes"}. Executing controller action with signature System.Threading.Tasks.Task`1[Microsoft.AspNetCore.Mvc.IActionResult] Index(System.String, System.Nullable`1[System.DateTime], System.Nullable`1[System.Int32]) on controller AuraCinema.Web.Areas.Admin.Controllers.ShowtimesController (AuraCinema.Web).
2026-05-20 16:25:04.550 +07:00 [INF] Executed DbCommand (0ms) [Parameters=[], CommandType='"Text"', CommandTimeout='30']
SELECT CONVERT(varchar(11), [r].[RoomID]) AS [Value], [r].[RoomName] AS [Text]
FROM [Rooms] AS [r]
2026-05-20 16:25:04.551 +07:00 [INF] Executed DbCommand (0ms) [Parameters=[], CommandType='"Text"', CommandTimeout='30']
SELECT [s].[ShowtimeID], [s].[EndTime], [s].[MovieID], [s].[RoomID], [s].[ShowtimeCode], [s].[StartTime], [s].[Status], [m].[MovieID], [m].[Actors], [m].[Director], [m].[Duration], [m].[Genre], [m].[MovieCode], [m].[Poster], [m].[ReleaseDate], [m].[Status], [m].[Title], [m].[Trailer], [r].[RoomID], [r].[Capacity], [r].[RoomCode], [r].[RoomName], [r].[Status]
FROM [Showtimes] AS [s]
INNER JOIN [Movies] AS [m] ON [s].[MovieID] = [m].[MovieID]
INNER JOIN [Rooms] AS [r] ON [s].[RoomID] = [r].[RoomID]
WHERE [s].[Status] NOT IN (N'Đã hủy', N'Đã kết thúc') AND [s].[EndTime] > GETDATE()
ORDER BY [s].[StartTime] DESC
2026-05-20 16:25:04.551 +07:00 [INF] Executing ViewResult, running view Index.
2026-05-20 16:25:04.553 +07:00 [INF] Executed ViewResult - view Index executed in 1.6918ms.
2026-05-20 16:25:04.553 +07:00 [INF] Executed action AuraCinema.Web.Areas.Admin.Controllers.ShowtimesController.Index (AuraCinema.Web) in 4.4187ms
2026-05-20 16:25:04.553 +07:00 [INF] Executed endpoint 'AuraCinema.Web.Areas.Admin.Controllers.ShowtimesController.Index (AuraCinema.Web)'
2026-05-20 16:25:04.554 +07:00 [INF] Request finished HTTP/1.1 GET http://localhost:5231/Admin/Showtimes - 200 null text/html; charset=utf-8 5.1547ms
2026-05-20 16:25:07.318 +07:00 [INF] Request starting HTTP/1.1 GET http://localhost:5231/Admin/Showtimes?searchCode=&searchDate=&roomId=5 - null null
2026-05-20 16:25:07.318 +07:00 [INF] Executing endpoint 'AuraCinema.Web.Areas.Admin.Controllers.ShowtimesController.Index (AuraCinema.Web)'
2026-05-20 16:25:07.318 +07:00 [INF] Route matched with {area = "Admin", action = "Index", controller = "Showtimes"}. Executing controller action with signature System.Threading.Tasks.Task`1[Microsoft.AspNetCore.Mvc.IActionResult] Index(System.String, System.Nullable`1[System.DateTime], System.Nullable`1[System.Int32]) on controller AuraCinema.Web.Areas.Admin.Controllers.ShowtimesController (AuraCinema.Web).
2026-05-20 16:25:07.320 +07:00 [INF] Executed DbCommand (1ms) [Parameters=[], CommandType='"Text"', CommandTimeout='30']
SELECT CONVERT(varchar(11), [r].[RoomID]) AS [Value], [r].[RoomName] AS [Text]
FROM [Rooms] AS [r]
2026-05-20 16:25:07.321 +07:00 [INF] Executed DbCommand (1ms) [Parameters=[@__roomId_Value_0='?' (DbType = Int32)], CommandType='"Text"', CommandTimeout='30']
SELECT [s].[ShowtimeID], [s].[EndTime], [s].[MovieID], [s].[RoomID], [s].[ShowtimeCode], [s].[StartTime], [s].[Status], [m].[MovieID], [m].[Actors], [m].[Director], [m].[Duration], [m].[Genre], [m].[MovieCode], [m].[Poster], [m].[ReleaseDate], [m].[Status], [m].[Title], [m].[Trailer], [r].[RoomID], [r].[Capacity], [r].[RoomCode], [r].[RoomName], [r].[Status]
FROM [Showtimes] AS [s]
INNER JOIN [Movies] AS [m] ON [s].[MovieID] = [m].[MovieID]
INNER JOIN [Rooms] AS [r] ON [s].[RoomID] = [r].[RoomID]
WHERE [s].[Status] NOT IN (N'Đã hủy', N'Đã kết thúc') AND [s].[EndTime] > GETDATE() AND [s].[RoomID] = @__roomId_Value_0
ORDER BY [s].[StartTime] DESC
2026-05-20 16:25:07.322 +07:00 [INF] Executing ViewResult, running view Index.
2026-05-20 16:25:07.323 +07:00 [INF] Executed ViewResult - view Index executed in 1.0483ms.
2026-05-20 16:25:07.323 +07:00 [INF] Executed action AuraCinema.Web.Areas.Admin.Controllers.ShowtimesController.Index (AuraCinema.Web) in 4.9798ms
2026-05-20 16:25:07.323 +07:00 [INF] Executed endpoint 'AuraCinema.Web.Areas.Admin.Controllers.ShowtimesController.Index (AuraCinema.Web)'
2026-05-20 16:25:07.323 +07:00 [INF] Request finished HTTP/1.1 GET http://localhost:5231/Admin/Showtimes?searchCode=&searchDate=&roomId=5 - 200 null text/html; charset=utf-8 5.8797ms
2026-05-20 16:25:08.742 +07:00 [INF] Request starting HTTP/1.1 GET http://localhost:5231/Admin/Showtimes/Edit/8091 - null null
2026-05-20 16:25:08.742 +07:00 [INF] Executing endpoint 'AuraCinema.Web.Areas.Admin.Controllers.ShowtimesController.Edit (AuraCinema.Web)'
2026-05-20 16:25:08.743 +07:00 [INF] Route matched with {area = "Admin", action = "Edit", controller = "Showtimes"}. Executing controller action with signature System.Threading.Tasks.Task`1[Microsoft.AspNetCore.Mvc.IActionResult] Edit(Int32) on controller AuraCinema.Web.Areas.Admin.Controllers.ShowtimesController (AuraCinema.Web).
2026-05-20 16:25:08.744 +07:00 [INF] Executed DbCommand (0ms) [Parameters=[@__p_0='?' (DbType = Int32)], CommandType='"Text"', CommandTimeout='30']
SELECT TOP(1) [s].[ShowtimeID], [s].[EndTime], [s].[MovieID], [s].[RoomID], [s].[ShowtimeCode], [s].[StartTime], [s].[Status]
FROM [Showtimes] AS [s]
WHERE [s].[ShowtimeID] = @__p_0
2026-05-20 16:25:08.745 +07:00 [INF] Executed DbCommand (1ms) [Parameters=[], CommandType='"Text"', CommandTimeout='30']
SELECT CONVERT(varchar(11), [m].[MovieID]) AS [Value], [m].[Title] AS [Text]
FROM [Movies] AS [m]
WHERE [m].[Status] <> N'Ngung chieu'
2026-05-20 16:25:08.746 +07:00 [INF] Executed DbCommand (0ms) [Parameters=[], CommandType='"Text"', CommandTimeout='30']
SELECT CONVERT(varchar(11), [r].[RoomID]) AS [Value], [r].[RoomName] AS [Text]
FROM [Rooms] AS [r]
WHERE [r].[Status] = N'Hoat dong'
2026-05-20 16:25:08.747 +07:00 [INF] Executing ViewResult, running view Edit.
2026-05-20 16:25:08.749 +07:00 [INF] Executed ViewResult - view Edit executed in 1.8499ms.
2026-05-20 16:25:08.749 +07:00 [INF] Executed action AuraCinema.Web.Areas.Admin.Controllers.ShowtimesController.Edit (AuraCinema.Web) in 6.0502ms
2026-05-20 16:25:08.749 +07:00 [INF] Executed endpoint 'AuraCinema.Web.Areas.Admin.Controllers.ShowtimesController.Edit (AuraCinema.Web)'
2026-05-20 16:25:08.749 +07:00 [INF] Request finished HTTP/1.1 GET http://localhost:5231/Admin/Showtimes/Edit/8091 - 200 null text/html; charset=utf-8 6.7193ms
2026-05-20 16:25:09.930 +07:00 [INF] Request starting HTTP/1.1 POST http://localhost:5231/Admin/Showtimes/Edit/8091 - application/x-www-form-urlencoded 353
2026-05-20 16:25:09.930 +07:00 [INF] Executing endpoint 'AuraCinema.Web.Areas.Admin.Controllers.ShowtimesController.Edit (AuraCinema.Web)'
2026-05-20 16:25:09.930 +07:00 [INF] Route matched with {area = "Admin", action = "Edit", controller = "Showtimes"}. Executing controller action with signature System.Threading.Tasks.Task`1[Microsoft.AspNetCore.Mvc.IActionResult] Edit(Int32, AuraCinema.Web.Areas.Admin.ViewModels.ShowtimeFormViewModel) on controller AuraCinema.Web.Areas.Admin.Controllers.ShowtimesController (AuraCinema.Web).
2026-05-20 16:25:09.933 +07:00 [INF] Executed DbCommand (1ms) [Parameters=[@__p_0='?' (DbType = Int32)], CommandType='"Text"', CommandTimeout='30']
SELECT TOP(1) [s].[ShowtimeID], [s].[EndTime], [s].[MovieID], [s].[RoomID], [s].[ShowtimeCode], [s].[StartTime], [s].[Status]
FROM [Showtimes] AS [s]
WHERE [s].[ShowtimeID] = @__p_0
2026-05-20 16:25:09.935 +07:00 [INF] Executed DbCommand (1ms) [Parameters=[@__p_0='?' (DbType = Int32)], CommandType='"Text"', CommandTimeout='30']
SELECT TOP(1) [m].[MovieID], [m].[Actors], [m].[Director], [m].[Duration], [m].[Genre], [m].[MovieCode], [m].[Poster], [m].[ReleaseDate], [m].[Status], [m].[Title], [m].[Trailer]
FROM [Movies] AS [m]
WHERE [m].[MovieID] = @__p_0
2026-05-20 16:25:09.936 +07:00 [INF] Executed DbCommand (0ms) [Parameters=[@__roomId_0='?' (DbType = Int32), @__currentShowtimeId_Value_1='?' (DbType = Int32), @__start_2='?' (DbType = DateTime2), @__end_3='?' (DbType = DateTime2)], CommandType='"Text"', CommandTimeout='30']
SELECT CASE
    WHEN EXISTS (
        SELECT 1
        FROM [Showtimes] AS [s]
        WHERE [s].[RoomID] = @__roomId_0 AND [s].[Status] <> N'Đã hủy' AND [s].[ShowtimeID] <> @__currentShowtimeId_Value_1 AND @__start_2 < DATEADD(minute, CAST(10.0E0 AS int), [s].[EndTime]) AND @__end_3 > DATEADD(minute, CAST(-10.0E0 AS int), [s].[StartTime])) THEN CAST(1 AS bit)
    ELSE CAST(0 AS bit)
END
2026-05-20 16:25:09.938 +07:00 [INF] Executed DbCommand (1ms) [Parameters=[], CommandType='"Text"', CommandTimeout='30']
SELECT CONVERT(varchar(11), [m].[MovieID]) AS [Value], [m].[Title] AS [Text]
FROM [Movies] AS [m]
WHERE [m].[Status] <> N'Ngung chieu'
2026-05-20 16:25:09.938 +07:00 [INF] Executed DbCommand (0ms) [Parameters=[], CommandType='"Text"', CommandTimeout='30']
SELECT CONVERT(varchar(11), [r].[RoomID]) AS [Value], [r].[RoomName] AS [Text]
FROM [Rooms] AS [r]
WHERE [r].[Status] = N'Hoat dong'
2026-05-20 16:25:09.938 +07:00 [INF] Executing ViewResult, running view Edit.
2026-05-20 16:25:09.940 +07:00 [INF] Executed ViewResult - view Edit executed in 1.8603ms.
2026-05-20 16:25:09.940 +07:00 [INF] Executed action AuraCinema.Web.Areas.Admin.Controllers.ShowtimesController.Edit (AuraCinema.Web) in 9.9753ms
2026-05-20 16:25:09.940 +07:00 [INF] Executed endpoint 'AuraCinema.Web.Areas.Admin.Controllers.ShowtimesController.Edit (AuraCinema.Web)'
2026-05-20 16:25:09.941 +07:00 [INF] Request finished HTTP/1.1 POST http://localhost:5231/Admin/Showtimes/Edit/8091 - 200 null text/html; charset=utf-8 10.6266ms
2026-05-20 16:25:12.363 +07:00 [INF] Request starting HTTP/1.1 GET http://localhost:5231/Admin/Showtimes - null null
2026-05-20 16:25:12.364 +07:00 [INF] Executing endpoint 'AuraCinema.Web.Areas.Admin.Controllers.ShowtimesController.Index (AuraCinema.Web)'
2026-05-20 16:25:12.364 +07:00 [INF] Route matched with {area = "Admin", action = "Index", controller = "Showtimes"}. Executing controller action with signature System.Threading.Tasks.Task`1[Microsoft.AspNetCore.Mvc.IActionResult] Index(System.String, System.Nullable`1[System.DateTime], System.Nullable`1[System.Int32]) on controller AuraCinema.Web.Areas.Admin.Controllers.ShowtimesController (AuraCinema.Web).
2026-05-20 16:25:12.365 +07:00 [INF] Executed DbCommand (0ms) [Parameters=[], CommandType='"Text"', CommandTimeout='30']
SELECT CONVERT(varchar(11), [r].[RoomID]) AS [Value], [r].[RoomName] AS [Text]
FROM [Rooms] AS [r]
2026-05-20 16:25:12.367 +07:00 [INF] Executed DbCommand (1ms) [Parameters=[], CommandType='"Text"', CommandTimeout='30']
SELECT [s].[ShowtimeID], [s].[EndTime], [s].[MovieID], [s].[RoomID], [s].[ShowtimeCode], [s].[StartTime], [s].[Status], [m].[MovieID], [m].[Actors], [m].[Director], [m].[Duration], [m].[Genre], [m].[MovieCode], [m].[Poster], [m].[ReleaseDate], [m].[Status], [m].[Title], [m].[Trailer], [r].[RoomID], [r].[Capacity], [r].[RoomCode], [r].[RoomName], [r].[Status]
FROM [Showtimes] AS [s]
INNER JOIN [Movies] AS [m] ON [s].[MovieID] = [m].[MovieID]
INNER JOIN [Rooms] AS [r] ON [s].[RoomID] = [r].[RoomID]
WHERE [s].[Status] NOT IN (N'Đã hủy', N'Đã kết thúc') AND [s].[EndTime] > GETDATE()
ORDER BY [s].[StartTime] DESC
2026-05-20 16:25:12.367 +07:00 [INF] Executing ViewResult, running view Index.
2026-05-20 16:25:12.369 +07:00 [INF] Executed ViewResult - view Index executed in 1.8488ms.
2026-05-20 16:25:12.369 +07:00 [INF] Executed action AuraCinema.Web.Areas.Admin.Controllers.ShowtimesController.Index (AuraCinema.Web) in 5.4309ms
2026-05-20 16:25:12.369 +07:00 [INF] Executed endpoint 'AuraCinema.Web.Areas.Admin.Controllers.ShowtimesController.Index (AuraCinema.Web)'
2026-05-20 16:25:12.370 +07:00 [INF] Request finished HTTP/1.1 GET http://localhost:5231/Admin/Showtimes - 200 null text/html; charset=utf-8 6.4588ms
2026-05-20 16:25:15.777 +07:00 [INF] Request starting HTTP/1.1 GET http://localhost:5231/Admin/Showtimes?searchCode=&searchDate=&roomId=5 - null null
2026-05-20 16:25:15.778 +07:00 [INF] Executing endpoint 'AuraCinema.Web.Areas.Admin.Controllers.ShowtimesController.Index (AuraCinema.Web)'
2026-05-20 16:25:15.778 +07:00 [INF] Route matched with {area = "Admin", action = "Index", controller = "Showtimes"}. Executing controller action with signature System.Threading.Tasks.Task`1[Microsoft.AspNetCore.Mvc.IActionResult] Index(System.String, System.Nullable`1[System.DateTime], System.Nullable`1[System.Int32]) on controller AuraCinema.Web.Areas.Admin.Controllers.ShowtimesController (AuraCinema.Web).
2026-05-20 16:25:15.783 +07:00 [INF] Executed DbCommand (1ms) [Parameters=[], CommandType='"Text"', CommandTimeout='30']
SELECT CONVERT(varchar(11), [r].[RoomID]) AS [Value], [r].[RoomName] AS [Text]
FROM [Rooms] AS [r]
2026-05-20 16:25:15.785 +07:00 [INF] Executed DbCommand (1ms) [Parameters=[@__roomId_Value_0='?' (DbType = Int32)], CommandType='"Text"', CommandTimeout='30']
SELECT [s].[ShowtimeID], [s].[EndTime], [s].[MovieID], [s].[RoomID], [s].[ShowtimeCode], [s].[StartTime], [s].[Status], [m].[MovieID], [m].[Actors], [m].[Director], [m].[Duration], [m].[Genre], [m].[MovieCode], [m].[Poster], [m].[ReleaseDate], [m].[Status], [m].[Title], [m].[Trailer], [r].[RoomID], [r].[Capacity], [r].[RoomCode], [r].[RoomName], [r].[Status]
FROM [Showtimes] AS [s]
INNER JOIN [Movies] AS [m] ON [s].[MovieID] = [m].[MovieID]
INNER JOIN [Rooms] AS [r] ON [s].[RoomID] = [r].[RoomID]
WHERE [s].[Status] NOT IN (N'Đã hủy', N'Đã kết thúc') AND [s].[EndTime] > GETDATE() AND [s].[RoomID] = @__roomId_Value_0
ORDER BY [s].[StartTime] DESC
2026-05-20 16:25:15.785 +07:00 [INF] Executing ViewResult, running view Index.
2026-05-20 16:25:15.786 +07:00 [INF] Executed ViewResult - view Index executed in 1.0874ms.
2026-05-20 16:25:15.786 +07:00 [INF] Executed action AuraCinema.Web.Areas.Admin.Controllers.ShowtimesController.Index (AuraCinema.Web) in 8.5516ms
2026-05-20 16:25:15.786 +07:00 [INF] Executed endpoint 'AuraCinema.Web.Areas.Admin.Controllers.ShowtimesController.Index (AuraCinema.Web)'
2026-05-20 16:25:15.787 +07:00 [INF] Request finished HTTP/1.1 GET http://localhost:5231/Admin/Showtimes?searchCode=&searchDate=&roomId=5 - 200 null text/html; charset=utf-8 9.0583ms
2026-05-20 16:25:36.306 +07:00 [INF] Request starting HTTP/1.1 GET http://localhost:5231/Admin/Showtimes/Edit/8091 - null null
2026-05-20 16:25:36.306 +07:00 [INF] Executing endpoint 'AuraCinema.Web.Areas.Admin.Controllers.ShowtimesController.Edit (AuraCinema.Web)'
2026-05-20 16:25:36.306 +07:00 [INF] Route matched with {area = "Admin", action = "Edit", controller = "Showtimes"}. Executing controller action with signature System.Threading.Tasks.Task`1[Microsoft.AspNetCore.Mvc.IActionResult] Edit(Int32) on controller AuraCinema.Web.Areas.Admin.Controllers.ShowtimesController (AuraCinema.Web).
2026-05-20 16:25:36.310 +07:00 [INF] Executed DbCommand (2ms) [Parameters=[@__p_0='?' (DbType = Int32)], CommandType='"Text"', CommandTimeout='30']
SELECT TOP(1) [s].[ShowtimeID], [s].[EndTime], [s].[MovieID], [s].[RoomID], [s].[ShowtimeCode], [s].[StartTime], [s].[Status]
FROM [Showtimes] AS [s]
WHERE [s].[ShowtimeID] = @__p_0
2026-05-20 16:25:36.314 +07:00 [INF] Executed DbCommand (3ms) [Parameters=[], CommandType='"Text"', CommandTimeout='30']
SELECT CONVERT(varchar(11), [m].[MovieID]) AS [Value], [m].[Title] AS [Text]
FROM [Movies] AS [m]
WHERE [m].[Status] <> N'Ngung chieu'
2026-05-20 16:25:36.317 +07:00 [INF] Executed DbCommand (3ms) [Parameters=[], CommandType='"Text"', CommandTimeout='30']
SELECT CONVERT(varchar(11), [r].[RoomID]) AS [Value], [r].[RoomName] AS [Text]
FROM [Rooms] AS [r]
WHERE [r].[Status] = N'Hoat dong'
2026-05-20 16:25:36.317 +07:00 [INF] Executing ViewResult, running view Edit.
2026-05-20 16:25:36.319 +07:00 [INF] Executed ViewResult - view Edit executed in 1.0668ms.
2026-05-20 16:25:36.319 +07:00 [INF] Executed action AuraCinema.Web.Areas.Admin.Controllers.ShowtimesController.Edit (AuraCinema.Web) in 12.3877ms
2026-05-20 16:25:36.319 +07:00 [INF] Executed endpoint 'AuraCinema.Web.Areas.Admin.Controllers.ShowtimesController.Edit (AuraCinema.Web)'
2026-05-20 16:25:36.319 +07:00 [INF] Request finished HTTP/1.1 GET http://localhost:5231/Admin/Showtimes/Edit/8091 - 200 null text/html; charset=utf-8 13.0706ms
2026-05-20 16:25:37.901 +07:00 [INF] Request starting HTTP/1.1 POST http://localhost:5231/Admin/Showtimes/Edit/8091 - application/x-www-form-urlencoded 353
2026-05-20 16:25:37.901 +07:00 [INF] Executing endpoint 'AuraCinema.Web.Areas.Admin.Controllers.ShowtimesController.Edit (AuraCinema.Web)'
2026-05-20 16:25:37.901 +07:00 [INF] Route matched with {area = "Admin", action = "Edit", controller = "Showtimes"}. Executing controller action with signature System.Threading.Tasks.Task`1[Microsoft.AspNetCore.Mvc.IActionResult] Edit(Int32, AuraCinema.Web.Areas.Admin.ViewModels.ShowtimeFormViewModel) on controller AuraCinema.Web.Areas.Admin.Controllers.ShowtimesController (AuraCinema.Web).
2026-05-20 16:25:37.904 +07:00 [INF] Executed DbCommand (2ms) [Parameters=[@__p_0='?' (DbType = Int32)], CommandType='"Text"', CommandTimeout='30']
SELECT TOP(1) [s].[ShowtimeID], [s].[EndTime], [s].[MovieID], [s].[RoomID], [s].[ShowtimeCode], [s].[StartTime], [s].[Status]
FROM [Showtimes] AS [s]
WHERE [s].[ShowtimeID] = @__p_0
2026-05-20 16:25:37.907 +07:00 [INF] Executed DbCommand (2ms) [Parameters=[@__p_0='?' (DbType = Int32)], CommandType='"Text"', CommandTimeout='30']
SELECT TOP(1) [m].[MovieID], [m].[Actors], [m].[Director], [m].[Duration], [m].[Genre], [m].[MovieCode], [m].[Poster], [m].[ReleaseDate], [m].[Status], [m].[Title], [m].[Trailer]
FROM [Movies] AS [m]
WHERE [m].[MovieID] = @__p_0
2026-05-20 16:25:37.912 +07:00 [INF] Executed DbCommand (4ms) [Parameters=[@__roomId_0='?' (DbType = Int32), @__currentShowtimeId_Value_1='?' (DbType = Int32), @__start_2='?' (DbType = DateTime2), @__end_3='?' (DbType = DateTime2)], CommandType='"Text"', CommandTimeout='30']
SELECT CASE
    WHEN EXISTS (
        SELECT 1
        FROM [Showtimes] AS [s]
        WHERE [s].[RoomID] = @__roomId_0 AND [s].[Status] <> N'Đã hủy' AND [s].[ShowtimeID] <> @__currentShowtimeId_Value_1 AND @__start_2 < DATEADD(minute, CAST(10.0E0 AS int), [s].[EndTime]) AND @__end_3 > DATEADD(minute, CAST(-10.0E0 AS int), [s].[StartTime])) THEN CAST(1 AS bit)
    ELSE CAST(0 AS bit)
END
2026-05-20 16:25:37.916 +07:00 [INF] Executed DbCommand (2ms) [Parameters=[], CommandType='"Text"', CommandTimeout='30']
SELECT CONVERT(varchar(11), [m].[MovieID]) AS [Value], [m].[Title] AS [Text]
FROM [Movies] AS [m]
WHERE [m].[Status] <> N'Ngung chieu'
2026-05-20 16:25:37.917 +07:00 [INF] Executed DbCommand (1ms) [Parameters=[], CommandType='"Text"', CommandTimeout='30']
SELECT CONVERT(varchar(11), [r].[RoomID]) AS [Value], [r].[RoomName] AS [Text]
FROM [Rooms] AS [r]
WHERE [r].[Status] = N'Hoat dong'
2026-05-20 16:25:37.917 +07:00 [INF] Executing ViewResult, running view Edit.
2026-05-20 16:25:37.919 +07:00 [INF] Executed ViewResult - view Edit executed in 1.1482ms.
2026-05-20 16:25:37.919 +07:00 [INF] Executed action AuraCinema.Web.Areas.Admin.Controllers.ShowtimesController.Edit (AuraCinema.Web) in 17.3657ms
2026-05-20 16:25:37.919 +07:00 [INF] Executed endpoint 'AuraCinema.Web.Areas.Admin.Controllers.ShowtimesController.Edit (AuraCinema.Web)'
2026-05-20 16:25:37.919 +07:00 [INF] Request finished HTTP/1.1 POST http://localhost:5231/Admin/Showtimes/Edit/8091 - 200 null text/html; charset=utf-8 18.0053ms
2026-05-20 16:25:42.458 +07:00 [INF] Request starting HTTP/1.1 GET http://localhost:5231/Admin/Showtimes - null null
2026-05-20 16:25:42.458 +07:00 [INF] Executing endpoint 'AuraCinema.Web.Areas.Admin.Controllers.ShowtimesController.Index (AuraCinema.Web)'
2026-05-20 16:25:42.458 +07:00 [INF] Route matched with {area = "Admin", action = "Index", controller = "Showtimes"}. Executing controller action with signature System.Threading.Tasks.Task`1[Microsoft.AspNetCore.Mvc.IActionResult] Index(System.String, System.Nullable`1[System.DateTime], System.Nullable`1[System.Int32]) on controller AuraCinema.Web.Areas.Admin.Controllers.ShowtimesController (AuraCinema.Web).
2026-05-20 16:25:42.461 +07:00 [INF] Executed DbCommand (2ms) [Parameters=[], CommandType='"Text"', CommandTimeout='30']
SELECT CONVERT(varchar(11), [r].[RoomID]) AS [Value], [r].[RoomName] AS [Text]
FROM [Rooms] AS [r]
2026-05-20 16:25:42.469 +07:00 [INF] Executed DbCommand (8ms) [Parameters=[], CommandType='"Text"', CommandTimeout='30']
SELECT [s].[ShowtimeID], [s].[EndTime], [s].[MovieID], [s].[RoomID], [s].[ShowtimeCode], [s].[StartTime], [s].[Status], [m].[MovieID], [m].[Actors], [m].[Director], [m].[Duration], [m].[Genre], [m].[MovieCode], [m].[Poster], [m].[ReleaseDate], [m].[Status], [m].[Title], [m].[Trailer], [r].[RoomID], [r].[Capacity], [r].[RoomCode], [r].[RoomName], [r].[Status]
FROM [Showtimes] AS [s]
INNER JOIN [Movies] AS [m] ON [s].[MovieID] = [m].[MovieID]
INNER JOIN [Rooms] AS [r] ON [s].[RoomID] = [r].[RoomID]
WHERE [s].[Status] NOT IN (N'Đã hủy', N'Đã kết thúc') AND [s].[EndTime] > GETDATE()
ORDER BY [s].[StartTime] DESC
2026-05-20 16:25:42.470 +07:00 [INF] Executing ViewResult, running view Index.
2026-05-20 16:25:42.473 +07:00 [INF] Executed ViewResult - view Index executed in 2.5957ms.
2026-05-20 16:25:42.473 +07:00 [INF] Executed action AuraCinema.Web.Areas.Admin.Controllers.ShowtimesController.Index (AuraCinema.Web) in 14.7588ms
2026-05-20 16:25:42.473 +07:00 [INF] Executed endpoint 'AuraCinema.Web.Areas.Admin.Controllers.ShowtimesController.Index (AuraCinema.Web)'
2026-05-20 16:25:42.473 +07:00 [INF] Request finished HTTP/1.1 GET http://localhost:5231/Admin/Showtimes - 200 null text/html; charset=utf-8 15.4609ms
2026-05-20 16:25:46.869 +07:00 [INF] Request starting HTTP/1.1 POST http://localhost:5231/Admin/Showtimes/Delete/8077 - application/x-www-form-urlencoded 225
2026-05-20 16:25:46.870 +07:00 [INF] Executing endpoint 'AuraCinema.Web.Areas.Admin.Controllers.ShowtimesController.Delete (AuraCinema.Web)'
2026-05-20 16:25:46.870 +07:00 [INF] Route matched with {area = "Admin", action = "Delete", controller = "Showtimes"}. Executing controller action with signature System.Threading.Tasks.Task`1[Microsoft.AspNetCore.Mvc.IActionResult] Delete(Int32) on controller AuraCinema.Web.Areas.Admin.Controllers.ShowtimesController (AuraCinema.Web).
2026-05-20 16:25:46.875 +07:00 [INF] Executed DbCommand (4ms) [Parameters=[@__id_0='?' (DbType = Int32)], CommandType='"Text"', CommandTimeout='30']
SELECT [t].[ShowtimeID], [t].[EndTime], [t].[MovieID], [t].[RoomID], [t].[ShowtimeCode], [t].[StartTime], [t].[Status], [o].[OrderID], [o].[FinalAmount], [o].[HoldExpiryTime], [o].[OrderCode], [o].[PayOSTransID], [o].[PromoID], [o].[QrCode], [o].[ShowtimeID], [o].[Status], [o].[TotalAmount], [o].[UserID]
FROM (
    SELECT TOP(1) [s].[ShowtimeID], [s].[EndTime], [s].[MovieID], [s].[RoomID], [s].[ShowtimeCode], [s].[StartTime], [s].[Status]
    FROM [Showtimes] AS [s]
    WHERE [s].[ShowtimeID] = @__id_0
) AS [t]
LEFT JOIN [Orders] AS [o] ON [t].[ShowtimeID] = [o].[ShowtimeID]
ORDER BY [t].[ShowtimeID]
2026-05-20 16:25:46.876 +07:00 [INF] Executing RedirectResult, redirecting to /Admin/Showtimes.
2026-05-20 16:25:46.876 +07:00 [INF] Executed action AuraCinema.Web.Areas.Admin.Controllers.ShowtimesController.Delete (AuraCinema.Web) in 5.9419ms
2026-05-20 16:25:46.876 +07:00 [INF] Executed endpoint 'AuraCinema.Web.Areas.Admin.Controllers.ShowtimesController.Delete (AuraCinema.Web)'
2026-05-20 16:25:46.876 +07:00 [INF] Request finished HTTP/1.1 POST http://localhost:5231/Admin/Showtimes/Delete/8077 - 302 0 null 7.4067ms
2026-05-20 16:25:46.882 +07:00 [INF] Request starting HTTP/1.1 GET http://localhost:5231/Admin/Showtimes - null null
2026-05-20 16:25:46.883 +07:00 [INF] Executing endpoint 'AuraCinema.Web.Areas.Admin.Controllers.ShowtimesController.Index (AuraCinema.Web)'
2026-05-20 16:25:46.883 +07:00 [INF] Route matched with {area = "Admin", action = "Index", controller = "Showtimes"}. Executing controller action with signature System.Threading.Tasks.Task`1[Microsoft.AspNetCore.Mvc.IActionResult] Index(System.String, System.Nullable`1[System.DateTime], System.Nullable`1[System.Int32]) on controller AuraCinema.Web.Areas.Admin.Controllers.ShowtimesController (AuraCinema.Web).
2026-05-20 16:25:46.884 +07:00 [INF] Executed DbCommand (0ms) [Parameters=[], CommandType='"Text"', CommandTimeout='30']
SELECT CONVERT(varchar(11), [r].[RoomID]) AS [Value], [r].[RoomName] AS [Text]
FROM [Rooms] AS [r]
2026-05-20 16:25:46.885 +07:00 [INF] Executed DbCommand (1ms) [Parameters=[], CommandType='"Text"', CommandTimeout='30']
SELECT [s].[ShowtimeID], [s].[EndTime], [s].[MovieID], [s].[RoomID], [s].[ShowtimeCode], [s].[StartTime], [s].[Status], [m].[MovieID], [m].[Actors], [m].[Director], [m].[Duration], [m].[Genre], [m].[MovieCode], [m].[Poster], [m].[ReleaseDate], [m].[Status], [m].[Title], [m].[Trailer], [r].[RoomID], [r].[Capacity], [r].[RoomCode], [r].[RoomName], [r].[Status]
FROM [Showtimes] AS [s]
INNER JOIN [Movies] AS [m] ON [s].[MovieID] = [m].[MovieID]
INNER JOIN [Rooms] AS [r] ON [s].[RoomID] = [r].[RoomID]
WHERE [s].[Status] NOT IN (N'Đã hủy', N'Đã kết thúc') AND [s].[EndTime] > GETDATE()
ORDER BY [s].[StartTime] DESC
2026-05-20 16:25:46.886 +07:00 [INF] Executing ViewResult, running view Index.
2026-05-20 16:25:46.888 +07:00 [INF] Executed ViewResult - view Index executed in 1.4706ms.
2026-05-20 16:25:46.888 +07:00 [INF] Executed action AuraCinema.Web.Areas.Admin.Controllers.ShowtimesController.Index (AuraCinema.Web) in 4.9403ms
2026-05-20 16:25:46.888 +07:00 [INF] Executed endpoint 'AuraCinema.Web.Areas.Admin.Controllers.ShowtimesController.Index (AuraCinema.Web)'
2026-05-20 16:25:46.888 +07:00 [INF] Request finished HTTP/1.1 GET http://localhost:5231/Admin/Showtimes - 200 null text/html; charset=utf-8 5.5434ms
2026-05-20 16:25:49.866 +07:00 [INF] Request starting HTTP/1.1 POST http://localhost:5231/Admin/Showtimes/Delete/8077 - application/x-www-form-urlencoded 225
2026-05-20 16:25:49.866 +07:00 [INF] Executing endpoint 'AuraCinema.Web.Areas.Admin.Controllers.ShowtimesController.Delete (AuraCinema.Web)'
2026-05-20 16:25:49.866 +07:00 [INF] Route matched with {area = "Admin", action = "Delete", controller = "Showtimes"}. Executing controller action with signature System.Threading.Tasks.Task`1[Microsoft.AspNetCore.Mvc.IActionResult] Delete(Int32) on controller AuraCinema.Web.Areas.Admin.Controllers.ShowtimesController (AuraCinema.Web).
2026-05-20 16:25:49.868 +07:00 [INF] Executed DbCommand (1ms) [Parameters=[@__id_0='?' (DbType = Int32)], CommandType='"Text"', CommandTimeout='30']
SELECT [t].[ShowtimeID], [t].[EndTime], [t].[MovieID], [t].[RoomID], [t].[ShowtimeCode], [t].[StartTime], [t].[Status], [o].[OrderID], [o].[FinalAmount], [o].[HoldExpiryTime], [o].[OrderCode], [o].[PayOSTransID], [o].[PromoID], [o].[QrCode], [o].[ShowtimeID], [o].[Status], [o].[TotalAmount], [o].[UserID]
FROM (
    SELECT TOP(1) [s].[ShowtimeID], [s].[EndTime], [s].[MovieID], [s].[RoomID], [s].[ShowtimeCode], [s].[StartTime], [s].[Status]
    FROM [Showtimes] AS [s]
    WHERE [s].[ShowtimeID] = @__id_0
) AS [t]
LEFT JOIN [Orders] AS [o] ON [t].[ShowtimeID] = [o].[ShowtimeID]
ORDER BY [t].[ShowtimeID]
2026-05-20 16:25:49.869 +07:00 [INF] Executing RedirectResult, redirecting to /Admin/Showtimes.
2026-05-20 16:25:49.869 +07:00 [INF] Executed action AuraCinema.Web.Areas.Admin.Controllers.ShowtimesController.Delete (AuraCinema.Web) in 2.705ms
2026-05-20 16:25:49.869 +07:00 [INF] Executed endpoint 'AuraCinema.Web.Areas.Admin.Controllers.ShowtimesController.Delete (AuraCinema.Web)'
2026-05-20 16:25:49.869 +07:00 [INF] Request finished HTTP/1.1 POST http://localhost:5231/Admin/Showtimes/Delete/8077 - 302 0 null 3.5976ms
2026-05-20 16:25:49.878 +07:00 [INF] Request starting HTTP/1.1 GET http://localhost:5231/Admin/Showtimes - null null
2026-05-20 16:25:49.878 +07:00 [INF] Executing endpoint 'AuraCinema.Web.Areas.Admin.Controllers.ShowtimesController.Index (AuraCinema.Web)'
2026-05-20 16:25:49.878 +07:00 [INF] Route matched with {area = "Admin", action = "Index", controller = "Showtimes"}. Executing controller action with signature System.Threading.Tasks.Task`1[Microsoft.AspNetCore.Mvc.IActionResult] Index(System.String, System.Nullable`1[System.DateTime], System.Nullable`1[System.Int32]) on controller AuraCinema.Web.Areas.Admin.Controllers.ShowtimesController (AuraCinema.Web).
2026-05-20 16:25:49.881 +07:00 [INF] Executed DbCommand (2ms) [Parameters=[], CommandType='"Text"', CommandTimeout='30']
SELECT CONVERT(varchar(11), [r].[RoomID]) AS [Value], [r].[RoomName] AS [Text]
FROM [Rooms] AS [r]
2026-05-20 16:25:49.882 +07:00 [INF] Executed DbCommand (1ms) [Parameters=[], CommandType='"Text"', CommandTimeout='30']
SELECT [s].[ShowtimeID], [s].[EndTime], [s].[MovieID], [s].[RoomID], [s].[ShowtimeCode], [s].[StartTime], [s].[Status], [m].[MovieID], [m].[Actors], [m].[Director], [m].[Duration], [m].[Genre], [m].[MovieCode], [m].[Poster], [m].[ReleaseDate], [m].[Status], [m].[Title], [m].[Trailer], [r].[RoomID], [r].[Capacity], [r].[RoomCode], [r].[RoomName], [r].[Status]
FROM [Showtimes] AS [s]
INNER JOIN [Movies] AS [m] ON [s].[MovieID] = [m].[MovieID]
INNER JOIN [Rooms] AS [r] ON [s].[RoomID] = [r].[RoomID]
WHERE [s].[Status] NOT IN (N'Đã hủy', N'Đã kết thúc') AND [s].[EndTime] > GETDATE()
ORDER BY [s].[StartTime] DESC
2026-05-20 16:25:49.883 +07:00 [INF] Executing ViewResult, running view Index.
2026-05-20 16:25:49.887 +07:00 [INF] Executed ViewResult - view Index executed in 4.4528ms.
2026-05-20 16:25:49.887 +07:00 [INF] Executed action AuraCinema.Web.Areas.Admin.Controllers.ShowtimesController.Index (AuraCinema.Web) in 8.8759ms
2026-05-20 16:25:49.887 +07:00 [INF] Executed endpoint 'AuraCinema.Web.Areas.Admin.Controllers.ShowtimesController.Index (AuraCinema.Web)'
2026-05-20 16:25:49.887 +07:00 [INF] Request finished HTTP/1.1 GET http://localhost:5231/Admin/Showtimes - 200 null text/html; charset=utf-8 9.7329ms
2026-05-20 16:25:51.670 +07:00 [INF] Request starting HTTP/1.1 GET http://localhost:5231/Admin/Showtimes/Edit/8071 - null null
2026-05-20 16:25:51.670 +07:00 [INF] Executing endpoint 'AuraCinema.Web.Areas.Admin.Controllers.ShowtimesController.Edit (AuraCinema.Web)'
2026-05-20 16:25:51.670 +07:00 [INF] Route matched with {area = "Admin", action = "Edit", controller = "Showtimes"}. Executing controller action with signature System.Threading.Tasks.Task`1[Microsoft.AspNetCore.Mvc.IActionResult] Edit(Int32) on controller AuraCinema.Web.Areas.Admin.Controllers.ShowtimesController (AuraCinema.Web).
2026-05-20 16:25:51.673 +07:00 [INF] Executed DbCommand (2ms) [Parameters=[@__p_0='?' (DbType = Int32)], CommandType='"Text"', CommandTimeout='30']
SELECT TOP(1) [s].[ShowtimeID], [s].[EndTime], [s].[MovieID], [s].[RoomID], [s].[ShowtimeCode], [s].[StartTime], [s].[Status]
FROM [Showtimes] AS [s]
WHERE [s].[ShowtimeID] = @__p_0
2026-05-20 16:25:51.676 +07:00 [INF] Executed DbCommand (2ms) [Parameters=[], CommandType='"Text"', CommandTimeout='30']
SELECT CONVERT(varchar(11), [m].[MovieID]) AS [Value], [m].[Title] AS [Text]
FROM [Movies] AS [m]
WHERE [m].[Status] <> N'Ngung chieu'
2026-05-20 16:25:51.679 +07:00 [INF] Executed DbCommand (1ms) [Parameters=[], CommandType='"Text"', CommandTimeout='30']
SELECT CONVERT(varchar(11), [r].[RoomID]) AS [Value], [r].[RoomName] AS [Text]
FROM [Rooms] AS [r]
WHERE [r].[Status] = N'Hoat dong'
2026-05-20 16:25:51.679 +07:00 [INF] Executing ViewResult, running view Edit.
2026-05-20 16:25:51.680 +07:00 [INF] Executed ViewResult - view Edit executed in 0.6757ms.
2026-05-20 16:25:51.680 +07:00 [INF] Executed action AuraCinema.Web.Areas.Admin.Controllers.ShowtimesController.Edit (AuraCinema.Web) in 9.3185ms
2026-05-20 16:25:51.680 +07:00 [INF] Executed endpoint 'AuraCinema.Web.Areas.Admin.Controllers.ShowtimesController.Edit (AuraCinema.Web)'
2026-05-20 16:25:51.680 +07:00 [INF] Request finished HTTP/1.1 GET http://localhost:5231/Admin/Showtimes/Edit/8071 - 200 null text/html; charset=utf-8 9.7358ms
2026-05-20 16:25:52.763 +07:00 [INF] Request starting HTTP/1.1 POST http://localhost:5231/Admin/Showtimes/Edit/8071 - application/x-www-form-urlencoded 352
2026-05-20 16:25:52.763 +07:00 [INF] Executing endpoint 'AuraCinema.Web.Areas.Admin.Controllers.ShowtimesController.Edit (AuraCinema.Web)'
2026-05-20 16:25:52.763 +07:00 [INF] Route matched with {area = "Admin", action = "Edit", controller = "Showtimes"}. Executing controller action with signature System.Threading.Tasks.Task`1[Microsoft.AspNetCore.Mvc.IActionResult] Edit(Int32, AuraCinema.Web.Areas.Admin.ViewModels.ShowtimeFormViewModel) on controller AuraCinema.Web.Areas.Admin.Controllers.ShowtimesController (AuraCinema.Web).
2026-05-20 16:25:52.765 +07:00 [INF] Executed DbCommand (1ms) [Parameters=[@__p_0='?' (DbType = Int32)], CommandType='"Text"', CommandTimeout='30']
SELECT TOP(1) [s].[ShowtimeID], [s].[EndTime], [s].[MovieID], [s].[RoomID], [s].[ShowtimeCode], [s].[StartTime], [s].[Status]
FROM [Showtimes] AS [s]
WHERE [s].[ShowtimeID] = @__p_0
2026-05-20 16:25:52.767 +07:00 [INF] Executed DbCommand (1ms) [Parameters=[@__p_0='?' (DbType = Int32)], CommandType='"Text"', CommandTimeout='30']
SELECT TOP(1) [m].[MovieID], [m].[Actors], [m].[Director], [m].[Duration], [m].[Genre], [m].[MovieCode], [m].[Poster], [m].[ReleaseDate], [m].[Status], [m].[Title], [m].[Trailer]
FROM [Movies] AS [m]
WHERE [m].[MovieID] = @__p_0
2026-05-20 16:25:52.770 +07:00 [INF] Executed DbCommand (3ms) [Parameters=[@__roomId_0='?' (DbType = Int32), @__currentShowtimeId_Value_1='?' (DbType = Int32), @__start_2='?' (DbType = DateTime2), @__end_3='?' (DbType = DateTime2)], CommandType='"Text"', CommandTimeout='30']
SELECT CASE
    WHEN EXISTS (
        SELECT 1
        FROM [Showtimes] AS [s]
        WHERE [s].[RoomID] = @__roomId_0 AND [s].[Status] <> N'Đã hủy' AND [s].[ShowtimeID] <> @__currentShowtimeId_Value_1 AND @__start_2 < DATEADD(minute, CAST(10.0E0 AS int), [s].[EndTime]) AND @__end_3 > DATEADD(minute, CAST(-10.0E0 AS int), [s].[StartTime])) THEN CAST(1 AS bit)
    ELSE CAST(0 AS bit)
END
2026-05-20 16:25:52.774 +07:00 [INF] Executed DbCommand (3ms) [Parameters=[@p1='?' (DbType = Int32), @p0='?' (Size = 4000)], CommandType='"Text"', CommandTimeout='30']
SET IMPLICIT_TRANSACTIONS OFF;
SET NOCOUNT ON;
UPDATE [Showtimes] SET [Status] = @p0
OUTPUT 1
WHERE [ShowtimeID] = @p1;
2026-05-20 16:25:52.775 +07:00 [INF] Executing RedirectResult, redirecting to /Admin/Showtimes.
2026-05-20 16:25:52.776 +07:00 [INF] Executed action AuraCinema.Web.Areas.Admin.Controllers.ShowtimesController.Edit (AuraCinema.Web) in 12.6261ms
2026-05-20 16:25:52.776 +07:00 [INF] Executed endpoint 'AuraCinema.Web.Areas.Admin.Controllers.ShowtimesController.Edit (AuraCinema.Web)'
2026-05-20 16:25:52.776 +07:00 [INF] Request finished HTTP/1.1 POST http://localhost:5231/Admin/Showtimes/Edit/8071 - 302 0 null 13.2191ms
2026-05-20 16:25:52.780 +07:00 [INF] Request starting HTTP/1.1 GET http://localhost:5231/Admin/Showtimes - null null
2026-05-20 16:25:52.780 +07:00 [INF] Executing endpoint 'AuraCinema.Web.Areas.Admin.Controllers.ShowtimesController.Index (AuraCinema.Web)'
2026-05-20 16:25:52.780 +07:00 [INF] Route matched with {area = "Admin", action = "Index", controller = "Showtimes"}. Executing controller action with signature System.Threading.Tasks.Task`1[Microsoft.AspNetCore.Mvc.IActionResult] Index(System.String, System.Nullable`1[System.DateTime], System.Nullable`1[System.Int32]) on controller AuraCinema.Web.Areas.Admin.Controllers.ShowtimesController (AuraCinema.Web).
2026-05-20 16:25:52.782 +07:00 [INF] Executed DbCommand (1ms) [Parameters=[], CommandType='"Text"', CommandTimeout='30']
SELECT CONVERT(varchar(11), [r].[RoomID]) AS [Value], [r].[RoomName] AS [Text]
FROM [Rooms] AS [r]
2026-05-20 16:25:52.783 +07:00 [INF] Executed DbCommand (1ms) [Parameters=[], CommandType='"Text"', CommandTimeout='30']
SELECT [s].[ShowtimeID], [s].[EndTime], [s].[MovieID], [s].[RoomID], [s].[ShowtimeCode], [s].[StartTime], [s].[Status], [m].[MovieID], [m].[Actors], [m].[Director], [m].[Duration], [m].[Genre], [m].[MovieCode], [m].[Poster], [m].[ReleaseDate], [m].[Status], [m].[Title], [m].[Trailer], [r].[RoomID], [r].[Capacity], [r].[RoomCode], [r].[RoomName], [r].[Status]
FROM [Showtimes] AS [s]
INNER JOIN [Movies] AS [m] ON [s].[MovieID] = [m].[MovieID]
INNER JOIN [Rooms] AS [r] ON [s].[RoomID] = [r].[RoomID]
WHERE [s].[Status] NOT IN (N'Đã hủy', N'Đã kết thúc') AND [s].[EndTime] > GETDATE()
ORDER BY [s].[StartTime] DESC
2026-05-20 16:25:52.783 +07:00 [INF] Executing ViewResult, running view Index.
2026-05-20 16:25:52.787 +07:00 [INF] Executed ViewResult - view Index executed in 3.2789ms.
2026-05-20 16:25:52.787 +07:00 [INF] Executed action AuraCinema.Web.Areas.Admin.Controllers.ShowtimesController.Index (AuraCinema.Web) in 6.5928ms
2026-05-20 16:25:52.787 +07:00 [INF] Executed endpoint 'AuraCinema.Web.Areas.Admin.Controllers.ShowtimesController.Index (AuraCinema.Web)'
2026-05-20 16:25:52.787 +07:00 [INF] Request finished HTTP/1.1 GET http://localhost:5231/Admin/Showtimes - 200 null text/html; charset=utf-8 7.2604ms
2026-05-20 16:25:53.332 +07:00 [INF] Executed DbCommand (2ms) [Parameters=[], CommandType='"Text"', CommandTimeout='30']
SELECT [o].[OrderID], [o].[FinalAmount], [o].[HoldExpiryTime], [o].[OrderCode], [o].[PayOSTransID], [o].[PromoID], [o].[QrCode], [o].[ShowtimeID], [o].[Status], [o].[TotalAmount], [o].[UserID]
FROM [Orders] AS [o]
WHERE [o].[Status] = N'Chờ thanh toán' AND [o].[HoldExpiryTime] <= GETDATE()
2026-05-20 16:25:53.334 +07:00 [INF] Executed DbCommand (2ms) [Parameters=[@__maxSellingDate_0='?' (DbType = DateTime2), @__now_1='?' (DbType = DateTime2)], CommandType='"Text"', CommandTimeout='30']
SELECT [s].[ShowtimeID], [s].[EndTime], [s].[MovieID], [s].[RoomID], [s].[ShowtimeCode], [s].[StartTime], [s].[Status]
FROM [Showtimes] AS [s]
WHERE [s].[Status] IN (N'Đã lên lịch', N'Sap chieu') AND CONVERT(date, [s].[StartTime]) <= @__maxSellingDate_0 AND [s].[StartTime] > @__now_1
2026-05-20 16:25:53.337 +07:00 [INF] Executed DbCommand (2ms) [Parameters=[@__now_0='?' (DbType = DateTime2)], CommandType='"Text"', CommandTimeout='30']
SELECT [s].[ShowtimeID], [s].[EndTime], [s].[MovieID], [s].[RoomID], [s].[ShowtimeCode], [s].[StartTime], [s].[Status]
FROM [Showtimes] AS [s]
WHERE [s].[Status] IN (N'Đã lên lịch', N'Đang mở bán', N'Sap chieu') AND [s].[StartTime] <= @__now_0 AND [s].[EndTime] > @__now_0
2026-05-20 16:25:53.339 +07:00 [INF] Executed DbCommand (2ms) [Parameters=[@__now_0='?' (DbType = DateTime2)], CommandType='"Text"', CommandTimeout='30']
SELECT [s].[ShowtimeID], [s].[EndTime], [s].[MovieID], [s].[RoomID], [s].[ShowtimeCode], [s].[StartTime], [s].[Status]
FROM [Showtimes] AS [s]
WHERE [s].[Status] IN (N'Đã lên lịch', N'Đang mở bán', N'Đang chiếu', N'Sap chieu', N'Dang dien ra') AND [s].[EndTime] <= @__now_0
2026-05-20 16:25:55.013 +07:00 [INF] Request starting HTTP/1.1 GET http://localhost:5231/Admin/Showtimes/Edit/8077 - null null
2026-05-20 16:25:55.013 +07:00 [INF] Executing endpoint 'AuraCinema.Web.Areas.Admin.Controllers.ShowtimesController.Edit (AuraCinema.Web)'
2026-05-20 16:25:55.013 +07:00 [INF] Route matched with {area = "Admin", action = "Edit", controller = "Showtimes"}. Executing controller action with signature System.Threading.Tasks.Task`1[Microsoft.AspNetCore.Mvc.IActionResult] Edit(Int32) on controller AuraCinema.Web.Areas.Admin.Controllers.ShowtimesController (AuraCinema.Web).
2026-05-20 16:25:55.015 +07:00 [INF] Executed DbCommand (1ms) [Parameters=[@__p_0='?' (DbType = Int32)], CommandType='"Text"', CommandTimeout='30']
SELECT TOP(1) [s].[ShowtimeID], [s].[EndTime], [s].[MovieID], [s].[RoomID], [s].[ShowtimeCode], [s].[StartTime], [s].[Status]
FROM [Showtimes] AS [s]
WHERE [s].[ShowtimeID] = @__p_0
2026-05-20 16:25:55.016 +07:00 [INF] Executed DbCommand (1ms) [Parameters=[], CommandType='"Text"', CommandTimeout='30']
SELECT CONVERT(varchar(11), [m].[MovieID]) AS [Value], [m].[Title] AS [Text]
FROM [Movies] AS [m]
WHERE [m].[Status] <> N'Ngung chieu'
2026-05-20 16:25:55.017 +07:00 [INF] Executed DbCommand (0ms) [Parameters=[], CommandType='"Text"', CommandTimeout='30']
SELECT CONVERT(varchar(11), [r].[RoomID]) AS [Value], [r].[RoomName] AS [Text]
FROM [Rooms] AS [r]
WHERE [r].[Status] = N'Hoat dong'
2026-05-20 16:25:55.018 +07:00 [INF] Executing ViewResult, running view Edit.
2026-05-20 16:25:55.019 +07:00 [INF] Executed ViewResult - view Edit executed in 1.1787ms.
2026-05-20 16:25:55.019 +07:00 [INF] Executed action AuraCinema.Web.Areas.Admin.Controllers.ShowtimesController.Edit (AuraCinema.Web) in 5.5662ms
2026-05-20 16:25:55.019 +07:00 [INF] Executed endpoint 'AuraCinema.Web.Areas.Admin.Controllers.ShowtimesController.Edit (AuraCinema.Web)'
2026-05-20 16:25:55.019 +07:00 [INF] Request finished HTTP/1.1 GET http://localhost:5231/Admin/Showtimes/Edit/8077 - 200 null text/html; charset=utf-8 6.1878ms
2026-05-20 16:25:55.936 +07:00 [INF] Request starting HTTP/1.1 POST http://localhost:5231/Admin/Showtimes/Edit/8077 - application/x-www-form-urlencoded 352
2026-05-20 16:25:55.936 +07:00 [INF] Executing endpoint 'AuraCinema.Web.Areas.Admin.Controllers.ShowtimesController.Edit (AuraCinema.Web)'
2026-05-20 16:25:55.936 +07:00 [INF] Route matched with {area = "Admin", action = "Edit", controller = "Showtimes"}. Executing controller action with signature System.Threading.Tasks.Task`1[Microsoft.AspNetCore.Mvc.IActionResult] Edit(Int32, AuraCinema.Web.Areas.Admin.ViewModels.ShowtimeFormViewModel) on controller AuraCinema.Web.Areas.Admin.Controllers.ShowtimesController (AuraCinema.Web).
2026-05-20 16:25:55.939 +07:00 [INF] Executed DbCommand (1ms) [Parameters=[@__p_0='?' (DbType = Int32)], CommandType='"Text"', CommandTimeout='30']
SELECT TOP(1) [s].[ShowtimeID], [s].[EndTime], [s].[MovieID], [s].[RoomID], [s].[ShowtimeCode], [s].[StartTime], [s].[Status]
FROM [Showtimes] AS [s]
WHERE [s].[ShowtimeID] = @__p_0
2026-05-20 16:25:55.941 +07:00 [INF] Executed DbCommand (0ms) [Parameters=[@__p_0='?' (DbType = Int32)], CommandType='"Text"', CommandTimeout='30']
SELECT TOP(1) [m].[MovieID], [m].[Actors], [m].[Director], [m].[Duration], [m].[Genre], [m].[MovieCode], [m].[Poster], [m].[ReleaseDate], [m].[Status], [m].[Title], [m].[Trailer]
FROM [Movies] AS [m]
WHERE [m].[MovieID] = @__p_0
2026-05-20 16:25:55.942 +07:00 [INF] Executed DbCommand (0ms) [Parameters=[@__roomId_0='?' (DbType = Int32), @__currentShowtimeId_Value_1='?' (DbType = Int32), @__start_2='?' (DbType = DateTime2), @__end_3='?' (DbType = DateTime2)], CommandType='"Text"', CommandTimeout='30']
SELECT CASE
    WHEN EXISTS (
        SELECT 1
        FROM [Showtimes] AS [s]
        WHERE [s].[RoomID] = @__roomId_0 AND [s].[Status] <> N'Đã hủy' AND [s].[ShowtimeID] <> @__currentShowtimeId_Value_1 AND @__start_2 < DATEADD(minute, CAST(10.0E0 AS int), [s].[EndTime]) AND @__end_3 > DATEADD(minute, CAST(-10.0E0 AS int), [s].[StartTime])) THEN CAST(1 AS bit)
    ELSE CAST(0 AS bit)
END
2026-05-20 16:25:55.942 +07:00 [INF] Executed DbCommand (0ms) [Parameters=[], CommandType='"Text"', CommandTimeout='30']
SELECT CONVERT(varchar(11), [m].[MovieID]) AS [Value], [m].[Title] AS [Text]
FROM [Movies] AS [m]
WHERE [m].[Status] <> N'Ngung chieu'
2026-05-20 16:25:55.943 +07:00 [INF] Executed DbCommand (0ms) [Parameters=[], CommandType='"Text"', CommandTimeout='30']
SELECT CONVERT(varchar(11), [r].[RoomID]) AS [Value], [r].[RoomName] AS [Text]
FROM [Rooms] AS [r]
WHERE [r].[Status] = N'Hoat dong'
2026-05-20 16:25:55.943 +07:00 [INF] Executing ViewResult, running view Edit.
2026-05-20 16:25:55.945 +07:00 [INF] Executed ViewResult - view Edit executed in 1.6989ms.
2026-05-20 16:25:55.945 +07:00 [INF] Executed action AuraCinema.Web.Areas.Admin.Controllers.ShowtimesController.Edit (AuraCinema.Web) in 8.9153ms
2026-05-20 16:25:55.945 +07:00 [INF] Executed endpoint 'AuraCinema.Web.Areas.Admin.Controllers.ShowtimesController.Edit (AuraCinema.Web)'
2026-05-20 16:25:55.945 +07:00 [INF] Request finished HTTP/1.1 POST http://localhost:5231/Admin/Showtimes/Edit/8077 - 200 null text/html; charset=utf-8 9.6274ms
2026-05-20 16:25:57.497 +07:00 [INF] Request starting HTTP/1.1 GET http://localhost:5231/Admin/Showtimes - null null
2026-05-20 16:25:57.497 +07:00 [INF] Executing endpoint 'AuraCinema.Web.Areas.Admin.Controllers.ShowtimesController.Index (AuraCinema.Web)'
2026-05-20 16:25:57.497 +07:00 [INF] Route matched with {area = "Admin", action = "Index", controller = "Showtimes"}. Executing controller action with signature System.Threading.Tasks.Task`1[Microsoft.AspNetCore.Mvc.IActionResult] Index(System.String, System.Nullable`1[System.DateTime], System.Nullable`1[System.Int32]) on controller AuraCinema.Web.Areas.Admin.Controllers.ShowtimesController (AuraCinema.Web).
2026-05-20 16:25:57.499 +07:00 [INF] Executed DbCommand (1ms) [Parameters=[], CommandType='"Text"', CommandTimeout='30']
SELECT CONVERT(varchar(11), [r].[RoomID]) AS [Value], [r].[RoomName] AS [Text]
FROM [Rooms] AS [r]
2026-05-20 16:25:57.500 +07:00 [INF] Executed DbCommand (1ms) [Parameters=[], CommandType='"Text"', CommandTimeout='30']
SELECT [s].[ShowtimeID], [s].[EndTime], [s].[MovieID], [s].[RoomID], [s].[ShowtimeCode], [s].[StartTime], [s].[Status], [m].[MovieID], [m].[Actors], [m].[Director], [m].[Duration], [m].[Genre], [m].[MovieCode], [m].[Poster], [m].[ReleaseDate], [m].[Status], [m].[Title], [m].[Trailer], [r].[RoomID], [r].[Capacity], [r].[RoomCode], [r].[RoomName], [r].[Status]
FROM [Showtimes] AS [s]
INNER JOIN [Movies] AS [m] ON [s].[MovieID] = [m].[MovieID]
INNER JOIN [Rooms] AS [r] ON [s].[RoomID] = [r].[RoomID]
WHERE [s].[Status] NOT IN (N'Đã hủy', N'Đã kết thúc') AND [s].[EndTime] > GETDATE()
ORDER BY [s].[StartTime] DESC
2026-05-20 16:25:57.501 +07:00 [INF] Executing ViewResult, running view Index.
2026-05-20 16:25:57.504 +07:00 [INF] Executed ViewResult - view Index executed in 3.222ms.
2026-05-20 16:25:57.504 +07:00 [INF] Executed action AuraCinema.Web.Areas.Admin.Controllers.ShowtimesController.Index (AuraCinema.Web) in 7.2482ms
2026-05-20 16:25:57.505 +07:00 [INF] Executed endpoint 'AuraCinema.Web.Areas.Admin.Controllers.ShowtimesController.Index (AuraCinema.Web)'
2026-05-20 16:25:57.505 +07:00 [INF] Request finished HTTP/1.1 GET http://localhost:5231/Admin/Showtimes - 200 null text/html; charset=utf-8 7.8597ms
2026-05-20 16:25:59.951 +07:00 [INF] Request starting HTTP/1.1 POST http://localhost:5231/Admin/Showtimes/Delete/8077 - application/x-www-form-urlencoded 225
2026-05-20 16:25:59.951 +07:00 [INF] Executing endpoint 'AuraCinema.Web.Areas.Admin.Controllers.ShowtimesController.Delete (AuraCinema.Web)'
2026-05-20 16:25:59.952 +07:00 [INF] Route matched with {area = "Admin", action = "Delete", controller = "Showtimes"}. Executing controller action with signature System.Threading.Tasks.Task`1[Microsoft.AspNetCore.Mvc.IActionResult] Delete(Int32) on controller AuraCinema.Web.Areas.Admin.Controllers.ShowtimesController (AuraCinema.Web).
2026-05-20 16:25:59.954 +07:00 [INF] Executed DbCommand (1ms) [Parameters=[@__id_0='?' (DbType = Int32)], CommandType='"Text"', CommandTimeout='30']
SELECT [t].[ShowtimeID], [t].[EndTime], [t].[MovieID], [t].[RoomID], [t].[ShowtimeCode], [t].[StartTime], [t].[Status], [o].[OrderID], [o].[FinalAmount], [o].[HoldExpiryTime], [o].[OrderCode], [o].[PayOSTransID], [o].[PromoID], [o].[QrCode], [o].[ShowtimeID], [o].[Status], [o].[TotalAmount], [o].[UserID]
FROM (
    SELECT TOP(1) [s].[ShowtimeID], [s].[EndTime], [s].[MovieID], [s].[RoomID], [s].[ShowtimeCode], [s].[StartTime], [s].[Status]
    FROM [Showtimes] AS [s]
    WHERE [s].[ShowtimeID] = @__id_0
) AS [t]
LEFT JOIN [Orders] AS [o] ON [t].[ShowtimeID] = [o].[ShowtimeID]
ORDER BY [t].[ShowtimeID]
2026-05-20 16:25:59.954 +07:00 [INF] Executing RedirectResult, redirecting to /Admin/Showtimes.
2026-05-20 16:25:59.954 +07:00 [INF] Executed action AuraCinema.Web.Areas.Admin.Controllers.ShowtimesController.Delete (AuraCinema.Web) in 2.6566ms
2026-05-20 16:25:59.954 +07:00 [INF] Executed endpoint 'AuraCinema.Web.Areas.Admin.Controllers.ShowtimesController.Delete (AuraCinema.Web)'
2026-05-20 16:25:59.954 +07:00 [INF] Request finished HTTP/1.1 POST http://localhost:5231/Admin/Showtimes/Delete/8077 - 302 0 null 4.0006ms
2026-05-20 16:25:59.960 +07:00 [INF] Request starting HTTP/1.1 GET http://localhost:5231/Admin/Showtimes - null null
2026-05-20 16:25:59.961 +07:00 [INF] Executing endpoint 'AuraCinema.Web.Areas.Admin.Controllers.ShowtimesController.Index (AuraCinema.Web)'
2026-05-20 16:25:59.961 +07:00 [INF] Route matched with {area = "Admin", action = "Index", controller = "Showtimes"}. Executing controller action with signature System.Threading.Tasks.Task`1[Microsoft.AspNetCore.Mvc.IActionResult] Index(System.String, System.Nullable`1[System.DateTime], System.Nullable`1[System.Int32]) on controller AuraCinema.Web.Areas.Admin.Controllers.ShowtimesController (AuraCinema.Web).
2026-05-20 16:25:59.964 +07:00 [INF] Executed DbCommand (0ms) [Parameters=[], CommandType='"Text"', CommandTimeout='30']
SELECT CONVERT(varchar(11), [r].[RoomID]) AS [Value], [r].[RoomName] AS [Text]
FROM [Rooms] AS [r]
2026-05-20 16:25:59.965 +07:00 [INF] Executed DbCommand (1ms) [Parameters=[], CommandType='"Text"', CommandTimeout='30']
SELECT [s].[ShowtimeID], [s].[EndTime], [s].[MovieID], [s].[RoomID], [s].[ShowtimeCode], [s].[StartTime], [s].[Status], [m].[MovieID], [m].[Actors], [m].[Director], [m].[Duration], [m].[Genre], [m].[MovieCode], [m].[Poster], [m].[ReleaseDate], [m].[Status], [m].[Title], [m].[Trailer], [r].[RoomID], [r].[Capacity], [r].[RoomCode], [r].[RoomName], [r].[Status]
FROM [Showtimes] AS [s]
INNER JOIN [Movies] AS [m] ON [s].[MovieID] = [m].[MovieID]
INNER JOIN [Rooms] AS [r] ON [s].[RoomID] = [r].[RoomID]
WHERE [s].[Status] NOT IN (N'Đã hủy', N'Đã kết thúc') AND [s].[EndTime] > GETDATE()
ORDER BY [s].[StartTime] DESC
2026-05-20 16:25:59.966 +07:00 [INF] Executing ViewResult, running view Index.
2026-05-20 16:25:59.969 +07:00 [INF] Executed ViewResult - view Index executed in 2.6039ms.
2026-05-20 16:25:59.969 +07:00 [INF] Executed action AuraCinema.Web.Areas.Admin.Controllers.ShowtimesController.Index (AuraCinema.Web) in 8.024ms
2026-05-20 16:25:59.969 +07:00 [INF] Executed endpoint 'AuraCinema.Web.Areas.Admin.Controllers.ShowtimesController.Index (AuraCinema.Web)'
2026-05-20 16:25:59.969 +07:00 [INF] Request finished HTTP/1.1 GET http://localhost:5231/Admin/Showtimes - 200 null text/html; charset=utf-8 9.0945ms
2026-05-20 16:26:02.561 +07:00 [INF] Request starting HTTP/1.1 POST http://localhost:5231/Admin/Showtimes/Delete/8077 - application/x-www-form-urlencoded 225
2026-05-20 16:26:02.561 +07:00 [INF] Executing endpoint 'AuraCinema.Web.Areas.Admin.Controllers.ShowtimesController.Delete (AuraCinema.Web)'
2026-05-20 16:26:02.561 +07:00 [INF] Route matched with {area = "Admin", action = "Delete", controller = "Showtimes"}. Executing controller action with signature System.Threading.Tasks.Task`1[Microsoft.AspNetCore.Mvc.IActionResult] Delete(Int32) on controller AuraCinema.Web.Areas.Admin.Controllers.ShowtimesController (AuraCinema.Web).
2026-05-20 16:26:02.564 +07:00 [INF] Executed DbCommand (1ms) [Parameters=[@__id_0='?' (DbType = Int32)], CommandType='"Text"', CommandTimeout='30']
SELECT [t].[ShowtimeID], [t].[EndTime], [t].[MovieID], [t].[RoomID], [t].[ShowtimeCode], [t].[StartTime], [t].[Status], [o].[OrderID], [o].[FinalAmount], [o].[HoldExpiryTime], [o].[OrderCode], [o].[PayOSTransID], [o].[PromoID], [o].[QrCode], [o].[ShowtimeID], [o].[Status], [o].[TotalAmount], [o].[UserID]
FROM (
    SELECT TOP(1) [s].[ShowtimeID], [s].[EndTime], [s].[MovieID], [s].[RoomID], [s].[ShowtimeCode], [s].[StartTime], [s].[Status]
    FROM [Showtimes] AS [s]
    WHERE [s].[ShowtimeID] = @__id_0
) AS [t]
LEFT JOIN [Orders] AS [o] ON [t].[ShowtimeID] = [o].[ShowtimeID]
ORDER BY [t].[ShowtimeID]
2026-05-20 16:26:02.564 +07:00 [INF] Executing RedirectResult, redirecting to /Admin/Showtimes.
2026-05-20 16:26:02.565 +07:00 [INF] Executed action AuraCinema.Web.Areas.Admin.Controllers.ShowtimesController.Delete (AuraCinema.Web) in 3.1034ms
2026-05-20 16:26:02.565 +07:00 [INF] Executed endpoint 'AuraCinema.Web.Areas.Admin.Controllers.ShowtimesController.Delete (AuraCinema.Web)'
2026-05-20 16:26:02.565 +07:00 [INF] Request finished HTTP/1.1 POST http://localhost:5231/Admin/Showtimes/Delete/8077 - 302 0 null 3.7807ms
2026-05-20 16:26:02.571 +07:00 [INF] Request starting HTTP/1.1 GET http://localhost:5231/Admin/Showtimes - null null
2026-05-20 16:26:02.571 +07:00 [INF] Executing endpoint 'AuraCinema.Web.Areas.Admin.Controllers.ShowtimesController.Index (AuraCinema.Web)'
2026-05-20 16:26:02.571 +07:00 [INF] Route matched with {area = "Admin", action = "Index", controller = "Showtimes"}. Executing controller action with signature System.Threading.Tasks.Task`1[Microsoft.AspNetCore.Mvc.IActionResult] Index(System.String, System.Nullable`1[System.DateTime], System.Nullable`1[System.Int32]) on controller AuraCinema.Web.Areas.Admin.Controllers.ShowtimesController (AuraCinema.Web).
2026-05-20 16:26:02.572 +07:00 [INF] Executed DbCommand (0ms) [Parameters=[], CommandType='"Text"', CommandTimeout='30']
SELECT CONVERT(varchar(11), [r].[RoomID]) AS [Value], [r].[RoomName] AS [Text]
FROM [Rooms] AS [r]
2026-05-20 16:26:02.573 +07:00 [INF] Executed DbCommand (1ms) [Parameters=[], CommandType='"Text"', CommandTimeout='30']
SELECT [s].[ShowtimeID], [s].[EndTime], [s].[MovieID], [s].[RoomID], [s].[ShowtimeCode], [s].[StartTime], [s].[Status], [m].[MovieID], [m].[Actors], [m].[Director], [m].[Duration], [m].[Genre], [m].[MovieCode], [m].[Poster], [m].[ReleaseDate], [m].[Status], [m].[Title], [m].[Trailer], [r].[RoomID], [r].[Capacity], [r].[RoomCode], [r].[RoomName], [r].[Status]
FROM [Showtimes] AS [s]
INNER JOIN [Movies] AS [m] ON [s].[MovieID] = [m].[MovieID]
INNER JOIN [Rooms] AS [r] ON [s].[RoomID] = [r].[RoomID]
WHERE [s].[Status] NOT IN (N'Đã hủy', N'Đã kết thúc') AND [s].[EndTime] > GETDATE()
ORDER BY [s].[StartTime] DESC
2026-05-20 16:26:02.574 +07:00 [INF] Executing ViewResult, running view Index.
2026-05-20 16:26:02.576 +07:00 [INF] Executed ViewResult - view Index executed in 1.5982ms.
2026-05-20 16:26:02.576 +07:00 [INF] Executed action AuraCinema.Web.Areas.Admin.Controllers.ShowtimesController.Index (AuraCinema.Web) in 4.8757ms
2026-05-20 16:26:02.576 +07:00 [INF] Executed endpoint 'AuraCinema.Web.Areas.Admin.Controllers.ShowtimesController.Index (AuraCinema.Web)'
2026-05-20 16:26:02.576 +07:00 [INF] Request finished HTTP/1.1 GET http://localhost:5231/Admin/Showtimes - 200 null text/html; charset=utf-8 5.4545ms
2026-05-20 16:26:05.895 +07:00 [INF] Request starting HTTP/1.1 POST http://localhost:5231/Admin/Showtimes/Delete/8077 - application/x-www-form-urlencoded 225
2026-05-20 16:26:05.896 +07:00 [INF] Executing endpoint 'AuraCinema.Web.Areas.Admin.Controllers.ShowtimesController.Delete (AuraCinema.Web)'
2026-05-20 16:26:05.896 +07:00 [INF] Route matched with {area = "Admin", action = "Delete", controller = "Showtimes"}. Executing controller action with signature System.Threading.Tasks.Task`1[Microsoft.AspNetCore.Mvc.IActionResult] Delete(Int32) on controller AuraCinema.Web.Areas.Admin.Controllers.ShowtimesController (AuraCinema.Web).
2026-05-20 16:26:05.899 +07:00 [INF] Executed DbCommand (1ms) [Parameters=[@__id_0='?' (DbType = Int32)], CommandType='"Text"', CommandTimeout='30']
SELECT [t].[ShowtimeID], [t].[EndTime], [t].[MovieID], [t].[RoomID], [t].[ShowtimeCode], [t].[StartTime], [t].[Status], [o].[OrderID], [o].[FinalAmount], [o].[HoldExpiryTime], [o].[OrderCode], [o].[PayOSTransID], [o].[PromoID], [o].[QrCode], [o].[ShowtimeID], [o].[Status], [o].[TotalAmount], [o].[UserID]
FROM (
    SELECT TOP(1) [s].[ShowtimeID], [s].[EndTime], [s].[MovieID], [s].[RoomID], [s].[ShowtimeCode], [s].[StartTime], [s].[Status]
    FROM [Showtimes] AS [s]
    WHERE [s].[ShowtimeID] = @__id_0
) AS [t]
LEFT JOIN [Orders] AS [o] ON [t].[ShowtimeID] = [o].[ShowtimeID]
ORDER BY [t].[ShowtimeID]
2026-05-20 16:26:05.900 +07:00 [INF] Executing RedirectResult, redirecting to /Admin/Showtimes.
2026-05-20 16:26:05.900 +07:00 [INF] Executed action AuraCinema.Web.Areas.Admin.Controllers.ShowtimesController.Delete (AuraCinema.Web) in 3.2288ms
2026-05-20 16:26:05.900 +07:00 [INF] Executed endpoint 'AuraCinema.Web.Areas.Admin.Controllers.ShowtimesController.Delete (AuraCinema.Web)'
2026-05-20 16:26:05.900 +07:00 [INF] Request finished HTTP/1.1 POST http://localhost:5231/Admin/Showtimes/Delete/8077 - 302 0 null 4.4706ms
2026-05-20 16:26:05.904 +07:00 [INF] Request starting HTTP/1.1 GET http://localhost:5231/Admin/Showtimes - null null
2026-05-20 16:26:05.904 +07:00 [INF] Executing endpoint 'AuraCinema.Web.Areas.Admin.Controllers.ShowtimesController.Index (AuraCinema.Web)'
2026-05-20 16:26:05.904 +07:00 [INF] Route matched with {area = "Admin", action = "Index", controller = "Showtimes"}. Executing controller action with signature System.Threading.Tasks.Task`1[Microsoft.AspNetCore.Mvc.IActionResult] Index(System.String, System.Nullable`1[System.DateTime], System.Nullable`1[System.Int32]) on controller AuraCinema.Web.Areas.Admin.Controllers.ShowtimesController (AuraCinema.Web).
2026-05-20 16:26:05.906 +07:00 [INF] Executed DbCommand (1ms) [Parameters=[], CommandType='"Text"', CommandTimeout='30']
SELECT CONVERT(varchar(11), [r].[RoomID]) AS [Value], [r].[RoomName] AS [Text]
FROM [Rooms] AS [r]
2026-05-20 16:26:05.907 +07:00 [INF] Executed DbCommand (1ms) [Parameters=[], CommandType='"Text"', CommandTimeout='30']
SELECT [s].[ShowtimeID], [s].[EndTime], [s].[MovieID], [s].[RoomID], [s].[ShowtimeCode], [s].[StartTime], [s].[Status], [m].[MovieID], [m].[Actors], [m].[Director], [m].[Duration], [m].[Genre], [m].[MovieCode], [m].[Poster], [m].[ReleaseDate], [m].[Status], [m].[Title], [m].[Trailer], [r].[RoomID], [r].[Capacity], [r].[RoomCode], [r].[RoomName], [r].[Status]
FROM [Showtimes] AS [s]
INNER JOIN [Movies] AS [m] ON [s].[MovieID] = [m].[MovieID]
INNER JOIN [Rooms] AS [r] ON [s].[RoomID] = [r].[RoomID]
WHERE [s].[Status] NOT IN (N'Đã hủy', N'Đã kết thúc') AND [s].[EndTime] > GETDATE()
ORDER BY [s].[StartTime] DESC
2026-05-20 16:26:05.908 +07:00 [INF] Executing ViewResult, running view Index.
2026-05-20 16:26:05.910 +07:00 [INF] Executed ViewResult - view Index executed in 1.7415ms.
2026-05-20 16:26:05.910 +07:00 [INF] Executed action AuraCinema.Web.Areas.Admin.Controllers.ShowtimesController.Index (AuraCinema.Web) in 5.5805ms
2026-05-20 16:26:05.910 +07:00 [INF] Executed endpoint 'AuraCinema.Web.Areas.Admin.Controllers.ShowtimesController.Index (AuraCinema.Web)'
2026-05-20 16:26:05.910 +07:00 [INF] Request finished HTTP/1.1 GET http://localhost:5231/Admin/Showtimes - 200 null text/html; charset=utf-8 6.2015ms
2026-05-20 16:26:07.614 +07:00 [INF] Request starting HTTP/1.1 GET http://localhost:5231/Admin/Showtimes/Edit/8077 - null null
2026-05-20 16:26:07.615 +07:00 [INF] Executing endpoint 'AuraCinema.Web.Areas.Admin.Controllers.ShowtimesController.Edit (AuraCinema.Web)'
2026-05-20 16:26:07.615 +07:00 [INF] Route matched with {area = "Admin", action = "Edit", controller = "Showtimes"}. Executing controller action with signature System.Threading.Tasks.Task`1[Microsoft.AspNetCore.Mvc.IActionResult] Edit(Int32) on controller AuraCinema.Web.Areas.Admin.Controllers.ShowtimesController (AuraCinema.Web).
2026-05-20 16:26:07.616 +07:00 [INF] Executed DbCommand (1ms) [Parameters=[@__p_0='?' (DbType = Int32)], CommandType='"Text"', CommandTimeout='30']
SELECT TOP(1) [s].[ShowtimeID], [s].[EndTime], [s].[MovieID], [s].[RoomID], [s].[ShowtimeCode], [s].[StartTime], [s].[Status]
FROM [Showtimes] AS [s]
WHERE [s].[ShowtimeID] = @__p_0
2026-05-20 16:26:07.618 +07:00 [INF] Executed DbCommand (1ms) [Parameters=[], CommandType='"Text"', CommandTimeout='30']
SELECT CONVERT(varchar(11), [m].[MovieID]) AS [Value], [m].[Title] AS [Text]
FROM [Movies] AS [m]
WHERE [m].[Status] <> N'Ngung chieu'
2026-05-20 16:26:07.619 +07:00 [INF] Executed DbCommand (1ms) [Parameters=[], CommandType='"Text"', CommandTimeout='30']
SELECT CONVERT(varchar(11), [r].[RoomID]) AS [Value], [r].[RoomName] AS [Text]
FROM [Rooms] AS [r]
WHERE [r].[Status] = N'Hoat dong'
2026-05-20 16:26:07.619 +07:00 [INF] Executing ViewResult, running view Edit.
2026-05-20 16:26:07.620 +07:00 [INF] Executed ViewResult - view Edit executed in 1.0546ms.
2026-05-20 16:26:07.620 +07:00 [INF] Executed action AuraCinema.Web.Areas.Admin.Controllers.ShowtimesController.Edit (AuraCinema.Web) in 5.5963ms
2026-05-20 16:26:07.620 +07:00 [INF] Executed endpoint 'AuraCinema.Web.Areas.Admin.Controllers.ShowtimesController.Edit (AuraCinema.Web)'
2026-05-20 16:26:07.621 +07:00 [INF] Request finished HTTP/1.1 GET http://localhost:5231/Admin/Showtimes/Edit/8077 - 200 null text/html; charset=utf-8 6.1934ms
2026-05-20 16:26:10.447 +07:00 [INF] Request starting HTTP/1.1 GET http://localhost:5231/Admin/Showtimes - null null
2026-05-20 16:26:10.448 +07:00 [INF] Executing endpoint 'AuraCinema.Web.Areas.Admin.Controllers.ShowtimesController.Index (AuraCinema.Web)'
2026-05-20 16:26:10.448 +07:00 [INF] Route matched with {area = "Admin", action = "Index", controller = "Showtimes"}. Executing controller action with signature System.Threading.Tasks.Task`1[Microsoft.AspNetCore.Mvc.IActionResult] Index(System.String, System.Nullable`1[System.DateTime], System.Nullable`1[System.Int32]) on controller AuraCinema.Web.Areas.Admin.Controllers.ShowtimesController (AuraCinema.Web).
2026-05-20 16:26:10.449 +07:00 [INF] Executed DbCommand (1ms) [Parameters=[], CommandType='"Text"', CommandTimeout='30']
SELECT CONVERT(varchar(11), [r].[RoomID]) AS [Value], [r].[RoomName] AS [Text]
FROM [Rooms] AS [r]
2026-05-20 16:26:10.451 +07:00 [INF] Executed DbCommand (1ms) [Parameters=[], CommandType='"Text"', CommandTimeout='30']
SELECT [s].[ShowtimeID], [s].[EndTime], [s].[MovieID], [s].[RoomID], [s].[ShowtimeCode], [s].[StartTime], [s].[Status], [m].[MovieID], [m].[Actors], [m].[Director], [m].[Duration], [m].[Genre], [m].[MovieCode], [m].[Poster], [m].[ReleaseDate], [m].[Status], [m].[Title], [m].[Trailer], [r].[RoomID], [r].[Capacity], [r].[RoomCode], [r].[RoomName], [r].[Status]
FROM [Showtimes] AS [s]
INNER JOIN [Movies] AS [m] ON [s].[MovieID] = [m].[MovieID]
INNER JOIN [Rooms] AS [r] ON [s].[RoomID] = [r].[RoomID]
WHERE [s].[Status] NOT IN (N'Đã hủy', N'Đã kết thúc') AND [s].[EndTime] > GETDATE()
ORDER BY [s].[StartTime] DESC
2026-05-20 16:26:10.452 +07:00 [INF] Executing ViewResult, running view Index.
2026-05-20 16:26:10.455 +07:00 [INF] Executed ViewResult - view Index executed in 2.6317ms.
2026-05-20 16:26:10.455 +07:00 [INF] Executed action AuraCinema.Web.Areas.Admin.Controllers.ShowtimesController.Index (AuraCinema.Web) in 7.049ms
2026-05-20 16:26:10.455 +07:00 [INF] Executed endpoint 'AuraCinema.Web.Areas.Admin.Controllers.ShowtimesController.Index (AuraCinema.Web)'
2026-05-20 16:26:10.455 +07:00 [INF] Request finished HTTP/1.1 GET http://localhost:5231/Admin/Showtimes - 200 null text/html; charset=utf-8 7.6352ms
2026-05-20 16:26:12.468 +07:00 [INF] Request starting HTTP/1.1 GET http://localhost:5231/Admin/Showtimes/Edit/8077 - null null
2026-05-20 16:26:12.468 +07:00 [INF] Executing endpoint 'AuraCinema.Web.Areas.Admin.Controllers.ShowtimesController.Edit (AuraCinema.Web)'
2026-05-20 16:26:12.468 +07:00 [INF] Route matched with {area = "Admin", action = "Edit", controller = "Showtimes"}. Executing controller action with signature System.Threading.Tasks.Task`1[Microsoft.AspNetCore.Mvc.IActionResult] Edit(Int32) on controller AuraCinema.Web.Areas.Admin.Controllers.ShowtimesController (AuraCinema.Web).
2026-05-20 16:26:12.470 +07:00 [INF] Executed DbCommand (1ms) [Parameters=[@__p_0='?' (DbType = Int32)], CommandType='"Text"', CommandTimeout='30']
SELECT TOP(1) [s].[ShowtimeID], [s].[EndTime], [s].[MovieID], [s].[RoomID], [s].[ShowtimeCode], [s].[StartTime], [s].[Status]
FROM [Showtimes] AS [s]
WHERE [s].[ShowtimeID] = @__p_0
2026-05-20 16:26:12.473 +07:00 [INF] Executed DbCommand (2ms) [Parameters=[], CommandType='"Text"', CommandTimeout='30']
SELECT CONVERT(varchar(11), [m].[MovieID]) AS [Value], [m].[Title] AS [Text]
FROM [Movies] AS [m]
WHERE [m].[Status] <> N'Ngung chieu'
2026-05-20 16:26:12.474 +07:00 [INF] Executed DbCommand (1ms) [Parameters=[], CommandType='"Text"', CommandTimeout='30']
SELECT CONVERT(varchar(11), [r].[RoomID]) AS [Value], [r].[RoomName] AS [Text]
FROM [Rooms] AS [r]
WHERE [r].[Status] = N'Hoat dong'
2026-05-20 16:26:12.474 +07:00 [INF] Executing ViewResult, running view Edit.
2026-05-20 16:26:12.476 +07:00 [INF] Executed ViewResult - view Edit executed in 1.6052ms.
2026-05-20 16:26:12.476 +07:00 [INF] Executed action AuraCinema.Web.Areas.Admin.Controllers.ShowtimesController.Edit (AuraCinema.Web) in 7.8037ms
2026-05-20 16:26:12.476 +07:00 [INF] Executed endpoint 'AuraCinema.Web.Areas.Admin.Controllers.ShowtimesController.Edit (AuraCinema.Web)'
2026-05-20 16:26:12.477 +07:00 [INF] Request finished HTTP/1.1 GET http://localhost:5231/Admin/Showtimes/Edit/8077 - 200 null text/html; charset=utf-8 8.3671ms
2026-05-20 16:26:13.541 +07:00 [INF] Request starting HTTP/1.1 POST http://localhost:5231/Admin/Showtimes/Edit/8077 - application/x-www-form-urlencoded 352
2026-05-20 16:26:13.541 +07:00 [INF] Executing endpoint 'AuraCinema.Web.Areas.Admin.Controllers.ShowtimesController.Edit (AuraCinema.Web)'
2026-05-20 16:26:13.541 +07:00 [INF] Route matched with {area = "Admin", action = "Edit", controller = "Showtimes"}. Executing controller action with signature System.Threading.Tasks.Task`1[Microsoft.AspNetCore.Mvc.IActionResult] Edit(Int32, AuraCinema.Web.Areas.Admin.ViewModels.ShowtimeFormViewModel) on controller AuraCinema.Web.Areas.Admin.Controllers.ShowtimesController (AuraCinema.Web).
2026-05-20 16:26:13.543 +07:00 [INF] Executed DbCommand (0ms) [Parameters=[@__p_0='?' (DbType = Int32)], CommandType='"Text"', CommandTimeout='30']
SELECT TOP(1) [s].[ShowtimeID], [s].[EndTime], [s].[MovieID], [s].[RoomID], [s].[ShowtimeCode], [s].[StartTime], [s].[Status]
FROM [Showtimes] AS [s]
WHERE [s].[ShowtimeID] = @__p_0
2026-05-20 16:26:13.544 +07:00 [INF] Executed DbCommand (0ms) [Parameters=[@__p_0='?' (DbType = Int32)], CommandType='"Text"', CommandTimeout='30']
SELECT TOP(1) [m].[MovieID], [m].[Actors], [m].[Director], [m].[Duration], [m].[Genre], [m].[MovieCode], [m].[Poster], [m].[ReleaseDate], [m].[Status], [m].[Title], [m].[Trailer]
FROM [Movies] AS [m]
WHERE [m].[MovieID] = @__p_0
2026-05-20 16:26:13.546 +07:00 [INF] Executed DbCommand (1ms) [Parameters=[@__roomId_0='?' (DbType = Int32), @__currentShowtimeId_Value_1='?' (DbType = Int32), @__start_2='?' (DbType = DateTime2), @__end_3='?' (DbType = DateTime2)], CommandType='"Text"', CommandTimeout='30']
SELECT CASE
    WHEN EXISTS (
        SELECT 1
        FROM [Showtimes] AS [s]
        WHERE [s].[RoomID] = @__roomId_0 AND [s].[Status] <> N'Đã hủy' AND [s].[ShowtimeID] <> @__currentShowtimeId_Value_1 AND @__start_2 < DATEADD(minute, CAST(10.0E0 AS int), [s].[EndTime]) AND @__end_3 > DATEADD(minute, CAST(-10.0E0 AS int), [s].[StartTime])) THEN CAST(1 AS bit)
    ELSE CAST(0 AS bit)
END
2026-05-20 16:26:13.547 +07:00 [INF] Executed DbCommand (1ms) [Parameters=[], CommandType='"Text"', CommandTimeout='30']
SELECT CONVERT(varchar(11), [m].[MovieID]) AS [Value], [m].[Title] AS [Text]
FROM [Movies] AS [m]
WHERE [m].[Status] <> N'Ngung chieu'
2026-05-20 16:26:13.548 +07:00 [INF] Executed DbCommand (0ms) [Parameters=[], CommandType='"Text"', CommandTimeout='30']
SELECT CONVERT(varchar(11), [r].[RoomID]) AS [Value], [r].[RoomName] AS [Text]
FROM [Rooms] AS [r]
WHERE [r].[Status] = N'Hoat dong'
2026-05-20 16:26:13.548 +07:00 [INF] Executing ViewResult, running view Edit.
2026-05-20 16:26:13.549 +07:00 [INF] Executed ViewResult - view Edit executed in 1.3597ms.
2026-05-20 16:26:13.549 +07:00 [INF] Executed action AuraCinema.Web.Areas.Admin.Controllers.ShowtimesController.Edit (AuraCinema.Web) in 8.3817ms
2026-05-20 16:26:13.550 +07:00 [INF] Executed endpoint 'AuraCinema.Web.Areas.Admin.Controllers.ShowtimesController.Edit (AuraCinema.Web)'
2026-05-20 16:26:13.550 +07:00 [INF] Request finished HTTP/1.1 POST http://localhost:5231/Admin/Showtimes/Edit/8077 - 200 null text/html; charset=utf-8 8.9589ms
2026-05-20 16:26:15.029 +07:00 [INF] Request starting HTTP/1.1 GET http://localhost:5231/Admin/Showtimes - null null
2026-05-20 16:26:15.030 +07:00 [INF] Executing endpoint 'AuraCinema.Web.Areas.Admin.Controllers.ShowtimesController.Index (AuraCinema.Web)'
2026-05-20 16:26:15.030 +07:00 [INF] Route matched with {area = "Admin", action = "Index", controller = "Showtimes"}. Executing controller action with signature System.Threading.Tasks.Task`1[Microsoft.AspNetCore.Mvc.IActionResult] Index(System.String, System.Nullable`1[System.DateTime], System.Nullable`1[System.Int32]) on controller AuraCinema.Web.Areas.Admin.Controllers.ShowtimesController (AuraCinema.Web).
2026-05-20 16:26:15.031 +07:00 [INF] Executed DbCommand (1ms) [Parameters=[], CommandType='"Text"', CommandTimeout='30']
SELECT CONVERT(varchar(11), [r].[RoomID]) AS [Value], [r].[RoomName] AS [Text]
FROM [Rooms] AS [r]
2026-05-20 16:26:15.032 +07:00 [INF] Executed DbCommand (1ms) [Parameters=[], CommandType='"Text"', CommandTimeout='30']
SELECT [s].[ShowtimeID], [s].[EndTime], [s].[MovieID], [s].[RoomID], [s].[ShowtimeCode], [s].[StartTime], [s].[Status], [m].[MovieID], [m].[Actors], [m].[Director], [m].[Duration], [m].[Genre], [m].[MovieCode], [m].[Poster], [m].[ReleaseDate], [m].[Status], [m].[Title], [m].[Trailer], [r].[RoomID], [r].[Capacity], [r].[RoomCode], [r].[RoomName], [r].[Status]
FROM [Showtimes] AS [s]
INNER JOIN [Movies] AS [m] ON [s].[MovieID] = [m].[MovieID]
INNER JOIN [Rooms] AS [r] ON [s].[RoomID] = [r].[RoomID]
WHERE [s].[Status] NOT IN (N'Đã hủy', N'Đã kết thúc') AND [s].[EndTime] > GETDATE()
ORDER BY [s].[StartTime] DESC
2026-05-20 16:26:15.039 +07:00 [INF] Executing ViewResult, running view Index.
2026-05-20 16:26:15.041 +07:00 [INF] Executed ViewResult - view Index executed in 1.8157ms.
2026-05-20 16:26:15.041 +07:00 [INF] Executed action AuraCinema.Web.Areas.Admin.Controllers.ShowtimesController.Index (AuraCinema.Web) in 10.9341ms
2026-05-20 16:26:15.041 +07:00 [INF] Executed endpoint 'AuraCinema.Web.Areas.Admin.Controllers.ShowtimesController.Index (AuraCinema.Web)'
2026-05-20 16:26:15.041 +07:00 [INF] Request finished HTTP/1.1 GET http://localhost:5231/Admin/Showtimes - 200 null text/html; charset=utf-8 11.5198ms
2026-05-20 16:26:17.725 +07:00 [INF] Request starting HTTP/1.1 POST http://localhost:5231/Admin/Showtimes/Delete/8077 - application/x-www-form-urlencoded 225
2026-05-20 16:26:17.725 +07:00 [INF] Executing endpoint 'AuraCinema.Web.Areas.Admin.Controllers.ShowtimesController.Delete (AuraCinema.Web)'
2026-05-20 16:26:17.725 +07:00 [INF] Route matched with {area = "Admin", action = "Delete", controller = "Showtimes"}. Executing controller action with signature System.Threading.Tasks.Task`1[Microsoft.AspNetCore.Mvc.IActionResult] Delete(Int32) on controller AuraCinema.Web.Areas.Admin.Controllers.ShowtimesController (AuraCinema.Web).
2026-05-20 16:26:17.729 +07:00 [INF] Executed DbCommand (1ms) [Parameters=[@__id_0='?' (DbType = Int32)], CommandType='"Text"', CommandTimeout='30']
SELECT [t].[ShowtimeID], [t].[EndTime], [t].[MovieID], [t].[RoomID], [t].[ShowtimeCode], [t].[StartTime], [t].[Status], [o].[OrderID], [o].[FinalAmount], [o].[HoldExpiryTime], [o].[OrderCode], [o].[PayOSTransID], [o].[PromoID], [o].[QrCode], [o].[ShowtimeID], [o].[Status], [o].[TotalAmount], [o].[UserID]
FROM (
    SELECT TOP(1) [s].[ShowtimeID], [s].[EndTime], [s].[MovieID], [s].[RoomID], [s].[ShowtimeCode], [s].[StartTime], [s].[Status]
    FROM [Showtimes] AS [s]
    WHERE [s].[ShowtimeID] = @__id_0
) AS [t]
LEFT JOIN [Orders] AS [o] ON [t].[ShowtimeID] = [o].[ShowtimeID]
ORDER BY [t].[ShowtimeID]
2026-05-20 16:26:17.730 +07:00 [INF] Executing RedirectResult, redirecting to /Admin/Showtimes.
2026-05-20 16:26:17.730 +07:00 [INF] Executed action AuraCinema.Web.Areas.Admin.Controllers.ShowtimesController.Delete (AuraCinema.Web) in 4.828ms
2026-05-20 16:26:17.730 +07:00 [INF] Executed endpoint 'AuraCinema.Web.Areas.Admin.Controllers.ShowtimesController.Delete (AuraCinema.Web)'
2026-05-20 16:26:17.731 +07:00 [INF] Request finished HTTP/1.1 POST http://localhost:5231/Admin/Showtimes/Delete/8077 - 302 0 null 5.5167ms
2026-05-20 16:26:17.734 +07:00 [INF] Request starting HTTP/1.1 GET http://localhost:5231/Admin/Showtimes - null null
2026-05-20 16:26:17.735 +07:00 [INF] Executing endpoint 'AuraCinema.Web.Areas.Admin.Controllers.ShowtimesController.Index (AuraCinema.Web)'
2026-05-20 16:26:17.735 +07:00 [INF] Route matched with {area = "Admin", action = "Index", controller = "Showtimes"}. Executing controller action with signature System.Threading.Tasks.Task`1[Microsoft.AspNetCore.Mvc.IActionResult] Index(System.String, System.Nullable`1[System.DateTime], System.Nullable`1[System.Int32]) on controller AuraCinema.Web.Areas.Admin.Controllers.ShowtimesController (AuraCinema.Web).
2026-05-20 16:26:17.736 +07:00 [INF] Executed DbCommand (1ms) [Parameters=[], CommandType='"Text"', CommandTimeout='30']
SELECT CONVERT(varchar(11), [r].[RoomID]) AS [Value], [r].[RoomName] AS [Text]
FROM [Rooms] AS [r]
2026-05-20 16:26:17.737 +07:00 [INF] Executed DbCommand (1ms) [Parameters=[], CommandType='"Text"', CommandTimeout='30']
SELECT [s].[ShowtimeID], [s].[EndTime], [s].[MovieID], [s].[RoomID], [s].[ShowtimeCode], [s].[StartTime], [s].[Status], [m].[MovieID], [m].[Actors], [m].[Director], [m].[Duration], [m].[Genre], [m].[MovieCode], [m].[Poster], [m].[ReleaseDate], [m].[Status], [m].[Title], [m].[Trailer], [r].[RoomID], [r].[Capacity], [r].[RoomCode], [r].[RoomName], [r].[Status]
FROM [Showtimes] AS [s]
INNER JOIN [Movies] AS [m] ON [s].[MovieID] = [m].[MovieID]
INNER JOIN [Rooms] AS [r] ON [s].[RoomID] = [r].[RoomID]
WHERE [s].[Status] NOT IN (N'Đã hủy', N'Đã kết thúc') AND [s].[EndTime] > GETDATE()
ORDER BY [s].[StartTime] DESC
2026-05-20 16:26:17.738 +07:00 [INF] Executing ViewResult, running view Index.
2026-05-20 16:26:17.740 +07:00 [INF] Executed ViewResult - view Index executed in 1.8706ms.
2026-05-20 16:26:17.740 +07:00 [INF] Executed action AuraCinema.Web.Areas.Admin.Controllers.ShowtimesController.Index (AuraCinema.Web) in 5.2809ms
2026-05-20 16:26:17.740 +07:00 [INF] Executed endpoint 'AuraCinema.Web.Areas.Admin.Controllers.ShowtimesController.Index (AuraCinema.Web)'
2026-05-20 16:26:17.740 +07:00 [INF] Request finished HTTP/1.1 GET http://localhost:5231/Admin/Showtimes - 200 null text/html; charset=utf-8 5.9038ms
2026-05-20 16:26:20.129 +07:00 [INF] Request starting HTTP/1.1 POST http://localhost:5231/Admin/Showtimes/Delete/8091 - application/x-www-form-urlencoded 225
2026-05-20 16:26:20.129 +07:00 [INF] Executing endpoint 'AuraCinema.Web.Areas.Admin.Controllers.ShowtimesController.Delete (AuraCinema.Web)'
2026-05-20 16:26:20.129 +07:00 [INF] Route matched with {area = "Admin", action = "Delete", controller = "Showtimes"}. Executing controller action with signature System.Threading.Tasks.Task`1[Microsoft.AspNetCore.Mvc.IActionResult] Delete(Int32) on controller AuraCinema.Web.Areas.Admin.Controllers.ShowtimesController (AuraCinema.Web).
2026-05-20 16:26:20.130 +07:00 [INF] Executed DbCommand (1ms) [Parameters=[@__id_0='?' (DbType = Int32)], CommandType='"Text"', CommandTimeout='30']
SELECT [t].[ShowtimeID], [t].[EndTime], [t].[MovieID], [t].[RoomID], [t].[ShowtimeCode], [t].[StartTime], [t].[Status], [o].[OrderID], [o].[FinalAmount], [o].[HoldExpiryTime], [o].[OrderCode], [o].[PayOSTransID], [o].[PromoID], [o].[QrCode], [o].[ShowtimeID], [o].[Status], [o].[TotalAmount], [o].[UserID]
FROM (
    SELECT TOP(1) [s].[ShowtimeID], [s].[EndTime], [s].[MovieID], [s].[RoomID], [s].[ShowtimeCode], [s].[StartTime], [s].[Status]
    FROM [Showtimes] AS [s]
    WHERE [s].[ShowtimeID] = @__id_0
) AS [t]
LEFT JOIN [Orders] AS [o] ON [t].[ShowtimeID] = [o].[ShowtimeID]
ORDER BY [t].[ShowtimeID]
2026-05-20 16:26:20.131 +07:00 [INF] Executing RedirectResult, redirecting to /Admin/Showtimes.
2026-05-20 16:26:20.131 +07:00 [INF] Executed action AuraCinema.Web.Areas.Admin.Controllers.ShowtimesController.Delete (AuraCinema.Web) in 2.0361ms
2026-05-20 16:26:20.131 +07:00 [INF] Executed endpoint 'AuraCinema.Web.Areas.Admin.Controllers.ShowtimesController.Delete (AuraCinema.Web)'
2026-05-20 16:26:20.131 +07:00 [INF] Request finished HTTP/1.1 POST http://localhost:5231/Admin/Showtimes/Delete/8091 - 302 0 null 2.6595ms
2026-05-20 16:26:20.137 +07:00 [INF] Request starting HTTP/1.1 GET http://localhost:5231/Admin/Showtimes - null null
2026-05-20 16:26:20.137 +07:00 [INF] Executing endpoint 'AuraCinema.Web.Areas.Admin.Controllers.ShowtimesController.Index (AuraCinema.Web)'
2026-05-20 16:26:20.137 +07:00 [INF] Route matched with {area = "Admin", action = "Index", controller = "Showtimes"}. Executing controller action with signature System.Threading.Tasks.Task`1[Microsoft.AspNetCore.Mvc.IActionResult] Index(System.String, System.Nullable`1[System.DateTime], System.Nullable`1[System.Int32]) on controller AuraCinema.Web.Areas.Admin.Controllers.ShowtimesController (AuraCinema.Web).
2026-05-20 16:26:20.139 +07:00 [INF] Executed DbCommand (1ms) [Parameters=[], CommandType='"Text"', CommandTimeout='30']
SELECT CONVERT(varchar(11), [r].[RoomID]) AS [Value], [r].[RoomName] AS [Text]
FROM [Rooms] AS [r]
2026-05-20 16:26:20.140 +07:00 [INF] Executed DbCommand (1ms) [Parameters=[], CommandType='"Text"', CommandTimeout='30']
SELECT [s].[ShowtimeID], [s].[EndTime], [s].[MovieID], [s].[RoomID], [s].[ShowtimeCode], [s].[StartTime], [s].[Status], [m].[MovieID], [m].[Actors], [m].[Director], [m].[Duration], [m].[Genre], [m].[MovieCode], [m].[Poster], [m].[ReleaseDate], [m].[Status], [m].[Title], [m].[Trailer], [r].[RoomID], [r].[Capacity], [r].[RoomCode], [r].[RoomName], [r].[Status]
FROM [Showtimes] AS [s]
INNER JOIN [Movies] AS [m] ON [s].[MovieID] = [m].[MovieID]
INNER JOIN [Rooms] AS [r] ON [s].[RoomID] = [r].[RoomID]
WHERE [s].[Status] NOT IN (N'Đã hủy', N'Đã kết thúc') AND [s].[EndTime] > GETDATE()
ORDER BY [s].[StartTime] DESC
2026-05-20 16:26:20.141 +07:00 [INF] Executing ViewResult, running view Index.
2026-05-20 16:26:20.142 +07:00 [INF] Executed ViewResult - view Index executed in 1.8635ms.
2026-05-20 16:26:20.143 +07:00 [INF] Executed action AuraCinema.Web.Areas.Admin.Controllers.ShowtimesController.Index (AuraCinema.Web) in 5.4641ms
2026-05-20 16:26:20.143 +07:00 [INF] Executed endpoint 'AuraCinema.Web.Areas.Admin.Controllers.ShowtimesController.Index (AuraCinema.Web)'
2026-05-20 16:26:20.143 +07:00 [INF] Request finished HTTP/1.1 GET http://localhost:5231/Admin/Showtimes - 200 null text/html; charset=utf-8 6.0833ms
2026-05-20 16:26:22.886 +07:00 [INF] Request starting HTTP/1.1 POST http://localhost:5231/Admin/Showtimes/Delete/8087 - application/x-www-form-urlencoded 225
2026-05-20 16:26:22.886 +07:00 [INF] Executing endpoint 'AuraCinema.Web.Areas.Admin.Controllers.ShowtimesController.Delete (AuraCinema.Web)'
2026-05-20 16:26:22.886 +07:00 [INF] Route matched with {area = "Admin", action = "Delete", controller = "Showtimes"}. Executing controller action with signature System.Threading.Tasks.Task`1[Microsoft.AspNetCore.Mvc.IActionResult] Delete(Int32) on controller AuraCinema.Web.Areas.Admin.Controllers.ShowtimesController (AuraCinema.Web).
2026-05-20 16:26:22.888 +07:00 [INF] Executed DbCommand (1ms) [Parameters=[@__id_0='?' (DbType = Int32)], CommandType='"Text"', CommandTimeout='30']
SELECT [t].[ShowtimeID], [t].[EndTime], [t].[MovieID], [t].[RoomID], [t].[ShowtimeCode], [t].[StartTime], [t].[Status], [o].[OrderID], [o].[FinalAmount], [o].[HoldExpiryTime], [o].[OrderCode], [o].[PayOSTransID], [o].[PromoID], [o].[QrCode], [o].[ShowtimeID], [o].[Status], [o].[TotalAmount], [o].[UserID]
FROM (
    SELECT TOP(1) [s].[ShowtimeID], [s].[EndTime], [s].[MovieID], [s].[RoomID], [s].[ShowtimeCode], [s].[StartTime], [s].[Status]
    FROM [Showtimes] AS [s]
    WHERE [s].[ShowtimeID] = @__id_0
) AS [t]
LEFT JOIN [Orders] AS [o] ON [t].[ShowtimeID] = [o].[ShowtimeID]
ORDER BY [t].[ShowtimeID]
2026-05-20 16:26:22.888 +07:00 [INF] Executing RedirectResult, redirecting to /Admin/Showtimes.
2026-05-20 16:26:22.889 +07:00 [INF] Executed action AuraCinema.Web.Areas.Admin.Controllers.ShowtimesController.Delete (AuraCinema.Web) in 2.1491ms
2026-05-20 16:26:22.889 +07:00 [INF] Executed endpoint 'AuraCinema.Web.Areas.Admin.Controllers.ShowtimesController.Delete (AuraCinema.Web)'
2026-05-20 16:26:22.889 +07:00 [INF] Request finished HTTP/1.1 POST http://localhost:5231/Admin/Showtimes/Delete/8087 - 302 0 null 2.8188ms
2026-05-20 16:26:22.895 +07:00 [INF] Request starting HTTP/1.1 GET http://localhost:5231/Admin/Showtimes - null null
2026-05-20 16:26:22.895 +07:00 [INF] Executing endpoint 'AuraCinema.Web.Areas.Admin.Controllers.ShowtimesController.Index (AuraCinema.Web)'
2026-05-20 16:26:22.895 +07:00 [INF] Route matched with {area = "Admin", action = "Index", controller = "Showtimes"}. Executing controller action with signature System.Threading.Tasks.Task`1[Microsoft.AspNetCore.Mvc.IActionResult] Index(System.String, System.Nullable`1[System.DateTime], System.Nullable`1[System.Int32]) on controller AuraCinema.Web.Areas.Admin.Controllers.ShowtimesController (AuraCinema.Web).
2026-05-20 16:26:22.897 +07:00 [INF] Executed DbCommand (1ms) [Parameters=[], CommandType='"Text"', CommandTimeout='30']
SELECT CONVERT(varchar(11), [r].[RoomID]) AS [Value], [r].[RoomName] AS [Text]
FROM [Rooms] AS [r]
2026-05-20 16:26:22.898 +07:00 [INF] Executed DbCommand (1ms) [Parameters=[], CommandType='"Text"', CommandTimeout='30']
SELECT [s].[ShowtimeID], [s].[EndTime], [s].[MovieID], [s].[RoomID], [s].[ShowtimeCode], [s].[StartTime], [s].[Status], [m].[MovieID], [m].[Actors], [m].[Director], [m].[Duration], [m].[Genre], [m].[MovieCode], [m].[Poster], [m].[ReleaseDate], [m].[Status], [m].[Title], [m].[Trailer], [r].[RoomID], [r].[Capacity], [r].[RoomCode], [r].[RoomName], [r].[Status]
FROM [Showtimes] AS [s]
INNER JOIN [Movies] AS [m] ON [s].[MovieID] = [m].[MovieID]
INNER JOIN [Rooms] AS [r] ON [s].[RoomID] = [r].[RoomID]
WHERE [s].[Status] NOT IN (N'Đã hủy', N'Đã kết thúc') AND [s].[EndTime] > GETDATE()
ORDER BY [s].[StartTime] DESC
2026-05-20 16:26:22.899 +07:00 [INF] Executing ViewResult, running view Index.
2026-05-20 16:26:22.900 +07:00 [INF] Executed ViewResult - view Index executed in 1.1446ms.
2026-05-20 16:26:22.900 +07:00 [INF] Executed action AuraCinema.Web.Areas.Admin.Controllers.ShowtimesController.Index (AuraCinema.Web) in 4.8422ms
2026-05-20 16:26:22.900 +07:00 [INF] Executed endpoint 'AuraCinema.Web.Areas.Admin.Controllers.ShowtimesController.Index (AuraCinema.Web)'
2026-05-20 16:26:22.900 +07:00 [INF] Request finished HTTP/1.1 GET http://localhost:5231/Admin/Showtimes - 200 null text/html; charset=utf-8 5.4285ms
2026-05-20 16:26:32.879 +07:00 [INF] Request starting HTTP/1.1 GET http://localhost:5231/Admin/Rooms - null null
2026-05-20 16:26:32.879 +07:00 [INF] Executing endpoint 'AuraCinema.Web.Areas.Admin.Controllers.RoomsController.Index (AuraCinema.Web)'
2026-05-20 16:26:32.879 +07:00 [INF] Route matched with {area = "Admin", action = "Index", controller = "Rooms"}. Executing controller action with signature System.Threading.Tasks.Task`1[Microsoft.AspNetCore.Mvc.IActionResult] Index() on controller AuraCinema.Web.Areas.Admin.Controllers.RoomsController (AuraCinema.Web).
2026-05-20 16:26:32.881 +07:00 [INF] Executed DbCommand (1ms) [Parameters=[], CommandType='"Text"', CommandTimeout='30']
SELECT [r].[RoomID], [r].[Capacity], [r].[RoomCode], [r].[RoomName], [r].[Status]
FROM [Rooms] AS [r]
ORDER BY [r].[RoomID] DESC
2026-05-20 16:26:32.882 +07:00 [INF] Executing ViewResult, running view Index.
2026-05-20 16:26:32.883 +07:00 [INF] Executed ViewResult - view Index executed in 1.3108ms.
2026-05-20 16:26:32.883 +07:00 [INF] Executed action AuraCinema.Web.Areas.Admin.Controllers.RoomsController.Index (AuraCinema.Web) in 4.0092ms
2026-05-20 16:26:32.883 +07:00 [INF] Executed endpoint 'AuraCinema.Web.Areas.Admin.Controllers.RoomsController.Index (AuraCinema.Web)'
2026-05-20 16:26:32.884 +07:00 [INF] Request finished HTTP/1.1 GET http://localhost:5231/Admin/Rooms - 200 null text/html; charset=utf-8 4.6551ms
2026-05-20 16:26:53.350 +07:00 [INF] Executed DbCommand (4ms) [Parameters=[], CommandType='"Text"', CommandTimeout='30']
SELECT [o].[OrderID], [o].[FinalAmount], [o].[HoldExpiryTime], [o].[OrderCode], [o].[PayOSTransID], [o].[PromoID], [o].[QrCode], [o].[ShowtimeID], [o].[Status], [o].[TotalAmount], [o].[UserID]
FROM [Orders] AS [o]
WHERE [o].[Status] = N'Chờ thanh toán' AND [o].[HoldExpiryTime] <= GETDATE()
2026-05-20 16:26:53.354 +07:00 [INF] Executed DbCommand (3ms) [Parameters=[@__maxSellingDate_0='?' (DbType = DateTime2), @__now_1='?' (DbType = DateTime2)], CommandType='"Text"', CommandTimeout='30']
SELECT [s].[ShowtimeID], [s].[EndTime], [s].[MovieID], [s].[RoomID], [s].[ShowtimeCode], [s].[StartTime], [s].[Status]
FROM [Showtimes] AS [s]
WHERE [s].[Status] IN (N'Đã lên lịch', N'Sap chieu') AND CONVERT(date, [s].[StartTime]) <= @__maxSellingDate_0 AND [s].[StartTime] > @__now_1
2026-05-20 16:26:53.356 +07:00 [INF] Executed DbCommand (2ms) [Parameters=[@__now_0='?' (DbType = DateTime2)], CommandType='"Text"', CommandTimeout='30']
SELECT [s].[ShowtimeID], [s].[EndTime], [s].[MovieID], [s].[RoomID], [s].[ShowtimeCode], [s].[StartTime], [s].[Status]
FROM [Showtimes] AS [s]
WHERE [s].[Status] IN (N'Đã lên lịch', N'Đang mở bán', N'Sap chieu') AND [s].[StartTime] <= @__now_0 AND [s].[EndTime] > @__now_0
2026-05-20 16:26:53.358 +07:00 [INF] Executed DbCommand (1ms) [Parameters=[@__now_0='?' (DbType = DateTime2)], CommandType='"Text"', CommandTimeout='30']
SELECT [s].[ShowtimeID], [s].[EndTime], [s].[MovieID], [s].[RoomID], [s].[ShowtimeCode], [s].[StartTime], [s].[Status]
FROM [Showtimes] AS [s]
WHERE [s].[Status] IN (N'Đã lên lịch', N'Đang mở bán', N'Đang chiếu', N'Sap chieu', N'Dang dien ra') AND [s].[EndTime] <= @__now_0
2026-05-20 16:27:53.367 +07:00 [INF] Executed DbCommand (4ms) [Parameters=[], CommandType='"Text"', CommandTimeout='30']
SELECT [o].[OrderID], [o].[FinalAmount], [o].[HoldExpiryTime], [o].[OrderCode], [o].[PayOSTransID], [o].[PromoID], [o].[QrCode], [o].[ShowtimeID], [o].[Status], [o].[TotalAmount], [o].[UserID]
FROM [Orders] AS [o]
WHERE [o].[Status] = N'Chờ thanh toán' AND [o].[HoldExpiryTime] <= GETDATE()
2026-05-20 16:27:53.370 +07:00 [INF] Executed DbCommand (2ms) [Parameters=[@__maxSellingDate_0='?' (DbType = DateTime2), @__now_1='?' (DbType = DateTime2)], CommandType='"Text"', CommandTimeout='30']
SELECT [s].[ShowtimeID], [s].[EndTime], [s].[MovieID], [s].[RoomID], [s].[ShowtimeCode], [s].[StartTime], [s].[Status]
FROM [Showtimes] AS [s]
WHERE [s].[Status] IN (N'Đã lên lịch', N'Sap chieu') AND CONVERT(date, [s].[StartTime]) <= @__maxSellingDate_0 AND [s].[StartTime] > @__now_1
2026-05-20 16:27:53.372 +07:00 [INF] Executed DbCommand (2ms) [Parameters=[@__now_0='?' (DbType = DateTime2)], CommandType='"Text"', CommandTimeout='30']
SELECT [s].[ShowtimeID], [s].[EndTime], [s].[MovieID], [s].[RoomID], [s].[ShowtimeCode], [s].[StartTime], [s].[Status]
FROM [Showtimes] AS [s]
WHERE [s].[Status] IN (N'Đã lên lịch', N'Đang mở bán', N'Sap chieu') AND [s].[StartTime] <= @__now_0 AND [s].[EndTime] > @__now_0
2026-05-20 16:27:53.374 +07:00 [INF] Executed DbCommand (2ms) [Parameters=[@__now_0='?' (DbType = DateTime2)], CommandType='"Text"', CommandTimeout='30']
SELECT [s].[ShowtimeID], [s].[EndTime], [s].[MovieID], [s].[RoomID], [s].[ShowtimeCode], [s].[StartTime], [s].[Status]
FROM [Showtimes] AS [s]
WHERE [s].[Status] IN (N'Đã lên lịch', N'Đang mở bán', N'Đang chiếu', N'Sap chieu', N'Dang dien ra') AND [s].[EndTime] <= @__now_0
2026-05-20 16:28:38.887 +07:00 [INF] Request starting HTTP/1.1 GET http://localhost:5231/Admin/Rooms - null null
2026-05-20 16:28:38.888 +07:00 [INF] Executing endpoint 'AuraCinema.Web.Areas.Admin.Controllers.RoomsController.Index (AuraCinema.Web)'
2026-05-20 16:28:38.888 +07:00 [INF] Route matched with {area = "Admin", action = "Index", controller = "Rooms"}. Executing controller action with signature System.Threading.Tasks.Task`1[Microsoft.AspNetCore.Mvc.IActionResult] Index() on controller AuraCinema.Web.Areas.Admin.Controllers.RoomsController (AuraCinema.Web).
2026-05-20 16:28:38.891 +07:00 [INF] Executed DbCommand (2ms) [Parameters=[], CommandType='"Text"', CommandTimeout='30']
SELECT [r].[RoomID], [r].[Capacity], [r].[RoomCode], [r].[RoomName], [r].[Status]
FROM [Rooms] AS [r]
ORDER BY [r].[RoomID] DESC
2026-05-20 16:28:38.891 +07:00 [INF] Executing ViewResult, running view Index.
2026-05-20 16:28:38.892 +07:00 [INF] Executed ViewResult - view Index executed in 1.0579ms.
2026-05-20 16:28:38.892 +07:00 [INF] Executed action AuraCinema.Web.Areas.Admin.Controllers.RoomsController.Index (AuraCinema.Web) in 4.4481ms
2026-05-20 16:28:38.893 +07:00 [INF] Executed endpoint 'AuraCinema.Web.Areas.Admin.Controllers.RoomsController.Index (AuraCinema.Web)'
2026-05-20 16:28:38.893 +07:00 [INF] Request finished HTTP/1.1 GET http://localhost:5231/Admin/Rooms - 200 null text/html; charset=utf-8 5.2774ms
2026-05-20 16:28:39.890 +07:00 [INF] Request starting HTTP/1.1 GET http://localhost:5231/Admin/Showtimes - null null
2026-05-20 16:28:39.890 +07:00 [INF] Executing endpoint 'AuraCinema.Web.Areas.Admin.Controllers.ShowtimesController.Index (AuraCinema.Web)'
2026-05-20 16:28:39.891 +07:00 [INF] Route matched with {area = "Admin", action = "Index", controller = "Showtimes"}. Executing controller action with signature System.Threading.Tasks.Task`1[Microsoft.AspNetCore.Mvc.IActionResult] Index(System.String, System.Nullable`1[System.DateTime], System.Nullable`1[System.Int32]) on controller AuraCinema.Web.Areas.Admin.Controllers.ShowtimesController (AuraCinema.Web).
2026-05-20 16:28:39.893 +07:00 [INF] Executed DbCommand (1ms) [Parameters=[], CommandType='"Text"', CommandTimeout='30']
SELECT CONVERT(varchar(11), [r].[RoomID]) AS [Value], [r].[RoomName] AS [Text]
FROM [Rooms] AS [r]
2026-05-20 16:28:39.899 +07:00 [INF] Executed DbCommand (5ms) [Parameters=[], CommandType='"Text"', CommandTimeout='30']
SELECT [s].[ShowtimeID], [s].[EndTime], [s].[MovieID], [s].[RoomID], [s].[ShowtimeCode], [s].[StartTime], [s].[Status], [m].[MovieID], [m].[Actors], [m].[Director], [m].[Duration], [m].[Genre], [m].[MovieCode], [m].[Poster], [m].[ReleaseDate], [m].[Status], [m].[Title], [m].[Trailer], [r].[RoomID], [r].[Capacity], [r].[RoomCode], [r].[RoomName], [r].[Status]
FROM [Showtimes] AS [s]
INNER JOIN [Movies] AS [m] ON [s].[MovieID] = [m].[MovieID]
INNER JOIN [Rooms] AS [r] ON [s].[RoomID] = [r].[RoomID]
WHERE [s].[Status] NOT IN (N'Đã hủy', N'Đã kết thúc') AND [s].[EndTime] > GETDATE()
ORDER BY [s].[StartTime] DESC
2026-05-20 16:28:39.900 +07:00 [INF] Executing ViewResult, running view Index.
2026-05-20 16:28:39.901 +07:00 [INF] Executed ViewResult - view Index executed in 1.2269ms.
2026-05-20 16:28:39.901 +07:00 [INF] Executed action AuraCinema.Web.Areas.Admin.Controllers.ShowtimesController.Index (AuraCinema.Web) in 10.4374ms
2026-05-20 16:28:39.901 +07:00 [INF] Executed endpoint 'AuraCinema.Web.Areas.Admin.Controllers.ShowtimesController.Index (AuraCinema.Web)'
2026-05-20 16:28:39.901 +07:00 [INF] Request finished HTTP/1.1 GET http://localhost:5231/Admin/Showtimes - 200 null text/html; charset=utf-8 10.9737ms
2026-05-20 16:28:53.379 +07:00 [INF] Executed DbCommand (3ms) [Parameters=[], CommandType='"Text"', CommandTimeout='30']
SELECT [o].[OrderID], [o].[FinalAmount], [o].[HoldExpiryTime], [o].[OrderCode], [o].[PayOSTransID], [o].[PromoID], [o].[QrCode], [o].[ShowtimeID], [o].[Status], [o].[TotalAmount], [o].[UserID]
FROM [Orders] AS [o]
WHERE [o].[Status] = N'Chờ thanh toán' AND [o].[HoldExpiryTime] <= GETDATE()
2026-05-20 16:28:53.382 +07:00 [INF] Executed DbCommand (3ms) [Parameters=[@__maxSellingDate_0='?' (DbType = DateTime2), @__now_1='?' (DbType = DateTime2)], CommandType='"Text"', CommandTimeout='30']
SELECT [s].[ShowtimeID], [s].[EndTime], [s].[MovieID], [s].[RoomID], [s].[ShowtimeCode], [s].[StartTime], [s].[Status]
FROM [Showtimes] AS [s]
WHERE [s].[Status] IN (N'Đã lên lịch', N'Sap chieu') AND CONVERT(date, [s].[StartTime]) <= @__maxSellingDate_0 AND [s].[StartTime] > @__now_1
2026-05-20 16:28:53.385 +07:00 [INF] Executed DbCommand (3ms) [Parameters=[@__now_0='?' (DbType = DateTime2)], CommandType='"Text"', CommandTimeout='30']
SELECT [s].[ShowtimeID], [s].[EndTime], [s].[MovieID], [s].[RoomID], [s].[ShowtimeCode], [s].[StartTime], [s].[Status]
FROM [Showtimes] AS [s]
WHERE [s].[Status] IN (N'Đã lên lịch', N'Đang mở bán', N'Sap chieu') AND [s].[StartTime] <= @__now_0 AND [s].[EndTime] > @__now_0
2026-05-20 16:28:53.388 +07:00 [INF] Executed DbCommand (2ms) [Parameters=[@__now_0='?' (DbType = DateTime2)], CommandType='"Text"', CommandTimeout='30']
SELECT [s].[ShowtimeID], [s].[EndTime], [s].[MovieID], [s].[RoomID], [s].[ShowtimeCode], [s].[StartTime], [s].[Status]
FROM [Showtimes] AS [s]
WHERE [s].[Status] IN (N'Đã lên lịch', N'Đang mở bán', N'Đang chiếu', N'Sap chieu', N'Dang dien ra') AND [s].[EndTime] <= @__now_0
2026-05-20 16:28:53.868 +07:00 [INF] Request starting HTTP/1.1 GET http://localhost:5231/Admin/PriceConfigs - null null
2026-05-20 16:28:53.869 +07:00 [INF] Executing endpoint 'AuraCinema.Web.Areas.Admin.Controllers.PriceConfigsController.Index (AuraCinema.Web)'
2026-05-20 16:28:53.869 +07:00 [INF] Route matched with {area = "Admin", action = "Index", controller = "PriceConfigs"}. Executing controller action with signature System.Threading.Tasks.Task`1[Microsoft.AspNetCore.Mvc.IActionResult] Index() on controller AuraCinema.Web.Areas.Admin.Controllers.PriceConfigsController (AuraCinema.Web).
2026-05-20 16:28:53.877 +07:00 [INF] Executed DbCommand (7ms) [Parameters=[@__requiredCodes_0='?' (Size = 4000)], CommandType='"Text"', CommandTimeout='30']
SELECT [p].[ConfigID], [p].[ConfigCode], [p].[ConfigName], [p].[ConfigType], [p].[SurchargeAmount]
FROM [PriceConfigs] AS [p]
WHERE [p].[ConfigCode] IN (
    SELECT [r].[value]
    FROM OPENJSON(@__requiredCodes_0) WITH ([value] nvarchar(50) '$') AS [r]
)
2026-05-20 16:28:53.879 +07:00 [INF] Executing ViewResult, running view Index.
2026-05-20 16:28:53.883 +07:00 [INF] Executed ViewResult - view Index executed in 4.3218ms.
2026-05-20 16:28:53.883 +07:00 [INF] Executed action AuraCinema.Web.Areas.Admin.Controllers.PriceConfigsController.Index (AuraCinema.Web) in 13.9174ms
2026-05-20 16:28:53.883 +07:00 [INF] Executed endpoint 'AuraCinema.Web.Areas.Admin.Controllers.PriceConfigsController.Index (AuraCinema.Web)'
2026-05-20 16:28:53.883 +07:00 [INF] Request finished HTTP/1.1 GET http://localhost:5231/Admin/PriceConfigs - 200 null text/html; charset=utf-8 14.4756ms
2026-05-20 16:28:54.996 +07:00 [INF] Request starting HTTP/1.1 GET http://localhost:5231/Admin/Promotions - null null
2026-05-20 16:28:54.996 +07:00 [INF] Executing endpoint 'AuraCinema.Web.Areas.Admin.Controllers.PromotionsController.Index (AuraCinema.Web)'
2026-05-20 16:28:55.001 +07:00 [INF] Route matched with {area = "Admin", action = "Index", controller = "Promotions"}. Executing controller action with signature System.Threading.Tasks.Task`1[Microsoft.AspNetCore.Mvc.IActionResult] Index(System.String) on controller AuraCinema.Web.Areas.Admin.Controllers.PromotionsController (AuraCinema.Web).
2026-05-20 16:28:55.016 +07:00 [INF] Executed DbCommand (2ms) [Parameters=[], CommandType='"Text"', CommandTimeout='30']
SELECT [p].[PromoID], [p].[Condition], [p].[DiscountValue], [p].[EndDate], [p].[MinAmount], [p].[PromoCode], [p].[StartDate], [p].[Status], [p].[Title]
FROM [Promotions] AS [p]
ORDER BY [p].[PromoID] DESC
2026-05-20 16:28:55.031 +07:00 [INF] Executing ViewResult, running view Index.
2026-05-20 16:28:55.047 +07:00 [INF] Executed ViewResult - view Index executed in 16.2975ms.
2026-05-20 16:28:55.047 +07:00 [INF] Executed action AuraCinema.Web.Areas.Admin.Controllers.PromotionsController.Index (AuraCinema.Web) in 45.6044ms
2026-05-20 16:28:55.047 +07:00 [INF] Executed endpoint 'AuraCinema.Web.Areas.Admin.Controllers.PromotionsController.Index (AuraCinema.Web)'
2026-05-20 16:28:55.047 +07:00 [INF] Request finished HTTP/1.1 GET http://localhost:5231/Admin/Promotions - 200 null text/html; charset=utf-8 51.8454ms
2026-05-20 16:28:56.530 +07:00 [INF] Request starting HTTP/1.1 GET http://localhost:5231/Admin/Services - null null
2026-05-20 16:28:56.530 +07:00 [INF] Executing endpoint 'AuraCinema.Web.Areas.Admin.Controllers.ServicesController.Index (AuraCinema.Web)'
2026-05-20 16:28:56.534 +07:00 [INF] Route matched with {area = "Admin", action = "Index", controller = "Services"}. Executing controller action with signature System.Threading.Tasks.Task`1[Microsoft.AspNetCore.Mvc.IActionResult] Index(System.String) on controller AuraCinema.Web.Areas.Admin.Controllers.ServicesController (AuraCinema.Web).
2026-05-20 16:28:56.546 +07:00 [INF] Executed DbCommand (3ms) [Parameters=[], CommandType='"Text"', CommandTimeout='30']
SELECT [s].[ServiceID], [s].[Image], [s].[Price], [s].[ServiceCode], [s].[ServiceName], [s].[Status]
FROM [Services] AS [s]
WHERE [s].[Status] <> N'Ngung kinh doanh'
ORDER BY [s].[ServiceID] DESC
2026-05-20 16:28:56.559 +07:00 [INF] Executing ViewResult, running view Index.
2026-05-20 16:28:56.571 +07:00 [INF] Executed ViewResult - view Index executed in 12.1112ms.
2026-05-20 16:28:56.571 +07:00 [INF] Executed action AuraCinema.Web.Areas.Admin.Controllers.ServicesController.Index (AuraCinema.Web) in 36.5487ms
2026-05-20 16:28:56.571 +07:00 [INF] Executed endpoint 'AuraCinema.Web.Areas.Admin.Controllers.ServicesController.Index (AuraCinema.Web)'
2026-05-20 16:28:56.571 +07:00 [INF] Request finished HTTP/1.1 GET http://localhost:5231/Admin/Services - 200 null text/html; charset=utf-8 41.0866ms
2026-05-20 16:28:56.603 +07:00 [INF] Request starting HTTP/1.1 GET http://localhost:5231/uploads/services/c75a5a28-b796-4eeb-8e34-97aa8d835125_69f39baf74edf_1777572783.png - null null
2026-05-20 16:28:56.604 +07:00 [INF] The file /uploads/services/c75a5a28-b796-4eeb-8e34-97aa8d835125_69f39baf74edf_1777572783.png was not modified
2026-05-20 16:28:56.604 +07:00 [INF] Request finished HTTP/1.1 GET http://localhost:5231/uploads/services/c75a5a28-b796-4eeb-8e34-97aa8d835125_69f39baf74edf_1777572783.png - 304 null image/png 0.6322ms
2026-05-20 16:28:56.605 +07:00 [INF] Request starting HTTP/1.1 GET http://localhost:5231/uploads/services/338348c1-4b86-44f7-84a2-08b669cdbd75_69f39cce45180_1777573070.png - null null
2026-05-20 16:28:56.606 +07:00 [INF] The file /uploads/services/338348c1-4b86-44f7-84a2-08b669cdbd75_69f39cce45180_1777573070.png was not modified
2026-05-20 16:28:56.606 +07:00 [INF] Request finished HTTP/1.1 GET http://localhost:5231/uploads/services/338348c1-4b86-44f7-84a2-08b669cdbd75_69f39cce45180_1777573070.png - 304 null image/png 0.545ms
2026-05-20 16:28:56.607 +07:00 [INF] Request starting HTTP/1.1 GET http://localhost:5231/uploads/services/59a52eda-0c1c-4d37-80c1-5f8387057f49_69f39a72611a4_1777572466.png - null null
2026-05-20 16:28:56.607 +07:00 [INF] The file /uploads/services/59a52eda-0c1c-4d37-80c1-5f8387057f49_69f39a72611a4_1777572466.png was not modified
2026-05-20 16:28:56.607 +07:00 [INF] Request starting HTTP/1.1 GET http://localhost:5231/uploads/services/cf8348ec-a68d-45c5-aa81-6ef5be1ecc6b_69ef60b5b7556_1777295542.png - null null
2026-05-20 16:28:56.607 +07:00 [INF] Request finished HTTP/1.1 GET http://localhost:5231/uploads/services/59a52eda-0c1c-4d37-80c1-5f8387057f49_69f39a72611a4_1777572466.png - 304 null image/png 0.4452ms
2026-05-20 16:28:56.607 +07:00 [INF] The file /uploads/services/cf8348ec-a68d-45c5-aa81-6ef5be1ecc6b_69ef60b5b7556_1777295542.png was not modified
2026-05-20 16:28:56.607 +07:00 [INF] Request finished HTTP/1.1 GET http://localhost:5231/uploads/services/cf8348ec-a68d-45c5-aa81-6ef5be1ecc6b_69ef60b5b7556_1777295542.png - 304 null image/png 0.2467ms
2026-05-20 16:28:59.710 +07:00 [INF] Request starting HTTP/1.1 GET http://localhost:5231/Admin/Services/Edit/4 - null null
2026-05-20 16:28:59.711 +07:00 [INF] Executing endpoint 'AuraCinema.Web.Areas.Admin.Controllers.ServicesController.Edit (AuraCinema.Web)'
2026-05-20 16:28:59.715 +07:00 [INF] Route matched with {area = "Admin", action = "Edit", controller = "Services"}. Executing controller action with signature System.Threading.Tasks.Task`1[Microsoft.AspNetCore.Mvc.IActionResult] Edit(Int32) on controller AuraCinema.Web.Areas.Admin.Controllers.ServicesController (AuraCinema.Web).
2026-05-20 16:28:59.725 +07:00 [INF] Executed DbCommand (3ms) [Parameters=[@__p_0='?' (DbType = Int32)], CommandType='"Text"', CommandTimeout='30']
SELECT TOP(1) [s].[ServiceID], [s].[Image], [s].[Price], [s].[ServiceCode], [s].[ServiceName], [s].[Status]
FROM [Services] AS [s]
WHERE [s].[ServiceID] = @__p_0
2026-05-20 16:28:59.728 +07:00 [INF] Executing ViewResult, running view Edit.
2026-05-20 16:28:59.754 +07:00 [INF] Executed ViewResult - view Edit executed in 28.1287ms.
2026-05-20 16:28:59.755 +07:00 [INF] Executed action AuraCinema.Web.Areas.Admin.Controllers.ServicesController.Edit (AuraCinema.Web) in 38.979ms
2026-05-20 16:28:59.755 +07:00 [INF] Executed endpoint 'AuraCinema.Web.Areas.Admin.Controllers.ServicesController.Edit (AuraCinema.Web)'
2026-05-20 16:28:59.755 +07:00 [INF] Request finished HTTP/1.1 GET http://localhost:5231/Admin/Services/Edit/4 - 200 null text/html; charset=utf-8 44.2921ms
2026-05-20 16:29:07.919 +07:00 [INF] Request starting HTTP/1.1 POST http://localhost:5231/Admin/Services/Edit/4 - multipart/form-data; boundary=----WebKitFormBoundaryg3oF4YsXvXyjTYJA 1300
2026-05-20 16:29:07.921 +07:00 [INF] Executing endpoint 'AuraCinema.Web.Areas.Admin.Controllers.ServicesController.Edit (AuraCinema.Web)'
2026-05-20 16:29:07.927 +07:00 [INF] Route matched with {area = "Admin", action = "Edit", controller = "Services"}. Executing controller action with signature System.Threading.Tasks.Task`1[Microsoft.AspNetCore.Mvc.IActionResult] Edit(Int32, AuraCinema.Web.Areas.Admin.ViewModels.ServiceFormViewModel) on controller AuraCinema.Web.Areas.Admin.Controllers.ServicesController (AuraCinema.Web).
2026-05-20 16:29:07.962 +07:00 [INF] Executed DbCommand (1ms) [Parameters=[@__p_0='?' (DbType = Int32)], CommandType='"Text"', CommandTimeout='30']
SELECT TOP(1) [s].[ServiceID], [s].[Image], [s].[Price], [s].[ServiceCode], [s].[ServiceName], [s].[Status]
FROM [Services] AS [s]
WHERE [s].[ServiceID] = @__p_0
2026-05-20 16:29:07.976 +07:00 [INF] Executed DbCommand (4ms) [Parameters=[@p1='?' (DbType = Int32), @p0='?' (DbType = Int32)], CommandType='"Text"', CommandTimeout='30']
SET IMPLICIT_TRANSACTIONS OFF;
SET NOCOUNT ON;
UPDATE [Services] SET [Price] = @p0
OUTPUT 1
WHERE [ServiceID] = @p1;
2026-05-20 16:29:07.978 +07:00 [INF] Executing RedirectResult, redirecting to /Admin/Services.
2026-05-20 16:29:07.978 +07:00 [INF] Executed action AuraCinema.Web.Areas.Admin.Controllers.ServicesController.Edit (AuraCinema.Web) in 50.7831ms
2026-05-20 16:29:07.978 +07:00 [INF] Executed endpoint 'AuraCinema.Web.Areas.Admin.Controllers.ServicesController.Edit (AuraCinema.Web)'
2026-05-20 16:29:07.979 +07:00 [INF] Request finished HTTP/1.1 POST http://localhost:5231/Admin/Services/Edit/4 - 302 0 null 59.1951ms
2026-05-20 16:29:07.985 +07:00 [INF] Request starting HTTP/1.1 GET http://localhost:5231/Admin/Services - null null
2026-05-20 16:29:07.985 +07:00 [INF] Executing endpoint 'AuraCinema.Web.Areas.Admin.Controllers.ServicesController.Index (AuraCinema.Web)'
2026-05-20 16:29:07.985 +07:00 [INF] Route matched with {area = "Admin", action = "Index", controller = "Services"}. Executing controller action with signature System.Threading.Tasks.Task`1[Microsoft.AspNetCore.Mvc.IActionResult] Index(System.String) on controller AuraCinema.Web.Areas.Admin.Controllers.ServicesController (AuraCinema.Web).
2026-05-20 16:29:07.987 +07:00 [INF] Executed DbCommand (1ms) [Parameters=[], CommandType='"Text"', CommandTimeout='30']
SELECT [s].[ServiceID], [s].[Image], [s].[Price], [s].[ServiceCode], [s].[ServiceName], [s].[Status]
FROM [Services] AS [s]
WHERE [s].[Status] <> N'Ngung kinh doanh'
ORDER BY [s].[ServiceID] DESC
2026-05-20 16:29:07.987 +07:00 [INF] Executing ViewResult, running view Index.
2026-05-20 16:29:07.990 +07:00 [INF] Executed ViewResult - view Index executed in 2.6969ms.
2026-05-20 16:29:07.990 +07:00 [INF] Executed action AuraCinema.Web.Areas.Admin.Controllers.ServicesController.Index (AuraCinema.Web) in 4.9519ms
2026-05-20 16:29:07.990 +07:00 [INF] Executed endpoint 'AuraCinema.Web.Areas.Admin.Controllers.ServicesController.Index (AuraCinema.Web)'
2026-05-20 16:29:07.990 +07:00 [INF] Request finished HTTP/1.1 GET http://localhost:5231/Admin/Services - 200 null text/html; charset=utf-8 5.5533ms
2026-05-20 16:29:27.247 +07:00 [INF] Request starting HTTP/1.1 GET http://localhost:5231/Admin/Services/Edit/4 - null null
2026-05-20 16:29:27.247 +07:00 [INF] Executing endpoint 'AuraCinema.Web.Areas.Admin.Controllers.ServicesController.Edit (AuraCinema.Web)'
2026-05-20 16:29:27.247 +07:00 [INF] Route matched with {area = "Admin", action = "Edit", controller = "Services"}. Executing controller action with signature System.Threading.Tasks.Task`1[Microsoft.AspNetCore.Mvc.IActionResult] Edit(Int32) on controller AuraCinema.Web.Areas.Admin.Controllers.ServicesController (AuraCinema.Web).
2026-05-20 16:29:27.249 +07:00 [INF] Executed DbCommand (1ms) [Parameters=[@__p_0='?' (DbType = Int32)], CommandType='"Text"', CommandTimeout='30']
SELECT TOP(1) [s].[ServiceID], [s].[Image], [s].[Price], [s].[ServiceCode], [s].[ServiceName], [s].[Status]
FROM [Services] AS [s]
WHERE [s].[ServiceID] = @__p_0
2026-05-20 16:29:27.249 +07:00 [INF] Executing ViewResult, running view Edit.
2026-05-20 16:29:27.252 +07:00 [INF] Executed ViewResult - view Edit executed in 2.5206ms.
2026-05-20 16:29:27.252 +07:00 [INF] Executed action AuraCinema.Web.Areas.Admin.Controllers.ServicesController.Edit (AuraCinema.Web) in 4.9057ms
2026-05-20 16:29:27.252 +07:00 [INF] Executed endpoint 'AuraCinema.Web.Areas.Admin.Controllers.ServicesController.Edit (AuraCinema.Web)'
2026-05-20 16:29:27.252 +07:00 [INF] Request finished HTTP/1.1 GET http://localhost:5231/Admin/Services/Edit/4 - 200 null text/html; charset=utf-8 5.5482ms
2026-05-20 16:29:29.305 +07:00 [INF] Request starting HTTP/1.1 GET http://localhost:5231/Admin/Services - null null
2026-05-20 16:29:29.306 +07:00 [INF] Executing endpoint 'AuraCinema.Web.Areas.Admin.Controllers.ServicesController.Index (AuraCinema.Web)'
2026-05-20 16:29:29.306 +07:00 [INF] Route matched with {area = "Admin", action = "Index", controller = "Services"}. Executing controller action with signature System.Threading.Tasks.Task`1[Microsoft.AspNetCore.Mvc.IActionResult] Index(System.String) on controller AuraCinema.Web.Areas.Admin.Controllers.ServicesController (AuraCinema.Web).
2026-05-20 16:29:29.307 +07:00 [INF] Executed DbCommand (1ms) [Parameters=[], CommandType='"Text"', CommandTimeout='30']
SELECT [s].[ServiceID], [s].[Image], [s].[Price], [s].[ServiceCode], [s].[ServiceName], [s].[Status]
FROM [Services] AS [s]
WHERE [s].[Status] <> N'Ngung kinh doanh'
ORDER BY [s].[ServiceID] DESC
2026-05-20 16:29:29.308 +07:00 [INF] Executing ViewResult, running view Index.
2026-05-20 16:29:29.310 +07:00 [INF] Executed ViewResult - view Index executed in 2.2315ms.
2026-05-20 16:29:29.310 +07:00 [INF] Executed action AuraCinema.Web.Areas.Admin.Controllers.ServicesController.Index (AuraCinema.Web) in 4.2634ms
2026-05-20 16:29:29.310 +07:00 [INF] Executed endpoint 'AuraCinema.Web.Areas.Admin.Controllers.ServicesController.Index (AuraCinema.Web)'
2026-05-20 16:29:29.310 +07:00 [INF] Request finished HTTP/1.1 GET http://localhost:5231/Admin/Services - 200 null text/html; charset=utf-8 4.9253ms
2026-05-20 16:29:30.566 +07:00 [INF] Request starting HTTP/1.1 GET http://localhost:5231/Admin/Services/Edit/3 - null null
2026-05-20 16:29:30.566 +07:00 [INF] Executing endpoint 'AuraCinema.Web.Areas.Admin.Controllers.ServicesController.Edit (AuraCinema.Web)'
2026-05-20 16:29:30.567 +07:00 [INF] Route matched with {area = "Admin", action = "Edit", controller = "Services"}. Executing controller action with signature System.Threading.Tasks.Task`1[Microsoft.AspNetCore.Mvc.IActionResult] Edit(Int32) on controller AuraCinema.Web.Areas.Admin.Controllers.ServicesController (AuraCinema.Web).
2026-05-20 16:29:30.573 +07:00 [INF] Executed DbCommand (3ms) [Parameters=[@__p_0='?' (DbType = Int32)], CommandType='"Text"', CommandTimeout='30']
SELECT TOP(1) [s].[ServiceID], [s].[Image], [s].[Price], [s].[ServiceCode], [s].[ServiceName], [s].[Status]
FROM [Services] AS [s]
WHERE [s].[ServiceID] = @__p_0
2026-05-20 16:29:30.573 +07:00 [INF] Executing ViewResult, running view Edit.
2026-05-20 16:29:30.575 +07:00 [INF] Executed ViewResult - view Edit executed in 2.1541ms.
2026-05-20 16:29:30.575 +07:00 [INF] Executed action AuraCinema.Web.Areas.Admin.Controllers.ServicesController.Edit (AuraCinema.Web) in 8.6311ms
2026-05-20 16:29:30.575 +07:00 [INF] Executed endpoint 'AuraCinema.Web.Areas.Admin.Controllers.ServicesController.Edit (AuraCinema.Web)'
2026-05-20 16:29:30.575 +07:00 [INF] Request finished HTTP/1.1 GET http://localhost:5231/Admin/Services/Edit/3 - 200 null text/html; charset=utf-8 9.5065ms
2026-05-20 16:29:40.405 +07:00 [INF] Request starting HTTP/1.1 POST http://localhost:5231/Admin/Services/Edit/3 - multipart/form-data; boundary=----WebKitFormBoundaryxxC45t9I3wy4qY2E 1296
2026-05-20 16:29:40.405 +07:00 [INF] Executing endpoint 'AuraCinema.Web.Areas.Admin.Controllers.ServicesController.Edit (AuraCinema.Web)'
2026-05-20 16:29:40.405 +07:00 [INF] Route matched with {area = "Admin", action = "Edit", controller = "Services"}. Executing controller action with signature System.Threading.Tasks.Task`1[Microsoft.AspNetCore.Mvc.IActionResult] Edit(Int32, AuraCinema.Web.Areas.Admin.ViewModels.ServiceFormViewModel) on controller AuraCinema.Web.Areas.Admin.Controllers.ServicesController (AuraCinema.Web).
2026-05-20 16:29:40.408 +07:00 [INF] Executed DbCommand (1ms) [Parameters=[@__p_0='?' (DbType = Int32)], CommandType='"Text"', CommandTimeout='30']
SELECT TOP(1) [s].[ServiceID], [s].[Image], [s].[Price], [s].[ServiceCode], [s].[ServiceName], [s].[Status]
FROM [Services] AS [s]
WHERE [s].[ServiceID] = @__p_0
2026-05-20 16:29:40.410 +07:00 [INF] Executed DbCommand (1ms) [Parameters=[@p1='?' (DbType = Int32), @p0='?' (DbType = Int32)], CommandType='"Text"', CommandTimeout='30']
SET IMPLICIT_TRANSACTIONS OFF;
SET NOCOUNT ON;
UPDATE [Services] SET [Price] = @p0
OUTPUT 1
WHERE [ServiceID] = @p1;
2026-05-20 16:29:40.411 +07:00 [INF] Executing RedirectResult, redirecting to /Admin/Services.
2026-05-20 16:29:40.411 +07:00 [INF] Executed action AuraCinema.Web.Areas.Admin.Controllers.ServicesController.Edit (AuraCinema.Web) in 5.3584ms
2026-05-20 16:29:40.411 +07:00 [INF] Executed endpoint 'AuraCinema.Web.Areas.Admin.Controllers.ServicesController.Edit (AuraCinema.Web)'
2026-05-20 16:29:40.411 +07:00 [INF] Request finished HTTP/1.1 POST http://localhost:5231/Admin/Services/Edit/3 - 302 0 null 5.9441ms
2026-05-20 16:29:40.418 +07:00 [INF] Request starting HTTP/1.1 GET http://localhost:5231/Admin/Services - null null
2026-05-20 16:29:40.418 +07:00 [INF] Executing endpoint 'AuraCinema.Web.Areas.Admin.Controllers.ServicesController.Index (AuraCinema.Web)'
2026-05-20 16:29:40.418 +07:00 [INF] Route matched with {area = "Admin", action = "Index", controller = "Services"}. Executing controller action with signature System.Threading.Tasks.Task`1[Microsoft.AspNetCore.Mvc.IActionResult] Index(System.String) on controller AuraCinema.Web.Areas.Admin.Controllers.ServicesController (AuraCinema.Web).
2026-05-20 16:29:40.419 +07:00 [INF] Executed DbCommand (1ms) [Parameters=[], CommandType='"Text"', CommandTimeout='30']
SELECT [s].[ServiceID], [s].[Image], [s].[Price], [s].[ServiceCode], [s].[ServiceName], [s].[Status]
FROM [Services] AS [s]
WHERE [s].[Status] <> N'Ngung kinh doanh'
ORDER BY [s].[ServiceID] DESC
2026-05-20 16:29:40.420 +07:00 [INF] Executing ViewResult, running view Index.
2026-05-20 16:29:40.420 +07:00 [INF] Executed ViewResult - view Index executed in 0.8067ms.
2026-05-20 16:29:40.421 +07:00 [INF] Executed action AuraCinema.Web.Areas.Admin.Controllers.ServicesController.Index (AuraCinema.Web) in 2.3975ms
2026-05-20 16:29:40.421 +07:00 [INF] Executed endpoint 'AuraCinema.Web.Areas.Admin.Controllers.ServicesController.Index (AuraCinema.Web)'
2026-05-20 16:29:40.421 +07:00 [INF] Request finished HTTP/1.1 GET http://localhost:5231/Admin/Services - 200 null text/html; charset=utf-8 2.9228ms
2026-05-20 16:29:45.524 +07:00 [INF] Request starting HTTP/1.1 GET http://localhost:5231/Admin/Services/Edit/4 - null null
2026-05-20 16:29:45.525 +07:00 [INF] Executing endpoint 'AuraCinema.Web.Areas.Admin.Controllers.ServicesController.Edit (AuraCinema.Web)'
2026-05-20 16:29:45.525 +07:00 [INF] Route matched with {area = "Admin", action = "Edit", controller = "Services"}. Executing controller action with signature System.Threading.Tasks.Task`1[Microsoft.AspNetCore.Mvc.IActionResult] Edit(Int32) on controller AuraCinema.Web.Areas.Admin.Controllers.ServicesController (AuraCinema.Web).
2026-05-20 16:29:45.527 +07:00 [INF] Executed DbCommand (1ms) [Parameters=[@__p_0='?' (DbType = Int32)], CommandType='"Text"', CommandTimeout='30']
SELECT TOP(1) [s].[ServiceID], [s].[Image], [s].[Price], [s].[ServiceCode], [s].[ServiceName], [s].[Status]
FROM [Services] AS [s]
WHERE [s].[ServiceID] = @__p_0
2026-05-20 16:29:45.527 +07:00 [INF] Executing ViewResult, running view Edit.
2026-05-20 16:29:45.529 +07:00 [INF] Executed ViewResult - view Edit executed in 1.7575ms.
2026-05-20 16:29:45.529 +07:00 [INF] Executed action AuraCinema.Web.Areas.Admin.Controllers.ServicesController.Edit (AuraCinema.Web) in 3.8841ms
2026-05-20 16:29:45.529 +07:00 [INF] Executed endpoint 'AuraCinema.Web.Areas.Admin.Controllers.ServicesController.Edit (AuraCinema.Web)'
2026-05-20 16:29:45.529 +07:00 [INF] Request finished HTTP/1.1 GET http://localhost:5231/Admin/Services/Edit/4 - 200 null text/html; charset=utf-8 4.5301ms
2026-05-20 16:29:50.485 +07:00 [INF] Request starting HTTP/1.1 POST http://localhost:5231/Admin/Services/Edit/4 - multipart/form-data; boundary=----WebKitFormBoundaryHvwrADftovmrJm2I 1300
2026-05-20 16:29:50.486 +07:00 [INF] Executing endpoint 'AuraCinema.Web.Areas.Admin.Controllers.ServicesController.Edit (AuraCinema.Web)'
2026-05-20 16:29:50.486 +07:00 [INF] Route matched with {area = "Admin", action = "Edit", controller = "Services"}. Executing controller action with signature System.Threading.Tasks.Task`1[Microsoft.AspNetCore.Mvc.IActionResult] Edit(Int32, AuraCinema.Web.Areas.Admin.ViewModels.ServiceFormViewModel) on controller AuraCinema.Web.Areas.Admin.Controllers.ServicesController (AuraCinema.Web).
2026-05-20 16:29:50.489 +07:00 [INF] Executed DbCommand (1ms) [Parameters=[@__p_0='?' (DbType = Int32)], CommandType='"Text"', CommandTimeout='30']
SELECT TOP(1) [s].[ServiceID], [s].[Image], [s].[Price], [s].[ServiceCode], [s].[ServiceName], [s].[Status]
FROM [Services] AS [s]
WHERE [s].[ServiceID] = @__p_0
2026-05-20 16:29:50.490 +07:00 [INF] Executed DbCommand (1ms) [Parameters=[@p1='?' (DbType = Int32), @p0='?' (DbType = Int32)], CommandType='"Text"', CommandTimeout='30']
SET IMPLICIT_TRANSACTIONS OFF;
SET NOCOUNT ON;
UPDATE [Services] SET [Price] = @p0
OUTPUT 1
WHERE [ServiceID] = @p1;
2026-05-20 16:29:50.491 +07:00 [INF] Executing RedirectResult, redirecting to /Admin/Services.
2026-05-20 16:29:50.491 +07:00 [INF] Executed action AuraCinema.Web.Areas.Admin.Controllers.ServicesController.Edit (AuraCinema.Web) in 5.6171ms
2026-05-20 16:29:50.491 +07:00 [INF] Executed endpoint 'AuraCinema.Web.Areas.Admin.Controllers.ServicesController.Edit (AuraCinema.Web)'
2026-05-20 16:29:50.492 +07:00 [INF] Request finished HTTP/1.1 POST http://localhost:5231/Admin/Services/Edit/4 - 302 0 null 6.2688ms
2026-05-20 16:29:50.496 +07:00 [INF] Request starting HTTP/1.1 GET http://localhost:5231/Admin/Services - null null
2026-05-20 16:29:50.496 +07:00 [INF] Executing endpoint 'AuraCinema.Web.Areas.Admin.Controllers.ServicesController.Index (AuraCinema.Web)'
2026-05-20 16:29:50.496 +07:00 [INF] Route matched with {area = "Admin", action = "Index", controller = "Services"}. Executing controller action with signature System.Threading.Tasks.Task`1[Microsoft.AspNetCore.Mvc.IActionResult] Index(System.String) on controller AuraCinema.Web.Areas.Admin.Controllers.ServicesController (AuraCinema.Web).
2026-05-20 16:29:50.498 +07:00 [INF] Executed DbCommand (1ms) [Parameters=[], CommandType='"Text"', CommandTimeout='30']
SELECT [s].[ServiceID], [s].[Image], [s].[Price], [s].[ServiceCode], [s].[ServiceName], [s].[Status]
FROM [Services] AS [s]
WHERE [s].[Status] <> N'Ngung kinh doanh'
ORDER BY [s].[ServiceID] DESC
2026-05-20 16:29:50.498 +07:00 [INF] Executing ViewResult, running view Index.
2026-05-20 16:29:50.499 +07:00 [INF] Executed ViewResult - view Index executed in 0.8854ms.
2026-05-20 16:29:50.499 +07:00 [INF] Executed action AuraCinema.Web.Areas.Admin.Controllers.ServicesController.Index (AuraCinema.Web) in 2.6001ms
2026-05-20 16:29:50.499 +07:00 [INF] Executed endpoint 'AuraCinema.Web.Areas.Admin.Controllers.ServicesController.Index (AuraCinema.Web)'
2026-05-20 16:29:50.499 +07:00 [INF] Request finished HTTP/1.1 GET http://localhost:5231/Admin/Services - 200 null text/html; charset=utf-8 3.1166ms
2026-05-20 16:29:52.760 +07:00 [INF] Request starting HTTP/1.1 GET http://localhost:5231/Admin/Services/Edit/2 - null null
2026-05-20 16:29:52.761 +07:00 [INF] Executing endpoint 'AuraCinema.Web.Areas.Admin.Controllers.ServicesController.Edit (AuraCinema.Web)'
2026-05-20 16:29:52.761 +07:00 [INF] Route matched with {area = "Admin", action = "Edit", controller = "Services"}. Executing controller action with signature System.Threading.Tasks.Task`1[Microsoft.AspNetCore.Mvc.IActionResult] Edit(Int32) on controller AuraCinema.Web.Areas.Admin.Controllers.ServicesController (AuraCinema.Web).
2026-05-20 16:29:52.762 +07:00 [INF] Executed DbCommand (1ms) [Parameters=[@__p_0='?' (DbType = Int32)], CommandType='"Text"', CommandTimeout='30']
SELECT TOP(1) [s].[ServiceID], [s].[Image], [s].[Price], [s].[ServiceCode], [s].[ServiceName], [s].[Status]
FROM [Services] AS [s]
WHERE [s].[ServiceID] = @__p_0
2026-05-20 16:29:52.763 +07:00 [INF] Executing ViewResult, running view Edit.
2026-05-20 16:29:52.764 +07:00 [INF] Executed ViewResult - view Edit executed in 1.4339ms.
2026-05-20 16:29:52.764 +07:00 [INF] Executed action AuraCinema.Web.Areas.Admin.Controllers.ServicesController.Edit (AuraCinema.Web) in 3.4066ms
2026-05-20 16:29:52.764 +07:00 [INF] Executed endpoint 'AuraCinema.Web.Areas.Admin.Controllers.ServicesController.Edit (AuraCinema.Web)'
2026-05-20 16:29:52.764 +07:00 [INF] Request finished HTTP/1.1 GET http://localhost:5231/Admin/Services/Edit/2 - 200 null text/html; charset=utf-8 3.9988ms
2026-05-20 16:29:53.396 +07:00 [INF] Executed DbCommand (3ms) [Parameters=[], CommandType='"Text"', CommandTimeout='30']
SELECT [o].[OrderID], [o].[FinalAmount], [o].[HoldExpiryTime], [o].[OrderCode], [o].[PayOSTransID], [o].[PromoID], [o].[QrCode], [o].[ShowtimeID], [o].[Status], [o].[TotalAmount], [o].[UserID]
FROM [Orders] AS [o]
WHERE [o].[Status] = N'Chờ thanh toán' AND [o].[HoldExpiryTime] <= GETDATE()
2026-05-20 16:29:53.400 +07:00 [INF] Executed DbCommand (3ms) [Parameters=[@__maxSellingDate_0='?' (DbType = DateTime2), @__now_1='?' (DbType = DateTime2)], CommandType='"Text"', CommandTimeout='30']
SELECT [s].[ShowtimeID], [s].[EndTime], [s].[MovieID], [s].[RoomID], [s].[ShowtimeCode], [s].[StartTime], [s].[Status]
FROM [Showtimes] AS [s]
WHERE [s].[Status] IN (N'Đã lên lịch', N'Sap chieu') AND CONVERT(date, [s].[StartTime]) <= @__maxSellingDate_0 AND [s].[StartTime] > @__now_1
2026-05-20 16:29:53.405 +07:00 [INF] Executed DbCommand (4ms) [Parameters=[@__now_0='?' (DbType = DateTime2)], CommandType='"Text"', CommandTimeout='30']
SELECT [s].[ShowtimeID], [s].[EndTime], [s].[MovieID], [s].[RoomID], [s].[ShowtimeCode], [s].[StartTime], [s].[Status]
FROM [Showtimes] AS [s]
WHERE [s].[Status] IN (N'Đã lên lịch', N'Đang mở bán', N'Sap chieu') AND [s].[StartTime] <= @__now_0 AND [s].[EndTime] > @__now_0
2026-05-20 16:29:53.408 +07:00 [INF] Executed DbCommand (2ms) [Parameters=[@__now_0='?' (DbType = DateTime2)], CommandType='"Text"', CommandTimeout='30']
SELECT [s].[ShowtimeID], [s].[EndTime], [s].[MovieID], [s].[RoomID], [s].[ShowtimeCode], [s].[StartTime], [s].[Status]
FROM [Showtimes] AS [s]
WHERE [s].[Status] IN (N'Đã lên lịch', N'Đang mở bán', N'Đang chiếu', N'Sap chieu', N'Dang dien ra') AND [s].[EndTime] <= @__now_0
2026-05-20 16:29:58.647 +07:00 [INF] Request starting HTTP/1.1 POST http://localhost:5231/Admin/Services/Edit/2 - multipart/form-data; boundary=----WebKitFormBoundary6CNVqPTc9N7NrBwO 1302
2026-05-20 16:29:58.647 +07:00 [INF] Executing endpoint 'AuraCinema.Web.Areas.Admin.Controllers.ServicesController.Edit (AuraCinema.Web)'
2026-05-20 16:29:58.647 +07:00 [INF] Route matched with {area = "Admin", action = "Edit", controller = "Services"}. Executing controller action with signature System.Threading.Tasks.Task`1[Microsoft.AspNetCore.Mvc.IActionResult] Edit(Int32, AuraCinema.Web.Areas.Admin.ViewModels.ServiceFormViewModel) on controller AuraCinema.Web.Areas.Admin.Controllers.ServicesController (AuraCinema.Web).
2026-05-20 16:29:58.651 +07:00 [INF] Executed DbCommand (2ms) [Parameters=[@__p_0='?' (DbType = Int32)], CommandType='"Text"', CommandTimeout='30']
SELECT TOP(1) [s].[ServiceID], [s].[Image], [s].[Price], [s].[ServiceCode], [s].[ServiceName], [s].[Status]
FROM [Services] AS [s]
WHERE [s].[ServiceID] = @__p_0
2026-05-20 16:29:58.656 +07:00 [INF] Executed DbCommand (4ms) [Parameters=[@p1='?' (DbType = Int32), @p0='?' (DbType = Int32)], CommandType='"Text"', CommandTimeout='30']
SET IMPLICIT_TRANSACTIONS OFF;
SET NOCOUNT ON;
UPDATE [Services] SET [Price] = @p0
OUTPUT 1
WHERE [ServiceID] = @p1;
2026-05-20 16:29:58.657 +07:00 [INF] Executing RedirectResult, redirecting to /Admin/Services.
2026-05-20 16:29:58.657 +07:00 [INF] Executed action AuraCinema.Web.Areas.Admin.Controllers.ServicesController.Edit (AuraCinema.Web) in 9.689ms
2026-05-20 16:29:58.657 +07:00 [INF] Executed endpoint 'AuraCinema.Web.Areas.Admin.Controllers.ServicesController.Edit (AuraCinema.Web)'
2026-05-20 16:29:58.657 +07:00 [INF] Request finished HTTP/1.1 POST http://localhost:5231/Admin/Services/Edit/2 - 302 0 null 10.377ms
2026-05-20 16:29:58.661 +07:00 [INF] Request starting HTTP/1.1 GET http://localhost:5231/Admin/Services - null null
2026-05-20 16:29:58.661 +07:00 [INF] Executing endpoint 'AuraCinema.Web.Areas.Admin.Controllers.ServicesController.Index (AuraCinema.Web)'
2026-05-20 16:29:58.661 +07:00 [INF] Route matched with {area = "Admin", action = "Index", controller = "Services"}. Executing controller action with signature System.Threading.Tasks.Task`1[Microsoft.AspNetCore.Mvc.IActionResult] Index(System.String) on controller AuraCinema.Web.Areas.Admin.Controllers.ServicesController (AuraCinema.Web).
2026-05-20 16:29:58.664 +07:00 [INF] Executed DbCommand (2ms) [Parameters=[], CommandType='"Text"', CommandTimeout='30']
SELECT [s].[ServiceID], [s].[Image], [s].[Price], [s].[ServiceCode], [s].[ServiceName], [s].[Status]
FROM [Services] AS [s]
WHERE [s].[Status] <> N'Ngung kinh doanh'
ORDER BY [s].[ServiceID] DESC
2026-05-20 16:29:58.665 +07:00 [INF] Executing ViewResult, running view Index.
2026-05-20 16:29:58.666 +07:00 [INF] Executed ViewResult - view Index executed in 0.8448ms.
2026-05-20 16:29:58.666 +07:00 [INF] Executed action AuraCinema.Web.Areas.Admin.Controllers.ServicesController.Index (AuraCinema.Web) in 4.1979ms
2026-05-20 16:29:58.666 +07:00 [INF] Executed endpoint 'AuraCinema.Web.Areas.Admin.Controllers.ServicesController.Index (AuraCinema.Web)'
2026-05-20 16:29:58.666 +07:00 [INF] Request finished HTTP/1.1 GET http://localhost:5231/Admin/Services - 200 null text/html; charset=utf-8 4.9239ms
2026-05-20 16:30:01.883 +07:00 [INF] Request starting HTTP/1.1 GET http://localhost:5231/Admin/Services/Edit/1 - null null
2026-05-20 16:30:01.883 +07:00 [INF] Executing endpoint 'AuraCinema.Web.Areas.Admin.Controllers.ServicesController.Edit (AuraCinema.Web)'
2026-05-20 16:30:01.883 +07:00 [INF] Route matched with {area = "Admin", action = "Edit", controller = "Services"}. Executing controller action with signature System.Threading.Tasks.Task`1[Microsoft.AspNetCore.Mvc.IActionResult] Edit(Int32) on controller AuraCinema.Web.Areas.Admin.Controllers.ServicesController (AuraCinema.Web).
2026-05-20 16:30:01.886 +07:00 [INF] Executed DbCommand (2ms) [Parameters=[@__p_0='?' (DbType = Int32)], CommandType='"Text"', CommandTimeout='30']
SELECT TOP(1) [s].[ServiceID], [s].[Image], [s].[Price], [s].[ServiceCode], [s].[ServiceName], [s].[Status]
FROM [Services] AS [s]
WHERE [s].[ServiceID] = @__p_0
2026-05-20 16:30:01.887 +07:00 [INF] Executing ViewResult, running view Edit.
2026-05-20 16:30:01.888 +07:00 [INF] Executed ViewResult - view Edit executed in 1.2265ms.
2026-05-20 16:30:01.888 +07:00 [INF] Executed action AuraCinema.Web.Areas.Admin.Controllers.ServicesController.Edit (AuraCinema.Web) in 4.6234ms
2026-05-20 16:30:01.888 +07:00 [INF] Executed endpoint 'AuraCinema.Web.Areas.Admin.Controllers.ServicesController.Edit (AuraCinema.Web)'
2026-05-20 16:30:01.888 +07:00 [INF] Request finished HTTP/1.1 GET http://localhost:5231/Admin/Services/Edit/1 - 200 null text/html; charset=utf-8 5.2285ms
2026-05-20 16:30:09.477 +07:00 [INF] Request starting HTTP/1.1 POST http://localhost:5231/Admin/Services/Edit/1 - multipart/form-data; boundary=----WebKitFormBoundaryO4G3ri6K5UiwRHjf 1298
2026-05-20 16:30:09.477 +07:00 [INF] Executing endpoint 'AuraCinema.Web.Areas.Admin.Controllers.ServicesController.Edit (AuraCinema.Web)'
2026-05-20 16:30:09.477 +07:00 [INF] Route matched with {area = "Admin", action = "Edit", controller = "Services"}. Executing controller action with signature System.Threading.Tasks.Task`1[Microsoft.AspNetCore.Mvc.IActionResult] Edit(Int32, AuraCinema.Web.Areas.Admin.ViewModels.ServiceFormViewModel) on controller AuraCinema.Web.Areas.Admin.Controllers.ServicesController (AuraCinema.Web).
2026-05-20 16:30:09.481 +07:00 [INF] Executed DbCommand (2ms) [Parameters=[@__p_0='?' (DbType = Int32)], CommandType='"Text"', CommandTimeout='30']
SELECT TOP(1) [s].[ServiceID], [s].[Image], [s].[Price], [s].[ServiceCode], [s].[ServiceName], [s].[Status]
FROM [Services] AS [s]
WHERE [s].[ServiceID] = @__p_0
2026-05-20 16:30:09.485 +07:00 [INF] Executed DbCommand (3ms) [Parameters=[@p1='?' (DbType = Int32), @p0='?' (DbType = Int32)], CommandType='"Text"', CommandTimeout='30']
SET IMPLICIT_TRANSACTIONS OFF;
SET NOCOUNT ON;
UPDATE [Services] SET [Price] = @p0
OUTPUT 1
WHERE [ServiceID] = @p1;
2026-05-20 16:30:09.486 +07:00 [INF] Executing RedirectResult, redirecting to /Admin/Services.
2026-05-20 16:30:09.486 +07:00 [INF] Executed action AuraCinema.Web.Areas.Admin.Controllers.ServicesController.Edit (AuraCinema.Web) in 8.9326ms
2026-05-20 16:30:09.486 +07:00 [INF] Executed endpoint 'AuraCinema.Web.Areas.Admin.Controllers.ServicesController.Edit (AuraCinema.Web)'
2026-05-20 16:30:09.486 +07:00 [INF] Request finished HTTP/1.1 POST http://localhost:5231/Admin/Services/Edit/1 - 302 0 null 9.5885ms
2026-05-20 16:30:09.491 +07:00 [INF] Request starting HTTP/1.1 GET http://localhost:5231/Admin/Services - null null
2026-05-20 16:30:09.491 +07:00 [INF] Executing endpoint 'AuraCinema.Web.Areas.Admin.Controllers.ServicesController.Index (AuraCinema.Web)'
2026-05-20 16:30:09.491 +07:00 [INF] Route matched with {area = "Admin", action = "Index", controller = "Services"}. Executing controller action with signature System.Threading.Tasks.Task`1[Microsoft.AspNetCore.Mvc.IActionResult] Index(System.String) on controller AuraCinema.Web.Areas.Admin.Controllers.ServicesController (AuraCinema.Web).
2026-05-20 16:30:09.494 +07:00 [INF] Executed DbCommand (2ms) [Parameters=[], CommandType='"Text"', CommandTimeout='30']
SELECT [s].[ServiceID], [s].[Image], [s].[Price], [s].[ServiceCode], [s].[ServiceName], [s].[Status]
FROM [Services] AS [s]
WHERE [s].[Status] <> N'Ngung kinh doanh'
ORDER BY [s].[ServiceID] DESC
2026-05-20 16:30:09.494 +07:00 [INF] Executing ViewResult, running view Index.
2026-05-20 16:30:09.495 +07:00 [INF] Executed ViewResult - view Index executed in 0.5625ms.
2026-05-20 16:30:09.495 +07:00 [INF] Executed action AuraCinema.Web.Areas.Admin.Controllers.ServicesController.Index (AuraCinema.Web) in 3.274ms
2026-05-20 16:30:09.495 +07:00 [INF] Executed endpoint 'AuraCinema.Web.Areas.Admin.Controllers.ServicesController.Index (AuraCinema.Web)'
2026-05-20 16:30:09.495 +07:00 [INF] Request finished HTTP/1.1 GET http://localhost:5231/Admin/Services - 200 null text/html; charset=utf-8 3.8162ms
2026-05-20 16:30:14.395 +07:00 [INF] Request starting HTTP/1.1 GET http://localhost:5231/Admin/Orders - null null
2026-05-20 16:30:14.395 +07:00 [INF] Executing endpoint 'AuraCinema.Web.Areas.Admin.Controllers.OrdersController.Index (AuraCinema.Web)'
2026-05-20 16:30:14.401 +07:00 [INF] Route matched with {area = "Admin", action = "Index", controller = "Orders"}. Executing controller action with signature System.Threading.Tasks.Task`1[Microsoft.AspNetCore.Mvc.IActionResult] Index(System.Nullable`1[System.DateTime], System.String) on controller AuraCinema.Web.Areas.Admin.Controllers.OrdersController (AuraCinema.Web).
2026-05-20 16:30:14.426 +07:00 [INF] Executed DbCommand (8ms) [Parameters=[], CommandType='"Text"', CommandTimeout='30']
SELECT [o].[OrderID], [o].[FinalAmount], [o].[HoldExpiryTime], [o].[OrderCode], [o].[PayOSTransID], [o].[PromoID], [o].[QrCode], [o].[ShowtimeID], [o].[Status], [o].[TotalAmount], [o].[UserID], [u].[UserID], [u].[Email], [u].[FullName], [u].[OtpCode], [u].[OtpExpiry], [u].[Password], [u].[Phone], [u].[Role], [u].[Status], [u].[UserCode], [s].[ShowtimeID], [s].[EndTime], [s].[MovieID], [s].[RoomID], [s].[ShowtimeCode], [s].[StartTime], [s].[Status], [m].[MovieID], [m].[Actors], [m].[Director], [m].[Duration], [m].[Genre], [m].[MovieCode], [m].[Poster], [m].[ReleaseDate], [m].[Status], [m].[Title], [m].[Trailer]
FROM [Orders] AS [o]
INNER JOIN [Users] AS [u] ON [o].[UserID] = [u].[UserID]
INNER JOIN [Showtimes] AS [s] ON [o].[ShowtimeID] = [s].[ShowtimeID]
INNER JOIN [Movies] AS [m] ON [s].[MovieID] = [m].[MovieID]
ORDER BY [o].[OrderID] DESC
2026-05-20 16:30:14.431 +07:00 [INF] Executing ViewResult, running view Index.
2026-05-20 16:30:14.465 +07:00 [INF] Executed ViewResult - view Index executed in 35.1406ms.
2026-05-20 16:30:14.465 +07:00 [INF] Executed action AuraCinema.Web.Areas.Admin.Controllers.OrdersController.Index (AuraCinema.Web) in 64.6612ms
2026-05-20 16:30:14.466 +07:00 [INF] Executed endpoint 'AuraCinema.Web.Areas.Admin.Controllers.OrdersController.Index (AuraCinema.Web)'
2026-05-20 16:30:14.466 +07:00 [INF] Request finished HTTP/1.1 GET http://localhost:5231/Admin/Orders - 200 null text/html; charset=utf-8 70.8614ms
2026-05-20 16:30:34.487 +07:00 [INF] Request starting HTTP/1.1 GET http://localhost:5231/Admin/Customers - null null
2026-05-20 16:30:34.488 +07:00 [INF] Executing endpoint 'AuraCinema.Web.Areas.Admin.Controllers.CustomersController.Index (AuraCinema.Web)'
2026-05-20 16:30:34.492 +07:00 [INF] Route matched with {area = "Admin", action = "Index", controller = "Customers"}. Executing controller action with signature System.Threading.Tasks.Task`1[Microsoft.AspNetCore.Mvc.IActionResult] Index(System.String) on controller AuraCinema.Web.Areas.Admin.Controllers.CustomersController (AuraCinema.Web).
2026-05-20 16:30:34.504 +07:00 [INF] Executed DbCommand (2ms) [Parameters=[], CommandType='"Text"', CommandTimeout='30']
SELECT [u].[UserID], [u].[Email], [u].[FullName], [u].[OtpCode], [u].[OtpExpiry], [u].[Password], [u].[Phone], [u].[Role], [u].[Status], [u].[UserCode]
FROM [Users] AS [u]
WHERE [u].[Role] IN (N'Customer', N'Khach hang')
ORDER BY [u].[UserID] DESC
2026-05-20 16:30:34.506 +07:00 [INF] Executing ViewResult, running view Index.
2026-05-20 16:30:34.520 +07:00 [INF] Executed ViewResult - view Index executed in 14.9497ms.
2026-05-20 16:30:34.520 +07:00 [INF] Executed action AuraCinema.Web.Areas.Admin.Controllers.CustomersController.Index (AuraCinema.Web) in 28.1498ms
2026-05-20 16:30:34.520 +07:00 [INF] Executed endpoint 'AuraCinema.Web.Areas.Admin.Controllers.CustomersController.Index (AuraCinema.Web)'
2026-05-20 16:30:34.520 +07:00 [INF] Request finished HTTP/1.1 GET http://localhost:5231/Admin/Customers - 200 null text/html; charset=utf-8 32.7388ms
2026-05-20 16:30:36.544 +07:00 [INF] Request starting HTTP/1.1 GET http://localhost:5231/Admin/Customers/OrderHistory/1006 - null null
2026-05-20 16:30:36.544 +07:00 [INF] Executing endpoint 'AuraCinema.Web.Areas.Admin.Controllers.CustomersController.OrderHistory (AuraCinema.Web)'
2026-05-20 16:30:36.553 +07:00 [INF] Route matched with {area = "Admin", action = "OrderHistory", controller = "Customers"}. Executing controller action with signature System.Threading.Tasks.Task`1[Microsoft.AspNetCore.Mvc.IActionResult] OrderHistory(Int32) on controller AuraCinema.Web.Areas.Admin.Controllers.CustomersController (AuraCinema.Web).
2026-05-20 16:30:36.562 +07:00 [INF] Executed DbCommand (1ms) [Parameters=[@__id_0='?' (DbType = Int32)], CommandType='"Text"', CommandTimeout='30']
SELECT TOP(1) [u].[UserID], [u].[Email], [u].[FullName], [u].[OtpCode], [u].[OtpExpiry], [u].[Password], [u].[Phone], [u].[Role], [u].[Status], [u].[UserCode]
FROM [Users] AS [u]
WHERE [u].[UserID] = @__id_0
2026-05-20 16:30:36.587 +07:00 [WRN] Compiling a query which loads related collections for more than one collection navigation, either via 'Include' or through projection, but no 'QuerySplittingBehavior' has been configured. By default, Entity Framework will use 'QuerySplittingBehavior.SingleQuery', which can potentially result in slow query performance. See https://go.microsoft.com/fwlink/?linkid=2134277 for more information. To identify the query that's triggering this warning call 'ConfigureWarnings(w => w.Throw(RelationalEventId.MultipleCollectionIncludeWarning))'.
2026-05-20 16:30:36.612 +07:00 [INF] Executed DbCommand (19ms) [Parameters=[@__id_0='?' (DbType = Int32)], CommandType='"Text"', CommandTimeout='30']
SELECT [o].[OrderID], [o].[FinalAmount], [o].[HoldExpiryTime], [o].[OrderCode], [o].[PayOSTransID], [o].[PromoID], [o].[QrCode], [o].[ShowtimeID], [o].[Status], [o].[TotalAmount], [o].[UserID], [s].[ShowtimeID], [s].[EndTime], [s].[MovieID], [s].[RoomID], [s].[ShowtimeCode], [s].[StartTime], [s].[Status], [m].[MovieID], [m].[Actors], [m].[Director], [m].[Duration], [m].[Genre], [m].[MovieCode], [m].[Poster], [m].[ReleaseDate], [m].[Status], [m].[Title], [m].[Trailer], [r].[RoomID], [r].[Capacity], [r].[RoomCode], [r].[RoomName], [r].[Status], [t].[OrderID], [t].[SeatID], [t].[Price], [t].[Status], [t].[SeatID0], [t].[RoomID], [t].[RowLabel], [t].[SeatCode], [t].[SeatNumber], [t].[SeatType], [t0].[OrderID], [t0].[ServiceID], [t0].[Price], [t0].[Quantity], [t0].[ServiceID0], [t0].[Image], [t0].[Price0], [t0].[ServiceCode], [t0].[ServiceName], [t0].[Status]
FROM [Orders] AS [o]
INNER JOIN [Showtimes] AS [s] ON [o].[ShowtimeID] = [s].[ShowtimeID]
INNER JOIN [Movies] AS [m] ON [s].[MovieID] = [m].[MovieID]
INNER JOIN [Rooms] AS [r] ON [s].[RoomID] = [r].[RoomID]
LEFT JOIN (
    SELECT [o0].[OrderID], [o0].[SeatID], [o0].[Price], [o0].[Status], [s0].[SeatID] AS [SeatID0], [s0].[RoomID], [s0].[RowLabel], [s0].[SeatCode], [s0].[SeatNumber], [s0].[SeatType]
    FROM [OrderSeats] AS [o0]
    INNER JOIN [Seats] AS [s0] ON [o0].[SeatID] = [s0].[SeatID]
) AS [t] ON [o].[OrderID] = [t].[OrderID]
LEFT JOIN (
    SELECT [o1].[OrderID], [o1].[ServiceID], [o1].[Price], [o1].[Quantity], [s1].[ServiceID] AS [ServiceID0], [s1].[Image], [s1].[Price] AS [Price0], [s1].[ServiceCode], [s1].[ServiceName], [s1].[Status]
    FROM [OrderServices] AS [o1]
    INNER JOIN [Services] AS [s1] ON [o1].[ServiceID] = [s1].[ServiceID]
) AS [t0] ON [o].[OrderID] = [t0].[OrderID]
WHERE [o].[UserID] = @__id_0
ORDER BY [o].[OrderID] DESC, [s].[ShowtimeID], [m].[MovieID], [r].[RoomID], [t].[OrderID], [t].[SeatID], [t].[SeatID0], [t0].[OrderID], [t0].[ServiceID]
2026-05-20 16:30:36.614 +07:00 [INF] Executing ViewResult, running view OrderHistory.
2026-05-20 16:30:36.620 +07:00 [INF] Executed ViewResult - view OrderHistory executed in 6.7012ms.
2026-05-20 16:30:36.621 +07:00 [INF] Executed action AuraCinema.Web.Areas.Admin.Controllers.CustomersController.OrderHistory (AuraCinema.Web) in 67.429ms
2026-05-20 16:30:36.621 +07:00 [INF] Executed endpoint 'AuraCinema.Web.Areas.Admin.Controllers.CustomersController.OrderHistory (AuraCinema.Web)'
2026-05-20 16:30:36.621 +07:00 [INF] Request finished HTTP/1.1 GET http://localhost:5231/Admin/Customers/OrderHistory/1006 - 200 null text/html; charset=utf-8 76.8967ms
2026-05-20 16:30:38.670 +07:00 [INF] Request starting HTTP/1.1 GET http://localhost:5231/Admin/Customers - null null
2026-05-20 16:30:38.670 +07:00 [INF] Executing endpoint 'AuraCinema.Web.Areas.Admin.Controllers.CustomersController.Index (AuraCinema.Web)'
2026-05-20 16:30:38.670 +07:00 [INF] Route matched with {area = "Admin", action = "Index", controller = "Customers"}. Executing controller action with signature System.Threading.Tasks.Task`1[Microsoft.AspNetCore.Mvc.IActionResult] Index(System.String) on controller AuraCinema.Web.Areas.Admin.Controllers.CustomersController (AuraCinema.Web).
2026-05-20 16:30:38.672 +07:00 [INF] Executed DbCommand (1ms) [Parameters=[], CommandType='"Text"', CommandTimeout='30']
SELECT [u].[UserID], [u].[Email], [u].[FullName], [u].[OtpCode], [u].[OtpExpiry], [u].[Password], [u].[Phone], [u].[Role], [u].[Status], [u].[UserCode]
FROM [Users] AS [u]
WHERE [u].[Role] IN (N'Customer', N'Khach hang')
ORDER BY [u].[UserID] DESC
2026-05-20 16:30:38.672 +07:00 [INF] Executing ViewResult, running view Index.
2026-05-20 16:30:38.674 +07:00 [INF] Executed ViewResult - view Index executed in 2.4699ms.
2026-05-20 16:30:38.675 +07:00 [INF] Executed action AuraCinema.Web.Areas.Admin.Controllers.CustomersController.Index (AuraCinema.Web) in 4.3691ms
2026-05-20 16:30:38.675 +07:00 [INF] Executed endpoint 'AuraCinema.Web.Areas.Admin.Controllers.CustomersController.Index (AuraCinema.Web)'
2026-05-20 16:30:38.675 +07:00 [INF] Request finished HTTP/1.1 GET http://localhost:5231/Admin/Customers - 200 null text/html; charset=utf-8 5.0323ms
2026-05-20 16:30:41.938 +07:00 [INF] Request starting HTTP/1.1 GET http://localhost:5231/Admin/Customers/OrderHistory/6 - null null
2026-05-20 16:30:41.939 +07:00 [INF] Executing endpoint 'AuraCinema.Web.Areas.Admin.Controllers.CustomersController.OrderHistory (AuraCinema.Web)'
2026-05-20 16:30:41.939 +07:00 [INF] Route matched with {area = "Admin", action = "OrderHistory", controller = "Customers"}. Executing controller action with signature System.Threading.Tasks.Task`1[Microsoft.AspNetCore.Mvc.IActionResult] OrderHistory(Int32) on controller AuraCinema.Web.Areas.Admin.Controllers.CustomersController (AuraCinema.Web).
2026-05-20 16:30:41.941 +07:00 [INF] Executed DbCommand (1ms) [Parameters=[@__id_0='?' (DbType = Int32)], CommandType='"Text"', CommandTimeout='30']
SELECT TOP(1) [u].[UserID], [u].[Email], [u].[FullName], [u].[OtpCode], [u].[OtpExpiry], [u].[Password], [u].[Phone], [u].[Role], [u].[Status], [u].[UserCode]
FROM [Users] AS [u]
WHERE [u].[UserID] = @__id_0
2026-05-20 16:30:41.945 +07:00 [INF] Executed DbCommand (3ms) [Parameters=[@__id_0='?' (DbType = Int32)], CommandType='"Text"', CommandTimeout='30']
SELECT [o].[OrderID], [o].[FinalAmount], [o].[HoldExpiryTime], [o].[OrderCode], [o].[PayOSTransID], [o].[PromoID], [o].[QrCode], [o].[ShowtimeID], [o].[Status], [o].[TotalAmount], [o].[UserID], [s].[ShowtimeID], [s].[EndTime], [s].[MovieID], [s].[RoomID], [s].[ShowtimeCode], [s].[StartTime], [s].[Status], [m].[MovieID], [m].[Actors], [m].[Director], [m].[Duration], [m].[Genre], [m].[MovieCode], [m].[Poster], [m].[ReleaseDate], [m].[Status], [m].[Title], [m].[Trailer], [r].[RoomID], [r].[Capacity], [r].[RoomCode], [r].[RoomName], [r].[Status], [t].[OrderID], [t].[SeatID], [t].[Price], [t].[Status], [t].[SeatID0], [t].[RoomID], [t].[RowLabel], [t].[SeatCode], [t].[SeatNumber], [t].[SeatType], [t0].[OrderID], [t0].[ServiceID], [t0].[Price], [t0].[Quantity], [t0].[ServiceID0], [t0].[Image], [t0].[Price0], [t0].[ServiceCode], [t0].[ServiceName], [t0].[Status]
FROM [Orders] AS [o]
INNER JOIN [Showtimes] AS [s] ON [o].[ShowtimeID] = [s].[ShowtimeID]
INNER JOIN [Movies] AS [m] ON [s].[MovieID] = [m].[MovieID]
INNER JOIN [Rooms] AS [r] ON [s].[RoomID] = [r].[RoomID]
LEFT JOIN (
    SELECT [o0].[OrderID], [o0].[SeatID], [o0].[Price], [o0].[Status], [s0].[SeatID] AS [SeatID0], [s0].[RoomID], [s0].[RowLabel], [s0].[SeatCode], [s0].[SeatNumber], [s0].[SeatType]
    FROM [OrderSeats] AS [o0]
    INNER JOIN [Seats] AS [s0] ON [o0].[SeatID] = [s0].[SeatID]
) AS [t] ON [o].[OrderID] = [t].[OrderID]
LEFT JOIN (
    SELECT [o1].[OrderID], [o1].[ServiceID], [o1].[Price], [o1].[Quantity], [s1].[ServiceID] AS [ServiceID0], [s1].[Image], [s1].[Price] AS [Price0], [s1].[ServiceCode], [s1].[ServiceName], [s1].[Status]
    FROM [OrderServices] AS [o1]
    INNER JOIN [Services] AS [s1] ON [o1].[ServiceID] = [s1].[ServiceID]
) AS [t0] ON [o].[OrderID] = [t0].[OrderID]
WHERE [o].[UserID] = @__id_0
ORDER BY [o].[OrderID] DESC, [s].[ShowtimeID], [m].[MovieID], [r].[RoomID], [t].[OrderID], [t].[SeatID], [t].[SeatID0], [t0].[OrderID], [t0].[ServiceID]
2026-05-20 16:30:41.957 +07:00 [INF] Executing ViewResult, running view OrderHistory.
2026-05-20 16:30:41.961 +07:00 [INF] Executed ViewResult - view OrderHistory executed in 3.9392ms.
2026-05-20 16:30:41.961 +07:00 [INF] Executed action AuraCinema.Web.Areas.Admin.Controllers.CustomersController.OrderHistory (AuraCinema.Web) in 21.6015ms
2026-05-20 16:30:41.961 +07:00 [INF] Executed endpoint 'AuraCinema.Web.Areas.Admin.Controllers.CustomersController.OrderHistory (AuraCinema.Web)'
2026-05-20 16:30:41.961 +07:00 [INF] Request finished HTTP/1.1 GET http://localhost:5231/Admin/Customers/OrderHistory/6 - 200 null text/html; charset=utf-8 23.3728ms
2026-05-20 16:30:48.118 +07:00 [INF] Request starting HTTP/1.1 GET http://localhost:5231/Admin/Customers - null null
2026-05-20 16:30:48.119 +07:00 [INF] Executing endpoint 'AuraCinema.Web.Areas.Admin.Controllers.CustomersController.Index (AuraCinema.Web)'
2026-05-20 16:30:48.119 +07:00 [INF] Route matched with {area = "Admin", action = "Index", controller = "Customers"}. Executing controller action with signature System.Threading.Tasks.Task`1[Microsoft.AspNetCore.Mvc.IActionResult] Index(System.String) on controller AuraCinema.Web.Areas.Admin.Controllers.CustomersController (AuraCinema.Web).
2026-05-20 16:30:48.122 +07:00 [INF] Executed DbCommand (1ms) [Parameters=[], CommandType='"Text"', CommandTimeout='30']
SELECT [u].[UserID], [u].[Email], [u].[FullName], [u].[OtpCode], [u].[OtpExpiry], [u].[Password], [u].[Phone], [u].[Role], [u].[Status], [u].[UserCode]
FROM [Users] AS [u]
WHERE [u].[Role] IN (N'Customer', N'Khach hang')
ORDER BY [u].[UserID] DESC
2026-05-20 16:30:48.123 +07:00 [INF] Executing ViewResult, running view Index.
2026-05-20 16:30:48.125 +07:00 [INF] Executed ViewResult - view Index executed in 2.0656ms.
2026-05-20 16:30:48.125 +07:00 [INF] Executed action AuraCinema.Web.Areas.Admin.Controllers.CustomersController.Index (AuraCinema.Web) in 5.9324ms
2026-05-20 16:30:48.125 +07:00 [INF] Executed endpoint 'AuraCinema.Web.Areas.Admin.Controllers.CustomersController.Index (AuraCinema.Web)'
2026-05-20 16:30:48.125 +07:00 [INF] Request finished HTTP/1.1 GET http://localhost:5231/Admin/Customers - 200 null text/html; charset=utf-8 7.1268ms
2026-05-20 16:30:53.422 +07:00 [INF] Executed DbCommand (4ms) [Parameters=[], CommandType='"Text"', CommandTimeout='30']
SELECT [o].[OrderID], [o].[FinalAmount], [o].[HoldExpiryTime], [o].[OrderCode], [o].[PayOSTransID], [o].[PromoID], [o].[QrCode], [o].[ShowtimeID], [o].[Status], [o].[TotalAmount], [o].[UserID]
FROM [Orders] AS [o]
WHERE [o].[Status] = N'Chờ thanh toán' AND [o].[HoldExpiryTime] <= GETDATE()
2026-05-20 16:30:53.428 +07:00 [INF] Executed DbCommand (4ms) [Parameters=[@__maxSellingDate_0='?' (DbType = DateTime2), @__now_1='?' (DbType = DateTime2)], CommandType='"Text"', CommandTimeout='30']
SELECT [s].[ShowtimeID], [s].[EndTime], [s].[MovieID], [s].[RoomID], [s].[ShowtimeCode], [s].[StartTime], [s].[Status]
FROM [Showtimes] AS [s]
WHERE [s].[Status] IN (N'Đã lên lịch', N'Sap chieu') AND CONVERT(date, [s].[StartTime]) <= @__maxSellingDate_0 AND [s].[StartTime] > @__now_1
2026-05-20 16:30:53.433 +07:00 [INF] Executed DbCommand (5ms) [Parameters=[@__now_0='?' (DbType = DateTime2)], CommandType='"Text"', CommandTimeout='30']
SELECT [s].[ShowtimeID], [s].[EndTime], [s].[MovieID], [s].[RoomID], [s].[ShowtimeCode], [s].[StartTime], [s].[Status]
FROM [Showtimes] AS [s]
WHERE [s].[Status] IN (N'Đã lên lịch', N'Đang mở bán', N'Sap chieu') AND [s].[StartTime] <= @__now_0 AND [s].[EndTime] > @__now_0
2026-05-20 16:30:53.437 +07:00 [INF] Executed DbCommand (3ms) [Parameters=[@__now_0='?' (DbType = DateTime2)], CommandType='"Text"', CommandTimeout='30']
SELECT [s].[ShowtimeID], [s].[EndTime], [s].[MovieID], [s].[RoomID], [s].[ShowtimeCode], [s].[StartTime], [s].[Status]
FROM [Showtimes] AS [s]
WHERE [s].[Status] IN (N'Đã lên lịch', N'Đang mở bán', N'Đang chiếu', N'Sap chieu', N'Dang dien ra') AND [s].[EndTime] <= @__now_0
2026-05-20 16:30:53.889 +07:00 [INF] Request starting HTTP/1.1 GET http://localhost:5231/Admin/Staff - null null
2026-05-20 16:30:53.889 +07:00 [INF] Executing endpoint 'AuraCinema.Web.Areas.Admin.Controllers.StaffController.Index (AuraCinema.Web)'
2026-05-20 16:30:53.893 +07:00 [INF] Route matched with {area = "Admin", action = "Index", controller = "Staff"}. Executing controller action with signature System.Threading.Tasks.Task`1[Microsoft.AspNetCore.Mvc.IActionResult] Index() on controller AuraCinema.Web.Areas.Admin.Controllers.StaffController (AuraCinema.Web).
2026-05-20 16:30:53.902 +07:00 [INF] Executed DbCommand (2ms) [Parameters=[], CommandType='"Text"', CommandTimeout='30']
SELECT [u].[UserID], [u].[Email], [u].[FullName], [u].[OtpCode], [u].[OtpExpiry], [u].[Password], [u].[Phone], [u].[Role], [u].[Status], [u].[UserCode]
FROM [Users] AS [u]
WHERE [u].[Role] = N'Staff'
ORDER BY [u].[UserID] DESC
2026-05-20 16:30:53.904 +07:00 [INF] Executing ViewResult, running view Index.
2026-05-20 16:30:53.909 +07:00 [INF] Executed ViewResult - view Index executed in 5.2784ms.
2026-05-20 16:30:53.909 +07:00 [INF] Executed action AuraCinema.Web.Areas.Admin.Controllers.StaffController.Index (AuraCinema.Web) in 15.6827ms
2026-05-20 16:30:53.909 +07:00 [INF] Executed endpoint 'AuraCinema.Web.Areas.Admin.Controllers.StaffController.Index (AuraCinema.Web)'
2026-05-20 16:30:53.909 +07:00 [INF] Request finished HTTP/1.1 GET http://localhost:5231/Admin/Staff - 200 null text/html; charset=utf-8 19.9571ms
2026-05-20 16:30:57.215 +07:00 [INF] Request starting HTTP/1.1 GET http://localhost:5231/Admin - null null
2026-05-20 16:30:57.216 +07:00 [INF] Executing endpoint 'AuraCinema.Web.Areas.Admin.Controllers.DashboardController.Index (AuraCinema.Web)'
2026-05-20 16:30:57.216 +07:00 [INF] Route matched with {area = "Admin", action = "Index", controller = "Dashboard"}. Executing controller action with signature System.Threading.Tasks.Task`1[Microsoft.AspNetCore.Mvc.IActionResult] Index() on controller AuraCinema.Web.Areas.Admin.Controllers.DashboardController (AuraCinema.Web).
2026-05-20 16:30:57.224 +07:00 [INF] Executed DbCommand (7ms) [Parameters=[], CommandType='"Text"', CommandTimeout='30']
SELECT [o].[OrderID], [o].[FinalAmount], [o].[HoldExpiryTime], [o].[OrderCode], [o].[PayOSTransID], [o].[PromoID], [o].[QrCode], [o].[ShowtimeID], [o].[Status], [o].[TotalAmount], [o].[UserID], [s].[ShowtimeID], [m].[MovieID], [o0].[OrderID], [o0].[SeatID], [o0].[Price], [o0].[Status], [s].[EndTime], [s].[MovieID], [s].[RoomID], [s].[ShowtimeCode], [s].[StartTime], [s].[Status], [m].[Actors], [m].[Director], [m].[Duration], [m].[Genre], [m].[MovieCode], [m].[Poster], [m].[ReleaseDate], [m].[Status], [m].[Title], [m].[Trailer]
FROM [Orders] AS [o]
INNER JOIN [Showtimes] AS [s] ON [o].[ShowtimeID] = [s].[ShowtimeID]
INNER JOIN [Movies] AS [m] ON [s].[MovieID] = [m].[MovieID]
LEFT JOIN [OrderSeats] AS [o0] ON [o].[OrderID] = [o0].[OrderID]
WHERE [o].[Status] IN (N'Da thanh toan', N'Da su dung', N'Đã thanh toán', N'Đã sử dụng')
ORDER BY [o].[OrderID], [s].[ShowtimeID], [m].[MovieID], [o0].[OrderID]
2026-05-20 16:30:57.227 +07:00 [INF] Executed DbCommand (1ms) [Parameters=[], CommandType='"Text"', CommandTimeout='30']
SELECT COUNT(*)
FROM [Seats] AS [s]
2026-05-20 16:30:57.230 +07:00 [INF] Executed DbCommand (2ms) [Parameters=[@__AddDays_0='?' (DbType = DateTime2), @__AddDays_1='?' (DbType = DateTime2)], CommandType='"Text"', CommandTimeout='30']
SELECT COUNT(*)
FROM [Showtimes] AS [s]
WHERE [s].[StartTime] > @__AddDays_0 AND [s].[StartTime] < @__AddDays_1
2026-05-20 16:30:57.231 +07:00 [INF] Executing ViewResult, running view Index.
2026-05-20 16:30:57.233 +07:00 [INF] Executed ViewResult - view Index executed in 2.2267ms.
2026-05-20 16:30:57.233 +07:00 [INF] Executed action AuraCinema.Web.Areas.Admin.Controllers.DashboardController.Index (AuraCinema.Web) in 16.8118ms
2026-05-20 16:30:57.233 +07:00 [INF] Executed endpoint 'AuraCinema.Web.Areas.Admin.Controllers.DashboardController.Index (AuraCinema.Web)'
2026-05-20 16:30:57.233 +07:00 [INF] Request finished HTTP/1.1 GET http://localhost:5231/Admin - 200 null text/html; charset=utf-8 17.3659ms
2026-05-20 19:29:00.637 +07:00 [INF] Executed DbCommand (29ms) [Parameters=[], CommandType='"Text"', CommandTimeout='30']
SELECT 1
2026-05-20 19:29:00.718 +07:00 [INF] Executed DbCommand (24ms) [Parameters=[], CommandType='"Text"', CommandTimeout='30']
SELECT OBJECT_ID(N'[__EFMigrationsHistory]');
2026-05-20 19:29:00.721 +07:00 [INF] Executed DbCommand (1ms) [Parameters=[], CommandType='"Text"', CommandTimeout='30']
SELECT 1
2026-05-20 19:29:00.723 +07:00 [INF] Executed DbCommand (1ms) [Parameters=[], CommandType='"Text"', CommandTimeout='30']
SELECT OBJECT_ID(N'[__EFMigrationsHistory]');
2026-05-20 19:29:00.741 +07:00 [INF] Executed DbCommand (4ms) [Parameters=[], CommandType='"Text"', CommandTimeout='30']
SELECT [MigrationId], [ProductVersion]
FROM [__EFMigrationsHistory]
ORDER BY [MigrationId];
2026-05-20 19:29:00.759 +07:00 [INF] No migrations were applied. The database is already up to date.
2026-05-20 19:29:00.990 +07:00 [INF] Executed DbCommand (4ms) [Parameters=[], CommandType='"Text"', CommandTimeout='30']
SELECT CASE
    WHEN EXISTS (
        SELECT 1
        FROM [Users] AS [u]
        WHERE [u].[Email] = N'admin@auracinema.vn') THEN CAST(1 AS bit)
    ELSE CAST(0 AS bit)
END
2026-05-20 19:29:01.000 +07:00 [INF] Executed DbCommand (3ms) [Parameters=[], CommandType='"Text"', CommandTimeout='30']
SELECT CASE
    WHEN EXISTS (
        SELECT 1
        FROM [Users] AS [u]
        WHERE [u].[Email] = N'staff@auracinema.vn') THEN CAST(1 AS bit)
    ELSE CAST(0 AS bit)
END
2026-05-20 19:29:01.005 +07:00 [INF] Executed DbCommand (1ms) [Parameters=[], CommandType='"Text"', CommandTimeout='30']
SELECT CASE
    WHEN EXISTS (
        SELECT 1
        FROM [Users] AS [u]
        WHERE [u].[Email] = N'customer@gmail.com') THEN CAST(1 AS bit)
    ELSE CAST(0 AS bit)
END
2026-05-20 19:29:01.074 +07:00 [INF] Executed DbCommand (2ms) [Parameters=[], CommandType='"Text"', CommandTimeout='30']
SELECT [u].[UserID], [u].[Email], [u].[FullName], [u].[OtpCode], [u].[OtpExpiry], [u].[Password], [u].[Phone], [u].[Role], [u].[Status], [u].[UserCode]
FROM [Users] AS [u]
WHERE [u].[UserCode] LIKE N''
2026-05-20 19:29:01.080 +07:00 [INF] Executed DbCommand (2ms) [Parameters=[], CommandType='"Text"', CommandTimeout='30']
SELECT CASE
    WHEN EXISTS (
        SELECT 1
        FROM [Rooms] AS [r]) THEN CAST(1 AS bit)
    ELSE CAST(0 AS bit)
END
2026-05-20 19:29:01.086 +07:00 [INF] Executed DbCommand (3ms) [Parameters=[], CommandType='"Text"', CommandTimeout='30']
SELECT CASE
    WHEN EXISTS (
        SELECT 1
        FROM [PriceConfigs] AS [p]) THEN CAST(1 AS bit)
    ELSE CAST(0 AS bit)
END
2026-05-20 19:29:01.092 +07:00 [INF] Executed DbCommand (3ms) [Parameters=[], CommandType='"Text"', CommandTimeout='30']
SELECT CASE
    WHEN EXISTS (
        SELECT 1
        FROM [Movies] AS [m]) THEN CAST(1 AS bit)
    ELSE CAST(0 AS bit)
END
2026-05-20 19:29:01.097 +07:00 [INF] Executed DbCommand (2ms) [Parameters=[], CommandType='"Text"', CommandTimeout='30']
SELECT CASE
    WHEN EXISTS (
        SELECT 1
        FROM [Services] AS [s]) THEN CAST(1 AS bit)
    ELSE CAST(0 AS bit)
END
2026-05-20 19:29:01.102 +07:00 [INF] Executed DbCommand (2ms) [Parameters=[], CommandType='"Text"', CommandTimeout='30']
SELECT CASE
    WHEN EXISTS (
        SELECT 1
        FROM [Promotions] AS [p]) THEN CAST(1 AS bit)
    ELSE CAST(0 AS bit)
END
2026-05-20 19:29:01.107 +07:00 [INF] Executed DbCommand (2ms) [Parameters=[], CommandType='"Text"', CommandTimeout='30']
SELECT CASE
    WHEN EXISTS (
        SELECT 1
        FROM [Showtimes] AS [s]) THEN CAST(1 AS bit)
    ELSE CAST(0 AS bit)
END
2026-05-20 19:29:01.122 +07:00 [INF] Executed DbCommand (4ms) [Parameters=[], CommandType='"Text"', CommandTimeout='30']
SELECT CASE
    WHEN EXISTS (
        SELECT 1
        FROM [Orders] AS [o]
        WHERE [o].[Status] IN (N'Da thanh toan', N'Đã thanh toán')) THEN CAST(1 AS bit)
    ELSE CAST(0 AS bit)
END
2026-05-20 19:29:01.600 +07:00 [INF] User profile is available. Using 'C:\Users\lqhie\AppData\Local\ASP.NET\DataProtection-Keys' as key repository and Windows DPAPI to encrypt keys at rest.
2026-05-20 19:29:01.635 +07:00 [INF] Booking Cleanup Service is starting.
2026-05-20 19:29:01.659 +07:00 [INF] Executed DbCommand (3ms) [Parameters=[], CommandType='"Text"', CommandTimeout='30']
SELECT [o].[OrderID], [o].[FinalAmount], [o].[HoldExpiryTime], [o].[OrderCode], [o].[PayOSTransID], [o].[PromoID], [o].[QrCode], [o].[ShowtimeID], [o].[Status], [o].[TotalAmount], [o].[UserID]
FROM [Orders] AS [o]
WHERE [o].[Status] = N'Chờ thanh toán' AND [o].[HoldExpiryTime] <= GETDATE()
2026-05-20 19:29:01.705 +07:00 [INF] Now listening on: http://localhost:5231
2026-05-20 19:29:01.705 +07:00 [INF] Application started. Press Ctrl+C to shut down.
2026-05-20 19:29:01.706 +07:00 [INF] Hosting environment: Development
2026-05-20 19:29:01.706 +07:00 [INF] Content root path: D:\AURACINEMA\AuraCinema.Web
2026-05-20 19:29:01.826 +07:00 [INF] Executed DbCommand (103ms) [Parameters=[@__maxSellingDate_0='?' (DbType = DateTime2), @__now_1='?' (DbType = DateTime2)], CommandType='"Text"', CommandTimeout='30']
SELECT [s].[ShowtimeID], [s].[EndTime], [s].[MovieID], [s].[RoomID], [s].[ShowtimeCode], [s].[StartTime], [s].[Status]
FROM [Showtimes] AS [s]
WHERE [s].[Status] IN (N'Đã lên lịch', N'Sap chieu') AND CONVERT(date, [s].[StartTime]) <= @__maxSellingDate_0 AND [s].[StartTime] > @__now_1
2026-05-20 19:29:01.832 +07:00 [INF] Executed DbCommand (2ms) [Parameters=[@__now_0='?' (DbType = DateTime2)], CommandType='"Text"', CommandTimeout='30']
SELECT [s].[ShowtimeID], [s].[EndTime], [s].[MovieID], [s].[RoomID], [s].[ShowtimeCode], [s].[StartTime], [s].[Status]
FROM [Showtimes] AS [s]
WHERE [s].[Status] IN (N'Đã lên lịch', N'Đang mở bán', N'Sap chieu') AND [s].[StartTime] <= @__now_0 AND [s].[EndTime] > @__now_0
2026-05-20 19:29:01.838 +07:00 [INF] Executed DbCommand (2ms) [Parameters=[@__now_0='?' (DbType = DateTime2)], CommandType='"Text"', CommandTimeout='30']
SELECT [s].[ShowtimeID], [s].[EndTime], [s].[MovieID], [s].[RoomID], [s].[ShowtimeCode], [s].[StartTime], [s].[Status]
FROM [Showtimes] AS [s]
WHERE [s].[Status] IN (N'Đã lên lịch', N'Đang mở bán', N'Đang chiếu', N'Sap chieu', N'Dang dien ra') AND [s].[EndTime] <= @__now_0
2026-05-20 19:30:01.851 +07:00 [INF] Executed DbCommand (1ms) [Parameters=[], CommandType='"Text"', CommandTimeout='30']
SELECT [o].[OrderID], [o].[FinalAmount], [o].[HoldExpiryTime], [o].[OrderCode], [o].[PayOSTransID], [o].[PromoID], [o].[QrCode], [o].[ShowtimeID], [o].[Status], [o].[TotalAmount], [o].[UserID]
FROM [Orders] AS [o]
WHERE [o].[Status] = N'Chờ thanh toán' AND [o].[HoldExpiryTime] <= GETDATE()
2026-05-20 19:30:01.854 +07:00 [INF] Executed DbCommand (1ms) [Parameters=[@__maxSellingDate_0='?' (DbType = DateTime2), @__now_1='?' (DbType = DateTime2)], CommandType='"Text"', CommandTimeout='30']
SELECT [s].[ShowtimeID], [s].[EndTime], [s].[MovieID], [s].[RoomID], [s].[ShowtimeCode], [s].[StartTime], [s].[Status]
FROM [Showtimes] AS [s]
WHERE [s].[Status] IN (N'Đã lên lịch', N'Sap chieu') AND CONVERT(date, [s].[StartTime]) <= @__maxSellingDate_0 AND [s].[StartTime] > @__now_1
2026-05-20 19:30:01.856 +07:00 [INF] Executed DbCommand (1ms) [Parameters=[@__now_0='?' (DbType = DateTime2)], CommandType='"Text"', CommandTimeout='30']
SELECT [s].[ShowtimeID], [s].[EndTime], [s].[MovieID], [s].[RoomID], [s].[ShowtimeCode], [s].[StartTime], [s].[Status]
FROM [Showtimes] AS [s]
WHERE [s].[Status] IN (N'Đã lên lịch', N'Đang mở bán', N'Sap chieu') AND [s].[StartTime] <= @__now_0 AND [s].[EndTime] > @__now_0
2026-05-20 19:30:01.857 +07:00 [INF] Executed DbCommand (1ms) [Parameters=[@__now_0='?' (DbType = DateTime2)], CommandType='"Text"', CommandTimeout='30']
SELECT [s].[ShowtimeID], [s].[EndTime], [s].[MovieID], [s].[RoomID], [s].[ShowtimeCode], [s].[StartTime], [s].[Status]
FROM [Showtimes] AS [s]
WHERE [s].[Status] IN (N'Đã lên lịch', N'Đang mở bán', N'Đang chiếu', N'Sap chieu', N'Dang dien ra') AND [s].[EndTime] <= @__now_0
2026-05-20 19:31:01.865 +07:00 [INF] Executed DbCommand (1ms) [Parameters=[], CommandType='"Text"', CommandTimeout='30']
SELECT [o].[OrderID], [o].[FinalAmount], [o].[HoldExpiryTime], [o].[OrderCode], [o].[PayOSTransID], [o].[PromoID], [o].[QrCode], [o].[ShowtimeID], [o].[Status], [o].[TotalAmount], [o].[UserID]
FROM [Orders] AS [o]
WHERE [o].[Status] = N'Chờ thanh toán' AND [o].[HoldExpiryTime] <= GETDATE()
2026-05-20 19:31:01.867 +07:00 [INF] Executed DbCommand (1ms) [Parameters=[@__maxSellingDate_0='?' (DbType = DateTime2), @__now_1='?' (DbType = DateTime2)], CommandType='"Text"', CommandTimeout='30']
SELECT [s].[ShowtimeID], [s].[EndTime], [s].[MovieID], [s].[RoomID], [s].[ShowtimeCode], [s].[StartTime], [s].[Status]
FROM [Showtimes] AS [s]
WHERE [s].[Status] IN (N'Đã lên lịch', N'Sap chieu') AND CONVERT(date, [s].[StartTime]) <= @__maxSellingDate_0 AND [s].[StartTime] > @__now_1
2026-05-20 19:31:01.868 +07:00 [INF] Executed DbCommand (0ms) [Parameters=[@__now_0='?' (DbType = DateTime2)], CommandType='"Text"', CommandTimeout='30']
SELECT [s].[ShowtimeID], [s].[EndTime], [s].[MovieID], [s].[RoomID], [s].[ShowtimeCode], [s].[StartTime], [s].[Status]
FROM [Showtimes] AS [s]
WHERE [s].[Status] IN (N'Đã lên lịch', N'Đang mở bán', N'Sap chieu') AND [s].[StartTime] <= @__now_0 AND [s].[EndTime] > @__now_0
2026-05-20 19:31:01.870 +07:00 [INF] Executed DbCommand (1ms) [Parameters=[@__now_0='?' (DbType = DateTime2)], CommandType='"Text"', CommandTimeout='30']
SELECT [s].[ShowtimeID], [s].[EndTime], [s].[MovieID], [s].[RoomID], [s].[ShowtimeCode], [s].[StartTime], [s].[Status]
FROM [Showtimes] AS [s]
WHERE [s].[Status] IN (N'Đã lên lịch', N'Đang mở bán', N'Đang chiếu', N'Sap chieu', N'Dang dien ra') AND [s].[EndTime] <= @__now_0
2026-05-20 19:31:54.763 +07:00 [INF] Request starting HTTP/1.1 GET http://localhost:5231/ - null null
2026-05-20 19:31:54.768 +07:00 [WRN] Failed to determine the https port for redirect.
2026-05-20 19:31:54.822 +07:00 [INF] Executing endpoint 'AuraCinema.Web.Controllers.HomeController.Index (AuraCinema.Web)'
2026-05-20 19:31:54.843 +07:00 [INF] Route matched with {action = "Index", controller = "Home", area = ""}. Executing controller action with signature System.Threading.Tasks.Task`1[Microsoft.AspNetCore.Mvc.IActionResult] Index() on controller AuraCinema.Web.Controllers.HomeController (AuraCinema.Web).
2026-05-20 19:31:54.874 +07:00 [INF] Executed DbCommand (3ms) [Parameters=[], CommandType='"Text"', CommandTimeout='30']
SELECT [m].[MovieID], [m].[Title], [m].[Genre], [m].[Poster], [m].[Duration], [m].[Status], [m].[ReleaseDate], [m].[Director]
FROM [Movies] AS [m]
WHERE [m].[Status] IN (N'Dang chieu', N'Sap chieu')
ORDER BY [m].[ReleaseDate] DESC
2026-05-20 19:31:54.900 +07:00 [INF] Executing ViewResult, running view Index.
2026-05-20 19:31:55.055 +07:00 [INF] Executed ViewResult - view Index executed in 157.1751ms.
2026-05-20 19:31:55.063 +07:00 [INF] Executed action AuraCinema.Web.Controllers.HomeController.Index (AuraCinema.Web) in 218.6466ms
2026-05-20 19:31:55.064 +07:00 [INF] Executed endpoint 'AuraCinema.Web.Controllers.HomeController.Index (AuraCinema.Web)'
2026-05-20 19:31:55.073 +07:00 [INF] Request finished HTTP/1.1 GET http://localhost:5231/ - 200 null text/html; charset=utf-8 312.4493ms
2026-05-20 19:31:55.078 +07:00 [INF] Request starting HTTP/1.1 GET http://localhost:5231/css/chatbot.css?v=r2u6L0FAOMDC4s9aPw1MZX42JGlCVETX6XZ-jz-lAOo - null null
2026-05-20 19:31:55.093 +07:00 [INF] Request starting HTTP/1.1 GET http://localhost:5231/js/chatbot.js?v=8SI7bVlT6PU6wvsevg8vnDYC-FsacmaWRIf4XPwosNE - null null
2026-05-20 19:31:55.096 +07:00 [INF] Sending file. Request path: '/js/chatbot.js'. Physical path: 'D:\AURACINEMA\AuraCinema.Web\wwwroot\js\chatbot.js'
2026-05-20 19:31:55.096 +07:00 [INF] Sending file. Request path: '/css/chatbot.css'. Physical path: 'D:\AURACINEMA\AuraCinema.Web\wwwroot\css\chatbot.css'
2026-05-20 19:31:55.096 +07:00 [INF] Request finished HTTP/1.1 GET http://localhost:5231/css/chatbot.css?v=r2u6L0FAOMDC4s9aPw1MZX42JGlCVETX6XZ-jz-lAOo - 200 8891 text/css 18.6867ms
2026-05-20 19:31:55.096 +07:00 [INF] Request finished HTTP/1.1 GET http://localhost:5231/js/chatbot.js?v=8SI7bVlT6PU6wvsevg8vnDYC-FsacmaWRIf4XPwosNE - 200 12004 text/javascript 3.6874ms
2026-05-20 19:32:01.867 +07:00 [INF] Executed DbCommand (1ms) [Parameters=[], CommandType='"Text"', CommandTimeout='30']
SELECT [o].[OrderID], [o].[FinalAmount], [o].[HoldExpiryTime], [o].[OrderCode], [o].[PayOSTransID], [o].[PromoID], [o].[QrCode], [o].[ShowtimeID], [o].[Status], [o].[TotalAmount], [o].[UserID]
FROM [Orders] AS [o]
WHERE [o].[Status] = N'Chờ thanh toán' AND [o].[HoldExpiryTime] <= GETDATE()
2026-05-20 19:32:01.871 +07:00 [INF] Executed DbCommand (1ms) [Parameters=[@__maxSellingDate_0='?' (DbType = DateTime2), @__now_1='?' (DbType = DateTime2)], CommandType='"Text"', CommandTimeout='30']
SELECT [s].[ShowtimeID], [s].[EndTime], [s].[MovieID], [s].[RoomID], [s].[ShowtimeCode], [s].[StartTime], [s].[Status]
FROM [Showtimes] AS [s]
WHERE [s].[Status] IN (N'Đã lên lịch', N'Sap chieu') AND CONVERT(date, [s].[StartTime]) <= @__maxSellingDate_0 AND [s].[StartTime] > @__now_1
2026-05-20 19:32:01.873 +07:00 [INF] Executed DbCommand (1ms) [Parameters=[@__now_0='?' (DbType = DateTime2)], CommandType='"Text"', CommandTimeout='30']
SELECT [s].[ShowtimeID], [s].[EndTime], [s].[MovieID], [s].[RoomID], [s].[ShowtimeCode], [s].[StartTime], [s].[Status]
FROM [Showtimes] AS [s]
WHERE [s].[Status] IN (N'Đã lên lịch', N'Đang mở bán', N'Sap chieu') AND [s].[StartTime] <= @__now_0 AND [s].[EndTime] > @__now_0
2026-05-20 19:32:01.875 +07:00 [INF] Executed DbCommand (0ms) [Parameters=[@__now_0='?' (DbType = DateTime2)], CommandType='"Text"', CommandTimeout='30']
SELECT [s].[ShowtimeID], [s].[EndTime], [s].[MovieID], [s].[RoomID], [s].[ShowtimeCode], [s].[StartTime], [s].[Status]
FROM [Showtimes] AS [s]
WHERE [s].[Status] IN (N'Đã lên lịch', N'Đang mở bán', N'Đang chiếu', N'Sap chieu', N'Dang dien ra') AND [s].[EndTime] <= @__now_0
2026-05-20 19:32:02.936 +07:00 [INF] Request starting HTTP/1.1 POST http://localhost:5231/api/chatbot/message - application/json 81
2026-05-20 19:32:02.940 +07:00 [INF] Executing endpoint 'AuraCinema.Web.Controllers.ChatbotController.ProcessMessage (AuraCinema.Web)'
2026-05-20 19:32:02.949 +07:00 [INF] Route matched with {action = "ProcessMessage", controller = "Chatbot", area = ""}. Executing controller action with signature System.Threading.Tasks.Task`1[Microsoft.AspNetCore.Mvc.IActionResult] ProcessMessage(AuraCinema.Domain.Models.Chat.ChatRequest) on controller AuraCinema.Web.Controllers.ChatbotController (AuraCinema.Web).
2026-05-20 19:32:03.069 +07:00 [INF] Start processing HTTP request POST https://generativelanguage.googleapis.com/v1beta/models/gemini-2.5-flash:generateContent?*
2026-05-20 19:32:03.074 +07:00 [INF] Sending HTTP request POST https://generativelanguage.googleapis.com/v1beta/models/gemini-2.5-flash:generateContent?*
2026-05-20 19:32:03.376 +07:00 [INF] Received HTTP response headers after 299.0584ms - 400
2026-05-20 19:32:03.377 +07:00 [INF] End processing HTTP request after 311.2318ms - 400
2026-05-20 19:32:03.380 +07:00 [ERR] Gemini API error: "BadRequest" - {
  "error": {
    "code": 400,
    "message": "API key not valid. Please pass a valid API key.",
    "status": "INVALID_ARGUMENT",
    "details": [
      {
        "@type": "type.googleapis.com/google.rpc.ErrorInfo",
        "reason": "API_KEY_INVALID",
        "domain": "googleapis.com",
        "metadata": {
          "service": "generativelanguage.googleapis.com"
        }
      },
      {
        "@type": "type.googleapis.com/google.rpc.LocalizedMessage",
        "locale": "en-US",
        "message": "API key not valid. Please pass a valid API key."
      }
    ]
  }
}

2026-05-20 19:32:03.383 +07:00 [INF] Executing OkObjectResult, writing value of type 'AuraCinema.Domain.Models.Chat.ChatResponse'.
2026-05-20 19:32:03.397 +07:00 [INF] Executed action AuraCinema.Web.Controllers.ChatbotController.ProcessMessage (AuraCinema.Web) in 448.4052ms
2026-05-20 19:32:03.398 +07:00 [INF] Executed endpoint 'AuraCinema.Web.Controllers.ChatbotController.ProcessMessage (AuraCinema.Web)'
2026-05-20 19:32:03.398 +07:00 [INF] Request finished HTTP/1.1 POST http://localhost:5231/api/chatbot/message - 200 null application/json; charset=utf-8 462.0631ms
2026-05-20 19:32:06.398 +07:00 [INF] Request starting HTTP/1.1 POST http://localhost:5231/api/chatbot/message - application/json 249
2026-05-20 19:32:06.403 +07:00 [INF] Executing endpoint 'AuraCinema.Web.Controllers.ChatbotController.ProcessMessage (AuraCinema.Web)'
2026-05-20 19:32:06.404 +07:00 [INF] Route matched with {action = "ProcessMessage", controller = "Chatbot", area = ""}. Executing controller action with signature System.Threading.Tasks.Task`1[Microsoft.AspNetCore.Mvc.IActionResult] ProcessMessage(AuraCinema.Domain.Models.Chat.ChatRequest) on controller AuraCinema.Web.Controllers.ChatbotController (AuraCinema.Web).
2026-05-20 19:32:06.407 +07:00 [INF] Start processing HTTP request POST https://generativelanguage.googleapis.com/v1beta/models/gemini-2.5-flash:generateContent?*
2026-05-20 19:32:06.408 +07:00 [INF] Sending HTTP request POST https://generativelanguage.googleapis.com/v1beta/models/gemini-2.5-flash:generateContent?*
2026-05-20 19:32:06.463 +07:00 [INF] Received HTTP response headers after 54.7881ms - 400
2026-05-20 19:32:06.463 +07:00 [INF] End processing HTTP request after 55.3166ms - 400
2026-05-20 19:32:06.478 +07:00 [ERR] Gemini API error: "BadRequest" - {
  "error": {
    "code": 400,
    "message": "API key not valid. Please pass a valid API key.",
    "status": "INVALID_ARGUMENT",
    "details": [
      {
        "@type": "type.googleapis.com/google.rpc.ErrorInfo",
        "reason": "API_KEY_INVALID",
        "domain": "googleapis.com",
        "metadata": {
          "service": "generativelanguage.googleapis.com"
        }
      },
      {
        "@type": "type.googleapis.com/google.rpc.LocalizedMessage",
        "locale": "en-US",
        "message": "API key not valid. Please pass a valid API key."
      }
    ]
  }
}

2026-05-20 19:32:06.479 +07:00 [INF] Executing OkObjectResult, writing value of type 'AuraCinema.Domain.Models.Chat.ChatResponse'.
2026-05-20 19:32:06.479 +07:00 [INF] Executed action AuraCinema.Web.Controllers.ChatbotController.ProcessMessage (AuraCinema.Web) in 75.7382ms
2026-05-20 19:32:06.480 +07:00 [INF] Executed endpoint 'AuraCinema.Web.Controllers.ChatbotController.ProcessMessage (AuraCinema.Web)'
2026-05-20 19:32:06.480 +07:00 [INF] Request finished HTTP/1.1 POST http://localhost:5231/api/chatbot/message - 200 null application/json; charset=utf-8 82.1918ms
2026-05-20 19:32:08.128 +07:00 [INF] Request starting HTTP/1.1 POST http://localhost:5231/api/chatbot/message - application/json 422
2026-05-20 19:32:08.128 +07:00 [INF] Executing endpoint 'AuraCinema.Web.Controllers.ChatbotController.ProcessMessage (AuraCinema.Web)'
2026-05-20 19:32:08.129 +07:00 [INF] Route matched with {action = "ProcessMessage", controller = "Chatbot", area = ""}. Executing controller action with signature System.Threading.Tasks.Task`1[Microsoft.AspNetCore.Mvc.IActionResult] ProcessMessage(AuraCinema.Domain.Models.Chat.ChatRequest) on controller AuraCinema.Web.Controllers.ChatbotController (AuraCinema.Web).
2026-05-20 19:32:08.134 +07:00 [INF] Start processing HTTP request POST https://generativelanguage.googleapis.com/v1beta/models/gemini-2.5-flash:generateContent?*
2026-05-20 19:32:08.134 +07:00 [INF] Sending HTTP request POST https://generativelanguage.googleapis.com/v1beta/models/gemini-2.5-flash:generateContent?*
2026-05-20 19:32:08.190 +07:00 [INF] Received HTTP response headers after 56.1262ms - 400
2026-05-20 19:32:08.190 +07:00 [INF] End processing HTTP request after 56.638ms - 400
2026-05-20 19:32:08.190 +07:00 [ERR] Gemini API error: "BadRequest" - {
  "error": {
    "code": 400,
    "message": "API key not valid. Please pass a valid API key.",
    "status": "INVALID_ARGUMENT",
    "details": [
      {
        "@type": "type.googleapis.com/google.rpc.ErrorInfo",
        "reason": "API_KEY_INVALID",
        "domain": "googleapis.com",
        "metadata": {
          "service": "generativelanguage.googleapis.com"
        }
      },
      {
        "@type": "type.googleapis.com/google.rpc.LocalizedMessage",
        "locale": "en-US",
        "message": "API key not valid. Please pass a valid API key."
      }
    ]
  }
}

2026-05-20 19:32:08.190 +07:00 [INF] Executing OkObjectResult, writing value of type 'AuraCinema.Domain.Models.Chat.ChatResponse'.
2026-05-20 19:32:08.191 +07:00 [INF] Executed action AuraCinema.Web.Controllers.ChatbotController.ProcessMessage (AuraCinema.Web) in 61.9909ms
2026-05-20 19:32:08.191 +07:00 [INF] Executed endpoint 'AuraCinema.Web.Controllers.ChatbotController.ProcessMessage (AuraCinema.Web)'
2026-05-20 19:32:08.191 +07:00 [INF] Request finished HTTP/1.1 POST http://localhost:5231/api/chatbot/message - 200 null application/json; charset=utf-8 63.1764ms
2026-05-20 19:32:09.996 +07:00 [INF] Request starting HTTP/1.1 POST http://localhost:5231/api/chatbot/message - application/json 564
2026-05-20 19:32:09.996 +07:00 [INF] Executing endpoint 'AuraCinema.Web.Controllers.ChatbotController.ProcessMessage (AuraCinema.Web)'
2026-05-20 19:32:09.996 +07:00 [INF] Route matched with {action = "ProcessMessage", controller = "Chatbot", area = ""}. Executing controller action with signature System.Threading.Tasks.Task`1[Microsoft.AspNetCore.Mvc.IActionResult] ProcessMessage(AuraCinema.Domain.Models.Chat.ChatRequest) on controller AuraCinema.Web.Controllers.ChatbotController (AuraCinema.Web).
2026-05-20 19:32:09.998 +07:00 [INF] Start processing HTTP request POST https://generativelanguage.googleapis.com/v1beta/models/gemini-2.5-flash:generateContent?*
2026-05-20 19:32:09.999 +07:00 [INF] Sending HTTP request POST https://generativelanguage.googleapis.com/v1beta/models/gemini-2.5-flash:generateContent?*
2026-05-20 19:32:10.056 +07:00 [INF] Received HTTP response headers after 57.7497ms - 400
2026-05-20 19:32:10.057 +07:00 [INF] End processing HTTP request after 58.2538ms - 400
2026-05-20 19:32:10.059 +07:00 [ERR] Gemini API error: "BadRequest" - {
  "error": {
    "code": 400,
    "message": "API key not valid. Please pass a valid API key.",
    "status": "INVALID_ARGUMENT",
    "details": [
      {
        "@type": "type.googleapis.com/google.rpc.ErrorInfo",
        "reason": "API_KEY_INVALID",
        "domain": "googleapis.com",
        "metadata": {
          "service": "generativelanguage.googleapis.com"
        }
      },
      {
        "@type": "type.googleapis.com/google.rpc.LocalizedMessage",
        "locale": "en-US",
        "message": "API key not valid. Please pass a valid API key."
      }
    ]
  }
}

2026-05-20 19:32:10.059 +07:00 [INF] Executing OkObjectResult, writing value of type 'AuraCinema.Domain.Models.Chat.ChatResponse'.
2026-05-20 19:32:10.059 +07:00 [INF] Executed action AuraCinema.Web.Controllers.ChatbotController.ProcessMessage (AuraCinema.Web) in 62.893ms
2026-05-20 19:32:10.059 +07:00 [INF] Executed endpoint 'AuraCinema.Web.Controllers.ChatbotController.ProcessMessage (AuraCinema.Web)'
2026-05-20 19:32:10.059 +07:00 [INF] Request finished HTTP/1.1 POST http://localhost:5231/api/chatbot/message - 200 null application/json; charset=utf-8 63.7575ms
2026-05-20 19:32:19.091 +07:00 [INF] Request starting HTTP/1.1 POST http://localhost:5231/api/chatbot/message - application/json 711
2026-05-20 19:32:19.091 +07:00 [INF] Executing endpoint 'AuraCinema.Web.Controllers.ChatbotController.ProcessMessage (AuraCinema.Web)'
2026-05-20 19:32:19.091 +07:00 [INF] Route matched with {action = "ProcessMessage", controller = "Chatbot", area = ""}. Executing controller action with signature System.Threading.Tasks.Task`1[Microsoft.AspNetCore.Mvc.IActionResult] ProcessMessage(AuraCinema.Domain.Models.Chat.ChatRequest) on controller AuraCinema.Web.Controllers.ChatbotController (AuraCinema.Web).
2026-05-20 19:32:19.092 +07:00 [INF] Start processing HTTP request POST https://generativelanguage.googleapis.com/v1beta/models/gemini-2.5-flash:generateContent?*
2026-05-20 19:32:19.092 +07:00 [INF] Sending HTTP request POST https://generativelanguage.googleapis.com/v1beta/models/gemini-2.5-flash:generateContent?*
2026-05-20 19:32:19.146 +07:00 [INF] Received HTTP response headers after 53.8299ms - 400
2026-05-20 19:32:19.147 +07:00 [INF] End processing HTTP request after 54.4453ms - 400
2026-05-20 19:32:19.158 +07:00 [ERR] Gemini API error: "BadRequest" - {
  "error": {
    "code": 400,
    "message": "API key not valid. Please pass a valid API key.",
    "status": "INVALID_ARGUMENT",
    "details": [
      {
        "@type": "type.googleapis.com/google.rpc.ErrorInfo",
        "reason": "API_KEY_INVALID",
        "domain": "googleapis.com",
        "metadata": {
          "service": "generativelanguage.googleapis.com"
        }
      },
      {
        "@type": "type.googleapis.com/google.rpc.LocalizedMessage",
        "locale": "en-US",
        "message": "API key not valid. Please pass a valid API key."
      }
    ]
  }
}

2026-05-20 19:32:19.158 +07:00 [INF] Executing OkObjectResult, writing value of type 'AuraCinema.Domain.Models.Chat.ChatResponse'.
2026-05-20 19:32:19.158 +07:00 [INF] Executed action AuraCinema.Web.Controllers.ChatbotController.ProcessMessage (AuraCinema.Web) in 66.8609ms
2026-05-20 19:32:19.158 +07:00 [INF] Executed endpoint 'AuraCinema.Web.Controllers.ChatbotController.ProcessMessage (AuraCinema.Web)'
2026-05-20 19:32:19.158 +07:00 [INF] Request finished HTTP/1.1 POST http://localhost:5231/api/chatbot/message - 200 null application/json; charset=utf-8 67.7214ms
2026-05-20 19:32:24.975 +07:00 [INF] Request starting HTTP/1.1 POST http://localhost:5231/api/chatbot/message - application/json 858
2026-05-20 19:32:24.975 +07:00 [INF] Executing endpoint 'AuraCinema.Web.Controllers.ChatbotController.ProcessMessage (AuraCinema.Web)'
2026-05-20 19:32:24.975 +07:00 [INF] Route matched with {action = "ProcessMessage", controller = "Chatbot", area = ""}. Executing controller action with signature System.Threading.Tasks.Task`1[Microsoft.AspNetCore.Mvc.IActionResult] ProcessMessage(AuraCinema.Domain.Models.Chat.ChatRequest) on controller AuraCinema.Web.Controllers.ChatbotController (AuraCinema.Web).
2026-05-20 19:32:24.976 +07:00 [INF] Start processing HTTP request POST https://generativelanguage.googleapis.com/v1beta/models/gemini-2.5-flash:generateContent?*
2026-05-20 19:32:24.977 +07:00 [INF] Sending HTTP request POST https://generativelanguage.googleapis.com/v1beta/models/gemini-2.5-flash:generateContent?*
2026-05-20 19:32:25.035 +07:00 [INF] Received HTTP response headers after 58.0023ms - 400
2026-05-20 19:32:25.035 +07:00 [INF] End processing HTTP request after 58.5115ms - 400
2026-05-20 19:32:25.052 +07:00 [ERR] Gemini API error: "BadRequest" - {
  "error": {
    "code": 400,
    "message": "API key not valid. Please pass a valid API key.",
    "status": "INVALID_ARGUMENT",
    "details": [
      {
        "@type": "type.googleapis.com/google.rpc.ErrorInfo",
        "reason": "API_KEY_INVALID",
        "domain": "googleapis.com",
        "metadata": {
          "service": "generativelanguage.googleapis.com"
        }
      },
      {
        "@type": "type.googleapis.com/google.rpc.LocalizedMessage",
        "locale": "en-US",
        "message": "API key not valid. Please pass a valid API key."
      }
    ]
  }
}

2026-05-20 19:32:25.053 +07:00 [INF] Executing OkObjectResult, writing value of type 'AuraCinema.Domain.Models.Chat.ChatResponse'.
2026-05-20 19:32:25.053 +07:00 [INF] Executed action AuraCinema.Web.Controllers.ChatbotController.ProcessMessage (AuraCinema.Web) in 77.8553ms
2026-05-20 19:32:25.053 +07:00 [INF] Executed endpoint 'AuraCinema.Web.Controllers.ChatbotController.ProcessMessage (AuraCinema.Web)'
2026-05-20 19:32:25.053 +07:00 [INF] Request finished HTTP/1.1 POST http://localhost:5231/api/chatbot/message - 200 null application/json; charset=utf-8 78.9939ms
2026-05-20 19:33:01.875 +07:00 [INF] Executed DbCommand (1ms) [Parameters=[], CommandType='"Text"', CommandTimeout='30']
SELECT [o].[OrderID], [o].[FinalAmount], [o].[HoldExpiryTime], [o].[OrderCode], [o].[PayOSTransID], [o].[PromoID], [o].[QrCode], [o].[ShowtimeID], [o].[Status], [o].[TotalAmount], [o].[UserID]
FROM [Orders] AS [o]
WHERE [o].[Status] = N'Chờ thanh toán' AND [o].[HoldExpiryTime] <= GETDATE()
2026-05-20 19:33:01.878 +07:00 [INF] Executed DbCommand (1ms) [Parameters=[@__maxSellingDate_0='?' (DbType = DateTime2), @__now_1='?' (DbType = DateTime2)], CommandType='"Text"', CommandTimeout='30']
SELECT [s].[ShowtimeID], [s].[EndTime], [s].[MovieID], [s].[RoomID], [s].[ShowtimeCode], [s].[StartTime], [s].[Status]
FROM [Showtimes] AS [s]
WHERE [s].[Status] IN (N'Đã lên lịch', N'Sap chieu') AND CONVERT(date, [s].[StartTime]) <= @__maxSellingDate_0 AND [s].[StartTime] > @__now_1
2026-05-20 19:33:01.879 +07:00 [INF] Executed DbCommand (0ms) [Parameters=[@__now_0='?' (DbType = DateTime2)], CommandType='"Text"', CommandTimeout='30']
SELECT [s].[ShowtimeID], [s].[EndTime], [s].[MovieID], [s].[RoomID], [s].[ShowtimeCode], [s].[StartTime], [s].[Status]
FROM [Showtimes] AS [s]
WHERE [s].[Status] IN (N'Đã lên lịch', N'Đang mở bán', N'Sap chieu') AND [s].[StartTime] <= @__now_0 AND [s].[EndTime] > @__now_0
2026-05-20 19:33:01.880 +07:00 [INF] Executed DbCommand (0ms) [Parameters=[@__now_0='?' (DbType = DateTime2)], CommandType='"Text"', CommandTimeout='30']
SELECT [s].[ShowtimeID], [s].[EndTime], [s].[MovieID], [s].[RoomID], [s].[ShowtimeCode], [s].[StartTime], [s].[Status]
FROM [Showtimes] AS [s]
WHERE [s].[Status] IN (N'Đã lên lịch', N'Đang mở bán', N'Đang chiếu', N'Sap chieu', N'Dang dien ra') AND [s].[EndTime] <= @__now_0
2026-05-20 19:34:01.894 +07:00 [INF] Executed DbCommand (6ms) [Parameters=[], CommandType='"Text"', CommandTimeout='30']
SELECT [o].[OrderID], [o].[FinalAmount], [o].[HoldExpiryTime], [o].[OrderCode], [o].[PayOSTransID], [o].[PromoID], [o].[QrCode], [o].[ShowtimeID], [o].[Status], [o].[TotalAmount], [o].[UserID]
FROM [Orders] AS [o]
WHERE [o].[Status] = N'Chờ thanh toán' AND [o].[HoldExpiryTime] <= GETDATE()
2026-05-20 19:34:01.903 +07:00 [INF] Executed DbCommand (6ms) [Parameters=[@__maxSellingDate_0='?' (DbType = DateTime2), @__now_1='?' (DbType = DateTime2)], CommandType='"Text"', CommandTimeout='30']
SELECT [s].[ShowtimeID], [s].[EndTime], [s].[MovieID], [s].[RoomID], [s].[ShowtimeCode], [s].[StartTime], [s].[Status]
FROM [Showtimes] AS [s]
WHERE [s].[Status] IN (N'Đã lên lịch', N'Sap chieu') AND CONVERT(date, [s].[StartTime]) <= @__maxSellingDate_0 AND [s].[StartTime] > @__now_1
2026-05-20 19:34:01.906 +07:00 [INF] Executed DbCommand (2ms) [Parameters=[@__now_0='?' (DbType = DateTime2)], CommandType='"Text"', CommandTimeout='30']
SELECT [s].[ShowtimeID], [s].[EndTime], [s].[MovieID], [s].[RoomID], [s].[ShowtimeCode], [s].[StartTime], [s].[Status]
FROM [Showtimes] AS [s]
WHERE [s].[Status] IN (N'Đã lên lịch', N'Đang mở bán', N'Sap chieu') AND [s].[StartTime] <= @__now_0 AND [s].[EndTime] > @__now_0
2026-05-20 19:34:01.910 +07:00 [INF] Executed DbCommand (3ms) [Parameters=[@__now_0='?' (DbType = DateTime2)], CommandType='"Text"', CommandTimeout='30']
SELECT [s].[ShowtimeID], [s].[EndTime], [s].[MovieID], [s].[RoomID], [s].[ShowtimeCode], [s].[StartTime], [s].[Status]
FROM [Showtimes] AS [s]
WHERE [s].[Status] IN (N'Đã lên lịch', N'Đang mở bán', N'Đang chiếu', N'Sap chieu', N'Dang dien ra') AND [s].[EndTime] <= @__now_0
2026-05-20 19:35:01.921 +07:00 [INF] Executed DbCommand (3ms) [Parameters=[], CommandType='"Text"', CommandTimeout='30']
SELECT [o].[OrderID], [o].[FinalAmount], [o].[HoldExpiryTime], [o].[OrderCode], [o].[PayOSTransID], [o].[PromoID], [o].[QrCode], [o].[ShowtimeID], [o].[Status], [o].[TotalAmount], [o].[UserID]
FROM [Orders] AS [o]
WHERE [o].[Status] = N'Chờ thanh toán' AND [o].[HoldExpiryTime] <= GETDATE()
2026-05-20 19:35:01.926 +07:00 [INF] Executed DbCommand (3ms) [Parameters=[@__maxSellingDate_0='?' (DbType = DateTime2), @__now_1='?' (DbType = DateTime2)], CommandType='"Text"', CommandTimeout='30']
SELECT [s].[ShowtimeID], [s].[EndTime], [s].[MovieID], [s].[RoomID], [s].[ShowtimeCode], [s].[StartTime], [s].[Status]
FROM [Showtimes] AS [s]
WHERE [s].[Status] IN (N'Đã lên lịch', N'Sap chieu') AND CONVERT(date, [s].[StartTime]) <= @__maxSellingDate_0 AND [s].[StartTime] > @__now_1
2026-05-20 19:35:01.929 +07:00 [INF] Executed DbCommand (2ms) [Parameters=[@__now_0='?' (DbType = DateTime2)], CommandType='"Text"', CommandTimeout='30']
SELECT [s].[ShowtimeID], [s].[EndTime], [s].[MovieID], [s].[RoomID], [s].[ShowtimeCode], [s].[StartTime], [s].[Status]
FROM [Showtimes] AS [s]
WHERE [s].[Status] IN (N'Đã lên lịch', N'Đang mở bán', N'Sap chieu') AND [s].[StartTime] <= @__now_0 AND [s].[EndTime] > @__now_0
2026-05-20 19:35:01.933 +07:00 [INF] Executed DbCommand (3ms) [Parameters=[@__now_0='?' (DbType = DateTime2)], CommandType='"Text"', CommandTimeout='30']
SELECT [s].[ShowtimeID], [s].[EndTime], [s].[MovieID], [s].[RoomID], [s].[ShowtimeCode], [s].[StartTime], [s].[Status]
FROM [Showtimes] AS [s]
WHERE [s].[Status] IN (N'Đã lên lịch', N'Đang mở bán', N'Đang chiếu', N'Sap chieu', N'Dang dien ra') AND [s].[EndTime] <= @__now_0
2026-05-20 19:36:01.937 +07:00 [INF] Executed DbCommand (1ms) [Parameters=[], CommandType='"Text"', CommandTimeout='30']
SELECT [o].[OrderID], [o].[FinalAmount], [o].[HoldExpiryTime], [o].[OrderCode], [o].[PayOSTransID], [o].[PromoID], [o].[QrCode], [o].[ShowtimeID], [o].[Status], [o].[TotalAmount], [o].[UserID]
FROM [Orders] AS [o]
WHERE [o].[Status] = N'Chờ thanh toán' AND [o].[HoldExpiryTime] <= GETDATE()
2026-05-20 19:36:01.939 +07:00 [INF] Executed DbCommand (1ms) [Parameters=[@__maxSellingDate_0='?' (DbType = DateTime2), @__now_1='?' (DbType = DateTime2)], CommandType='"Text"', CommandTimeout='30']
SELECT [s].[ShowtimeID], [s].[EndTime], [s].[MovieID], [s].[RoomID], [s].[ShowtimeCode], [s].[StartTime], [s].[Status]
FROM [Showtimes] AS [s]
WHERE [s].[Status] IN (N'Đã lên lịch', N'Sap chieu') AND CONVERT(date, [s].[StartTime]) <= @__maxSellingDate_0 AND [s].[StartTime] > @__now_1
2026-05-20 19:36:01.941 +07:00 [INF] Executed DbCommand (1ms) [Parameters=[@__now_0='?' (DbType = DateTime2)], CommandType='"Text"', CommandTimeout='30']
SELECT [s].[ShowtimeID], [s].[EndTime], [s].[MovieID], [s].[RoomID], [s].[ShowtimeCode], [s].[StartTime], [s].[Status]
FROM [Showtimes] AS [s]
WHERE [s].[Status] IN (N'Đã lên lịch', N'Đang mở bán', N'Sap chieu') AND [s].[StartTime] <= @__now_0 AND [s].[EndTime] > @__now_0
2026-05-20 19:36:01.942 +07:00 [INF] Executed DbCommand (1ms) [Parameters=[@__now_0='?' (DbType = DateTime2)], CommandType='"Text"', CommandTimeout='30']
SELECT [s].[ShowtimeID], [s].[EndTime], [s].[MovieID], [s].[RoomID], [s].[ShowtimeCode], [s].[StartTime], [s].[Status]
FROM [Showtimes] AS [s]
WHERE [s].[Status] IN (N'Đã lên lịch', N'Đang mở bán', N'Đang chiếu', N'Sap chieu', N'Dang dien ra') AND [s].[EndTime] <= @__now_0
2026-05-20 19:36:57.351 +07:00 [INF] Request starting HTTP/1.1 GET http://localhost:5231/ - null null
2026-05-20 19:36:57.351 +07:00 [INF] Executing endpoint 'AuraCinema.Web.Controllers.HomeController.Index (AuraCinema.Web)'
2026-05-20 19:36:57.352 +07:00 [INF] Route matched with {action = "Index", controller = "Home", area = ""}. Executing controller action with signature System.Threading.Tasks.Task`1[Microsoft.AspNetCore.Mvc.IActionResult] Index() on controller AuraCinema.Web.Controllers.HomeController (AuraCinema.Web).
2026-05-20 19:36:57.360 +07:00 [INF] Executed DbCommand (3ms) [Parameters=[], CommandType='"Text"', CommandTimeout='30']
SELECT [m].[MovieID], [m].[Title], [m].[Genre], [m].[Poster], [m].[Duration], [m].[Status], [m].[ReleaseDate], [m].[Director]
FROM [Movies] AS [m]
WHERE [m].[Status] IN (N'Dang chieu', N'Sap chieu')
ORDER BY [m].[ReleaseDate] DESC
2026-05-20 19:36:57.361 +07:00 [INF] Executing ViewResult, running view Index.
2026-05-20 19:36:57.368 +07:00 [INF] Executed ViewResult - view Index executed in 6.2582ms.
2026-05-20 19:36:57.368 +07:00 [INF] Executed action AuraCinema.Web.Controllers.HomeController.Index (AuraCinema.Web) in 16.2113ms
2026-05-20 19:36:57.368 +07:00 [INF] Executed endpoint 'AuraCinema.Web.Controllers.HomeController.Index (AuraCinema.Web)'
2026-05-20 19:36:57.368 +07:00 [INF] Request finished HTTP/1.1 GET http://localhost:5231/ - 200 null text/html; charset=utf-8 17.1606ms
2026-05-20 19:36:57.409 +07:00 [INF] Request starting HTTP/1.1 GET http://localhost:5231/css/chatbot.css?v=r2u6L0FAOMDC4s9aPw1MZX42JGlCVETX6XZ-jz-lAOo - null null
2026-05-20 19:36:57.410 +07:00 [INF] The file /css/chatbot.css was not modified
2026-05-20 19:36:57.410 +07:00 [INF] Request finished HTTP/1.1 GET http://localhost:5231/css/chatbot.css?v=r2u6L0FAOMDC4s9aPw1MZX42JGlCVETX6XZ-jz-lAOo - 304 null text/css 1.7151ms
2026-05-20 19:36:57.417 +07:00 [INF] Request starting HTTP/1.1 GET http://localhost:5231/js/chatbot.js?v=8SI7bVlT6PU6wvsevg8vnDYC-FsacmaWRIf4XPwosNE - null null
2026-05-20 19:36:57.417 +07:00 [INF] The file /js/chatbot.js was not modified
2026-05-20 19:36:57.417 +07:00 [INF] Request finished HTTP/1.1 GET http://localhost:5231/js/chatbot.js?v=8SI7bVlT6PU6wvsevg8vnDYC-FsacmaWRIf4XPwosNE - 304 null text/javascript 0.6499ms
2026-05-20 19:36:57.788 +07:00 [INF] Request starting HTTP/1.1 GET http://localhost:5231/favicon.ico - null null
2026-05-20 19:36:57.788 +07:00 [INF] The file /favicon.ico was not modified
2026-05-20 19:36:57.789 +07:00 [INF] Request finished HTTP/1.1 GET http://localhost:5231/favicon.ico - 304 null image/x-icon 0.5265ms
2026-05-20 19:37:01.951 +07:00 [INF] Executed DbCommand (1ms) [Parameters=[], CommandType='"Text"', CommandTimeout='30']
SELECT [o].[OrderID], [o].[FinalAmount], [o].[HoldExpiryTime], [o].[OrderCode], [o].[PayOSTransID], [o].[PromoID], [o].[QrCode], [o].[ShowtimeID], [o].[Status], [o].[TotalAmount], [o].[UserID]
FROM [Orders] AS [o]
WHERE [o].[Status] = N'Chờ thanh toán' AND [o].[HoldExpiryTime] <= GETDATE()
2026-05-20 19:37:01.954 +07:00 [INF] Executed DbCommand (1ms) [Parameters=[@__maxSellingDate_0='?' (DbType = DateTime2), @__now_1='?' (DbType = DateTime2)], CommandType='"Text"', CommandTimeout='30']
SELECT [s].[ShowtimeID], [s].[EndTime], [s].[MovieID], [s].[RoomID], [s].[ShowtimeCode], [s].[StartTime], [s].[Status]
FROM [Showtimes] AS [s]
WHERE [s].[Status] IN (N'Đã lên lịch', N'Sap chieu') AND CONVERT(date, [s].[StartTime]) <= @__maxSellingDate_0 AND [s].[StartTime] > @__now_1
2026-05-20 19:37:01.955 +07:00 [INF] Executed DbCommand (0ms) [Parameters=[@__now_0='?' (DbType = DateTime2)], CommandType='"Text"', CommandTimeout='30']
SELECT [s].[ShowtimeID], [s].[EndTime], [s].[MovieID], [s].[RoomID], [s].[ShowtimeCode], [s].[StartTime], [s].[Status]
FROM [Showtimes] AS [s]
WHERE [s].[Status] IN (N'Đã lên lịch', N'Đang mở bán', N'Sap chieu') AND [s].[StartTime] <= @__now_0 AND [s].[EndTime] > @__now_0
2026-05-20 19:37:01.956 +07:00 [INF] Executed DbCommand (0ms) [Parameters=[@__now_0='?' (DbType = DateTime2)], CommandType='"Text"', CommandTimeout='30']
SELECT [s].[ShowtimeID], [s].[EndTime], [s].[MovieID], [s].[RoomID], [s].[ShowtimeCode], [s].[StartTime], [s].[Status]
FROM [Showtimes] AS [s]
WHERE [s].[Status] IN (N'Đã lên lịch', N'Đang mở bán', N'Đang chiếu', N'Sap chieu', N'Dang dien ra') AND [s].[EndTime] <= @__now_0
2026-05-20 19:37:15.776 +07:00 [INF] Request starting HTTP/1.1 POST http://localhost:5231/api/chatbot/message - application/json 91
2026-05-20 19:37:15.777 +07:00 [INF] Executing endpoint 'AuraCinema.Web.Controllers.ChatbotController.ProcessMessage (AuraCinema.Web)'
2026-05-20 19:37:15.777 +07:00 [INF] Route matched with {action = "ProcessMessage", controller = "Chatbot", area = ""}. Executing controller action with signature System.Threading.Tasks.Task`1[Microsoft.AspNetCore.Mvc.IActionResult] ProcessMessage(AuraCinema.Domain.Models.Chat.ChatRequest) on controller AuraCinema.Web.Controllers.ChatbotController (AuraCinema.Web).
2026-05-20 19:37:15.779 +07:00 [INF] Start processing HTTP request POST https://generativelanguage.googleapis.com/v1beta/models/gemini-2.5-flash:generateContent?*
2026-05-20 19:37:15.779 +07:00 [INF] Sending HTTP request POST https://generativelanguage.googleapis.com/v1beta/models/gemini-2.5-flash:generateContent?*
2026-05-20 19:37:17.363 +07:00 [INF] Received HTTP response headers after 1583.4829ms - 200
2026-05-20 19:37:17.363 +07:00 [INF] End processing HTTP request after 1583.9366ms - 200
2026-05-20 19:37:17.392 +07:00 [INF] Executing tool: search_movies with args: {
                "status": "Dang chieu"
              }
2026-05-20 19:37:17.412 +07:00 [INF] Executed DbCommand (3ms) [Parameters=[@__p_1='?' (DbType = Int32), @__status_0='?' (Size = 50)], CommandType='"Text"', CommandTimeout='30']
SELECT TOP(@__p_1) [m].[MovieID], [m].[Title], [m].[Genre], [m].[Duration], [m].[Poster], CASE
    WHEN [m].[Status] = N'Dang chieu' THEN N'Đang chiếu'
    ELSE N'Sắp chiếu'
END AS [Status]
FROM [Movies] AS [m]
WHERE [m].[Status] = @__status_0
ORDER BY CASE
    WHEN [m].[Status] = N'Dang chieu' THEN CAST(1 AS bit)
    ELSE CAST(0 AS bit)
END DESC, [m].[ReleaseDate] DESC
2026-05-20 19:37:17.431 +07:00 [INF] Start processing HTTP request POST https://generativelanguage.googleapis.com/v1beta/models/gemini-2.5-flash:generateContent?*
2026-05-20 19:37:17.431 +07:00 [INF] Sending HTTP request POST https://generativelanguage.googleapis.com/v1beta/models/gemini-2.5-flash:generateContent?*
2026-05-20 19:37:18.682 +07:00 [INF] Received HTTP response headers after 1251.2842ms - 200
2026-05-20 19:37:18.682 +07:00 [INF] End processing HTTP request after 1252.017ms - 200
2026-05-20 19:37:18.692 +07:00 [INF] Executing OkObjectResult, writing value of type 'AuraCinema.Domain.Models.Chat.ChatResponse'.
2026-05-20 19:37:18.694 +07:00 [INF] Executed action AuraCinema.Web.Controllers.ChatbotController.ProcessMessage (AuraCinema.Web) in 2917.1217ms
2026-05-20 19:37:18.694 +07:00 [INF] Executed endpoint 'AuraCinema.Web.Controllers.ChatbotController.ProcessMessage (AuraCinema.Web)'
2026-05-20 19:37:18.694 +07:00 [INF] Request finished HTTP/1.1 POST http://localhost:5231/api/chatbot/message - 200 null application/json; charset=utf-8 2918.1589ms
2026-05-20 19:37:27.455 +07:00 [INF] Request starting HTTP/1.1 POST http://localhost:5231/api/chatbot/message - application/json 481
2026-05-20 19:37:27.456 +07:00 [INF] Executing endpoint 'AuraCinema.Web.Controllers.ChatbotController.ProcessMessage (AuraCinema.Web)'
2026-05-20 19:37:27.456 +07:00 [INF] Route matched with {action = "ProcessMessage", controller = "Chatbot", area = ""}. Executing controller action with signature System.Threading.Tasks.Task`1[Microsoft.AspNetCore.Mvc.IActionResult] ProcessMessage(AuraCinema.Domain.Models.Chat.ChatRequest) on controller AuraCinema.Web.Controllers.ChatbotController (AuraCinema.Web).
2026-05-20 19:37:27.457 +07:00 [INF] Start processing HTTP request POST https://generativelanguage.googleapis.com/v1beta/models/gemini-2.5-flash:generateContent?*
2026-05-20 19:37:27.457 +07:00 [INF] Sending HTTP request POST https://generativelanguage.googleapis.com/v1beta/models/gemini-2.5-flash:generateContent?*
2026-05-20 19:37:28.519 +07:00 [INF] Received HTTP response headers after 1062.1748ms - 503
2026-05-20 19:37:28.519 +07:00 [INF] End processing HTTP request after 1062.5043ms - 503
2026-05-20 19:37:28.525 +07:00 [ERR] Gemini API error: "ServiceUnavailable" - {
  "error": {
    "code": 503,
    "message": "This model is currently experiencing high demand. Spikes in demand are usually temporary. Please try again later.",
    "status": "UNAVAILABLE"
  }
}

2026-05-20 19:37:28.525 +07:00 [INF] Executing OkObjectResult, writing value of type 'AuraCinema.Domain.Models.Chat.ChatResponse'.
2026-05-20 19:37:28.526 +07:00 [INF] Executed action AuraCinema.Web.Controllers.ChatbotController.ProcessMessage (AuraCinema.Web) in 1069.8098ms
2026-05-20 19:37:28.526 +07:00 [INF] Executed endpoint 'AuraCinema.Web.Controllers.ChatbotController.ProcessMessage (AuraCinema.Web)'
2026-05-20 19:37:28.526 +07:00 [INF] Request finished HTTP/1.1 POST http://localhost:5231/api/chatbot/message - 200 null application/json; charset=utf-8 1070.8161ms
2026-05-20 19:37:31.500 +07:00 [INF] Request starting HTTP/1.1 POST http://localhost:5231/api/chatbot/message - application/json 662
2026-05-20 19:37:31.500 +07:00 [INF] Executing endpoint 'AuraCinema.Web.Controllers.ChatbotController.ProcessMessage (AuraCinema.Web)'
2026-05-20 19:37:31.501 +07:00 [INF] Route matched with {action = "ProcessMessage", controller = "Chatbot", area = ""}. Executing controller action with signature System.Threading.Tasks.Task`1[Microsoft.AspNetCore.Mvc.IActionResult] ProcessMessage(AuraCinema.Domain.Models.Chat.ChatRequest) on controller AuraCinema.Web.Controllers.ChatbotController (AuraCinema.Web).
2026-05-20 19:37:31.502 +07:00 [INF] Start processing HTTP request POST https://generativelanguage.googleapis.com/v1beta/models/gemini-2.5-flash:generateContent?*
2026-05-20 19:37:31.502 +07:00 [INF] Sending HTTP request POST https://generativelanguage.googleapis.com/v1beta/models/gemini-2.5-flash:generateContent?*
2026-05-20 19:37:33.623 +07:00 [INF] Received HTTP response headers after 2121.7426ms - 200
2026-05-20 19:37:33.624 +07:00 [INF] End processing HTTP request after 2122.1604ms - 200
2026-05-20 19:37:33.631 +07:00 [INF] Executing OkObjectResult, writing value of type 'AuraCinema.Domain.Models.Chat.ChatResponse'.
2026-05-20 19:37:33.631 +07:00 [INF] Executed action AuraCinema.Web.Controllers.ChatbotController.ProcessMessage (AuraCinema.Web) in 2130.3435ms
2026-05-20 19:37:33.631 +07:00 [INF] Executed endpoint 'AuraCinema.Web.Controllers.ChatbotController.ProcessMessage (AuraCinema.Web)'
2026-05-20 19:37:33.631 +07:00 [INF] Request finished HTTP/1.1 POST http://localhost:5231/api/chatbot/message - 200 null application/json; charset=utf-8 2131.5929ms
2026-05-20 19:37:45.509 +07:00 [INF] Request starting HTTP/1.1 POST http://localhost:5231/api/chatbot/message - application/json 789
2026-05-20 19:37:45.509 +07:00 [INF] Executing endpoint 'AuraCinema.Web.Controllers.ChatbotController.ProcessMessage (AuraCinema.Web)'
2026-05-20 19:37:45.510 +07:00 [INF] Route matched with {action = "ProcessMessage", controller = "Chatbot", area = ""}. Executing controller action with signature System.Threading.Tasks.Task`1[Microsoft.AspNetCore.Mvc.IActionResult] ProcessMessage(AuraCinema.Domain.Models.Chat.ChatRequest) on controller AuraCinema.Web.Controllers.ChatbotController (AuraCinema.Web).
2026-05-20 19:37:45.511 +07:00 [INF] Start processing HTTP request POST https://generativelanguage.googleapis.com/v1beta/models/gemini-2.5-flash:generateContent?*
2026-05-20 19:37:45.511 +07:00 [INF] Sending HTTP request POST https://generativelanguage.googleapis.com/v1beta/models/gemini-2.5-flash:generateContent?*
2026-05-20 19:37:46.922 +07:00 [INF] Received HTTP response headers after 1410.8479ms - 200
2026-05-20 19:37:46.922 +07:00 [INF] End processing HTTP request after 1411.2381ms - 200
2026-05-20 19:37:46.928 +07:00 [INF] Executing tool: search_movies with args: {}
2026-05-20 19:37:46.937 +07:00 [INF] Executed DbCommand (3ms) [Parameters=[@__p_0='?' (DbType = Int32)], CommandType='"Text"', CommandTimeout='30']
SELECT TOP(@__p_0) [m].[MovieID], [m].[Title], [m].[Genre], [m].[Duration], [m].[Poster], CASE
    WHEN [m].[Status] = N'Dang chieu' THEN N'Đang chiếu'
    ELSE N'Sắp chiếu'
END AS [Status]
FROM [Movies] AS [m]
WHERE [m].[Status] IN (N'Dang chieu', N'Sap chieu')
ORDER BY CASE
    WHEN [m].[Status] = N'Dang chieu' THEN CAST(1 AS bit)
    ELSE CAST(0 AS bit)
END DESC, [m].[ReleaseDate] DESC
2026-05-20 19:37:46.938 +07:00 [INF] Start processing HTTP request POST https://generativelanguage.googleapis.com/v1beta/models/gemini-2.5-flash:generateContent?*
2026-05-20 19:37:46.938 +07:00 [INF] Sending HTTP request POST https://generativelanguage.googleapis.com/v1beta/models/gemini-2.5-flash:generateContent?*
2026-05-20 19:37:48.538 +07:00 [INF] Received HTTP response headers after 1599.8055ms - 503
2026-05-20 19:37:48.538 +07:00 [INF] End processing HTTP request after 1600.466ms - 503
2026-05-20 19:37:48.545 +07:00 [ERR] Gemini API error: "ServiceUnavailable" - {
  "error": {
    "code": 503,
    "message": "This model is currently experiencing high demand. Spikes in demand are usually temporary. Please try again later.",
    "status": "UNAVAILABLE"
  }
}

2026-05-20 19:37:48.546 +07:00 [INF] Executing OkObjectResult, writing value of type 'AuraCinema.Domain.Models.Chat.ChatResponse'.
2026-05-20 19:37:48.546 +07:00 [INF] Executed action AuraCinema.Web.Controllers.ChatbotController.ProcessMessage (AuraCinema.Web) in 3036.7359ms
2026-05-20 19:37:48.546 +07:00 [INF] Executed endpoint 'AuraCinema.Web.Controllers.ChatbotController.ProcessMessage (AuraCinema.Web)'
2026-05-20 19:37:48.547 +07:00 [INF] Request finished HTTP/1.1 POST http://localhost:5231/api/chatbot/message - 200 null application/json; charset=utf-8 3037.7629ms
2026-05-20 19:37:53.431 +07:00 [INF] Request starting HTTP/1.1 POST http://localhost:5231/api/chatbot/message - application/json 1125
2026-05-20 19:37:53.431 +07:00 [INF] Executing endpoint 'AuraCinema.Web.Controllers.ChatbotController.ProcessMessage (AuraCinema.Web)'
2026-05-20 19:37:53.431 +07:00 [INF] Route matched with {action = "ProcessMessage", controller = "Chatbot", area = ""}. Executing controller action with signature System.Threading.Tasks.Task`1[Microsoft.AspNetCore.Mvc.IActionResult] ProcessMessage(AuraCinema.Domain.Models.Chat.ChatRequest) on controller AuraCinema.Web.Controllers.ChatbotController (AuraCinema.Web).
2026-05-20 19:37:53.432 +07:00 [INF] Start processing HTTP request POST https://generativelanguage.googleapis.com/v1beta/models/gemini-2.5-flash:generateContent?*
2026-05-20 19:37:53.432 +07:00 [INF] Sending HTTP request POST https://generativelanguage.googleapis.com/v1beta/models/gemini-2.5-flash:generateContent?*
2026-05-20 19:37:53.707 +07:00 [INF] Received HTTP response headers after 274.6809ms - 429
2026-05-20 19:37:53.707 +07:00 [INF] End processing HTTP request after 275.0416ms - 429
2026-05-20 19:37:53.708 +07:00 [ERR] Gemini API error: "TooManyRequests" - {
  "error": {
    "code": 429,
    "message": "You exceeded your current quota, please check your plan and billing details. For more information on this error, head to: https://ai.google.dev/gemini-api/docs/rate-limits. To monitor your current usage, head to: https://ai.dev/rate-limit. \n* Quota exceeded for metric: generativelanguage.googleapis.com/generate_content_free_tier_requests, limit: 5, model: gemini-2.5-flash\nPlease retry in 6.850362324s.",
    "status": "RESOURCE_EXHAUSTED",
    "details": [
      {
        "@type": "type.googleapis.com/google.rpc.Help",
        "links": [
          {
            "description": "Learn more about Gemini API quotas",
            "url": "https://ai.google.dev/gemini-api/docs/rate-limits"
          }
        ]
      },
      {
        "@type": "type.googleapis.com/google.rpc.QuotaFailure",
        "violations": [
          {
            "quotaMetric": "generativelanguage.googleapis.com/generate_content_free_tier_requests",
            "quotaId": "GenerateRequestsPerMinutePerProjectPerModel-FreeTier",
            "quotaDimensions": {
              "location": "global",
              "model": "gemini-2.5-flash"
            },
            "quotaValue": "5"
          }
        ]
      },
      {
        "@type": "type.googleapis.com/google.rpc.RetryInfo",
        "retryDelay": "6s"
      }
    ]
  }
}

2026-05-20 19:37:53.708 +07:00 [INF] Executing OkObjectResult, writing value of type 'AuraCinema.Domain.Models.Chat.ChatResponse'.
2026-05-20 19:37:53.708 +07:00 [INF] Executed action AuraCinema.Web.Controllers.ChatbotController.ProcessMessage (AuraCinema.Web) in 277.235ms
2026-05-20 19:37:53.709 +07:00 [INF] Executed endpoint 'AuraCinema.Web.Controllers.ChatbotController.ProcessMessage (AuraCinema.Web)'
2026-05-20 19:37:53.709 +07:00 [INF] Request finished HTTP/1.1 POST http://localhost:5231/api/chatbot/message - 200 null application/json; charset=utf-8 278.1682ms
2026-05-20 19:37:58.737 +07:00 [INF] Request starting HTTP/1.1 POST http://localhost:5231/api/chatbot/message - application/json 1272
2026-05-20 19:37:58.738 +07:00 [INF] Executing endpoint 'AuraCinema.Web.Controllers.ChatbotController.ProcessMessage (AuraCinema.Web)'
2026-05-20 19:37:58.738 +07:00 [INF] Route matched with {action = "ProcessMessage", controller = "Chatbot", area = ""}. Executing controller action with signature System.Threading.Tasks.Task`1[Microsoft.AspNetCore.Mvc.IActionResult] ProcessMessage(AuraCinema.Domain.Models.Chat.ChatRequest) on controller AuraCinema.Web.Controllers.ChatbotController (AuraCinema.Web).
2026-05-20 19:37:58.739 +07:00 [INF] Start processing HTTP request POST https://generativelanguage.googleapis.com/v1beta/models/gemini-2.5-flash:generateContent?*
2026-05-20 19:37:58.739 +07:00 [INF] Sending HTTP request POST https://generativelanguage.googleapis.com/v1beta/models/gemini-2.5-flash:generateContent?*
2026-05-20 19:37:59.036 +07:00 [INF] Received HTTP response headers after 296.971ms - 429
2026-05-20 19:37:59.036 +07:00 [INF] End processing HTTP request after 297.4774ms - 429
2026-05-20 19:37:59.050 +07:00 [ERR] Gemini API error: "TooManyRequests" - {
  "error": {
    "code": 429,
    "message": "You exceeded your current quota, please check your plan and billing details. For more information on this error, head to: https://ai.google.dev/gemini-api/docs/rate-limits. To monitor your current usage, head to: https://ai.dev/rate-limit. \n* Quota exceeded for metric: generativelanguage.googleapis.com/generate_content_free_tier_requests, limit: 5, model: gemini-2.5-flash\nPlease retry in 1.536753176s.",
    "status": "RESOURCE_EXHAUSTED",
    "details": [
      {
        "@type": "type.googleapis.com/google.rpc.Help",
        "links": [
          {
            "description": "Learn more about Gemini API quotas",
            "url": "https://ai.google.dev/gemini-api/docs/rate-limits"
          }
        ]
      },
      {
        "@type": "type.googleapis.com/google.rpc.QuotaFailure",
        "violations": [
          {
            "quotaMetric": "generativelanguage.googleapis.com/generate_content_free_tier_requests",
            "quotaId": "GenerateRequestsPerMinutePerProjectPerModel-FreeTier",
            "quotaDimensions": {
              "location": "global",
              "model": "gemini-2.5-flash"
            },
            "quotaValue": "5"
          }
        ]
      },
      {
        "@type": "type.googleapis.com/google.rpc.RetryInfo",
        "retryDelay": "1s"
      }
    ]
  }
}

2026-05-20 19:37:59.051 +07:00 [INF] Executing OkObjectResult, writing value of type 'AuraCinema.Domain.Models.Chat.ChatResponse'.
2026-05-20 19:37:59.051 +07:00 [INF] Executed action AuraCinema.Web.Controllers.ChatbotController.ProcessMessage (AuraCinema.Web) in 312.7366ms
2026-05-20 19:37:59.051 +07:00 [INF] Executed endpoint 'AuraCinema.Web.Controllers.ChatbotController.ProcessMessage (AuraCinema.Web)'
2026-05-20 19:37:59.051 +07:00 [INF] Request finished HTTP/1.1 POST http://localhost:5231/api/chatbot/message - 200 null application/json; charset=utf-8 313.4268ms
2026-05-20 19:38:01.966 +07:00 [INF] Executed DbCommand (1ms) [Parameters=[], CommandType='"Text"', CommandTimeout='30']
SELECT [o].[OrderID], [o].[FinalAmount], [o].[HoldExpiryTime], [o].[OrderCode], [o].[PayOSTransID], [o].[PromoID], [o].[QrCode], [o].[ShowtimeID], [o].[Status], [o].[TotalAmount], [o].[UserID]
FROM [Orders] AS [o]
WHERE [o].[Status] = N'Chờ thanh toán' AND [o].[HoldExpiryTime] <= GETDATE()
2026-05-20 19:38:01.968 +07:00 [INF] Executed DbCommand (1ms) [Parameters=[@__maxSellingDate_0='?' (DbType = DateTime2), @__now_1='?' (DbType = DateTime2)], CommandType='"Text"', CommandTimeout='30']
SELECT [s].[ShowtimeID], [s].[EndTime], [s].[MovieID], [s].[RoomID], [s].[ShowtimeCode], [s].[StartTime], [s].[Status]
FROM [Showtimes] AS [s]
WHERE [s].[Status] IN (N'Đã lên lịch', N'Sap chieu') AND CONVERT(date, [s].[StartTime]) <= @__maxSellingDate_0 AND [s].[StartTime] > @__now_1
2026-05-20 19:38:01.969 +07:00 [INF] Executed DbCommand (1ms) [Parameters=[@__now_0='?' (DbType = DateTime2)], CommandType='"Text"', CommandTimeout='30']
SELECT [s].[ShowtimeID], [s].[EndTime], [s].[MovieID], [s].[RoomID], [s].[ShowtimeCode], [s].[StartTime], [s].[Status]
FROM [Showtimes] AS [s]
WHERE [s].[Status] IN (N'Đã lên lịch', N'Đang mở bán', N'Sap chieu') AND [s].[StartTime] <= @__now_0 AND [s].[EndTime] > @__now_0
2026-05-20 19:38:01.970 +07:00 [INF] Executed DbCommand (1ms) [Parameters=[@__now_0='?' (DbType = DateTime2)], CommandType='"Text"', CommandTimeout='30']
SELECT [s].[ShowtimeID], [s].[EndTime], [s].[MovieID], [s].[RoomID], [s].[ShowtimeCode], [s].[StartTime], [s].[Status]
FROM [Showtimes] AS [s]
WHERE [s].[Status] IN (N'Đã lên lịch', N'Đang mở bán', N'Đang chiếu', N'Sap chieu', N'Dang dien ra') AND [s].[EndTime] <= @__now_0
2026-05-20 19:38:02.871 +07:00 [INF] Request starting HTTP/1.1 POST http://localhost:5231/api/chatbot/message - application/json 1437
2026-05-20 19:38:02.871 +07:00 [INF] Executing endpoint 'AuraCinema.Web.Controllers.ChatbotController.ProcessMessage (AuraCinema.Web)'
2026-05-20 19:38:02.871 +07:00 [INF] Route matched with {action = "ProcessMessage", controller = "Chatbot", area = ""}. Executing controller action with signature System.Threading.Tasks.Task`1[Microsoft.AspNetCore.Mvc.IActionResult] ProcessMessage(AuraCinema.Domain.Models.Chat.ChatRequest) on controller AuraCinema.Web.Controllers.ChatbotController (AuraCinema.Web).
2026-05-20 19:38:02.872 +07:00 [INF] Start processing HTTP request POST https://generativelanguage.googleapis.com/v1beta/models/gemini-2.5-flash:generateContent?*
2026-05-20 19:38:02.872 +07:00 [INF] Sending HTTP request POST https://generativelanguage.googleapis.com/v1beta/models/gemini-2.5-flash:generateContent?*
2026-05-20 19:38:03.148 +07:00 [INF] Received HTTP response headers after 275.2341ms - 429
2026-05-20 19:38:03.148 +07:00 [INF] End processing HTTP request after 275.8977ms - 429
2026-05-20 19:38:03.158 +07:00 [ERR] Gemini API error: "TooManyRequests" - {
  "error": {
    "code": 429,
    "message": "You exceeded your current quota, please check your plan and billing details. For more information on this error, head to: https://ai.google.dev/gemini-api/docs/rate-limits. To monitor your current usage, head to: https://ai.dev/rate-limit. \n* Quota exceeded for metric: generativelanguage.googleapis.com/generate_content_free_tier_requests, limit: 5, model: gemini-2.5-flash\nPlease retry in 57.412930832s.",
    "status": "RESOURCE_EXHAUSTED",
    "details": [
      {
        "@type": "type.googleapis.com/google.rpc.Help",
        "links": [
          {
            "description": "Learn more about Gemini API quotas",
            "url": "https://ai.google.dev/gemini-api/docs/rate-limits"
          }
        ]
      },
      {
        "@type": "type.googleapis.com/google.rpc.QuotaFailure",
        "violations": [
          {
            "quotaMetric": "generativelanguage.googleapis.com/generate_content_free_tier_requests",
            "quotaId": "GenerateRequestsPerMinutePerProjectPerModel-FreeTier",
            "quotaDimensions": {
              "model": "gemini-2.5-flash",
              "location": "global"
            },
            "quotaValue": "5"
          }
        ]
      },
      {
        "@type": "type.googleapis.com/google.rpc.RetryInfo",
        "retryDelay": "57s"
      }
    ]
  }
}

2026-05-20 19:38:03.159 +07:00 [INF] Executing OkObjectResult, writing value of type 'AuraCinema.Domain.Models.Chat.ChatResponse'.
2026-05-20 19:38:03.159 +07:00 [INF] Executed action AuraCinema.Web.Controllers.ChatbotController.ProcessMessage (AuraCinema.Web) in 287.7278ms
2026-05-20 19:38:03.159 +07:00 [INF] Executed endpoint 'AuraCinema.Web.Controllers.ChatbotController.ProcessMessage (AuraCinema.Web)'
2026-05-20 19:38:03.159 +07:00 [INF] Request finished HTTP/1.1 POST http://localhost:5231/api/chatbot/message - 200 null application/json; charset=utf-8 288.4301ms
2026-05-20 19:38:08.822 +07:00 [INF] Request starting HTTP/1.1 POST http://localhost:5231/api/chatbot/message - application/json 1632
2026-05-20 19:38:08.823 +07:00 [INF] Executing endpoint 'AuraCinema.Web.Controllers.ChatbotController.ProcessMessage (AuraCinema.Web)'
2026-05-20 19:38:08.823 +07:00 [INF] Route matched with {action = "ProcessMessage", controller = "Chatbot", area = ""}. Executing controller action with signature System.Threading.Tasks.Task`1[Microsoft.AspNetCore.Mvc.IActionResult] ProcessMessage(AuraCinema.Domain.Models.Chat.ChatRequest) on controller AuraCinema.Web.Controllers.ChatbotController (AuraCinema.Web).
2026-05-20 19:38:08.824 +07:00 [INF] Start processing HTTP request POST https://generativelanguage.googleapis.com/v1beta/models/gemini-2.5-flash:generateContent?*
2026-05-20 19:38:08.824 +07:00 [INF] Sending HTTP request POST https://generativelanguage.googleapis.com/v1beta/models/gemini-2.5-flash:generateContent?*
2026-05-20 19:38:09.123 +07:00 [INF] Received HTTP response headers after 299.4974ms - 429
2026-05-20 19:38:09.123 +07:00 [INF] End processing HTTP request after 299.8522ms - 429
2026-05-20 19:38:09.124 +07:00 [ERR] Gemini API error: "TooManyRequests" - {
  "error": {
    "code": 429,
    "message": "You exceeded your current quota, please check your plan and billing details. For more information on this error, head to: https://ai.google.dev/gemini-api/docs/rate-limits. To monitor your current usage, head to: https://ai.dev/rate-limit. \n* Quota exceeded for metric: generativelanguage.googleapis.com/generate_content_free_tier_requests, limit: 5, model: gemini-2.5-flash\nPlease retry in 51.447052675s.",
    "status": "RESOURCE_EXHAUSTED",
    "details": [
      {
        "@type": "type.googleapis.com/google.rpc.Help",
        "links": [
          {
            "description": "Learn more about Gemini API quotas",
            "url": "https://ai.google.dev/gemini-api/docs/rate-limits"
          }
        ]
      },
      {
        "@type": "type.googleapis.com/google.rpc.QuotaFailure",
        "violations": [
          {
            "quotaMetric": "generativelanguage.googleapis.com/generate_content_free_tier_requests",
            "quotaId": "GenerateRequestsPerMinutePerProjectPerModel-FreeTier",
            "quotaDimensions": {
              "model": "gemini-2.5-flash",
              "location": "global"
            },
            "quotaValue": "5"
          }
        ]
      },
      {
        "@type": "type.googleapis.com/google.rpc.RetryInfo",
        "retryDelay": "51s"
      }
    ]
  }
}

2026-05-20 19:38:09.124 +07:00 [INF] Executing OkObjectResult, writing value of type 'AuraCinema.Domain.Models.Chat.ChatResponse'.
2026-05-20 19:38:09.124 +07:00 [INF] Executed action AuraCinema.Web.Controllers.ChatbotController.ProcessMessage (AuraCinema.Web) in 301.6004ms
2026-05-20 19:38:09.125 +07:00 [INF] Executed endpoint 'AuraCinema.Web.Controllers.ChatbotController.ProcessMessage (AuraCinema.Web)'
2026-05-20 19:38:09.125 +07:00 [INF] Request finished HTTP/1.1 POST http://localhost:5231/api/chatbot/message - 200 null application/json; charset=utf-8 302.7107ms
2026-05-20 19:38:14.209 +07:00 [INF] Request starting HTTP/1.1 POST http://localhost:5231/api/chatbot/message - application/json 1835
2026-05-20 19:38:14.210 +07:00 [INF] Executing endpoint 'AuraCinema.Web.Controllers.ChatbotController.ProcessMessage (AuraCinema.Web)'
2026-05-20 19:38:14.210 +07:00 [INF] Route matched with {action = "ProcessMessage", controller = "Chatbot", area = ""}. Executing controller action with signature System.Threading.Tasks.Task`1[Microsoft.AspNetCore.Mvc.IActionResult] ProcessMessage(AuraCinema.Domain.Models.Chat.ChatRequest) on controller AuraCinema.Web.Controllers.ChatbotController (AuraCinema.Web).
2026-05-20 19:38:14.210 +07:00 [INF] Start processing HTTP request POST https://generativelanguage.googleapis.com/v1beta/models/gemini-2.5-flash:generateContent?*
2026-05-20 19:38:14.211 +07:00 [INF] Sending HTTP request POST https://generativelanguage.googleapis.com/v1beta/models/gemini-2.5-flash:generateContent?*
2026-05-20 19:38:14.486 +07:00 [INF] Received HTTP response headers after 275.6717ms - 429
2026-05-20 19:38:14.487 +07:00 [INF] End processing HTTP request after 276.1693ms - 429
2026-05-20 19:38:14.487 +07:00 [ERR] Gemini API error: "TooManyRequests" - {
  "error": {
    "code": 429,
    "message": "You exceeded your current quota, please check your plan and billing details. For more information on this error, head to: https://ai.google.dev/gemini-api/docs/rate-limits. To monitor your current usage, head to: https://ai.dev/rate-limit. \n* Quota exceeded for metric: generativelanguage.googleapis.com/generate_content_free_tier_requests, limit: 5, model: gemini-2.5-flash\nPlease retry in 46.07174089s.",
    "status": "RESOURCE_EXHAUSTED",
    "details": [
      {
        "@type": "type.googleapis.com/google.rpc.Help",
        "links": [
          {
            "description": "Learn more about Gemini API quotas",
            "url": "https://ai.google.dev/gemini-api/docs/rate-limits"
          }
        ]
      },
      {
        "@type": "type.googleapis.com/google.rpc.QuotaFailure",
        "violations": [
          {
            "quotaMetric": "generativelanguage.googleapis.com/generate_content_free_tier_requests",
            "quotaId": "GenerateRequestsPerMinutePerProjectPerModel-FreeTier",
            "quotaDimensions": {
              "location": "global",
              "model": "gemini-2.5-flash"
            },
            "quotaValue": "5"
          }
        ]
      },
      {
        "@type": "type.googleapis.com/google.rpc.RetryInfo",
        "retryDelay": "46s"
      }
    ]
  }
}

2026-05-20 19:38:14.487 +07:00 [INF] Executing OkObjectResult, writing value of type 'AuraCinema.Domain.Models.Chat.ChatResponse'.
2026-05-20 19:38:14.487 +07:00 [INF] Executed action AuraCinema.Web.Controllers.ChatbotController.ProcessMessage (AuraCinema.Web) in 277.6777ms
2026-05-20 19:38:14.487 +07:00 [INF] Executed endpoint 'AuraCinema.Web.Controllers.ChatbotController.ProcessMessage (AuraCinema.Web)'
2026-05-20 19:38:14.488 +07:00 [INF] Request finished HTTP/1.1 POST http://localhost:5231/api/chatbot/message - 200 null application/json; charset=utf-8 278.3513ms
2026-05-20 19:38:34.027 +07:00 [INF] Request starting HTTP/1.1 POST http://localhost:5231/api/chatbot/message - application/json 1993
2026-05-20 19:38:34.028 +07:00 [INF] Executing endpoint 'AuraCinema.Web.Controllers.ChatbotController.ProcessMessage (AuraCinema.Web)'
2026-05-20 19:38:34.028 +07:00 [INF] Route matched with {action = "ProcessMessage", controller = "Chatbot", area = ""}. Executing controller action with signature System.Threading.Tasks.Task`1[Microsoft.AspNetCore.Mvc.IActionResult] ProcessMessage(AuraCinema.Domain.Models.Chat.ChatRequest) on controller AuraCinema.Web.Controllers.ChatbotController (AuraCinema.Web).
2026-05-20 19:38:34.030 +07:00 [INF] Start processing HTTP request POST https://generativelanguage.googleapis.com/v1beta/models/gemini-2.5-flash:generateContent?*
2026-05-20 19:38:34.030 +07:00 [INF] Sending HTTP request POST https://generativelanguage.googleapis.com/v1beta/models/gemini-2.5-flash:generateContent?*
2026-05-20 19:38:35.695 +07:00 [INF] Received HTTP response headers after 1665.1644ms - 200
2026-05-20 19:38:35.695 +07:00 [INF] End processing HTTP request after 1665.5682ms - 200
2026-05-20 19:38:35.712 +07:00 [INF] Executing OkObjectResult, writing value of type 'AuraCinema.Domain.Models.Chat.ChatResponse'.
2026-05-20 19:38:35.713 +07:00 [INF] Executed action AuraCinema.Web.Controllers.ChatbotController.ProcessMessage (AuraCinema.Web) in 1684.6012ms
2026-05-20 19:38:35.713 +07:00 [INF] Executed endpoint 'AuraCinema.Web.Controllers.ChatbotController.ProcessMessage (AuraCinema.Web)'
2026-05-20 19:38:35.713 +07:00 [INF] Request finished HTTP/1.1 POST http://localhost:5231/api/chatbot/message - 200 null application/json; charset=utf-8 1685.5804ms
2026-05-20 19:38:46.399 +07:00 [INF] Request starting HTTP/1.1 POST http://localhost:5231/api/chatbot/message - application/json 2216
2026-05-20 19:38:46.399 +07:00 [INF] Executing endpoint 'AuraCinema.Web.Controllers.ChatbotController.ProcessMessage (AuraCinema.Web)'
2026-05-20 19:38:46.399 +07:00 [INF] Route matched with {action = "ProcessMessage", controller = "Chatbot", area = ""}. Executing controller action with signature System.Threading.Tasks.Task`1[Microsoft.AspNetCore.Mvc.IActionResult] ProcessMessage(AuraCinema.Domain.Models.Chat.ChatRequest) on controller AuraCinema.Web.Controllers.ChatbotController (AuraCinema.Web).
2026-05-20 19:38:46.400 +07:00 [INF] Start processing HTTP request POST https://generativelanguage.googleapis.com/v1beta/models/gemini-2.5-flash:generateContent?*
2026-05-20 19:38:46.400 +07:00 [INF] Sending HTTP request POST https://generativelanguage.googleapis.com/v1beta/models/gemini-2.5-flash:generateContent?*
2026-05-20 19:38:48.874 +07:00 [INF] Received HTTP response headers after 2473.3209ms - 200
2026-05-20 19:38:48.874 +07:00 [INF] End processing HTTP request after 2473.7948ms - 200
2026-05-20 19:38:48.884 +07:00 [INF] Executing tool: search_movies with args: {
                "query": "hoạt hình"
              }
2026-05-20 19:38:48.915 +07:00 [INF] Executed DbCommand (9ms) [Parameters=[@__p_1='?' (DbType = Int32), @__query_0_contains='?' (Size = 255), @__query_0_contains_1='?' (Size = 4000)], CommandType='"Text"', CommandTimeout='30']
SELECT TOP(@__p_1) [m].[MovieID], [m].[Title], [m].[Genre], [m].[Duration], [m].[Poster], CASE
    WHEN [m].[Status] = N'Dang chieu' THEN N'Đang chiếu'
    ELSE N'Sắp chiếu'
END AS [Status]
FROM [Movies] AS [m]
WHERE [m].[Status] IN (N'Dang chieu', N'Sap chieu') AND ([m].[Title] LIKE @__query_0_contains ESCAPE N'\' OR [m].[Genre] LIKE @__query_0_contains_1 ESCAPE N'\')
ORDER BY CASE
    WHEN [m].[Status] = N'Dang chieu' THEN CAST(1 AS bit)
    ELSE CAST(0 AS bit)
END DESC, [m].[ReleaseDate] DESC
2026-05-20 19:38:48.916 +07:00 [INF] Start processing HTTP request POST https://generativelanguage.googleapis.com/v1beta/models/gemini-2.5-flash:generateContent?*
2026-05-20 19:38:48.917 +07:00 [INF] Sending HTTP request POST https://generativelanguage.googleapis.com/v1beta/models/gemini-2.5-flash:generateContent?*
2026-05-20 19:38:50.766 +07:00 [INF] Received HTTP response headers after 1849.1392ms - 200
2026-05-20 19:38:50.766 +07:00 [INF] End processing HTTP request after 1849.7219ms - 200
2026-05-20 19:38:50.778 +07:00 [INF] Executing OkObjectResult, writing value of type 'AuraCinema.Domain.Models.Chat.ChatResponse'.
2026-05-20 19:38:50.779 +07:00 [INF] Executed action AuraCinema.Web.Controllers.ChatbotController.ProcessMessage (AuraCinema.Web) in 4379.6078ms
2026-05-20 19:38:50.779 +07:00 [INF] Executed endpoint 'AuraCinema.Web.Controllers.ChatbotController.ProcessMessage (AuraCinema.Web)'
2026-05-20 19:38:50.779 +07:00 [INF] Request finished HTTP/1.1 POST http://localhost:5231/api/chatbot/message - 200 null application/json; charset=utf-8 4380.6234ms
2026-05-20 19:38:58.042 +07:00 [INF] Request starting HTTP/1.1 POST http://localhost:5231/api/chatbot/message - application/json 2476
2026-05-20 19:38:58.043 +07:00 [INF] Executing endpoint 'AuraCinema.Web.Controllers.ChatbotController.ProcessMessage (AuraCinema.Web)'
2026-05-20 19:38:58.043 +07:00 [INF] Route matched with {action = "ProcessMessage", controller = "Chatbot", area = ""}. Executing controller action with signature System.Threading.Tasks.Task`1[Microsoft.AspNetCore.Mvc.IActionResult] ProcessMessage(AuraCinema.Domain.Models.Chat.ChatRequest) on controller AuraCinema.Web.Controllers.ChatbotController (AuraCinema.Web).
2026-05-20 19:38:58.044 +07:00 [INF] Start processing HTTP request POST https://generativelanguage.googleapis.com/v1beta/models/gemini-2.5-flash:generateContent?*
2026-05-20 19:38:58.044 +07:00 [INF] Sending HTTP request POST https://generativelanguage.googleapis.com/v1beta/models/gemini-2.5-flash:generateContent?*
2026-05-20 19:38:59.743 +07:00 [INF] Received HTTP response headers after 1698.7782ms - 200
2026-05-20 19:38:59.743 +07:00 [INF] End processing HTTP request after 1699.3648ms - 200
2026-05-20 19:38:59.759 +07:00 [INF] Executing tool: get_ticket_price with args: {}
2026-05-20 19:38:59.775 +07:00 [INF] Executed DbCommand (2ms) [Parameters=[], CommandType='"Text"', CommandTimeout='30']
SELECT [p].[ConfigID], [p].[ConfigCode], [p].[ConfigName], [p].[ConfigType], [p].[SurchargeAmount]
FROM [PriceConfigs] AS [p]
2026-05-20 19:38:59.845 +07:00 [INF] Start processing HTTP request POST https://generativelanguage.googleapis.com/v1beta/models/gemini-2.5-flash:generateContent?*
2026-05-20 19:38:59.845 +07:00 [INF] Sending HTTP request POST https://generativelanguage.googleapis.com/v1beta/models/gemini-2.5-flash:generateContent?*
2026-05-20 19:39:01.437 +07:00 [INF] Received HTTP response headers after 1591.9824ms - 200
2026-05-20 19:39:01.437 +07:00 [INF] End processing HTTP request after 1592.4717ms - 200
2026-05-20 19:39:01.452 +07:00 [INF] Executing OkObjectResult, writing value of type 'AuraCinema.Domain.Models.Chat.ChatResponse'.
2026-05-20 19:39:01.452 +07:00 [INF] Executed action AuraCinema.Web.Controllers.ChatbotController.ProcessMessage (AuraCinema.Web) in 3409.6606ms
2026-05-20 19:39:01.452 +07:00 [INF] Executed endpoint 'AuraCinema.Web.Controllers.ChatbotController.ProcessMessage (AuraCinema.Web)'
2026-05-20 19:39:01.453 +07:00 [INF] Request finished HTTP/1.1 POST http://localhost:5231/api/chatbot/message - 200 null application/json; charset=utf-8 3410.4602ms
2026-05-20 19:39:01.969 +07:00 [INF] Executed DbCommand (1ms) [Parameters=[], CommandType='"Text"', CommandTimeout='30']
SELECT [o].[OrderID], [o].[FinalAmount], [o].[HoldExpiryTime], [o].[OrderCode], [o].[PayOSTransID], [o].[PromoID], [o].[QrCode], [o].[ShowtimeID], [o].[Status], [o].[TotalAmount], [o].[UserID]
FROM [Orders] AS [o]
WHERE [o].[Status] = N'Chờ thanh toán' AND [o].[HoldExpiryTime] <= GETDATE()
2026-05-20 19:39:01.971 +07:00 [INF] Executed DbCommand (1ms) [Parameters=[@__maxSellingDate_0='?' (DbType = DateTime2), @__now_1='?' (DbType = DateTime2)], CommandType='"Text"', CommandTimeout='30']
SELECT [s].[ShowtimeID], [s].[EndTime], [s].[MovieID], [s].[RoomID], [s].[ShowtimeCode], [s].[StartTime], [s].[Status]
FROM [Showtimes] AS [s]
WHERE [s].[Status] IN (N'Đã lên lịch', N'Sap chieu') AND CONVERT(date, [s].[StartTime]) <= @__maxSellingDate_0 AND [s].[StartTime] > @__now_1
2026-05-20 19:39:01.972 +07:00 [INF] Executed DbCommand (1ms) [Parameters=[@__now_0='?' (DbType = DateTime2)], CommandType='"Text"', CommandTimeout='30']
SELECT [s].[ShowtimeID], [s].[EndTime], [s].[MovieID], [s].[RoomID], [s].[ShowtimeCode], [s].[StartTime], [s].[Status]
FROM [Showtimes] AS [s]
WHERE [s].[Status] IN (N'Đã lên lịch', N'Đang mở bán', N'Sap chieu') AND [s].[StartTime] <= @__now_0 AND [s].[EndTime] > @__now_0
2026-05-20 19:39:01.974 +07:00 [INF] Executed DbCommand (1ms) [Parameters=[@__now_0='?' (DbType = DateTime2)], CommandType='"Text"', CommandTimeout='30']
SELECT [s].[ShowtimeID], [s].[EndTime], [s].[MovieID], [s].[RoomID], [s].[ShowtimeCode], [s].[StartTime], [s].[Status]
FROM [Showtimes] AS [s]
WHERE [s].[Status] IN (N'Đã lên lịch', N'Đang mở bán', N'Đang chiếu', N'Sap chieu', N'Dang dien ra') AND [s].[EndTime] <= @__now_0
2026-05-20 19:39:09.437 +07:00 [INF] Request starting HTTP/1.1 POST http://localhost:5231/api/chatbot/message - application/json 2896
2026-05-20 19:39:09.437 +07:00 [INF] Executing endpoint 'AuraCinema.Web.Controllers.ChatbotController.ProcessMessage (AuraCinema.Web)'
2026-05-20 19:39:09.437 +07:00 [INF] Route matched with {action = "ProcessMessage", controller = "Chatbot", area = ""}. Executing controller action with signature System.Threading.Tasks.Task`1[Microsoft.AspNetCore.Mvc.IActionResult] ProcessMessage(AuraCinema.Domain.Models.Chat.ChatRequest) on controller AuraCinema.Web.Controllers.ChatbotController (AuraCinema.Web).
2026-05-20 19:39:09.437 +07:00 [INF] Start processing HTTP request POST https://generativelanguage.googleapis.com/v1beta/models/gemini-2.5-flash:generateContent?*
2026-05-20 19:39:09.437 +07:00 [INF] Sending HTTP request POST https://generativelanguage.googleapis.com/v1beta/models/gemini-2.5-flash:generateContent?*
2026-05-20 19:39:11.275 +07:00 [INF] Received HTTP response headers after 1837.5878ms - 200
2026-05-20 19:39:11.275 +07:00 [INF] End processing HTTP request after 1837.8424ms - 200
2026-05-20 19:39:11.289 +07:00 [INF] Executing OkObjectResult, writing value of type 'AuraCinema.Domain.Models.Chat.ChatResponse'.
2026-05-20 19:39:11.289 +07:00 [INF] Executed action AuraCinema.Web.Controllers.ChatbotController.ProcessMessage (AuraCinema.Web) in 1852.3943ms
2026-05-20 19:39:11.289 +07:00 [INF] Executed endpoint 'AuraCinema.Web.Controllers.ChatbotController.ProcessMessage (AuraCinema.Web)'
2026-05-20 19:39:11.290 +07:00 [INF] Request finished HTTP/1.1 POST http://localhost:5231/api/chatbot/message - 200 null application/json; charset=utf-8 1853.336ms
2026-05-20 19:39:30.799 +07:00 [INF] Request starting HTTP/1.1 POST http://localhost:5231/api/chatbot/message - application/json 2888
2026-05-20 19:39:30.799 +07:00 [INF] Executing endpoint 'AuraCinema.Web.Controllers.ChatbotController.ProcessMessage (AuraCinema.Web)'
2026-05-20 19:39:30.800 +07:00 [INF] Route matched with {action = "ProcessMessage", controller = "Chatbot", area = ""}. Executing controller action with signature System.Threading.Tasks.Task`1[Microsoft.AspNetCore.Mvc.IActionResult] ProcessMessage(AuraCinema.Domain.Models.Chat.ChatRequest) on controller AuraCinema.Web.Controllers.ChatbotController (AuraCinema.Web).
2026-05-20 19:39:30.801 +07:00 [INF] Start processing HTTP request POST https://generativelanguage.googleapis.com/v1beta/models/gemini-2.5-flash:generateContent?*
2026-05-20 19:39:30.801 +07:00 [INF] Sending HTTP request POST https://generativelanguage.googleapis.com/v1beta/models/gemini-2.5-flash:generateContent?*
2026-05-20 19:39:34.936 +07:00 [INF] Received HTTP response headers after 4135.6768ms - 200
2026-05-20 19:39:34.937 +07:00 [INF] End processing HTTP request after 4136.1825ms - 200
2026-05-20 19:39:34.941 +07:00 [INF] Executing OkObjectResult, writing value of type 'AuraCinema.Domain.Models.Chat.ChatResponse'.
2026-05-20 19:39:34.941 +07:00 [INF] Executed action AuraCinema.Web.Controllers.ChatbotController.ProcessMessage (AuraCinema.Web) in 4142.0712ms
2026-05-20 19:39:34.941 +07:00 [INF] Executed endpoint 'AuraCinema.Web.Controllers.ChatbotController.ProcessMessage (AuraCinema.Web)'
2026-05-20 19:39:34.941 +07:00 [INF] Request finished HTTP/1.1 POST http://localhost:5231/api/chatbot/message - 200 null application/json; charset=utf-8 4142.8175ms
2026-05-20 19:40:01.977 +07:00 [INF] Executed DbCommand (1ms) [Parameters=[], CommandType='"Text"', CommandTimeout='30']
SELECT [o].[OrderID], [o].[FinalAmount], [o].[HoldExpiryTime], [o].[OrderCode], [o].[PayOSTransID], [o].[PromoID], [o].[QrCode], [o].[ShowtimeID], [o].[Status], [o].[TotalAmount], [o].[UserID]
FROM [Orders] AS [o]
WHERE [o].[Status] = N'Chờ thanh toán' AND [o].[HoldExpiryTime] <= GETDATE()
2026-05-20 19:40:01.979 +07:00 [INF] Executed DbCommand (1ms) [Parameters=[@__maxSellingDate_0='?' (DbType = DateTime2), @__now_1='?' (DbType = DateTime2)], CommandType='"Text"', CommandTimeout='30']
SELECT [s].[ShowtimeID], [s].[EndTime], [s].[MovieID], [s].[RoomID], [s].[ShowtimeCode], [s].[StartTime], [s].[Status]
FROM [Showtimes] AS [s]
WHERE [s].[Status] IN (N'Đã lên lịch', N'Sap chieu') AND CONVERT(date, [s].[StartTime]) <= @__maxSellingDate_0 AND [s].[StartTime] > @__now_1
2026-05-20 19:40:01.980 +07:00 [INF] Executed DbCommand (1ms) [Parameters=[@__now_0='?' (DbType = DateTime2)], CommandType='"Text"', CommandTimeout='30']
SELECT [s].[ShowtimeID], [s].[EndTime], [s].[MovieID], [s].[RoomID], [s].[ShowtimeCode], [s].[StartTime], [s].[Status]
FROM [Showtimes] AS [s]
WHERE [s].[Status] IN (N'Đã lên lịch', N'Đang mở bán', N'Sap chieu') AND [s].[StartTime] <= @__now_0 AND [s].[EndTime] > @__now_0
2026-05-20 19:40:01.981 +07:00 [INF] Executed DbCommand (1ms) [Parameters=[@__now_0='?' (DbType = DateTime2)], CommandType='"Text"', CommandTimeout='30']
SELECT [s].[ShowtimeID], [s].[EndTime], [s].[MovieID], [s].[RoomID], [s].[ShowtimeCode], [s].[StartTime], [s].[Status]
FROM [Showtimes] AS [s]
WHERE [s].[Status] IN (N'Đã lên lịch', N'Đang mở bán', N'Đang chiếu', N'Sap chieu', N'Dang dien ra') AND [s].[EndTime] <= @__now_0
2026-05-20 19:41:01.989 +07:00 [INF] Executed DbCommand (1ms) [Parameters=[], CommandType='"Text"', CommandTimeout='30']
SELECT [o].[OrderID], [o].[FinalAmount], [o].[HoldExpiryTime], [o].[OrderCode], [o].[PayOSTransID], [o].[PromoID], [o].[QrCode], [o].[ShowtimeID], [o].[Status], [o].[TotalAmount], [o].[UserID]
FROM [Orders] AS [o]
WHERE [o].[Status] = N'Chờ thanh toán' AND [o].[HoldExpiryTime] <= GETDATE()
2026-05-20 19:41:01.991 +07:00 [INF] Executed DbCommand (0ms) [Parameters=[@__maxSellingDate_0='?' (DbType = DateTime2), @__now_1='?' (DbType = DateTime2)], CommandType='"Text"', CommandTimeout='30']
SELECT [s].[ShowtimeID], [s].[EndTime], [s].[MovieID], [s].[RoomID], [s].[ShowtimeCode], [s].[StartTime], [s].[Status]
FROM [Showtimes] AS [s]
WHERE [s].[Status] IN (N'Đã lên lịch', N'Sap chieu') AND CONVERT(date, [s].[StartTime]) <= @__maxSellingDate_0 AND [s].[StartTime] > @__now_1
2026-05-20 19:41:01.992 +07:00 [INF] Executed DbCommand (1ms) [Parameters=[@__now_0='?' (DbType = DateTime2)], CommandType='"Text"', CommandTimeout='30']
SELECT [s].[ShowtimeID], [s].[EndTime], [s].[MovieID], [s].[RoomID], [s].[ShowtimeCode], [s].[StartTime], [s].[Status]
FROM [Showtimes] AS [s]
WHERE [s].[Status] IN (N'Đã lên lịch', N'Đang mở bán', N'Sap chieu') AND [s].[StartTime] <= @__now_0 AND [s].[EndTime] > @__now_0
2026-05-20 19:41:01.993 +07:00 [INF] Executed DbCommand (0ms) [Parameters=[@__now_0='?' (DbType = DateTime2)], CommandType='"Text"', CommandTimeout='30']
SELECT [s].[ShowtimeID], [s].[EndTime], [s].[MovieID], [s].[RoomID], [s].[ShowtimeCode], [s].[StartTime], [s].[Status]
FROM [Showtimes] AS [s]
WHERE [s].[Status] IN (N'Đã lên lịch', N'Đang mở bán', N'Đang chiếu', N'Sap chieu', N'Dang dien ra') AND [s].[EndTime] <= @__now_0
2026-05-20 19:41:26.639 +07:00 [INF] Request starting HTTP/1.1 POST http://localhost:5231/api/chatbot/message - application/json 2971
2026-05-20 19:41:26.639 +07:00 [INF] Executing endpoint 'AuraCinema.Web.Controllers.ChatbotController.ProcessMessage (AuraCinema.Web)'
2026-05-20 19:41:26.639 +07:00 [INF] Route matched with {action = "ProcessMessage", controller = "Chatbot", area = ""}. Executing controller action with signature System.Threading.Tasks.Task`1[Microsoft.AspNetCore.Mvc.IActionResult] ProcessMessage(AuraCinema.Domain.Models.Chat.ChatRequest) on controller AuraCinema.Web.Controllers.ChatbotController (AuraCinema.Web).
2026-05-20 19:41:26.640 +07:00 [INF] Start processing HTTP request POST https://generativelanguage.googleapis.com/v1beta/models/gemini-2.5-flash:generateContent?*
2026-05-20 19:41:26.640 +07:00 [INF] Sending HTTP request POST https://generativelanguage.googleapis.com/v1beta/models/gemini-2.5-flash:generateContent?*
2026-05-20 19:41:27.719 +07:00 [INF] Received HTTP response headers after 1078.9708ms - 503
2026-05-20 19:41:27.719 +07:00 [INF] End processing HTTP request after 1079.3302ms - 503
2026-05-20 19:41:27.729 +07:00 [ERR] Gemini API error: "ServiceUnavailable" - {
  "error": {
    "code": 503,
    "message": "This model is currently experiencing high demand. Spikes in demand are usually temporary. Please try again later.",
    "status": "UNAVAILABLE"
  }
}

2026-05-20 19:41:27.729 +07:00 [INF] Executing OkObjectResult, writing value of type 'AuraCinema.Domain.Models.Chat.ChatResponse'.
2026-05-20 19:41:27.729 +07:00 [INF] Executed action AuraCinema.Web.Controllers.ChatbotController.ProcessMessage (AuraCinema.Web) in 1089.9659ms
2026-05-20 19:41:27.729 +07:00 [INF] Executed endpoint 'AuraCinema.Web.Controllers.ChatbotController.ProcessMessage (AuraCinema.Web)'
2026-05-20 19:41:27.729 +07:00 [INF] Request finished HTTP/1.1 POST http://localhost:5231/api/chatbot/message - 200 null application/json; charset=utf-8 1090.4745ms
2026-05-20 19:42:00.012 +07:00 [INF] Request starting HTTP/1.1 POST http://localhost:5231/api/chatbot/message - application/json 2941
2026-05-20 19:42:00.012 +07:00 [INF] Executing endpoint 'AuraCinema.Web.Controllers.ChatbotController.ProcessMessage (AuraCinema.Web)'
2026-05-20 19:42:00.012 +07:00 [INF] Route matched with {action = "ProcessMessage", controller = "Chatbot", area = ""}. Executing controller action with signature System.Threading.Tasks.Task`1[Microsoft.AspNetCore.Mvc.IActionResult] ProcessMessage(AuraCinema.Domain.Models.Chat.ChatRequest) on controller AuraCinema.Web.Controllers.ChatbotController (AuraCinema.Web).
2026-05-20 19:42:00.013 +07:00 [INF] Start processing HTTP request POST https://generativelanguage.googleapis.com/v1beta/models/gemini-2.5-flash:generateContent?*
2026-05-20 19:42:00.013 +07:00 [INF] Sending HTTP request POST https://generativelanguage.googleapis.com/v1beta/models/gemini-2.5-flash:generateContent?*
2026-05-20 19:42:01.241 +07:00 [INF] Received HTTP response headers after 1227.9657ms - 503
2026-05-20 19:42:01.242 +07:00 [INF] End processing HTTP request after 1228.3522ms - 503
2026-05-20 19:42:01.247 +07:00 [ERR] Gemini API error: "ServiceUnavailable" - {
  "error": {
    "code": 503,
    "message": "This model is currently experiencing high demand. Spikes in demand are usually temporary. Please try again later.",
    "status": "UNAVAILABLE"
  }
}

2026-05-20 19:42:01.248 +07:00 [INF] Executing OkObjectResult, writing value of type 'AuraCinema.Domain.Models.Chat.ChatResponse'.
2026-05-20 19:42:01.248 +07:00 [INF] Executed action AuraCinema.Web.Controllers.ChatbotController.ProcessMessage (AuraCinema.Web) in 1235.6878ms
2026-05-20 19:42:01.248 +07:00 [INF] Executed endpoint 'AuraCinema.Web.Controllers.ChatbotController.ProcessMessage (AuraCinema.Web)'
2026-05-20 19:42:01.248 +07:00 [INF] Request finished HTTP/1.1 POST http://localhost:5231/api/chatbot/message - 200 null application/json; charset=utf-8 1236.5553ms
2026-05-20 19:42:01.991 +07:00 [INF] Executed DbCommand (1ms) [Parameters=[], CommandType='"Text"', CommandTimeout='30']
SELECT [o].[OrderID], [o].[FinalAmount], [o].[HoldExpiryTime], [o].[OrderCode], [o].[PayOSTransID], [o].[PromoID], [o].[QrCode], [o].[ShowtimeID], [o].[Status], [o].[TotalAmount], [o].[UserID]
FROM [Orders] AS [o]
WHERE [o].[Status] = N'Chờ thanh toán' AND [o].[HoldExpiryTime] <= GETDATE()
2026-05-20 19:42:01.993 +07:00 [INF] Executed DbCommand (1ms) [Parameters=[@__maxSellingDate_0='?' (DbType = DateTime2), @__now_1='?' (DbType = DateTime2)], CommandType='"Text"', CommandTimeout='30']
SELECT [s].[ShowtimeID], [s].[EndTime], [s].[MovieID], [s].[RoomID], [s].[ShowtimeCode], [s].[StartTime], [s].[Status]
FROM [Showtimes] AS [s]
WHERE [s].[Status] IN (N'Đã lên lịch', N'Sap chieu') AND CONVERT(date, [s].[StartTime]) <= @__maxSellingDate_0 AND [s].[StartTime] > @__now_1
2026-05-20 19:42:01.994 +07:00 [INF] Executed DbCommand (0ms) [Parameters=[@__now_0='?' (DbType = DateTime2)], CommandType='"Text"', CommandTimeout='30']
SELECT [s].[ShowtimeID], [s].[EndTime], [s].[MovieID], [s].[RoomID], [s].[ShowtimeCode], [s].[StartTime], [s].[Status]
FROM [Showtimes] AS [s]
WHERE [s].[Status] IN (N'Đã lên lịch', N'Đang mở bán', N'Sap chieu') AND [s].[StartTime] <= @__now_0 AND [s].[EndTime] > @__now_0
2026-05-20 19:42:01.995 +07:00 [INF] Executed DbCommand (0ms) [Parameters=[@__now_0='?' (DbType = DateTime2)], CommandType='"Text"', CommandTimeout='30']
SELECT [s].[ShowtimeID], [s].[EndTime], [s].[MovieID], [s].[RoomID], [s].[ShowtimeCode], [s].[StartTime], [s].[Status]
FROM [Showtimes] AS [s]
WHERE [s].[Status] IN (N'Đã lên lịch', N'Đang mở bán', N'Đang chiếu', N'Sap chieu', N'Dang dien ra') AND [s].[EndTime] <= @__now_0
2026-05-20 19:43:01.993 +07:00 [INF] Executed DbCommand (1ms) [Parameters=[], CommandType='"Text"', CommandTimeout='30']
SELECT [o].[OrderID], [o].[FinalAmount], [o].[HoldExpiryTime], [o].[OrderCode], [o].[PayOSTransID], [o].[PromoID], [o].[QrCode], [o].[ShowtimeID], [o].[Status], [o].[TotalAmount], [o].[UserID]
FROM [Orders] AS [o]
WHERE [o].[Status] = N'Chờ thanh toán' AND [o].[HoldExpiryTime] <= GETDATE()
2026-05-20 19:43:01.996 +07:00 [INF] Executed DbCommand (1ms) [Parameters=[@__maxSellingDate_0='?' (DbType = DateTime2), @__now_1='?' (DbType = DateTime2)], CommandType='"Text"', CommandTimeout='30']
SELECT [s].[ShowtimeID], [s].[EndTime], [s].[MovieID], [s].[RoomID], [s].[ShowtimeCode], [s].[StartTime], [s].[Status]
FROM [Showtimes] AS [s]
WHERE [s].[Status] IN (N'Đã lên lịch', N'Sap chieu') AND CONVERT(date, [s].[StartTime]) <= @__maxSellingDate_0 AND [s].[StartTime] > @__now_1
2026-05-20 19:43:01.998 +07:00 [INF] Executed DbCommand (1ms) [Parameters=[@__now_0='?' (DbType = DateTime2)], CommandType='"Text"', CommandTimeout='30']
SELECT [s].[ShowtimeID], [s].[EndTime], [s].[MovieID], [s].[RoomID], [s].[ShowtimeCode], [s].[StartTime], [s].[Status]
FROM [Showtimes] AS [s]
WHERE [s].[Status] IN (N'Đã lên lịch', N'Đang mở bán', N'Sap chieu') AND [s].[StartTime] <= @__now_0 AND [s].[EndTime] > @__now_0
2026-05-20 19:43:01.999 +07:00 [INF] Executed DbCommand (1ms) [Parameters=[@__now_0='?' (DbType = DateTime2)], CommandType='"Text"', CommandTimeout='30']
SELECT [s].[ShowtimeID], [s].[EndTime], [s].[MovieID], [s].[RoomID], [s].[ShowtimeCode], [s].[StartTime], [s].[Status]
FROM [Showtimes] AS [s]
WHERE [s].[Status] IN (N'Đã lên lịch', N'Đang mở bán', N'Đang chiếu', N'Sap chieu', N'Dang dien ra') AND [s].[EndTime] <= @__now_0
2026-05-20 19:43:47.284 +07:00 [INF] Request starting HTTP/1.1 GET http://localhost:5231/ - null null
2026-05-20 19:43:47.284 +07:00 [INF] Executing endpoint 'AuraCinema.Web.Controllers.HomeController.Index (AuraCinema.Web)'
2026-05-20 19:43:47.285 +07:00 [INF] Route matched with {action = "Index", controller = "Home", area = ""}. Executing controller action with signature System.Threading.Tasks.Task`1[Microsoft.AspNetCore.Mvc.IActionResult] Index() on controller AuraCinema.Web.Controllers.HomeController (AuraCinema.Web).
2026-05-20 19:43:47.287 +07:00 [INF] Executed DbCommand (1ms) [Parameters=[], CommandType='"Text"', CommandTimeout='30']
SELECT [m].[MovieID], [m].[Title], [m].[Genre], [m].[Poster], [m].[Duration], [m].[Status], [m].[ReleaseDate], [m].[Director]
FROM [Movies] AS [m]
WHERE [m].[Status] IN (N'Dang chieu', N'Sap chieu')
ORDER BY [m].[ReleaseDate] DESC
2026-05-20 19:43:47.288 +07:00 [INF] Executing ViewResult, running view Index.
2026-05-20 19:43:47.293 +07:00 [INF] Executed ViewResult - view Index executed in 5.7335ms.
2026-05-20 19:43:47.294 +07:00 [INF] Executed action AuraCinema.Web.Controllers.HomeController.Index (AuraCinema.Web) in 8.9342ms
2026-05-20 19:43:47.294 +07:00 [INF] Executed endpoint 'AuraCinema.Web.Controllers.HomeController.Index (AuraCinema.Web)'
2026-05-20 19:43:47.294 +07:00 [INF] Request finished HTTP/1.1 GET http://localhost:5231/ - 200 null text/html; charset=utf-8 9.6934ms
2026-05-20 19:43:47.335 +07:00 [INF] Request starting HTTP/1.1 GET http://localhost:5231/css/chatbot.css?v=r2u6L0FAOMDC4s9aPw1MZX42JGlCVETX6XZ-jz-lAOo - null null
2026-05-20 19:43:47.335 +07:00 [INF] The file /css/chatbot.css was not modified
2026-05-20 19:43:47.335 +07:00 [INF] Request finished HTTP/1.1 GET http://localhost:5231/css/chatbot.css?v=r2u6L0FAOMDC4s9aPw1MZX42JGlCVETX6XZ-jz-lAOo - 304 null text/css 0.5575ms
2026-05-20 19:43:47.349 +07:00 [INF] Request starting HTTP/1.1 GET http://localhost:5231/js/chatbot.js?v=8SI7bVlT6PU6wvsevg8vnDYC-FsacmaWRIf4XPwosNE - null null
2026-05-20 19:43:47.349 +07:00 [INF] The file /js/chatbot.js was not modified
2026-05-20 19:43:47.349 +07:00 [INF] Request finished HTTP/1.1 GET http://localhost:5231/js/chatbot.js?v=8SI7bVlT6PU6wvsevg8vnDYC-FsacmaWRIf4XPwosNE - 304 null text/javascript 0.5007ms
2026-05-20 19:43:51.122 +07:00 [INF] Request starting HTTP/1.1 POST http://localhost:5231/api/chatbot/message - application/json 91
2026-05-20 19:43:51.122 +07:00 [INF] Executing endpoint 'AuraCinema.Web.Controllers.ChatbotController.ProcessMessage (AuraCinema.Web)'
2026-05-20 19:43:51.122 +07:00 [INF] Route matched with {action = "ProcessMessage", controller = "Chatbot", area = ""}. Executing controller action with signature System.Threading.Tasks.Task`1[Microsoft.AspNetCore.Mvc.IActionResult] ProcessMessage(AuraCinema.Domain.Models.Chat.ChatRequest) on controller AuraCinema.Web.Controllers.ChatbotController (AuraCinema.Web).
2026-05-20 19:43:51.123 +07:00 [INF] Start processing HTTP request POST https://generativelanguage.googleapis.com/v1beta/models/gemini-1.5-flash:generateContent?*
2026-05-20 19:43:51.123 +07:00 [INF] Sending HTTP request POST https://generativelanguage.googleapis.com/v1beta/models/gemini-1.5-flash:generateContent?*
2026-05-20 19:43:51.303 +07:00 [INF] Received HTTP response headers after 179.9907ms - 404
2026-05-20 19:43:51.303 +07:00 [INF] End processing HTTP request after 180.3254ms - 404
2026-05-20 19:43:51.307 +07:00 [ERR] Gemini API error: "NotFound" - {
  "error": {
    "code": 404,
    "message": "models/gemini-1.5-flash is not found for API version v1beta, or is not supported for generateContent. Call ModelService.ListModels to see the list of available models and their supported methods.",
    "status": "NOT_FOUND"
  }
}

2026-05-20 19:43:51.307 +07:00 [INF] Executing OkObjectResult, writing value of type 'AuraCinema.Domain.Models.Chat.ChatResponse'.
2026-05-20 19:43:51.308 +07:00 [INF] Executed action AuraCinema.Web.Controllers.ChatbotController.ProcessMessage (AuraCinema.Web) in 185.618ms
2026-05-20 19:43:51.308 +07:00 [INF] Executed endpoint 'AuraCinema.Web.Controllers.ChatbotController.ProcessMessage (AuraCinema.Web)'
2026-05-20 19:43:51.308 +07:00 [INF] Request finished HTTP/1.1 POST http://localhost:5231/api/chatbot/message - 200 null application/json; charset=utf-8 186.5241ms
2026-05-20 19:43:52.892 +07:00 [INF] Request starting HTTP/1.1 POST http://localhost:5231/api/chatbot/message - application/json 264
2026-05-20 19:43:52.893 +07:00 [INF] Executing endpoint 'AuraCinema.Web.Controllers.ChatbotController.ProcessMessage (AuraCinema.Web)'
2026-05-20 19:43:52.893 +07:00 [INF] Route matched with {action = "ProcessMessage", controller = "Chatbot", area = ""}. Executing controller action with signature System.Threading.Tasks.Task`1[Microsoft.AspNetCore.Mvc.IActionResult] ProcessMessage(AuraCinema.Domain.Models.Chat.ChatRequest) on controller AuraCinema.Web.Controllers.ChatbotController (AuraCinema.Web).
2026-05-20 19:43:52.893 +07:00 [INF] Start processing HTTP request POST https://generativelanguage.googleapis.com/v1beta/models/gemini-1.5-flash:generateContent?*
2026-05-20 19:43:52.893 +07:00 [INF] Sending HTTP request POST https://generativelanguage.googleapis.com/v1beta/models/gemini-1.5-flash:generateContent?*
2026-05-20 19:43:52.996 +07:00 [INF] Received HTTP response headers after 102.36ms - 404
2026-05-20 19:43:52.996 +07:00 [INF] End processing HTTP request after 102.6511ms - 404
2026-05-20 19:43:53.000 +07:00 [ERR] Gemini API error: "NotFound" - {
  "error": {
    "code": 404,
    "message": "models/gemini-1.5-flash is not found for API version v1beta, or is not supported for generateContent. Call ModelService.ListModels to see the list of available models and their supported methods.",
    "status": "NOT_FOUND"
  }
}

2026-05-20 19:43:53.000 +07:00 [INF] Executing OkObjectResult, writing value of type 'AuraCinema.Domain.Models.Chat.ChatResponse'.
2026-05-20 19:43:53.001 +07:00 [INF] Executed action AuraCinema.Web.Controllers.ChatbotController.ProcessMessage (AuraCinema.Web) in 107.8904ms
2026-05-20 19:43:53.001 +07:00 [INF] Executed endpoint 'AuraCinema.Web.Controllers.ChatbotController.ProcessMessage (AuraCinema.Web)'
2026-05-20 19:43:53.001 +07:00 [INF] Request finished HTTP/1.1 POST http://localhost:5231/api/chatbot/message - 200 null application/json; charset=utf-8 108.4853ms
2026-05-20 19:43:54.293 +07:00 [INF] Request starting HTTP/1.1 POST http://localhost:5231/api/chatbot/message - application/json 406
2026-05-20 19:43:54.294 +07:00 [INF] Executing endpoint 'AuraCinema.Web.Controllers.ChatbotController.ProcessMessage (AuraCinema.Web)'
2026-05-20 19:43:54.294 +07:00 [INF] Route matched with {action = "ProcessMessage", controller = "Chatbot", area = ""}. Executing controller action with signature System.Threading.Tasks.Task`1[Microsoft.AspNetCore.Mvc.IActionResult] ProcessMessage(AuraCinema.Domain.Models.Chat.ChatRequest) on controller AuraCinema.Web.Controllers.ChatbotController (AuraCinema.Web).
2026-05-20 19:43:54.294 +07:00 [INF] Start processing HTTP request POST https://generativelanguage.googleapis.com/v1beta/models/gemini-1.5-flash:generateContent?*
2026-05-20 19:43:54.295 +07:00 [INF] Sending HTTP request POST https://generativelanguage.googleapis.com/v1beta/models/gemini-1.5-flash:generateContent?*
2026-05-20 19:43:54.395 +07:00 [INF] Received HTTP response headers after 100.047ms - 404
2026-05-20 19:43:54.395 +07:00 [INF] End processing HTTP request after 100.3283ms - 404
2026-05-20 19:43:54.402 +07:00 [ERR] Gemini API error: "NotFound" - {
  "error": {
    "code": 404,
    "message": "models/gemini-1.5-flash is not found for API version v1beta, or is not supported for generateContent. Call ModelService.ListModels to see the list of available models and their supported methods.",
    "status": "NOT_FOUND"
  }
}

2026-05-20 19:43:54.402 +07:00 [INF] Executing OkObjectResult, writing value of type 'AuraCinema.Domain.Models.Chat.ChatResponse'.
2026-05-20 19:43:54.402 +07:00 [INF] Executed action AuraCinema.Web.Controllers.ChatbotController.ProcessMessage (AuraCinema.Web) in 108.6477ms
2026-05-20 19:43:54.402 +07:00 [INF] Executed endpoint 'AuraCinema.Web.Controllers.ChatbotController.ProcessMessage (AuraCinema.Web)'
2026-05-20 19:43:54.403 +07:00 [INF] Request finished HTTP/1.1 POST http://localhost:5231/api/chatbot/message - 200 null application/json; charset=utf-8 109.2129ms
2026-05-20 19:43:59.075 +07:00 [INF] Request starting HTTP/1.1 GET http://localhost:5231/ - null null
2026-05-20 19:43:59.075 +07:00 [INF] Executing endpoint 'AuraCinema.Web.Controllers.HomeController.Index (AuraCinema.Web)'
2026-05-20 19:43:59.076 +07:00 [INF] Route matched with {action = "Index", controller = "Home", area = ""}. Executing controller action with signature System.Threading.Tasks.Task`1[Microsoft.AspNetCore.Mvc.IActionResult] Index() on controller AuraCinema.Web.Controllers.HomeController (AuraCinema.Web).
2026-05-20 19:43:59.078 +07:00 [INF] Executed DbCommand (1ms) [Parameters=[], CommandType='"Text"', CommandTimeout='30']
SELECT [m].[MovieID], [m].[Title], [m].[Genre], [m].[Poster], [m].[Duration], [m].[Status], [m].[ReleaseDate], [m].[Director]
FROM [Movies] AS [m]
WHERE [m].[Status] IN (N'Dang chieu', N'Sap chieu')
ORDER BY [m].[ReleaseDate] DESC
2026-05-20 19:43:59.078 +07:00 [INF] Executing ViewResult, running view Index.
2026-05-20 19:43:59.080 +07:00 [INF] Executed ViewResult - view Index executed in 2.1332ms.
2026-05-20 19:43:59.080 +07:00 [INF] Executed action AuraCinema.Web.Controllers.HomeController.Index (AuraCinema.Web) in 4.7704ms
2026-05-20 19:43:59.080 +07:00 [INF] Executed endpoint 'AuraCinema.Web.Controllers.HomeController.Index (AuraCinema.Web)'
2026-05-20 19:43:59.081 +07:00 [INF] Request finished HTTP/1.1 GET http://localhost:5231/ - 200 null text/html; charset=utf-8 5.4975ms
2026-05-20 19:44:02.008 +07:00 [INF] Executed DbCommand (1ms) [Parameters=[], CommandType='"Text"', CommandTimeout='30']
SELECT [o].[OrderID], [o].[FinalAmount], [o].[HoldExpiryTime], [o].[OrderCode], [o].[PayOSTransID], [o].[PromoID], [o].[QrCode], [o].[ShowtimeID], [o].[Status], [o].[TotalAmount], [o].[UserID]
FROM [Orders] AS [o]
WHERE [o].[Status] = N'Chờ thanh toán' AND [o].[HoldExpiryTime] <= GETDATE()
2026-05-20 19:44:02.010 +07:00 [INF] Executed DbCommand (0ms) [Parameters=[@__maxSellingDate_0='?' (DbType = DateTime2), @__now_1='?' (DbType = DateTime2)], CommandType='"Text"', CommandTimeout='30']
SELECT [s].[ShowtimeID], [s].[EndTime], [s].[MovieID], [s].[RoomID], [s].[ShowtimeCode], [s].[StartTime], [s].[Status]
FROM [Showtimes] AS [s]
WHERE [s].[Status] IN (N'Đã lên lịch', N'Sap chieu') AND CONVERT(date, [s].[StartTime]) <= @__maxSellingDate_0 AND [s].[StartTime] > @__now_1
2026-05-20 19:44:02.011 +07:00 [INF] Executed DbCommand (0ms) [Parameters=[@__now_0='?' (DbType = DateTime2)], CommandType='"Text"', CommandTimeout='30']
SELECT [s].[ShowtimeID], [s].[EndTime], [s].[MovieID], [s].[RoomID], [s].[ShowtimeCode], [s].[StartTime], [s].[Status]
FROM [Showtimes] AS [s]
WHERE [s].[Status] IN (N'Đã lên lịch', N'Đang mở bán', N'Sap chieu') AND [s].[StartTime] <= @__now_0 AND [s].[EndTime] > @__now_0
2026-05-20 19:44:02.012 +07:00 [INF] Executed DbCommand (0ms) [Parameters=[@__now_0='?' (DbType = DateTime2)], CommandType='"Text"', CommandTimeout='30']
SELECT [s].[ShowtimeID], [s].[EndTime], [s].[MovieID], [s].[RoomID], [s].[ShowtimeCode], [s].[StartTime], [s].[Status]
FROM [Showtimes] AS [s]
WHERE [s].[Status] IN (N'Đã lên lịch', N'Đang mở bán', N'Đang chiếu', N'Sap chieu', N'Dang dien ra') AND [s].[EndTime] <= @__now_0
2026-05-20 19:44:03.188 +07:00 [INF] Request starting HTTP/1.1 GET http://localhost:5231/Account/Login - null null
2026-05-20 19:44:03.189 +07:00 [INF] Executing endpoint 'AuraCinema.Web.Controllers.AccountController.Login (AuraCinema.Web)'
2026-05-20 19:44:03.194 +07:00 [INF] Route matched with {action = "Login", controller = "Account", area = ""}. Executing controller action with signature Microsoft.AspNetCore.Mvc.IActionResult Login(System.String) on controller AuraCinema.Web.Controllers.AccountController (AuraCinema.Web).
2026-05-20 19:44:03.199 +07:00 [INF] Executing ViewResult, running view Login.
2026-05-20 19:44:03.255 +07:00 [INF] Executed ViewResult - view Login executed in 59.3918ms.
2026-05-20 19:44:03.255 +07:00 [INF] Executed action AuraCinema.Web.Controllers.AccountController.Login (AuraCinema.Web) in 61.6476ms
2026-05-20 19:44:03.256 +07:00 [INF] Executed endpoint 'AuraCinema.Web.Controllers.AccountController.Login (AuraCinema.Web)'
2026-05-20 19:44:03.256 +07:00 [INF] Request finished HTTP/1.1 GET http://localhost:5231/Account/Login - 200 null text/html; charset=utf-8 67.3802ms
2026-05-20 19:44:03.289 +07:00 [INF] Request starting HTTP/1.1 GET http://localhost:5231/lib/jquery-validation/dist/jquery.validate.min.js - null null
2026-05-20 19:44:03.289 +07:00 [INF] The file /lib/jquery-validation/dist/jquery.validate.min.js was not modified
2026-05-20 19:44:03.290 +07:00 [INF] Request finished HTTP/1.1 GET http://localhost:5231/lib/jquery-validation/dist/jquery.validate.min.js - 304 null text/javascript 0.5615ms
2026-05-20 19:44:03.291 +07:00 [INF] Request starting HTTP/1.1 GET http://localhost:5231/lib/jquery-validation-unobtrusive/dist/jquery.validate.unobtrusive.min.js - null null
2026-05-20 19:44:03.291 +07:00 [INF] The file /lib/jquery-validation-unobtrusive/dist/jquery.validate.unobtrusive.min.js was not modified
2026-05-20 19:44:03.291 +07:00 [INF] Request finished HTTP/1.1 GET http://localhost:5231/lib/jquery-validation-unobtrusive/dist/jquery.validate.unobtrusive.min.js - 304 null text/javascript 0.5777ms
2026-05-20 19:44:07.772 +07:00 [INF] Request starting HTTP/1.1 POST http://localhost:5231/Account/Login - application/x-www-form-urlencoded 244
2026-05-20 19:44:07.775 +07:00 [INF] Executing endpoint 'AuraCinema.Web.Controllers.AccountController.Login (AuraCinema.Web)'
2026-05-20 19:44:07.781 +07:00 [INF] Route matched with {action = "Login", controller = "Account", area = ""}. Executing controller action with signature System.Threading.Tasks.Task`1[Microsoft.AspNetCore.Mvc.IActionResult] Login(AuraCinema.Web.ViewModels.Account.LoginViewModel) on controller AuraCinema.Web.Controllers.AccountController (AuraCinema.Web).
2026-05-20 19:44:07.826 +07:00 [INF] Executed DbCommand (3ms) [Parameters=[@__Trim_0='?' (Size = 100)], CommandType='"Text"', CommandTimeout='30']
SELECT TOP(1) [u].[UserID], [u].[Email], [u].[FullName], [u].[OtpCode], [u].[OtpExpiry], [u].[Password], [u].[Phone], [u].[Role], [u].[Status], [u].[UserCode]
FROM [Users] AS [u]
WHERE [u].[Email] = @__Trim_0
2026-05-20 19:44:08.214 +07:00 [INF] AuthenticationScheme: Cookies signed in.
2026-05-20 19:44:08.216 +07:00 [INF] Executing RedirectResult, redirecting to /.
2026-05-20 19:44:08.219 +07:00 [INF] Executed action AuraCinema.Web.Controllers.AccountController.Login (AuraCinema.Web) in 438.1101ms
2026-05-20 19:44:08.219 +07:00 [INF] Executed endpoint 'AuraCinema.Web.Controllers.AccountController.Login (AuraCinema.Web)'
2026-05-20 19:44:08.220 +07:00 [INF] Request finished HTTP/1.1 POST http://localhost:5231/Account/Login - 302 0 null 447.2877ms
2026-05-20 19:44:08.223 +07:00 [INF] Request starting HTTP/1.1 GET http://localhost:5231/ - null null
2026-05-20 19:44:08.225 +07:00 [INF] Executing endpoint 'AuraCinema.Web.Controllers.HomeController.Index (AuraCinema.Web)'
2026-05-20 19:44:08.225 +07:00 [INF] Route matched with {action = "Index", controller = "Home", area = ""}. Executing controller action with signature System.Threading.Tasks.Task`1[Microsoft.AspNetCore.Mvc.IActionResult] Index() on controller AuraCinema.Web.Controllers.HomeController (AuraCinema.Web).
2026-05-20 19:44:08.227 +07:00 [INF] Executed DbCommand (1ms) [Parameters=[], CommandType='"Text"', CommandTimeout='30']
SELECT [m].[MovieID], [m].[Title], [m].[Genre], [m].[Poster], [m].[Duration], [m].[Status], [m].[ReleaseDate], [m].[Director]
FROM [Movies] AS [m]
WHERE [m].[Status] IN (N'Dang chieu', N'Sap chieu')
ORDER BY [m].[ReleaseDate] DESC
2026-05-20 19:44:08.360 +07:00 [INF] Executed DbCommand (24ms) [Parameters=[@__p_1='?' (DbType = Int32), @__userId_0='?' (DbType = Int32)], CommandType='"Text"', CommandTimeout='30']
SELECT [t].[OrderID], [t].[FinalAmount], [t].[HoldExpiryTime], [t].[OrderCode], [t].[PayOSTransID], [t].[PromoID], [t].[QrCode], [t].[ShowtimeID], [t].[Status], [t].[TotalAmount], [t].[UserID], [s].[ShowtimeID], [s].[EndTime], [s].[MovieID], [s].[RoomID], [s].[ShowtimeCode], [s].[StartTime], [s].[Status], [m].[MovieID], [m].[Actors], [m].[Director], [m].[Duration], [m].[Genre], [m].[MovieCode], [m].[Poster], [m].[ReleaseDate], [m].[Status], [m].[Title], [m].[Trailer], [r].[RoomID], [r].[Capacity], [r].[RoomCode], [r].[RoomName], [r].[Status], [t0].[OrderID], [t0].[SeatID], [t0].[Price], [t0].[Status], [t0].[SeatID0], [t0].[RoomID], [t0].[RowLabel], [t0].[SeatCode], [t0].[SeatNumber], [t0].[SeatType]
FROM (
    SELECT TOP(@__p_1) [o].[OrderID], [o].[FinalAmount], [o].[HoldExpiryTime], [o].[OrderCode], [o].[PayOSTransID], [o].[PromoID], [o].[QrCode], [o].[ShowtimeID], [o].[Status], [o].[TotalAmount], [o].[UserID]
    FROM [Orders] AS [o]
    WHERE [o].[UserID] = @__userId_0 AND [o].[Status] IN (N'Da thanh toan', N'Da su dung', N'Đã thanh toán', N'Đã sử dụng')
    ORDER BY [o].[OrderID] DESC
) AS [t]
INNER JOIN [Showtimes] AS [s] ON [t].[ShowtimeID] = [s].[ShowtimeID]
INNER JOIN [Movies] AS [m] ON [s].[MovieID] = [m].[MovieID]
INNER JOIN [Rooms] AS [r] ON [s].[RoomID] = [r].[RoomID]
LEFT JOIN (
    SELECT [o0].[OrderID], [o0].[SeatID], [o0].[Price], [o0].[Status], [s0].[SeatID] AS [SeatID0], [s0].[RoomID], [s0].[RowLabel], [s0].[SeatCode], [s0].[SeatNumber], [s0].[SeatType]
    FROM [OrderSeats] AS [o0]
    INNER JOIN [Seats] AS [s0] ON [o0].[SeatID] = [s0].[SeatID]
) AS [t0] ON [t].[OrderID] = [t0].[OrderID]
ORDER BY [t].[OrderID] DESC, [s].[ShowtimeID], [m].[MovieID], [r].[RoomID], [t0].[OrderID], [t0].[SeatID]
2026-05-20 19:44:08.508 +07:00 [INF] Executing ViewResult, running view Index.
2026-05-20 19:44:08.522 +07:00 [INF] Executed ViewResult - view Index executed in 14.1842ms.
2026-05-20 19:44:08.522 +07:00 [INF] Executed action AuraCinema.Web.Controllers.HomeController.Index (AuraCinema.Web) in 296.3192ms
2026-05-20 19:44:08.522 +07:00 [INF] Executed endpoint 'AuraCinema.Web.Controllers.HomeController.Index (AuraCinema.Web)'
2026-05-20 19:44:08.522 +07:00 [INF] Request finished HTTP/1.1 GET http://localhost:5231/ - 200 null text/html; charset=utf-8 299.0865ms
2026-05-20 19:44:12.582 +07:00 [INF] Request starting HTTP/1.1 POST http://localhost:5231/api/chatbot/message - application/json 91
2026-05-20 19:44:12.583 +07:00 [INF] Executing endpoint 'AuraCinema.Web.Controllers.ChatbotController.ProcessMessage (AuraCinema.Web)'
2026-05-20 19:44:12.583 +07:00 [INF] Route matched with {action = "ProcessMessage", controller = "Chatbot", area = ""}. Executing controller action with signature System.Threading.Tasks.Task`1[Microsoft.AspNetCore.Mvc.IActionResult] ProcessMessage(AuraCinema.Domain.Models.Chat.ChatRequest) on controller AuraCinema.Web.Controllers.ChatbotController (AuraCinema.Web).
2026-05-20 19:44:12.587 +07:00 [INF] Start processing HTTP request POST https://generativelanguage.googleapis.com/v1beta/models/gemini-1.5-flash:generateContent?*
2026-05-20 19:44:12.587 +07:00 [INF] Sending HTTP request POST https://generativelanguage.googleapis.com/v1beta/models/gemini-1.5-flash:generateContent?*
2026-05-20 19:44:12.762 +07:00 [INF] Received HTTP response headers after 174.6993ms - 404
2026-05-20 19:44:12.762 +07:00 [INF] End processing HTTP request after 174.9846ms - 404
2026-05-20 19:44:12.778 +07:00 [ERR] Gemini API error: "NotFound" - {
  "error": {
    "code": 404,
    "message": "models/gemini-1.5-flash is not found for API version v1beta, or is not supported for generateContent. Call ModelService.ListModels to see the list of available models and their supported methods.",
    "status": "NOT_FOUND"
  }
}

2026-05-20 19:44:12.778 +07:00 [INF] Executing OkObjectResult, writing value of type 'AuraCinema.Domain.Models.Chat.ChatResponse'.
2026-05-20 19:44:12.779 +07:00 [INF] Executed action AuraCinema.Web.Controllers.ChatbotController.ProcessMessage (AuraCinema.Web) in 195.2764ms
2026-05-20 19:44:12.779 +07:00 [INF] Executed endpoint 'AuraCinema.Web.Controllers.ChatbotController.ProcessMessage (AuraCinema.Web)'
2026-05-20 19:44:12.779 +07:00 [INF] Request finished HTTP/1.1 POST http://localhost:5231/api/chatbot/message - 200 null application/json; charset=utf-8 196.5066ms
2026-05-20 19:44:13.929 +07:00 [INF] Request starting HTTP/1.1 POST http://localhost:5231/api/chatbot/message - application/json 264
2026-05-20 19:44:13.929 +07:00 [INF] Executing endpoint 'AuraCinema.Web.Controllers.ChatbotController.ProcessMessage (AuraCinema.Web)'
2026-05-20 19:44:13.929 +07:00 [INF] Route matched with {action = "ProcessMessage", controller = "Chatbot", area = ""}. Executing controller action with signature System.Threading.Tasks.Task`1[Microsoft.AspNetCore.Mvc.IActionResult] ProcessMessage(AuraCinema.Domain.Models.Chat.ChatRequest) on controller AuraCinema.Web.Controllers.ChatbotController (AuraCinema.Web).
2026-05-20 19:44:13.930 +07:00 [INF] Start processing HTTP request POST https://generativelanguage.googleapis.com/v1beta/models/gemini-1.5-flash:generateContent?*
2026-05-20 19:44:13.930 +07:00 [INF] Sending HTTP request POST https://generativelanguage.googleapis.com/v1beta/models/gemini-1.5-flash:generateContent?*
2026-05-20 19:44:14.028 +07:00 [INF] Received HTTP response headers after 97.1452ms - 404
2026-05-20 19:44:14.028 +07:00 [INF] End processing HTTP request after 97.6541ms - 404
2026-05-20 19:44:14.033 +07:00 [ERR] Gemini API error: "NotFound" - {
  "error": {
    "code": 404,
    "message": "models/gemini-1.5-flash is not found for API version v1beta, or is not supported for generateContent. Call ModelService.ListModels to see the list of available models and their supported methods.",
    "status": "NOT_FOUND"
  }
}

2026-05-20 19:44:14.033 +07:00 [INF] Executing OkObjectResult, writing value of type 'AuraCinema.Domain.Models.Chat.ChatResponse'.
2026-05-20 19:44:14.033 +07:00 [INF] Executed action AuraCinema.Web.Controllers.ChatbotController.ProcessMessage (AuraCinema.Web) in 103.5197ms
2026-05-20 19:44:14.033 +07:00 [INF] Executed endpoint 'AuraCinema.Web.Controllers.ChatbotController.ProcessMessage (AuraCinema.Web)'
2026-05-20 19:44:14.033 +07:00 [INF] Request finished HTTP/1.1 POST http://localhost:5231/api/chatbot/message - 200 null application/json; charset=utf-8 104.3264ms
2026-05-20 19:45:23.289 +07:00 [INF] Executed DbCommand (20ms) [Parameters=[], CommandType='"Text"', CommandTimeout='30']
SELECT 1
2026-05-20 19:45:23.361 +07:00 [INF] Executed DbCommand (19ms) [Parameters=[], CommandType='"Text"', CommandTimeout='30']
SELECT OBJECT_ID(N'[__EFMigrationsHistory]');
2026-05-20 19:45:23.366 +07:00 [INF] Executed DbCommand (1ms) [Parameters=[], CommandType='"Text"', CommandTimeout='30']
SELECT 1
2026-05-20 19:45:23.367 +07:00 [INF] Executed DbCommand (1ms) [Parameters=[], CommandType='"Text"', CommandTimeout='30']
SELECT OBJECT_ID(N'[__EFMigrationsHistory]');
2026-05-20 19:45:23.388 +07:00 [INF] Executed DbCommand (3ms) [Parameters=[], CommandType='"Text"', CommandTimeout='30']
SELECT [MigrationId], [ProductVersion]
FROM [__EFMigrationsHistory]
ORDER BY [MigrationId];
2026-05-20 19:45:23.407 +07:00 [INF] No migrations were applied. The database is already up to date.
2026-05-20 19:45:23.633 +07:00 [INF] Executed DbCommand (3ms) [Parameters=[], CommandType='"Text"', CommandTimeout='30']
SELECT CASE
    WHEN EXISTS (
        SELECT 1
        FROM [Users] AS [u]
        WHERE [u].[Email] = N'admin@auracinema.vn') THEN CAST(1 AS bit)
    ELSE CAST(0 AS bit)
END
2026-05-20 19:45:23.641 +07:00 [INF] Executed DbCommand (2ms) [Parameters=[], CommandType='"Text"', CommandTimeout='30']
SELECT CASE
    WHEN EXISTS (
        SELECT 1
        FROM [Users] AS [u]
        WHERE [u].[Email] = N'staff@auracinema.vn') THEN CAST(1 AS bit)
    ELSE CAST(0 AS bit)
END
2026-05-20 19:45:23.646 +07:00 [INF] Executed DbCommand (2ms) [Parameters=[], CommandType='"Text"', CommandTimeout='30']
SELECT CASE
    WHEN EXISTS (
        SELECT 1
        FROM [Users] AS [u]
        WHERE [u].[Email] = N'customer@gmail.com') THEN CAST(1 AS bit)
    ELSE CAST(0 AS bit)
END
2026-05-20 19:45:23.708 +07:00 [INF] Executed DbCommand (3ms) [Parameters=[], CommandType='"Text"', CommandTimeout='30']
SELECT [u].[UserID], [u].[Email], [u].[FullName], [u].[OtpCode], [u].[OtpExpiry], [u].[Password], [u].[Phone], [u].[Role], [u].[Status], [u].[UserCode]
FROM [Users] AS [u]
WHERE [u].[UserCode] LIKE N''
2026-05-20 19:45:23.715 +07:00 [INF] Executed DbCommand (2ms) [Parameters=[], CommandType='"Text"', CommandTimeout='30']
SELECT CASE
    WHEN EXISTS (
        SELECT 1
        FROM [Rooms] AS [r]) THEN CAST(1 AS bit)
    ELSE CAST(0 AS bit)
END
2026-05-20 19:45:23.721 +07:00 [INF] Executed DbCommand (3ms) [Parameters=[], CommandType='"Text"', CommandTimeout='30']
SELECT CASE
    WHEN EXISTS (
        SELECT 1
        FROM [PriceConfigs] AS [p]) THEN CAST(1 AS bit)
    ELSE CAST(0 AS bit)
END
2026-05-20 19:45:23.725 +07:00 [INF] Executed DbCommand (2ms) [Parameters=[], CommandType='"Text"', CommandTimeout='30']
SELECT CASE
    WHEN EXISTS (
        SELECT 1
        FROM [Movies] AS [m]) THEN CAST(1 AS bit)
    ELSE CAST(0 AS bit)
END
2026-05-20 19:45:23.730 +07:00 [INF] Executed DbCommand (3ms) [Parameters=[], CommandType='"Text"', CommandTimeout='30']
SELECT CASE
    WHEN EXISTS (
        SELECT 1
        FROM [Services] AS [s]) THEN CAST(1 AS bit)
    ELSE CAST(0 AS bit)
END
2026-05-20 19:45:23.736 +07:00 [INF] Executed DbCommand (2ms) [Parameters=[], CommandType='"Text"', CommandTimeout='30']
SELECT CASE
    WHEN EXISTS (
        SELECT 1
        FROM [Promotions] AS [p]) THEN CAST(1 AS bit)
    ELSE CAST(0 AS bit)
END
2026-05-20 19:45:23.742 +07:00 [INF] Executed DbCommand (2ms) [Parameters=[], CommandType='"Text"', CommandTimeout='30']
SELECT CASE
    WHEN EXISTS (
        SELECT 1
        FROM [Showtimes] AS [s]) THEN CAST(1 AS bit)
    ELSE CAST(0 AS bit)
END
2026-05-20 19:45:23.756 +07:00 [INF] Executed DbCommand (3ms) [Parameters=[], CommandType='"Text"', CommandTimeout='30']
SELECT CASE
    WHEN EXISTS (
        SELECT 1
        FROM [Orders] AS [o]
        WHERE [o].[Status] IN (N'Da thanh toan', N'Đã thanh toán')) THEN CAST(1 AS bit)
    ELSE CAST(0 AS bit)
END
2026-05-20 19:45:23.869 +07:00 [INF] User profile is available. Using 'C:\Users\lqhie\AppData\Local\ASP.NET\DataProtection-Keys' as key repository and Windows DPAPI to encrypt keys at rest.
2026-05-20 19:45:23.900 +07:00 [INF] Booking Cleanup Service is starting.
2026-05-20 19:45:23.929 +07:00 [INF] Executed DbCommand (4ms) [Parameters=[], CommandType='"Text"', CommandTimeout='30']
SELECT [o].[OrderID], [o].[FinalAmount], [o].[HoldExpiryTime], [o].[OrderCode], [o].[PayOSTransID], [o].[PromoID], [o].[QrCode], [o].[ShowtimeID], [o].[Status], [o].[TotalAmount], [o].[UserID]
FROM [Orders] AS [o]
WHERE [o].[Status] = N'Chờ thanh toán' AND [o].[HoldExpiryTime] <= GETDATE()
2026-05-20 19:45:23.965 +07:00 [INF] Now listening on: http://localhost:5231
2026-05-20 19:45:23.966 +07:00 [INF] Application started. Press Ctrl+C to shut down.
2026-05-20 19:45:23.966 +07:00 [INF] Hosting environment: Development
2026-05-20 19:45:23.967 +07:00 [INF] Content root path: D:\AURACINEMA\AuraCinema.Web
2026-05-20 19:45:24.027 +07:00 [INF] Executed DbCommand (13ms) [Parameters=[@__maxSellingDate_0='?' (DbType = DateTime2), @__now_1='?' (DbType = DateTime2)], CommandType='"Text"', CommandTimeout='30']
SELECT [s].[ShowtimeID], [s].[EndTime], [s].[MovieID], [s].[RoomID], [s].[ShowtimeCode], [s].[StartTime], [s].[Status]
FROM [Showtimes] AS [s]
WHERE [s].[Status] IN (N'Đã lên lịch', N'Sap chieu') AND CONVERT(date, [s].[StartTime]) <= @__maxSellingDate_0 AND [s].[StartTime] > @__now_1
2026-05-20 19:45:24.035 +07:00 [INF] Executed DbCommand (2ms) [Parameters=[@__now_0='?' (DbType = DateTime2)], CommandType='"Text"', CommandTimeout='30']
SELECT [s].[ShowtimeID], [s].[EndTime], [s].[MovieID], [s].[RoomID], [s].[ShowtimeCode], [s].[StartTime], [s].[Status]
FROM [Showtimes] AS [s]
WHERE [s].[Status] IN (N'Đã lên lịch', N'Đang mở bán', N'Sap chieu') AND [s].[StartTime] <= @__now_0 AND [s].[EndTime] > @__now_0
2026-05-20 19:45:24.042 +07:00 [INF] Executed DbCommand (3ms) [Parameters=[@__now_0='?' (DbType = DateTime2)], CommandType='"Text"', CommandTimeout='30']
SELECT [s].[ShowtimeID], [s].[EndTime], [s].[MovieID], [s].[RoomID], [s].[ShowtimeCode], [s].[StartTime], [s].[Status]
FROM [Showtimes] AS [s]
WHERE [s].[Status] IN (N'Đã lên lịch', N'Đang mở bán', N'Đang chiếu', N'Sap chieu', N'Dang dien ra') AND [s].[EndTime] <= @__now_0
2026-05-20 19:45:58.990 +07:00 [INF] Request starting HTTP/1.1 GET http://localhost:5231/ - null null
2026-05-20 19:45:58.993 +07:00 [WRN] Failed to determine the https port for redirect.
2026-05-20 19:45:59.055 +07:00 [INF] Executing endpoint 'AuraCinema.Web.Controllers.HomeController.Index (AuraCinema.Web)'
2026-05-20 19:45:59.089 +07:00 [INF] Route matched with {action = "Index", controller = "Home", area = ""}. Executing controller action with signature System.Threading.Tasks.Task`1[Microsoft.AspNetCore.Mvc.IActionResult] Index() on controller AuraCinema.Web.Controllers.HomeController (AuraCinema.Web).
2026-05-20 19:45:59.152 +07:00 [INF] Executed DbCommand (8ms) [Parameters=[], CommandType='"Text"', CommandTimeout='30']
SELECT [m].[MovieID], [m].[Title], [m].[Genre], [m].[Poster], [m].[Duration], [m].[Status], [m].[ReleaseDate], [m].[Director]
FROM [Movies] AS [m]
WHERE [m].[Status] IN (N'Dang chieu', N'Sap chieu')
ORDER BY [m].[ReleaseDate] DESC
2026-05-20 19:45:59.290 +07:00 [INF] Executed DbCommand (19ms) [Parameters=[@__p_1='?' (DbType = Int32), @__userId_0='?' (DbType = Int32)], CommandType='"Text"', CommandTimeout='30']
SELECT [t].[OrderID], [t].[FinalAmount], [t].[HoldExpiryTime], [t].[OrderCode], [t].[PayOSTransID], [t].[PromoID], [t].[QrCode], [t].[ShowtimeID], [t].[Status], [t].[TotalAmount], [t].[UserID], [s].[ShowtimeID], [s].[EndTime], [s].[MovieID], [s].[RoomID], [s].[ShowtimeCode], [s].[StartTime], [s].[Status], [m].[MovieID], [m].[Actors], [m].[Director], [m].[Duration], [m].[Genre], [m].[MovieCode], [m].[Poster], [m].[ReleaseDate], [m].[Status], [m].[Title], [m].[Trailer], [r].[RoomID], [r].[Capacity], [r].[RoomCode], [r].[RoomName], [r].[Status], [t0].[OrderID], [t0].[SeatID], [t0].[Price], [t0].[Status], [t0].[SeatID0], [t0].[RoomID], [t0].[RowLabel], [t0].[SeatCode], [t0].[SeatNumber], [t0].[SeatType]
FROM (
    SELECT TOP(@__p_1) [o].[OrderID], [o].[FinalAmount], [o].[HoldExpiryTime], [o].[OrderCode], [o].[PayOSTransID], [o].[PromoID], [o].[QrCode], [o].[ShowtimeID], [o].[Status], [o].[TotalAmount], [o].[UserID]
    FROM [Orders] AS [o]
    WHERE [o].[UserID] = @__userId_0 AND [o].[Status] IN (N'Da thanh toan', N'Da su dung', N'Đã thanh toán', N'Đã sử dụng')
    ORDER BY [o].[OrderID] DESC
) AS [t]
INNER JOIN [Showtimes] AS [s] ON [t].[ShowtimeID] = [s].[ShowtimeID]
INNER JOIN [Movies] AS [m] ON [s].[MovieID] = [m].[MovieID]
INNER JOIN [Rooms] AS [r] ON [s].[RoomID] = [r].[RoomID]
LEFT JOIN (
    SELECT [o0].[OrderID], [o0].[SeatID], [o0].[Price], [o0].[Status], [s0].[SeatID] AS [SeatID0], [s0].[RoomID], [s0].[RowLabel], [s0].[SeatCode], [s0].[SeatNumber], [s0].[SeatType]
    FROM [OrderSeats] AS [o0]
    INNER JOIN [Seats] AS [s0] ON [o0].[SeatID] = [s0].[SeatID]
) AS [t0] ON [t].[OrderID] = [t0].[OrderID]
ORDER BY [t].[OrderID] DESC, [s].[ShowtimeID], [m].[MovieID], [r].[RoomID], [t0].[OrderID], [t0].[SeatID]
2026-05-20 19:45:59.511 +07:00 [INF] Executing ViewResult, running view Index.
2026-05-20 19:45:59.668 +07:00 [INF] Executed ViewResult - view Index executed in 150.2503ms.
2026-05-20 19:45:59.677 +07:00 [INF] Executed action AuraCinema.Web.Controllers.HomeController.Index (AuraCinema.Web) in 587.2061ms
2026-05-20 19:45:59.678 +07:00 [INF] Executed endpoint 'AuraCinema.Web.Controllers.HomeController.Index (AuraCinema.Web)'
2026-05-20 19:45:59.690 +07:00 [INF] Request finished HTTP/1.1 GET http://localhost:5231/ - 200 null text/html; charset=utf-8 702.0625ms
2026-05-20 19:45:59.710 +07:00 [INF] Request starting HTTP/1.1 GET http://localhost:5231/css/chatbot.css?v=r2u6L0FAOMDC4s9aPw1MZX42JGlCVETX6XZ-jz-lAOo - null null
2026-05-20 19:45:59.717 +07:00 [INF] The file /css/chatbot.css was not modified
2026-05-20 19:45:59.719 +07:00 [INF] Request finished HTTP/1.1 GET http://localhost:5231/css/chatbot.css?v=r2u6L0FAOMDC4s9aPw1MZX42JGlCVETX6XZ-jz-lAOo - 304 null text/css 8.1785ms
2026-05-20 19:45:59.723 +07:00 [INF] Request starting HTTP/1.1 GET http://localhost:5231/js/chatbot.js?v=8SI7bVlT6PU6wvsevg8vnDYC-FsacmaWRIf4XPwosNE - null null
2026-05-20 19:45:59.724 +07:00 [INF] The file /js/chatbot.js was not modified
2026-05-20 19:45:59.724 +07:00 [INF] Request finished HTTP/1.1 GET http://localhost:5231/js/chatbot.js?v=8SI7bVlT6PU6wvsevg8vnDYC-FsacmaWRIf4XPwosNE - 304 null text/javascript 1.4669ms
2026-05-20 19:46:10.886 +07:00 [INF] Request starting HTTP/1.1 GET http://localhost:5231/MyTickets - null null
2026-05-20 19:46:10.896 +07:00 [INF] Executing endpoint 'AuraCinema.Web.Controllers.MyTicketsController.Index (AuraCinema.Web)'
2026-05-20 19:46:10.902 +07:00 [INF] Route matched with {action = "Index", controller = "MyTickets", area = ""}. Executing controller action with signature System.Threading.Tasks.Task`1[Microsoft.AspNetCore.Mvc.IActionResult] Index() on controller AuraCinema.Web.Controllers.MyTicketsController (AuraCinema.Web).
2026-05-20 19:46:10.942 +07:00 [INF] Executed DbCommand (14ms) [Parameters=[@__userId_0='?' (DbType = Int32)], CommandType='"Text"', CommandTimeout='30']
SELECT [o].[OrderID], [o].[FinalAmount], [o].[HoldExpiryTime], [o].[OrderCode], [o].[PayOSTransID], [o].[PromoID], [o].[QrCode], [o].[ShowtimeID], [o].[Status], [o].[TotalAmount], [o].[UserID], [s].[ShowtimeID], [s].[EndTime], [s].[MovieID], [s].[RoomID], [s].[ShowtimeCode], [s].[StartTime], [s].[Status], [m].[MovieID], [m].[Actors], [m].[Director], [m].[Duration], [m].[Genre], [m].[MovieCode], [m].[Poster], [m].[ReleaseDate], [m].[Status], [m].[Title], [m].[Trailer], [r].[RoomID], [r].[Capacity], [r].[RoomCode], [r].[RoomName], [r].[Status], [t].[OrderID], [t].[SeatID], [t].[Price], [t].[Status], [t].[SeatID0], [t].[RoomID], [t].[RowLabel], [t].[SeatCode], [t].[SeatNumber], [t].[SeatType]
FROM [Orders] AS [o]
INNER JOIN [Showtimes] AS [s] ON [o].[ShowtimeID] = [s].[ShowtimeID]
INNER JOIN [Movies] AS [m] ON [s].[MovieID] = [m].[MovieID]
INNER JOIN [Rooms] AS [r] ON [s].[RoomID] = [r].[RoomID]
LEFT JOIN (
    SELECT [o0].[OrderID], [o0].[SeatID], [o0].[Price], [o0].[Status], [s0].[SeatID] AS [SeatID0], [s0].[RoomID], [s0].[RowLabel], [s0].[SeatCode], [s0].[SeatNumber], [s0].[SeatType]
    FROM [OrderSeats] AS [o0]
    INNER JOIN [Seats] AS [s0] ON [o0].[SeatID] = [s0].[SeatID]
) AS [t] ON [o].[OrderID] = [t].[OrderID]
WHERE [o].[UserID] = @__userId_0
ORDER BY [o].[OrderID] DESC, [s].[ShowtimeID], [m].[MovieID], [r].[RoomID], [t].[OrderID], [t].[SeatID]
2026-05-20 19:46:10.952 +07:00 [INF] Executing ViewResult, running view Index.
2026-05-20 19:46:10.964 +07:00 [INF] Executed ViewResult - view Index executed in 13.5569ms.
2026-05-20 19:46:10.965 +07:00 [INF] Executed action AuraCinema.Web.Controllers.MyTicketsController.Index (AuraCinema.Web) in 62.9294ms
2026-05-20 19:46:10.965 +07:00 [INF] Executed endpoint 'AuraCinema.Web.Controllers.MyTicketsController.Index (AuraCinema.Web)'
2026-05-20 19:46:10.966 +07:00 [INF] Request finished HTTP/1.1 GET http://localhost:5231/MyTickets - 200 null text/html; charset=utf-8 80.4202ms
2026-05-20 19:46:19.161 +07:00 [INF] Request starting HTTP/1.1 POST http://localhost:5231/api/chatbot/message - application/json 91
2026-05-20 19:46:19.167 +07:00 [INF] Executing endpoint 'AuraCinema.Web.Controllers.ChatbotController.ProcessMessage (AuraCinema.Web)'
2026-05-20 19:46:19.181 +07:00 [INF] Route matched with {action = "ProcessMessage", controller = "Chatbot", area = ""}. Executing controller action with signature System.Threading.Tasks.Task`1[Microsoft.AspNetCore.Mvc.IActionResult] ProcessMessage(AuraCinema.Domain.Models.Chat.ChatRequest) on controller AuraCinema.Web.Controllers.ChatbotController (AuraCinema.Web).
2026-05-20 19:46:19.318 +07:00 [INF] Start processing HTTP request POST https://generativelanguage.googleapis.com/v1beta/models/gemini-3.5-flash:generateContent?*
2026-05-20 19:46:19.322 +07:00 [INF] Sending HTTP request POST https://generativelanguage.googleapis.com/v1beta/models/gemini-3.5-flash:generateContent?*
2026-05-20 19:46:21.265 +07:00 [INF] Received HTTP response headers after 1937.4872ms - 200
2026-05-20 19:46:21.267 +07:00 [INF] End processing HTTP request after 1952.6398ms - 200
2026-05-20 19:46:21.309 +07:00 [INF] Executing tool: search_movies with args: {
                "status": "Dang chieu"
              }
2026-05-20 19:46:21.330 +07:00 [INF] Executed DbCommand (2ms) [Parameters=[@__p_1='?' (DbType = Int32), @__status_0='?' (Size = 50)], CommandType='"Text"', CommandTimeout='30']
SELECT TOP(@__p_1) [m].[MovieID], [m].[Title], [m].[Genre], [m].[Duration], [m].[Poster], CASE
    WHEN [m].[Status] = N'Dang chieu' THEN N'Đang chiếu'
    ELSE N'Sắp chiếu'
END AS [Status]
FROM [Movies] AS [m]
WHERE [m].[Status] = @__status_0
ORDER BY CASE
    WHEN [m].[Status] = N'Dang chieu' THEN CAST(1 AS bit)
    ELSE CAST(0 AS bit)
END DESC, [m].[ReleaseDate] DESC
2026-05-20 19:46:21.346 +07:00 [INF] Start processing HTTP request POST https://generativelanguage.googleapis.com/v1beta/models/gemini-3.5-flash:generateContent?*
2026-05-20 19:46:21.346 +07:00 [INF] Sending HTTP request POST https://generativelanguage.googleapis.com/v1beta/models/gemini-3.5-flash:generateContent?*
2026-05-20 19:46:21.696 +07:00 [INF] Received HTTP response headers after 350.001ms - 400
2026-05-20 19:46:21.697 +07:00 [INF] End processing HTTP request after 350.7294ms - 400
2026-05-20 19:46:21.713 +07:00 [ERR] Gemini API error: "BadRequest" - {
  "error": {
    "code": 400,
    "message": "Function call is missing a thought_signature in functionCall parts. This is required for tools to work correctly, and missing thought_signature may lead to degraded model performance. Additional data, function call `default_api:search_movies` , position 3. Please refer to https://ai.google.dev/gemini-api/docs/thought-signatures for more details.",
    "status": "INVALID_ARGUMENT"
  }
}

2026-05-20 19:46:21.721 +07:00 [INF] Executing OkObjectResult, writing value of type 'AuraCinema.Domain.Models.Chat.ChatResponse'.
2026-05-20 19:46:21.741 +07:00 [INF] Executed action AuraCinema.Web.Controllers.ChatbotController.ProcessMessage (AuraCinema.Web) in 2559.8679ms
2026-05-20 19:46:21.741 +07:00 [INF] Executed endpoint 'AuraCinema.Web.Controllers.ChatbotController.ProcessMessage (AuraCinema.Web)'
2026-05-20 19:46:21.742 +07:00 [INF] Request finished HTTP/1.1 POST http://localhost:5231/api/chatbot/message - 200 null application/json; charset=utf-8 2581.1048ms
2026-05-20 19:46:24.045 +07:00 [INF] Executed DbCommand (1ms) [Parameters=[], CommandType='"Text"', CommandTimeout='30']
SELECT [o].[OrderID], [o].[FinalAmount], [o].[HoldExpiryTime], [o].[OrderCode], [o].[PayOSTransID], [o].[PromoID], [o].[QrCode], [o].[ShowtimeID], [o].[Status], [o].[TotalAmount], [o].[UserID]
FROM [Orders] AS [o]
WHERE [o].[Status] = N'Chờ thanh toán' AND [o].[HoldExpiryTime] <= GETDATE()
2026-05-20 19:46:24.047 +07:00 [INF] Executed DbCommand (1ms) [Parameters=[@__maxSellingDate_0='?' (DbType = DateTime2), @__now_1='?' (DbType = DateTime2)], CommandType='"Text"', CommandTimeout='30']
SELECT [s].[ShowtimeID], [s].[EndTime], [s].[MovieID], [s].[RoomID], [s].[ShowtimeCode], [s].[StartTime], [s].[Status]
FROM [Showtimes] AS [s]
WHERE [s].[Status] IN (N'Đã lên lịch', N'Sap chieu') AND CONVERT(date, [s].[StartTime]) <= @__maxSellingDate_0 AND [s].[StartTime] > @__now_1
2026-05-20 19:46:24.049 +07:00 [INF] Executed DbCommand (1ms) [Parameters=[@__now_0='?' (DbType = DateTime2)], CommandType='"Text"', CommandTimeout='30']
SELECT [s].[ShowtimeID], [s].[EndTime], [s].[MovieID], [s].[RoomID], [s].[ShowtimeCode], [s].[StartTime], [s].[Status]
FROM [Showtimes] AS [s]
WHERE [s].[Status] IN (N'Đã lên lịch', N'Đang mở bán', N'Sap chieu') AND [s].[StartTime] <= @__now_0 AND [s].[EndTime] > @__now_0
2026-05-20 19:46:24.050 +07:00 [INF] Executed DbCommand (1ms) [Parameters=[@__now_0='?' (DbType = DateTime2)], CommandType='"Text"', CommandTimeout='30']
SELECT [s].[ShowtimeID], [s].[EndTime], [s].[MovieID], [s].[RoomID], [s].[ShowtimeCode], [s].[StartTime], [s].[Status]
FROM [Showtimes] AS [s]
WHERE [s].[Status] IN (N'Đã lên lịch', N'Đang mở bán', N'Đang chiếu', N'Sap chieu', N'Dang dien ra') AND [s].[EndTime] <= @__now_0
2026-05-20 19:46:25.266 +07:00 [INF] Request starting HTTP/1.1 POST http://localhost:5231/api/chatbot/message - application/json 224
2026-05-20 19:46:25.269 +07:00 [INF] Executing endpoint 'AuraCinema.Web.Controllers.ChatbotController.ProcessMessage (AuraCinema.Web)'
2026-05-20 19:46:25.270 +07:00 [INF] Route matched with {action = "ProcessMessage", controller = "Chatbot", area = ""}. Executing controller action with signature System.Threading.Tasks.Task`1[Microsoft.AspNetCore.Mvc.IActionResult] ProcessMessage(AuraCinema.Domain.Models.Chat.ChatRequest) on controller AuraCinema.Web.Controllers.ChatbotController (AuraCinema.Web).
2026-05-20 19:46:25.275 +07:00 [INF] Start processing HTTP request POST https://generativelanguage.googleapis.com/v1beta/models/gemini-3.5-flash:generateContent?*
2026-05-20 19:46:25.276 +07:00 [INF] Sending HTTP request POST https://generativelanguage.googleapis.com/v1beta/models/gemini-3.5-flash:generateContent?*
2026-05-20 19:46:28.393 +07:00 [INF] Received HTTP response headers after 3117.3236ms - 200
2026-05-20 19:46:28.393 +07:00 [INF] End processing HTTP request after 3118.1427ms - 200
2026-05-20 19:46:28.396 +07:00 [INF] Executing tool: search_movies with args: {
                "status": "Dang chieu"
              }
2026-05-20 19:46:28.400 +07:00 [INF] Executed DbCommand (1ms) [Parameters=[@__p_1='?' (DbType = Int32), @__status_0='?' (Size = 50)], CommandType='"Text"', CommandTimeout='30']
SELECT TOP(@__p_1) [m].[MovieID], [m].[Title], [m].[Genre], [m].[Duration], [m].[Poster], CASE
    WHEN [m].[Status] = N'Dang chieu' THEN N'Đang chiếu'
    ELSE N'Sắp chiếu'
END AS [Status]
FROM [Movies] AS [m]
WHERE [m].[Status] = @__status_0
ORDER BY CASE
    WHEN [m].[Status] = N'Dang chieu' THEN CAST(1 AS bit)
    ELSE CAST(0 AS bit)
END DESC, [m].[ReleaseDate] DESC
2026-05-20 19:46:28.402 +07:00 [INF] Start processing HTTP request POST https://generativelanguage.googleapis.com/v1beta/models/gemini-3.5-flash:generateContent?*
2026-05-20 19:46:28.403 +07:00 [INF] Sending HTTP request POST https://generativelanguage.googleapis.com/v1beta/models/gemini-3.5-flash:generateContent?*
2026-05-20 19:46:28.763 +07:00 [INF] Received HTTP response headers after 360.6703ms - 400
2026-05-20 19:46:28.764 +07:00 [INF] End processing HTTP request after 361.6265ms - 400
2026-05-20 19:46:28.776 +07:00 [ERR] Gemini API error: "BadRequest" - {
  "error": {
    "code": 400,
    "message": "Function call is missing a thought_signature in functionCall parts. This is required for tools to work correctly, and missing thought_signature may lead to degraded model performance. Additional data, function call `default_api:search_movies` , position 5. Please refer to https://ai.google.dev/gemini-api/docs/thought-signatures for more details.",
    "status": "INVALID_ARGUMENT"
  }
}

2026-05-20 19:46:28.777 +07:00 [INF] Executing OkObjectResult, writing value of type 'AuraCinema.Domain.Models.Chat.ChatResponse'.
2026-05-20 19:46:28.778 +07:00 [INF] Executed action AuraCinema.Web.Controllers.ChatbotController.ProcessMessage (AuraCinema.Web) in 3507.5899ms
2026-05-20 19:46:28.778 +07:00 [INF] Executed endpoint 'AuraCinema.Web.Controllers.ChatbotController.ProcessMessage (AuraCinema.Web)'
2026-05-20 19:46:28.778 +07:00 [INF] Request finished HTTP/1.1 POST http://localhost:5231/api/chatbot/message - 200 null application/json; charset=utf-8 3512.1482ms
2026-05-20 19:46:35.200 +07:00 [INF] Request starting HTTP/1.1 POST http://localhost:5231/api/chatbot/message - application/json 361
2026-05-20 19:46:35.200 +07:00 [INF] Executing endpoint 'AuraCinema.Web.Controllers.ChatbotController.ProcessMessage (AuraCinema.Web)'
2026-05-20 19:46:35.201 +07:00 [INF] Route matched with {action = "ProcessMessage", controller = "Chatbot", area = ""}. Executing controller action with signature System.Threading.Tasks.Task`1[Microsoft.AspNetCore.Mvc.IActionResult] ProcessMessage(AuraCinema.Domain.Models.Chat.ChatRequest) on controller AuraCinema.Web.Controllers.ChatbotController (AuraCinema.Web).
2026-05-20 19:46:35.206 +07:00 [INF] Start processing HTTP request POST https://generativelanguage.googleapis.com/v1beta/models/gemini-3.5-flash:generateContent?*
2026-05-20 19:46:35.206 +07:00 [INF] Sending HTTP request POST https://generativelanguage.googleapis.com/v1beta/models/gemini-3.5-flash:generateContent?*
2026-05-20 19:46:36.949 +07:00 [INF] Received HTTP response headers after 1743.3888ms - 200
2026-05-20 19:46:36.950 +07:00 [INF] End processing HTTP request after 1743.9103ms - 200
2026-05-20 19:46:36.954 +07:00 [INF] Executing tool: get_ticket_price with args: {}
2026-05-20 19:46:36.972 +07:00 [INF] Executed DbCommand (1ms) [Parameters=[], CommandType='"Text"', CommandTimeout='30']
SELECT [p].[ConfigID], [p].[ConfigCode], [p].[ConfigName], [p].[ConfigType], [p].[SurchargeAmount]
FROM [PriceConfigs] AS [p]
2026-05-20 19:46:36.994 +07:00 [INF] Start processing HTTP request POST https://generativelanguage.googleapis.com/v1beta/models/gemini-3.5-flash:generateContent?*
2026-05-20 19:46:36.994 +07:00 [INF] Sending HTTP request POST https://generativelanguage.googleapis.com/v1beta/models/gemini-3.5-flash:generateContent?*
2026-05-20 19:46:37.331 +07:00 [INF] Received HTTP response headers after 337.1426ms - 400
2026-05-20 19:46:37.332 +07:00 [INF] End processing HTTP request after 337.8042ms - 400
2026-05-20 19:46:37.346 +07:00 [ERR] Gemini API error: "BadRequest" - {
  "error": {
    "code": 400,
    "message": "Function call is missing a thought_signature in functionCall parts. This is required for tools to work correctly, and missing thought_signature may lead to degraded model performance. Additional data, function call `default_api:get_ticket_price` , position 7. Please refer to https://ai.google.dev/gemini-api/docs/thought-signatures for more details.",
    "status": "INVALID_ARGUMENT"
  }
}

2026-05-20 19:46:37.346 +07:00 [INF] Executing OkObjectResult, writing value of type 'AuraCinema.Domain.Models.Chat.ChatResponse'.
2026-05-20 19:46:37.346 +07:00 [INF] Executed action AuraCinema.Web.Controllers.ChatbotController.ProcessMessage (AuraCinema.Web) in 2145.6513ms
2026-05-20 19:46:37.347 +07:00 [INF] Executed endpoint 'AuraCinema.Web.Controllers.ChatbotController.ProcessMessage (AuraCinema.Web)'
2026-05-20 19:46:37.347 +07:00 [INF] Request finished HTTP/1.1 POST http://localhost:5231/api/chatbot/message - 200 null application/json; charset=utf-8 2147.5773ms
2026-05-20 19:46:50.137 +07:00 [INF] Request starting HTTP/1.1 POST http://localhost:5231/api/chatbot/message - application/json 562
2026-05-20 19:46:50.137 +07:00 [INF] Executing endpoint 'AuraCinema.Web.Controllers.ChatbotController.ProcessMessage (AuraCinema.Web)'
2026-05-20 19:46:50.137 +07:00 [INF] Route matched with {action = "ProcessMessage", controller = "Chatbot", area = ""}. Executing controller action with signature System.Threading.Tasks.Task`1[Microsoft.AspNetCore.Mvc.IActionResult] ProcessMessage(AuraCinema.Domain.Models.Chat.ChatRequest) on controller AuraCinema.Web.Controllers.ChatbotController (AuraCinema.Web).
2026-05-20 19:46:50.139 +07:00 [INF] Start processing HTTP request POST https://generativelanguage.googleapis.com/v1beta/models/gemini-3.5-flash:generateContent?*
2026-05-20 19:46:50.139 +07:00 [INF] Sending HTTP request POST https://generativelanguage.googleapis.com/v1beta/models/gemini-3.5-flash:generateContent?*
2026-05-20 19:46:50.249 +07:00 [INF] Received HTTP response headers after 109.506ms - 429
2026-05-20 19:46:50.249 +07:00 [INF] End processing HTTP request after 109.9125ms - 429
2026-05-20 19:46:50.249 +07:00 [ERR] Gemini API error: "TooManyRequests" - {
  "error": {
    "code": 429,
    "message": "You exceeded your current quota, please check your plan and billing details. For more information on this error, head to: https://ai.google.dev/gemini-api/docs/rate-limits. To monitor your current usage, head to: https://ai.dev/rate-limit. \n* Quota exceeded for metric: generativelanguage.googleapis.com/generate_content_free_tier_requests, limit: 5, model: gemini-3.5-flash\nPlease retry in 10.075963565s.",
    "status": "RESOURCE_EXHAUSTED",
    "details": [
      {
        "@type": "type.googleapis.com/google.rpc.Help",
        "links": [
          {
            "description": "Learn more about Gemini API quotas",
            "url": "https://ai.google.dev/gemini-api/docs/rate-limits"
          }
        ]
      },
      {
        "@type": "type.googleapis.com/google.rpc.QuotaFailure",
        "violations": [
          {
            "quotaMetric": "generativelanguage.googleapis.com/generate_content_free_tier_requests",
            "quotaId": "GenerateRequestsPerMinutePerProjectPerModel-FreeTier",
            "quotaDimensions": {
              "location": "global",
              "model": "gemini-3.5-flash"
            },
            "quotaValue": "5"
          }
        ]
      },
      {
        "@type": "type.googleapis.com/google.rpc.RetryInfo",
        "retryDelay": "10s"
      }
    ]
  }
}

2026-05-20 19:46:50.249 +07:00 [INF] Executing OkObjectResult, writing value of type 'AuraCinema.Domain.Models.Chat.ChatResponse'.
2026-05-20 19:46:50.250 +07:00 [INF] Executed action AuraCinema.Web.Controllers.ChatbotController.ProcessMessage (AuraCinema.Web) in 112.2045ms
2026-05-20 19:46:50.250 +07:00 [INF] Executed endpoint 'AuraCinema.Web.Controllers.ChatbotController.ProcessMessage (AuraCinema.Web)'
2026-05-20 19:46:50.250 +07:00 [INF] Request finished HTTP/1.1 POST http://localhost:5231/api/chatbot/message - 200 null application/json; charset=utf-8 113.2785ms
2026-05-20 19:46:52.901 +07:00 [INF] Request starting HTTP/1.1 POST http://localhost:5231/api/chatbot/message - application/json 786
2026-05-20 19:46:52.901 +07:00 [INF] Executing endpoint 'AuraCinema.Web.Controllers.ChatbotController.ProcessMessage (AuraCinema.Web)'
2026-05-20 19:46:52.901 +07:00 [INF] Route matched with {action = "ProcessMessage", controller = "Chatbot", area = ""}. Executing controller action with signature System.Threading.Tasks.Task`1[Microsoft.AspNetCore.Mvc.IActionResult] ProcessMessage(AuraCinema.Domain.Models.Chat.ChatRequest) on controller AuraCinema.Web.Controllers.ChatbotController (AuraCinema.Web).
2026-05-20 19:46:52.903 +07:00 [INF] Start processing HTTP request POST https://generativelanguage.googleapis.com/v1beta/models/gemini-3.5-flash:generateContent?*
2026-05-20 19:46:52.903 +07:00 [INF] Sending HTTP request POST https://generativelanguage.googleapis.com/v1beta/models/gemini-3.5-flash:generateContent?*
2026-05-20 19:46:53.025 +07:00 [INF] Received HTTP response headers after 122.2214ms - 429
2026-05-20 19:46:53.025 +07:00 [INF] End processing HTTP request after 122.546ms - 429
2026-05-20 19:46:53.044 +07:00 [ERR] Gemini API error: "TooManyRequests" - {
  "error": {
    "code": 429,
    "message": "You exceeded your current quota, please check your plan and billing details. For more information on this error, head to: https://ai.google.dev/gemini-api/docs/rate-limits. To monitor your current usage, head to: https://ai.dev/rate-limit. \n* Quota exceeded for metric: generativelanguage.googleapis.com/generate_content_free_tier_requests, limit: 5, model: gemini-3.5-flash\nPlease retry in 7.298624586s.",
    "status": "RESOURCE_EXHAUSTED",
    "details": [
      {
        "@type": "type.googleapis.com/google.rpc.Help",
        "links": [
          {
            "description": "Learn more about Gemini API quotas",
            "url": "https://ai.google.dev/gemini-api/docs/rate-limits"
          }
        ]
      },
      {
        "@type": "type.googleapis.com/google.rpc.QuotaFailure",
        "violations": [
          {
            "quotaMetric": "generativelanguage.googleapis.com/generate_content_free_tier_requests",
            "quotaId": "GenerateRequestsPerMinutePerProjectPerModel-FreeTier",
            "quotaDimensions": {
              "location": "global",
              "model": "gemini-3.5-flash"
            },
            "quotaValue": "5"
          }
        ]
      },
      {
        "@type": "type.googleapis.com/google.rpc.RetryInfo",
        "retryDelay": "7s"
      }
    ]
  }
}

2026-05-20 19:46:53.045 +07:00 [INF] Executing OkObjectResult, writing value of type 'AuraCinema.Domain.Models.Chat.ChatResponse'.
2026-05-20 19:46:53.045 +07:00 [INF] Executed action AuraCinema.Web.Controllers.ChatbotController.ProcessMessage (AuraCinema.Web) in 143.565ms
2026-05-20 19:46:53.045 +07:00 [INF] Executed endpoint 'AuraCinema.Web.Controllers.ChatbotController.ProcessMessage (AuraCinema.Web)'
2026-05-20 19:46:53.045 +07:00 [INF] Request finished HTTP/1.1 POST http://localhost:5231/api/chatbot/message - 200 null application/json; charset=utf-8 144.5422ms
2026-05-20 19:46:58.165 +07:00 [INF] Request starting HTTP/1.1 POST http://localhost:5231/api/chatbot/message - application/json 900
2026-05-20 19:46:58.165 +07:00 [INF] Executing endpoint 'AuraCinema.Web.Controllers.ChatbotController.ProcessMessage (AuraCinema.Web)'
2026-05-20 19:46:58.165 +07:00 [INF] Route matched with {action = "ProcessMessage", controller = "Chatbot", area = ""}. Executing controller action with signature System.Threading.Tasks.Task`1[Microsoft.AspNetCore.Mvc.IActionResult] ProcessMessage(AuraCinema.Domain.Models.Chat.ChatRequest) on controller AuraCinema.Web.Controllers.ChatbotController (AuraCinema.Web).
2026-05-20 19:46:58.166 +07:00 [INF] Start processing HTTP request POST https://generativelanguage.googleapis.com/v1beta/models/gemini-3.5-flash:generateContent?*
2026-05-20 19:46:58.166 +07:00 [INF] Sending HTTP request POST https://generativelanguage.googleapis.com/v1beta/models/gemini-3.5-flash:generateContent?*
2026-05-20 19:46:58.299 +07:00 [INF] Received HTTP response headers after 132.4931ms - 429
2026-05-20 19:46:58.299 +07:00 [INF] End processing HTTP request after 132.7977ms - 429
2026-05-20 19:46:58.315 +07:00 [ERR] Gemini API error: "TooManyRequests" - {
  "error": {
    "code": 429,
    "message": "You exceeded your current quota, please check your plan and billing details. For more information on this error, head to: https://ai.google.dev/gemini-api/docs/rate-limits. To monitor your current usage, head to: https://ai.dev/rate-limit. \n* Quota exceeded for metric: generativelanguage.googleapis.com/generate_content_free_tier_requests, limit: 5, model: gemini-3.5-flash\nPlease retry in 2.026296896s.",
    "status": "RESOURCE_EXHAUSTED",
    "details": [
      {
        "@type": "type.googleapis.com/google.rpc.Help",
        "links": [
          {
            "description": "Learn more about Gemini API quotas",
            "url": "https://ai.google.dev/gemini-api/docs/rate-limits"
          }
        ]
      },
      {
        "@type": "type.googleapis.com/google.rpc.QuotaFailure",
        "violations": [
          {
            "quotaMetric": "generativelanguage.googleapis.com/generate_content_free_tier_requests",
            "quotaId": "GenerateRequestsPerMinutePerProjectPerModel-FreeTier",
            "quotaDimensions": {
              "location": "global",
              "model": "gemini-3.5-flash"
            },
            "quotaValue": "5"
          }
        ]
      },
      {
        "@type": "type.googleapis.com/google.rpc.RetryInfo",
        "retryDelay": "2s"
      }
    ]
  }
}

2026-05-20 19:46:58.315 +07:00 [INF] Executing OkObjectResult, writing value of type 'AuraCinema.Domain.Models.Chat.ChatResponse'.
2026-05-20 19:46:58.315 +07:00 [INF] Executed action AuraCinema.Web.Controllers.ChatbotController.ProcessMessage (AuraCinema.Web) in 149.6912ms
2026-05-20 19:46:58.315 +07:00 [INF] Executed endpoint 'AuraCinema.Web.Controllers.ChatbotController.ProcessMessage (AuraCinema.Web)'
2026-05-20 19:46:58.315 +07:00 [INF] Request finished HTTP/1.1 POST http://localhost:5231/api/chatbot/message - 200 null application/json; charset=utf-8 150.6703ms
2026-05-20 19:47:15.327 +07:00 [INF] Request starting HTTP/1.1 GET http://localhost:5231/MyTickets - null null
2026-05-20 19:47:15.329 +07:00 [INF] Executing endpoint 'AuraCinema.Web.Controllers.MyTicketsController.Index (AuraCinema.Web)'
2026-05-20 19:47:15.329 +07:00 [INF] Route matched with {action = "Index", controller = "MyTickets", area = ""}. Executing controller action with signature System.Threading.Tasks.Task`1[Microsoft.AspNetCore.Mvc.IActionResult] Index() on controller AuraCinema.Web.Controllers.MyTicketsController (AuraCinema.Web).
2026-05-20 19:47:15.338 +07:00 [INF] Executed DbCommand (2ms) [Parameters=[@__userId_0='?' (DbType = Int32)], CommandType='"Text"', CommandTimeout='30']
SELECT [o].[OrderID], [o].[FinalAmount], [o].[HoldExpiryTime], [o].[OrderCode], [o].[PayOSTransID], [o].[PromoID], [o].[QrCode], [o].[ShowtimeID], [o].[Status], [o].[TotalAmount], [o].[UserID], [s].[ShowtimeID], [s].[EndTime], [s].[MovieID], [s].[RoomID], [s].[ShowtimeCode], [s].[StartTime], [s].[Status], [m].[MovieID], [m].[Actors], [m].[Director], [m].[Duration], [m].[Genre], [m].[MovieCode], [m].[Poster], [m].[ReleaseDate], [m].[Status], [m].[Title], [m].[Trailer], [r].[RoomID], [r].[Capacity], [r].[RoomCode], [r].[RoomName], [r].[Status], [t].[OrderID], [t].[SeatID], [t].[Price], [t].[Status], [t].[SeatID0], [t].[RoomID], [t].[RowLabel], [t].[SeatCode], [t].[SeatNumber], [t].[SeatType]
FROM [Orders] AS [o]
INNER JOIN [Showtimes] AS [s] ON [o].[ShowtimeID] = [s].[ShowtimeID]
INNER JOIN [Movies] AS [m] ON [s].[MovieID] = [m].[MovieID]
INNER JOIN [Rooms] AS [r] ON [s].[RoomID] = [r].[RoomID]
LEFT JOIN (
    SELECT [o0].[OrderID], [o0].[SeatID], [o0].[Price], [o0].[Status], [s0].[SeatID] AS [SeatID0], [s0].[RoomID], [s0].[RowLabel], [s0].[SeatCode], [s0].[SeatNumber], [s0].[SeatType]
    FROM [OrderSeats] AS [o0]
    INNER JOIN [Seats] AS [s0] ON [o0].[SeatID] = [s0].[SeatID]
) AS [t] ON [o].[OrderID] = [t].[OrderID]
WHERE [o].[UserID] = @__userId_0
ORDER BY [o].[OrderID] DESC, [s].[ShowtimeID], [m].[MovieID], [r].[RoomID], [t].[OrderID], [t].[SeatID]
2026-05-20 19:47:15.344 +07:00 [INF] Executing ViewResult, running view Index.
2026-05-20 19:47:15.346 +07:00 [INF] Executed ViewResult - view Index executed in 2.5372ms.
2026-05-20 19:47:15.346 +07:00 [INF] Executed action AuraCinema.Web.Controllers.MyTicketsController.Index (AuraCinema.Web) in 16.9647ms
2026-05-20 19:47:15.346 +07:00 [INF] Executed endpoint 'AuraCinema.Web.Controllers.MyTicketsController.Index (AuraCinema.Web)'
2026-05-20 19:47:15.347 +07:00 [INF] Request finished HTTP/1.1 GET http://localhost:5231/MyTickets - 200 null text/html; charset=utf-8 19.7988ms
2026-05-20 19:47:18.692 +07:00 [INF] Request starting HTTP/1.1 GET http://localhost:5231/MyTickets - null null
2026-05-20 19:47:18.693 +07:00 [INF] Executing endpoint 'AuraCinema.Web.Controllers.MyTicketsController.Index (AuraCinema.Web)'
2026-05-20 19:47:18.693 +07:00 [INF] Route matched with {action = "Index", controller = "MyTickets", area = ""}. Executing controller action with signature System.Threading.Tasks.Task`1[Microsoft.AspNetCore.Mvc.IActionResult] Index() on controller AuraCinema.Web.Controllers.MyTicketsController (AuraCinema.Web).
2026-05-20 19:47:18.696 +07:00 [INF] Executed DbCommand (1ms) [Parameters=[@__userId_0='?' (DbType = Int32)], CommandType='"Text"', CommandTimeout='30']
SELECT [o].[OrderID], [o].[FinalAmount], [o].[HoldExpiryTime], [o].[OrderCode], [o].[PayOSTransID], [o].[PromoID], [o].[QrCode], [o].[ShowtimeID], [o].[Status], [o].[TotalAmount], [o].[UserID], [s].[ShowtimeID], [s].[EndTime], [s].[MovieID], [s].[RoomID], [s].[ShowtimeCode], [s].[StartTime], [s].[Status], [m].[MovieID], [m].[Actors], [m].[Director], [m].[Duration], [m].[Genre], [m].[MovieCode], [m].[Poster], [m].[ReleaseDate], [m].[Status], [m].[Title], [m].[Trailer], [r].[RoomID], [r].[Capacity], [r].[RoomCode], [r].[RoomName], [r].[Status], [t].[OrderID], [t].[SeatID], [t].[Price], [t].[Status], [t].[SeatID0], [t].[RoomID], [t].[RowLabel], [t].[SeatCode], [t].[SeatNumber], [t].[SeatType]
FROM [Orders] AS [o]
INNER JOIN [Showtimes] AS [s] ON [o].[ShowtimeID] = [s].[ShowtimeID]
INNER JOIN [Movies] AS [m] ON [s].[MovieID] = [m].[MovieID]
INNER JOIN [Rooms] AS [r] ON [s].[RoomID] = [r].[RoomID]
LEFT JOIN (
    SELECT [o0].[OrderID], [o0].[SeatID], [o0].[Price], [o0].[Status], [s0].[SeatID] AS [SeatID0], [s0].[RoomID], [s0].[RowLabel], [s0].[SeatCode], [s0].[SeatNumber], [s0].[SeatType]
    FROM [OrderSeats] AS [o0]
    INNER JOIN [Seats] AS [s0] ON [o0].[SeatID] = [s0].[SeatID]
) AS [t] ON [o].[OrderID] = [t].[OrderID]
WHERE [o].[UserID] = @__userId_0
ORDER BY [o].[OrderID] DESC, [s].[ShowtimeID], [m].[MovieID], [r].[RoomID], [t].[OrderID], [t].[SeatID]
2026-05-20 19:47:18.699 +07:00 [INF] Executing ViewResult, running view Index.
2026-05-20 19:47:18.702 +07:00 [INF] Executed ViewResult - view Index executed in 3.8837ms.
2026-05-20 19:47:18.703 +07:00 [INF] Executed action AuraCinema.Web.Controllers.MyTicketsController.Index (AuraCinema.Web) in 9.3274ms
2026-05-20 19:47:18.703 +07:00 [INF] Executed endpoint 'AuraCinema.Web.Controllers.MyTicketsController.Index (AuraCinema.Web)'
2026-05-20 19:47:18.703 +07:00 [INF] Request finished HTTP/1.1 GET http://localhost:5231/MyTickets - 200 null text/html; charset=utf-8 11.3753ms
2026-05-20 19:47:20.716 +07:00 [INF] Request starting HTTP/1.1 GET http://localhost:5231/ - null null
2026-05-20 19:47:20.716 +07:00 [INF] Executing endpoint 'AuraCinema.Web.Controllers.HomeController.Index (AuraCinema.Web)'
2026-05-20 19:47:20.717 +07:00 [INF] Route matched with {action = "Index", controller = "Home", area = ""}. Executing controller action with signature System.Threading.Tasks.Task`1[Microsoft.AspNetCore.Mvc.IActionResult] Index() on controller AuraCinema.Web.Controllers.HomeController (AuraCinema.Web).
2026-05-20 19:47:20.719 +07:00 [INF] Executed DbCommand (1ms) [Parameters=[], CommandType='"Text"', CommandTimeout='30']
SELECT [m].[MovieID], [m].[Title], [m].[Genre], [m].[Poster], [m].[Duration], [m].[Status], [m].[ReleaseDate], [m].[Director]
FROM [Movies] AS [m]
WHERE [m].[Status] IN (N'Dang chieu', N'Sap chieu')
ORDER BY [m].[ReleaseDate] DESC
2026-05-20 19:47:20.722 +07:00 [INF] Executed DbCommand (1ms) [Parameters=[@__p_1='?' (DbType = Int32), @__userId_0='?' (DbType = Int32)], CommandType='"Text"', CommandTimeout='30']
SELECT [t].[OrderID], [t].[FinalAmount], [t].[HoldExpiryTime], [t].[OrderCode], [t].[PayOSTransID], [t].[PromoID], [t].[QrCode], [t].[ShowtimeID], [t].[Status], [t].[TotalAmount], [t].[UserID], [s].[ShowtimeID], [s].[EndTime], [s].[MovieID], [s].[RoomID], [s].[ShowtimeCode], [s].[StartTime], [s].[Status], [m].[MovieID], [m].[Actors], [m].[Director], [m].[Duration], [m].[Genre], [m].[MovieCode], [m].[Poster], [m].[ReleaseDate], [m].[Status], [m].[Title], [m].[Trailer], [r].[RoomID], [r].[Capacity], [r].[RoomCode], [r].[RoomName], [r].[Status], [t0].[OrderID], [t0].[SeatID], [t0].[Price], [t0].[Status], [t0].[SeatID0], [t0].[RoomID], [t0].[RowLabel], [t0].[SeatCode], [t0].[SeatNumber], [t0].[SeatType]
FROM (
    SELECT TOP(@__p_1) [o].[OrderID], [o].[FinalAmount], [o].[HoldExpiryTime], [o].[OrderCode], [o].[PayOSTransID], [o].[PromoID], [o].[QrCode], [o].[ShowtimeID], [o].[Status], [o].[TotalAmount], [o].[UserID]
    FROM [Orders] AS [o]
    WHERE [o].[UserID] = @__userId_0 AND [o].[Status] IN (N'Da thanh toan', N'Da su dung', N'Đã thanh toán', N'Đã sử dụng')
    ORDER BY [o].[OrderID] DESC
) AS [t]
INNER JOIN [Showtimes] AS [s] ON [t].[ShowtimeID] = [s].[ShowtimeID]
INNER JOIN [Movies] AS [m] ON [s].[MovieID] = [m].[MovieID]
INNER JOIN [Rooms] AS [r] ON [s].[RoomID] = [r].[RoomID]
LEFT JOIN (
    SELECT [o0].[OrderID], [o0].[SeatID], [o0].[Price], [o0].[Status], [s0].[SeatID] AS [SeatID0], [s0].[RoomID], [s0].[RowLabel], [s0].[SeatCode], [s0].[SeatNumber], [s0].[SeatType]
    FROM [OrderSeats] AS [o0]
    INNER JOIN [Seats] AS [s0] ON [o0].[SeatID] = [s0].[SeatID]
) AS [t0] ON [t].[OrderID] = [t0].[OrderID]
ORDER BY [t].[OrderID] DESC, [s].[ShowtimeID], [m].[MovieID], [r].[RoomID], [t0].[OrderID], [t0].[SeatID]
2026-05-20 19:47:20.723 +07:00 [INF] Executing ViewResult, running view Index.
2026-05-20 19:47:20.726 +07:00 [INF] Executed ViewResult - view Index executed in 3.0174ms.
2026-05-20 19:47:20.726 +07:00 [INF] Executed action AuraCinema.Web.Controllers.HomeController.Index (AuraCinema.Web) in 9.4656ms
2026-05-20 19:47:20.726 +07:00 [INF] Executed endpoint 'AuraCinema.Web.Controllers.HomeController.Index (AuraCinema.Web)'
2026-05-20 19:47:20.726 +07:00 [INF] Request finished HTTP/1.1 GET http://localhost:5231/ - 200 null text/html; charset=utf-8 10.4321ms
2026-05-20 19:47:24.049 +07:00 [INF] Executed DbCommand (1ms) [Parameters=[], CommandType='"Text"', CommandTimeout='30']
SELECT [o].[OrderID], [o].[FinalAmount], [o].[HoldExpiryTime], [o].[OrderCode], [o].[PayOSTransID], [o].[PromoID], [o].[QrCode], [o].[ShowtimeID], [o].[Status], [o].[TotalAmount], [o].[UserID]
FROM [Orders] AS [o]
WHERE [o].[Status] = N'Chờ thanh toán' AND [o].[HoldExpiryTime] <= GETDATE()
2026-05-20 19:47:24.051 +07:00 [INF] Executed DbCommand (1ms) [Parameters=[@__maxSellingDate_0='?' (DbType = DateTime2), @__now_1='?' (DbType = DateTime2)], CommandType='"Text"', CommandTimeout='30']
SELECT [s].[ShowtimeID], [s].[EndTime], [s].[MovieID], [s].[RoomID], [s].[ShowtimeCode], [s].[StartTime], [s].[Status]
FROM [Showtimes] AS [s]
WHERE [s].[Status] IN (N'Đã lên lịch', N'Sap chieu') AND CONVERT(date, [s].[StartTime]) <= @__maxSellingDate_0 AND [s].[StartTime] > @__now_1
2026-05-20 19:47:24.052 +07:00 [INF] Executed DbCommand (0ms) [Parameters=[@__now_0='?' (DbType = DateTime2)], CommandType='"Text"', CommandTimeout='30']
SELECT [s].[ShowtimeID], [s].[EndTime], [s].[MovieID], [s].[RoomID], [s].[ShowtimeCode], [s].[StartTime], [s].[Status]
FROM [Showtimes] AS [s]
WHERE [s].[Status] IN (N'Đã lên lịch', N'Đang mở bán', N'Sap chieu') AND [s].[StartTime] <= @__now_0 AND [s].[EndTime] > @__now_0
2026-05-20 19:47:24.054 +07:00 [INF] Executed DbCommand (0ms) [Parameters=[@__now_0='?' (DbType = DateTime2)], CommandType='"Text"', CommandTimeout='30']
SELECT [s].[ShowtimeID], [s].[EndTime], [s].[MovieID], [s].[RoomID], [s].[ShowtimeCode], [s].[StartTime], [s].[Status]
FROM [Showtimes] AS [s]
WHERE [s].[Status] IN (N'Đã lên lịch', N'Đang mở bán', N'Đang chiếu', N'Sap chieu', N'Dang dien ra') AND [s].[EndTime] <= @__now_0
2026-05-20 19:48:24.057 +07:00 [INF] Executed DbCommand (1ms) [Parameters=[], CommandType='"Text"', CommandTimeout='30']
SELECT [o].[OrderID], [o].[FinalAmount], [o].[HoldExpiryTime], [o].[OrderCode], [o].[PayOSTransID], [o].[PromoID], [o].[QrCode], [o].[ShowtimeID], [o].[Status], [o].[TotalAmount], [o].[UserID]
FROM [Orders] AS [o]
WHERE [o].[Status] = N'Chờ thanh toán' AND [o].[HoldExpiryTime] <= GETDATE()
2026-05-20 19:48:24.076 +07:00 [INF] Executed DbCommand (1ms) [Parameters=[@__maxSellingDate_0='?' (DbType = DateTime2), @__now_1='?' (DbType = DateTime2)], CommandType='"Text"', CommandTimeout='30']
SELECT [s].[ShowtimeID], [s].[EndTime], [s].[MovieID], [s].[RoomID], [s].[ShowtimeCode], [s].[StartTime], [s].[Status]
FROM [Showtimes] AS [s]
WHERE [s].[Status] IN (N'Đã lên lịch', N'Sap chieu') AND CONVERT(date, [s].[StartTime]) <= @__maxSellingDate_0 AND [s].[StartTime] > @__now_1
2026-05-20 19:48:24.077 +07:00 [INF] Executed DbCommand (0ms) [Parameters=[@__now_0='?' (DbType = DateTime2)], CommandType='"Text"', CommandTimeout='30']
SELECT [s].[ShowtimeID], [s].[EndTime], [s].[MovieID], [s].[RoomID], [s].[ShowtimeCode], [s].[StartTime], [s].[Status]
FROM [Showtimes] AS [s]
WHERE [s].[Status] IN (N'Đã lên lịch', N'Đang mở bán', N'Sap chieu') AND [s].[StartTime] <= @__now_0 AND [s].[EndTime] > @__now_0
2026-05-20 19:48:24.078 +07:00 [INF] Executed DbCommand (0ms) [Parameters=[@__now_0='?' (DbType = DateTime2)], CommandType='"Text"', CommandTimeout='30']
SELECT [s].[ShowtimeID], [s].[EndTime], [s].[MovieID], [s].[RoomID], [s].[ShowtimeCode], [s].[StartTime], [s].[Status]
FROM [Showtimes] AS [s]
WHERE [s].[Status] IN (N'Đã lên lịch', N'Đang mở bán', N'Đang chiếu', N'Sap chieu', N'Dang dien ra') AND [s].[EndTime] <= @__now_0
2026-05-20 19:49:15.859 +07:00 [INF] Executed DbCommand (23ms) [Parameters=[], CommandType='"Text"', CommandTimeout='30']
SELECT 1
2026-05-20 19:49:15.967 +07:00 [INF] Executed DbCommand (51ms) [Parameters=[], CommandType='"Text"', CommandTimeout='30']
SELECT OBJECT_ID(N'[__EFMigrationsHistory]');
2026-05-20 19:49:15.976 +07:00 [INF] Executed DbCommand (6ms) [Parameters=[], CommandType='"Text"', CommandTimeout='30']
SELECT 1
2026-05-20 19:49:15.978 +07:00 [INF] Executed DbCommand (1ms) [Parameters=[], CommandType='"Text"', CommandTimeout='30']
SELECT OBJECT_ID(N'[__EFMigrationsHistory]');
2026-05-20 19:49:15.999 +07:00 [INF] Executed DbCommand (3ms) [Parameters=[], CommandType='"Text"', CommandTimeout='30']
SELECT [MigrationId], [ProductVersion]
FROM [__EFMigrationsHistory]
ORDER BY [MigrationId];
2026-05-20 19:49:16.017 +07:00 [INF] No migrations were applied. The database is already up to date.
2026-05-20 19:49:16.223 +07:00 [INF] Executed DbCommand (4ms) [Parameters=[], CommandType='"Text"', CommandTimeout='30']
SELECT CASE
    WHEN EXISTS (
        SELECT 1
        FROM [Users] AS [u]
        WHERE [u].[Email] = N'admin@auracinema.vn') THEN CAST(1 AS bit)
    ELSE CAST(0 AS bit)
END
2026-05-20 19:49:16.233 +07:00 [INF] Executed DbCommand (3ms) [Parameters=[], CommandType='"Text"', CommandTimeout='30']
SELECT CASE
    WHEN EXISTS (
        SELECT 1
        FROM [Users] AS [u]
        WHERE [u].[Email] = N'staff@auracinema.vn') THEN CAST(1 AS bit)
    ELSE CAST(0 AS bit)
END
2026-05-20 19:49:16.238 +07:00 [INF] Executed DbCommand (1ms) [Parameters=[], CommandType='"Text"', CommandTimeout='30']
SELECT CASE
    WHEN EXISTS (
        SELECT 1
        FROM [Users] AS [u]
        WHERE [u].[Email] = N'customer@gmail.com') THEN CAST(1 AS bit)
    ELSE CAST(0 AS bit)
END
2026-05-20 19:49:16.312 +07:00 [INF] Executed DbCommand (2ms) [Parameters=[], CommandType='"Text"', CommandTimeout='30']
SELECT [u].[UserID], [u].[Email], [u].[FullName], [u].[OtpCode], [u].[OtpExpiry], [u].[Password], [u].[Phone], [u].[Role], [u].[Status], [u].[UserCode]
FROM [Users] AS [u]
WHERE [u].[UserCode] LIKE N''
2026-05-20 19:49:16.320 +07:00 [INF] Executed DbCommand (2ms) [Parameters=[], CommandType='"Text"', CommandTimeout='30']
SELECT CASE
    WHEN EXISTS (
        SELECT 1
        FROM [Rooms] AS [r]) THEN CAST(1 AS bit)
    ELSE CAST(0 AS bit)
END
2026-05-20 19:49:16.326 +07:00 [INF] Executed DbCommand (2ms) [Parameters=[], CommandType='"Text"', CommandTimeout='30']
SELECT CASE
    WHEN EXISTS (
        SELECT 1
        FROM [PriceConfigs] AS [p]) THEN CAST(1 AS bit)
    ELSE CAST(0 AS bit)
END
2026-05-20 19:49:16.332 +07:00 [INF] Executed DbCommand (4ms) [Parameters=[], CommandType='"Text"', CommandTimeout='30']
SELECT CASE
    WHEN EXISTS (
        SELECT 1
        FROM [Movies] AS [m]) THEN CAST(1 AS bit)
    ELSE CAST(0 AS bit)
END
2026-05-20 19:49:16.338 +07:00 [INF] Executed DbCommand (2ms) [Parameters=[], CommandType='"Text"', CommandTimeout='30']
SELECT CASE
    WHEN EXISTS (
        SELECT 1
        FROM [Services] AS [s]) THEN CAST(1 AS bit)
    ELSE CAST(0 AS bit)
END
2026-05-20 19:49:16.342 +07:00 [INF] Executed DbCommand (2ms) [Parameters=[], CommandType='"Text"', CommandTimeout='30']
SELECT CASE
    WHEN EXISTS (
        SELECT 1
        FROM [Promotions] AS [p]) THEN CAST(1 AS bit)
    ELSE CAST(0 AS bit)
END
2026-05-20 19:49:16.350 +07:00 [INF] Executed DbCommand (3ms) [Parameters=[], CommandType='"Text"', CommandTimeout='30']
SELECT CASE
    WHEN EXISTS (
        SELECT 1
        FROM [Showtimes] AS [s]) THEN CAST(1 AS bit)
    ELSE CAST(0 AS bit)
END
2026-05-20 19:49:16.367 +07:00 [INF] Executed DbCommand (5ms) [Parameters=[], CommandType='"Text"', CommandTimeout='30']
SELECT CASE
    WHEN EXISTS (
        SELECT 1
        FROM [Orders] AS [o]
        WHERE [o].[Status] IN (N'Da thanh toan', N'Đã thanh toán')) THEN CAST(1 AS bit)
    ELSE CAST(0 AS bit)
END
2026-05-20 19:49:16.486 +07:00 [INF] User profile is available. Using 'C:\Users\lqhie\AppData\Local\ASP.NET\DataProtection-Keys' as key repository and Windows DPAPI to encrypt keys at rest.
2026-05-20 19:49:16.520 +07:00 [INF] Booking Cleanup Service is starting.
2026-05-20 19:49:16.546 +07:00 [INF] Executed DbCommand (4ms) [Parameters=[], CommandType='"Text"', CommandTimeout='30']
SELECT [o].[OrderID], [o].[FinalAmount], [o].[HoldExpiryTime], [o].[OrderCode], [o].[PayOSTransID], [o].[PromoID], [o].[QrCode], [o].[ShowtimeID], [o].[Status], [o].[TotalAmount], [o].[UserID]
FROM [Orders] AS [o]
WHERE [o].[Status] = N'Chờ thanh toán' AND [o].[HoldExpiryTime] <= GETDATE()
2026-05-20 19:49:16.577 +07:00 [INF] Now listening on: http://localhost:5231
2026-05-20 19:49:16.577 +07:00 [INF] Application started. Press Ctrl+C to shut down.
2026-05-20 19:49:16.578 +07:00 [INF] Hosting environment: Development
2026-05-20 19:49:16.578 +07:00 [INF] Content root path: D:\AURACINEMA\AuraCinema.Web
2026-05-20 19:49:16.628 +07:00 [INF] Executed DbCommand (12ms) [Parameters=[@__maxSellingDate_0='?' (DbType = DateTime2), @__now_1='?' (DbType = DateTime2)], CommandType='"Text"', CommandTimeout='30']
SELECT [s].[ShowtimeID], [s].[EndTime], [s].[MovieID], [s].[RoomID], [s].[ShowtimeCode], [s].[StartTime], [s].[Status]
FROM [Showtimes] AS [s]
WHERE [s].[Status] IN (N'Đã lên lịch', N'Sap chieu') AND CONVERT(date, [s].[StartTime]) <= @__maxSellingDate_0 AND [s].[StartTime] > @__now_1
2026-05-20 19:49:16.636 +07:00 [INF] Executed DbCommand (2ms) [Parameters=[@__now_0='?' (DbType = DateTime2)], CommandType='"Text"', CommandTimeout='30']
SELECT [s].[ShowtimeID], [s].[EndTime], [s].[MovieID], [s].[RoomID], [s].[ShowtimeCode], [s].[StartTime], [s].[Status]
FROM [Showtimes] AS [s]
WHERE [s].[Status] IN (N'Đã lên lịch', N'Đang mở bán', N'Sap chieu') AND [s].[StartTime] <= @__now_0 AND [s].[EndTime] > @__now_0
2026-05-20 19:49:16.642 +07:00 [INF] Executed DbCommand (3ms) [Parameters=[@__now_0='?' (DbType = DateTime2)], CommandType='"Text"', CommandTimeout='30']
SELECT [s].[ShowtimeID], [s].[EndTime], [s].[MovieID], [s].[RoomID], [s].[ShowtimeCode], [s].[StartTime], [s].[Status]
FROM [Showtimes] AS [s]
WHERE [s].[Status] IN (N'Đã lên lịch', N'Đang mở bán', N'Đang chiếu', N'Sap chieu', N'Dang dien ra') AND [s].[EndTime] <= @__now_0
2026-05-20 19:49:49.995 +07:00 [INF] Request starting HTTP/1.1 GET http://localhost:5231/ - null null
2026-05-20 19:49:49.997 +07:00 [WRN] Failed to determine the https port for redirect.
2026-05-20 19:49:50.041 +07:00 [INF] Executing endpoint 'AuraCinema.Web.Controllers.HomeController.Index (AuraCinema.Web)'
2026-05-20 19:49:50.070 +07:00 [INF] Route matched with {action = "Index", controller = "Home", area = ""}. Executing controller action with signature System.Threading.Tasks.Task`1[Microsoft.AspNetCore.Mvc.IActionResult] Index() on controller AuraCinema.Web.Controllers.HomeController (AuraCinema.Web).
2026-05-20 19:49:50.113 +07:00 [INF] Executed DbCommand (3ms) [Parameters=[], CommandType='"Text"', CommandTimeout='30']
SELECT [m].[MovieID], [m].[Title], [m].[Genre], [m].[Poster], [m].[Duration], [m].[Status], [m].[ReleaseDate], [m].[Director]
FROM [Movies] AS [m]
WHERE [m].[Status] IN (N'Dang chieu', N'Sap chieu')
ORDER BY [m].[ReleaseDate] DESC
2026-05-20 19:49:50.235 +07:00 [INF] Executed DbCommand (15ms) [Parameters=[@__p_1='?' (DbType = Int32), @__userId_0='?' (DbType = Int32)], CommandType='"Text"', CommandTimeout='30']
SELECT [t].[OrderID], [t].[FinalAmount], [t].[HoldExpiryTime], [t].[OrderCode], [t].[PayOSTransID], [t].[PromoID], [t].[QrCode], [t].[ShowtimeID], [t].[Status], [t].[TotalAmount], [t].[UserID], [s].[ShowtimeID], [s].[EndTime], [s].[MovieID], [s].[RoomID], [s].[ShowtimeCode], [s].[StartTime], [s].[Status], [m].[MovieID], [m].[Actors], [m].[Director], [m].[Duration], [m].[Genre], [m].[MovieCode], [m].[Poster], [m].[ReleaseDate], [m].[Status], [m].[Title], [m].[Trailer], [r].[RoomID], [r].[Capacity], [r].[RoomCode], [r].[RoomName], [r].[Status], [t0].[OrderID], [t0].[SeatID], [t0].[Price], [t0].[Status], [t0].[SeatID0], [t0].[RoomID], [t0].[RowLabel], [t0].[SeatCode], [t0].[SeatNumber], [t0].[SeatType]
FROM (
    SELECT TOP(@__p_1) [o].[OrderID], [o].[FinalAmount], [o].[HoldExpiryTime], [o].[OrderCode], [o].[PayOSTransID], [o].[PromoID], [o].[QrCode], [o].[ShowtimeID], [o].[Status], [o].[TotalAmount], [o].[UserID]
    FROM [Orders] AS [o]
    WHERE [o].[UserID] = @__userId_0 AND [o].[Status] IN (N'Da thanh toan', N'Da su dung', N'Đã thanh toán', N'Đã sử dụng')
    ORDER BY [o].[OrderID] DESC
) AS [t]
INNER JOIN [Showtimes] AS [s] ON [t].[ShowtimeID] = [s].[ShowtimeID]
INNER JOIN [Movies] AS [m] ON [s].[MovieID] = [m].[MovieID]
INNER JOIN [Rooms] AS [r] ON [s].[RoomID] = [r].[RoomID]
LEFT JOIN (
    SELECT [o0].[OrderID], [o0].[SeatID], [o0].[Price], [o0].[Status], [s0].[SeatID] AS [SeatID0], [s0].[RoomID], [s0].[RowLabel], [s0].[SeatCode], [s0].[SeatNumber], [s0].[SeatType]
    FROM [OrderSeats] AS [o0]
    INNER JOIN [Seats] AS [s0] ON [o0].[SeatID] = [s0].[SeatID]
) AS [t0] ON [t].[OrderID] = [t0].[OrderID]
ORDER BY [t].[OrderID] DESC, [s].[ShowtimeID], [m].[MovieID], [r].[RoomID], [t0].[OrderID], [t0].[SeatID]
2026-05-20 19:49:50.441 +07:00 [INF] Executing ViewResult, running view Index.
2026-05-20 19:49:50.575 +07:00 [INF] Executed ViewResult - view Index executed in 135.9689ms.
2026-05-20 19:49:50.583 +07:00 [INF] Executed action AuraCinema.Web.Controllers.HomeController.Index (AuraCinema.Web) in 511.7018ms
2026-05-20 19:49:50.584 +07:00 [INF] Executed endpoint 'AuraCinema.Web.Controllers.HomeController.Index (AuraCinema.Web)'
2026-05-20 19:49:50.594 +07:00 [INF] Request finished HTTP/1.1 GET http://localhost:5231/ - 200 null text/html; charset=utf-8 601.042ms
2026-05-20 19:49:50.628 +07:00 [INF] Request starting HTTP/1.1 GET http://localhost:5231/css/chatbot.css?v=r2u6L0FAOMDC4s9aPw1MZX42JGlCVETX6XZ-jz-lAOo - null null
2026-05-20 19:49:50.629 +07:00 [INF] Request starting HTTP/1.1 GET http://localhost:5231/js/chatbot.js?v=8SI7bVlT6PU6wvsevg8vnDYC-FsacmaWRIf4XPwosNE - null null
2026-05-20 19:49:50.636 +07:00 [INF] The file /js/chatbot.js was not modified
2026-05-20 19:49:50.636 +07:00 [INF] The file /css/chatbot.css was not modified
2026-05-20 19:49:50.637 +07:00 [INF] Request finished HTTP/1.1 GET http://localhost:5231/js/chatbot.js?v=8SI7bVlT6PU6wvsevg8vnDYC-FsacmaWRIf4XPwosNE - 304 null text/javascript 8.4001ms
2026-05-20 19:49:50.637 +07:00 [INF] Request finished HTTP/1.1 GET http://localhost:5231/css/chatbot.css?v=r2u6L0FAOMDC4s9aPw1MZX42JGlCVETX6XZ-jz-lAOo - 304 null text/css 8.7253ms
2026-05-20 19:49:53.693 +07:00 [INF] Request starting HTTP/1.1 POST http://localhost:5231/api/chatbot/message - application/json 91
2026-05-20 19:49:53.697 +07:00 [INF] Executing endpoint 'AuraCinema.Web.Controllers.ChatbotController.ProcessMessage (AuraCinema.Web)'
2026-05-20 19:49:53.711 +07:00 [INF] Route matched with {action = "ProcessMessage", controller = "Chatbot", area = ""}. Executing controller action with signature System.Threading.Tasks.Task`1[Microsoft.AspNetCore.Mvc.IActionResult] ProcessMessage(AuraCinema.Domain.Models.Chat.ChatRequest) on controller AuraCinema.Web.Controllers.ChatbotController (AuraCinema.Web).
2026-05-20 19:49:53.822 +07:00 [INF] Start processing HTTP request POST https://generativelanguage.googleapis.com/v1beta/models/gemini-3.5-flash:generateContent?*
2026-05-20 19:49:53.826 +07:00 [INF] Sending HTTP request POST https://generativelanguage.googleapis.com/v1beta/models/gemini-3.5-flash:generateContent?*
2026-05-20 19:49:55.274 +07:00 [INF] Received HTTP response headers after 1445.7404ms - 200
2026-05-20 19:49:55.275 +07:00 [INF] End processing HTTP request after 1461.3681ms - 200
2026-05-20 19:49:55.296 +07:00 [INF] Executing tool: search_movies with args: {
                "status": "Dang chieu"
              }
2026-05-20 19:49:55.317 +07:00 [INF] Executed DbCommand (4ms) [Parameters=[@__p_1='?' (DbType = Int32), @__status_0='?' (Size = 50)], CommandType='"Text"', CommandTimeout='30']
SELECT TOP(@__p_1) [m].[MovieID], [m].[Title], [m].[Genre], [m].[Duration], [m].[Poster], CASE
    WHEN [m].[Status] = N'Dang chieu' THEN N'Đang chiếu'
    ELSE N'Sắp chiếu'
END AS [Status]
FROM [Movies] AS [m]
WHERE [m].[Status] = @__status_0
ORDER BY CASE
    WHEN [m].[Status] = N'Dang chieu' THEN CAST(1 AS bit)
    ELSE CAST(0 AS bit)
END DESC, [m].[ReleaseDate] DESC
2026-05-20 19:49:55.336 +07:00 [INF] Start processing HTTP request POST https://generativelanguage.googleapis.com/v1beta/models/gemini-3.5-flash:generateContent?*
2026-05-20 19:49:55.336 +07:00 [INF] Sending HTTP request POST https://generativelanguage.googleapis.com/v1beta/models/gemini-3.5-flash:generateContent?*
2026-05-20 19:49:57.033 +07:00 [INF] Received HTTP response headers after 1696.8397ms - 200
2026-05-20 19:49:57.034 +07:00 [INF] End processing HTTP request after 1697.818ms - 200
2026-05-20 19:49:57.054 +07:00 [INF] Executing OkObjectResult, writing value of type 'AuraCinema.Domain.Models.Chat.ChatResponse'.
2026-05-20 19:49:57.070 +07:00 [INF] Executed action AuraCinema.Web.Controllers.ChatbotController.ProcessMessage (AuraCinema.Web) in 3358.9451ms
2026-05-20 19:49:57.070 +07:00 [INF] Executed endpoint 'AuraCinema.Web.Controllers.ChatbotController.ProcessMessage (AuraCinema.Web)'
2026-05-20 19:49:57.071 +07:00 [INF] Request finished HTTP/1.1 POST http://localhost:5231/api/chatbot/message - 200 null application/json; charset=utf-8 3377.8903ms
2026-05-20 19:50:16.653 +07:00 [INF] Executed DbCommand (1ms) [Parameters=[], CommandType='"Text"', CommandTimeout='30']
SELECT [o].[OrderID], [o].[FinalAmount], [o].[HoldExpiryTime], [o].[OrderCode], [o].[PayOSTransID], [o].[PromoID], [o].[QrCode], [o].[ShowtimeID], [o].[Status], [o].[TotalAmount], [o].[UserID]
FROM [Orders] AS [o]
WHERE [o].[Status] = N'Chờ thanh toán' AND [o].[HoldExpiryTime] <= GETDATE()
2026-05-20 19:50:16.658 +07:00 [INF] Executed DbCommand (3ms) [Parameters=[@__maxSellingDate_0='?' (DbType = DateTime2), @__now_1='?' (DbType = DateTime2)], CommandType='"Text"', CommandTimeout='30']
SELECT [s].[ShowtimeID], [s].[EndTime], [s].[MovieID], [s].[RoomID], [s].[ShowtimeCode], [s].[StartTime], [s].[Status]
FROM [Showtimes] AS [s]
WHERE [s].[Status] IN (N'Đã lên lịch', N'Sap chieu') AND CONVERT(date, [s].[StartTime]) <= @__maxSellingDate_0 AND [s].[StartTime] > @__now_1
2026-05-20 19:50:16.659 +07:00 [INF] Executed DbCommand (1ms) [Parameters=[@__now_0='?' (DbType = DateTime2)], CommandType='"Text"', CommandTimeout='30']
SELECT [s].[ShowtimeID], [s].[EndTime], [s].[MovieID], [s].[RoomID], [s].[ShowtimeCode], [s].[StartTime], [s].[Status]
FROM [Showtimes] AS [s]
WHERE [s].[Status] IN (N'Đã lên lịch', N'Đang mở bán', N'Sap chieu') AND [s].[StartTime] <= @__now_0 AND [s].[EndTime] > @__now_0
2026-05-20 19:50:16.661 +07:00 [INF] Executed DbCommand (0ms) [Parameters=[@__now_0='?' (DbType = DateTime2)], CommandType='"Text"', CommandTimeout='30']
SELECT [s].[ShowtimeID], [s].[EndTime], [s].[MovieID], [s].[RoomID], [s].[ShowtimeCode], [s].[StartTime], [s].[Status]
FROM [Showtimes] AS [s]
WHERE [s].[Status] IN (N'Đã lên lịch', N'Đang mở bán', N'Đang chiếu', N'Sap chieu', N'Dang dien ra') AND [s].[EndTime] <= @__now_0
2026-05-20 19:50:31.552 +07:00 [INF] Request starting HTTP/1.1 POST http://localhost:5231/api/chatbot/message - application/json 612
2026-05-20 19:50:31.556 +07:00 [INF] Executing endpoint 'AuraCinema.Web.Controllers.ChatbotController.ProcessMessage (AuraCinema.Web)'
2026-05-20 19:50:31.557 +07:00 [INF] Route matched with {action = "ProcessMessage", controller = "Chatbot", area = ""}. Executing controller action with signature System.Threading.Tasks.Task`1[Microsoft.AspNetCore.Mvc.IActionResult] ProcessMessage(AuraCinema.Domain.Models.Chat.ChatRequest) on controller AuraCinema.Web.Controllers.ChatbotController (AuraCinema.Web).
2026-05-20 19:50:31.559 +07:00 [INF] Start processing HTTP request POST https://generativelanguage.googleapis.com/v1beta/models/gemini-3.5-flash:generateContent?*
2026-05-20 19:50:31.559 +07:00 [INF] Sending HTTP request POST https://generativelanguage.googleapis.com/v1beta/models/gemini-3.5-flash:generateContent?*
2026-05-20 19:50:33.303 +07:00 [INF] Received HTTP response headers after 1743.9035ms - 200
2026-05-20 19:50:33.303 +07:00 [INF] End processing HTTP request after 1744.6615ms - 200
2026-05-20 19:50:33.305 +07:00 [INF] Executing tool: get_showtimes with args: {
                "movie_title": "Yêu Nữ Thích Hàng Hiệu 2"
              }
2026-05-20 19:50:33.336 +07:00 [INF] Executed DbCommand (4ms) [Parameters=[@__movieTitle_0_contains='?' (Size = 255)], CommandType='"Text"', CommandTimeout='30']
SELECT TOP(1) [m].[MovieID], [m].[Actors], [m].[Director], [m].[Duration], [m].[Genre], [m].[MovieCode], [m].[Poster], [m].[ReleaseDate], [m].[Status], [m].[Title], [m].[Trailer]
FROM [Movies] AS [m]
WHERE [m].[Title] LIKE @__movieTitle_0_contains ESCAPE N'\' AND [m].[Status] IN (N'Dang chieu', N'Sap chieu')
2026-05-20 19:50:33.359 +07:00 [INF] Executed DbCommand (6ms) [Parameters=[@__p_3='?' (DbType = Int32), @__movie_MovieID_0='?' (DbType = Int32), @__now_1='?' (DbType = DateTime2), @__targetDate_2='?' (DbType = DateTime2)], CommandType='"Text"', CommandTimeout='30']
SELECT [t].[ShowtimeID], [t].[EndTime], [t].[MovieID], [t].[RoomID], [t].[ShowtimeCode], [t].[StartTime], [t].[Status], [r].[RoomID], [r].[Capacity], [r].[RoomCode], [r].[RoomName], [r].[Status]
FROM (
    SELECT TOP(@__p_3) [s].[ShowtimeID], [s].[EndTime], [s].[MovieID], [s].[RoomID], [s].[ShowtimeCode], [s].[StartTime], [s].[Status]
    FROM [Showtimes] AS [s]
    WHERE [s].[MovieID] = @__movie_MovieID_0 AND [s].[Status] = N'Đang mở bán' AND [s].[StartTime] >= @__now_1 AND CONVERT(date, [s].[StartTime]) = @__targetDate_2
    ORDER BY [s].[StartTime]
) AS [t]
INNER JOIN [Rooms] AS [r] ON [t].[RoomID] = [r].[RoomID]
ORDER BY [t].[StartTime]
2026-05-20 19:50:33.467 +07:00 [INF] Executed DbCommand (20ms) [Parameters=[@__showtimeIds_0='?' (Size = 4000)], CommandType='"Text"', CommandTimeout='30']
SELECT [o1].[ShowtimeID], COUNT(*) AS [Sold]
FROM [Orders] AS [o]
INNER JOIN [OrderSeats] AS [o0] ON [o].[OrderID] = [o0].[OrderID]
INNER JOIN [Orders] AS [o1] ON [o0].[OrderID] = [o1].[OrderID]
WHERE [o].[ShowtimeID] IN (
    SELECT [s].[value]
    FROM OPENJSON(@__showtimeIds_0) WITH ([value] int '$') AS [s]
) AND ([o].[Status] = N'Đã thanh toán' OR ([o].[Status] = N'Chờ thanh toán' AND [o].[HoldExpiryTime] > GETDATE()))
GROUP BY [o1].[ShowtimeID]
2026-05-20 19:50:33.474 +07:00 [INF] Start processing HTTP request POST https://generativelanguage.googleapis.com/v1beta/models/gemini-3.5-flash:generateContent?*
2026-05-20 19:50:33.475 +07:00 [INF] Sending HTTP request POST https://generativelanguage.googleapis.com/v1beta/models/gemini-3.5-flash:generateContent?*
2026-05-20 19:50:35.710 +07:00 [INF] Received HTTP response headers after 2235.3728ms - 200
2026-05-20 19:50:35.710 +07:00 [INF] End processing HTTP request after 2236.0184ms - 200
2026-05-20 19:50:35.711 +07:00 [INF] Executing OkObjectResult, writing value of type 'AuraCinema.Domain.Models.Chat.ChatResponse'.
2026-05-20 19:50:35.714 +07:00 [INF] Executed action AuraCinema.Web.Controllers.ChatbotController.ProcessMessage (AuraCinema.Web) in 4157.8929ms
2026-05-20 19:50:35.715 +07:00 [INF] Executed endpoint 'AuraCinema.Web.Controllers.ChatbotController.ProcessMessage (AuraCinema.Web)'
2026-05-20 19:50:35.715 +07:00 [INF] Request finished HTTP/1.1 POST http://localhost:5231/api/chatbot/message - 200 null application/json; charset=utf-8 4163.5275ms
2026-05-20 19:51:16.666 +07:00 [INF] Executed DbCommand (1ms) [Parameters=[], CommandType='"Text"', CommandTimeout='30']
SELECT [o].[OrderID], [o].[FinalAmount], [o].[HoldExpiryTime], [o].[OrderCode], [o].[PayOSTransID], [o].[PromoID], [o].[QrCode], [o].[ShowtimeID], [o].[Status], [o].[TotalAmount], [o].[UserID]
FROM [Orders] AS [o]
WHERE [o].[Status] = N'Chờ thanh toán' AND [o].[HoldExpiryTime] <= GETDATE()
2026-05-20 19:51:16.668 +07:00 [INF] Executed DbCommand (1ms) [Parameters=[@__maxSellingDate_0='?' (DbType = DateTime2), @__now_1='?' (DbType = DateTime2)], CommandType='"Text"', CommandTimeout='30']
SELECT [s].[ShowtimeID], [s].[EndTime], [s].[MovieID], [s].[RoomID], [s].[ShowtimeCode], [s].[StartTime], [s].[Status]
FROM [Showtimes] AS [s]
WHERE [s].[Status] IN (N'Đã lên lịch', N'Sap chieu') AND CONVERT(date, [s].[StartTime]) <= @__maxSellingDate_0 AND [s].[StartTime] > @__now_1
2026-05-20 19:51:16.670 +07:00 [INF] Executed DbCommand (1ms) [Parameters=[@__now_0='?' (DbType = DateTime2)], CommandType='"Text"', CommandTimeout='30']
SELECT [s].[ShowtimeID], [s].[EndTime], [s].[MovieID], [s].[RoomID], [s].[ShowtimeCode], [s].[StartTime], [s].[Status]
FROM [Showtimes] AS [s]
WHERE [s].[Status] IN (N'Đã lên lịch', N'Đang mở bán', N'Sap chieu') AND [s].[StartTime] <= @__now_0 AND [s].[EndTime] > @__now_0
2026-05-20 19:51:16.671 +07:00 [INF] Executed DbCommand (0ms) [Parameters=[@__now_0='?' (DbType = DateTime2)], CommandType='"Text"', CommandTimeout='30']
SELECT [s].[ShowtimeID], [s].[EndTime], [s].[MovieID], [s].[RoomID], [s].[ShowtimeCode], [s].[StartTime], [s].[Status]
FROM [Showtimes] AS [s]
WHERE [s].[Status] IN (N'Đã lên lịch', N'Đang mở bán', N'Đang chiếu', N'Sap chieu', N'Dang dien ra') AND [s].[EndTime] <= @__now_0
2026-05-20 19:51:32.202 +07:00 [INF] Request starting HTTP/1.1 POST http://localhost:5231/api/chatbot/message - application/json 1057
2026-05-20 19:51:32.202 +07:00 [INF] Executing endpoint 'AuraCinema.Web.Controllers.ChatbotController.ProcessMessage (AuraCinema.Web)'
2026-05-20 19:51:32.202 +07:00 [INF] Route matched with {action = "ProcessMessage", controller = "Chatbot", area = ""}. Executing controller action with signature System.Threading.Tasks.Task`1[Microsoft.AspNetCore.Mvc.IActionResult] ProcessMessage(AuraCinema.Domain.Models.Chat.ChatRequest) on controller AuraCinema.Web.Controllers.ChatbotController (AuraCinema.Web).
2026-05-20 19:51:32.206 +07:00 [INF] Start processing HTTP request POST https://generativelanguage.googleapis.com/v1beta/models/gemini-3.5-flash:generateContent?*
2026-05-20 19:51:32.206 +07:00 [INF] Sending HTTP request POST https://generativelanguage.googleapis.com/v1beta/models/gemini-3.5-flash:generateContent?*
2026-05-20 19:51:34.751 +07:00 [INF] Received HTTP response headers after 2544.3165ms - 200
2026-05-20 19:51:34.751 +07:00 [INF] End processing HTTP request after 2544.9526ms - 200
2026-05-20 19:51:34.764 +07:00 [INF] Executing tool: get_showtimes with args: {
                "movie_title": "Yêu Nữ Thích Hàng Hiệu 2"
              }
2026-05-20 19:51:34.768 +07:00 [INF] Executed DbCommand (1ms) [Parameters=[@__movieTitle_0_contains='?' (Size = 255)], CommandType='"Text"', CommandTimeout='30']
SELECT TOP(1) [m].[MovieID], [m].[Actors], [m].[Director], [m].[Duration], [m].[Genre], [m].[MovieCode], [m].[Poster], [m].[ReleaseDate], [m].[Status], [m].[Title], [m].[Trailer]
FROM [Movies] AS [m]
WHERE [m].[Title] LIKE @__movieTitle_0_contains ESCAPE N'\' AND [m].[Status] IN (N'Dang chieu', N'Sap chieu')
2026-05-20 19:51:34.772 +07:00 [INF] Executed DbCommand (1ms) [Parameters=[@__p_3='?' (DbType = Int32), @__movie_MovieID_0='?' (DbType = Int32), @__now_1='?' (DbType = DateTime2), @__targetDate_2='?' (DbType = DateTime2)], CommandType='"Text"', CommandTimeout='30']
SELECT [t].[ShowtimeID], [t].[EndTime], [t].[MovieID], [t].[RoomID], [t].[ShowtimeCode], [t].[StartTime], [t].[Status], [r].[RoomID], [r].[Capacity], [r].[RoomCode], [r].[RoomName], [r].[Status]
FROM (
    SELECT TOP(@__p_3) [s].[ShowtimeID], [s].[EndTime], [s].[MovieID], [s].[RoomID], [s].[ShowtimeCode], [s].[StartTime], [s].[Status]
    FROM [Showtimes] AS [s]
    WHERE [s].[MovieID] = @__movie_MovieID_0 AND [s].[Status] = N'Đang mở bán' AND [s].[StartTime] >= @__now_1 AND CONVERT(date, [s].[StartTime]) = @__targetDate_2
    ORDER BY [s].[StartTime]
) AS [t]
INNER JOIN [Rooms] AS [r] ON [t].[RoomID] = [r].[RoomID]
ORDER BY [t].[StartTime]
2026-05-20 19:51:34.778 +07:00 [INF] Executed DbCommand (1ms) [Parameters=[@__showtimeIds_0='?' (Size = 4000)], CommandType='"Text"', CommandTimeout='30']
SELECT [o1].[ShowtimeID], COUNT(*) AS [Sold]
FROM [Orders] AS [o]
INNER JOIN [OrderSeats] AS [o0] ON [o].[OrderID] = [o0].[OrderID]
INNER JOIN [Orders] AS [o1] ON [o0].[OrderID] = [o1].[OrderID]
WHERE [o].[ShowtimeID] IN (
    SELECT [s].[value]
    FROM OPENJSON(@__showtimeIds_0) WITH ([value] int '$') AS [s]
) AND ([o].[Status] = N'Đã thanh toán' OR ([o].[Status] = N'Chờ thanh toán' AND [o].[HoldExpiryTime] > GETDATE()))
GROUP BY [o1].[ShowtimeID]
2026-05-20 19:51:34.780 +07:00 [INF] Start processing HTTP request POST https://generativelanguage.googleapis.com/v1beta/models/gemini-3.5-flash:generateContent?*
2026-05-20 19:51:34.780 +07:00 [INF] Sending HTTP request POST https://generativelanguage.googleapis.com/v1beta/models/gemini-3.5-flash:generateContent?*
2026-05-20 19:51:37.067 +07:00 [INF] Received HTTP response headers after 2287.337ms - 200
2026-05-20 19:51:37.067 +07:00 [INF] End processing HTTP request after 2287.9815ms - 200
2026-05-20 19:51:37.068 +07:00 [INF] Executing OkObjectResult, writing value of type 'AuraCinema.Domain.Models.Chat.ChatResponse'.
2026-05-20 19:51:37.069 +07:00 [INF] Executed action AuraCinema.Web.Controllers.ChatbotController.ProcessMessage (AuraCinema.Web) in 4866.33ms
2026-05-20 19:51:37.069 +07:00 [INF] Executed endpoint 'AuraCinema.Web.Controllers.ChatbotController.ProcessMessage (AuraCinema.Web)'
2026-05-20 19:51:37.069 +07:00 [INF] Request finished HTTP/1.1 POST http://localhost:5231/api/chatbot/message - 200 null application/json; charset=utf-8 4867.833ms
2026-05-20 19:51:44.886 +07:00 [INF] Request starting HTTP/1.1 GET http://localhost:5231/Movies/Details/1 - null null
2026-05-20 19:51:44.887 +07:00 [INF] Executing endpoint 'AuraCinema.Web.Controllers.MoviesController.Details (AuraCinema.Web)'
2026-05-20 19:51:44.893 +07:00 [INF] Route matched with {action = "Details", controller = "Movies", area = ""}. Executing controller action with signature System.Threading.Tasks.Task`1[Microsoft.AspNetCore.Mvc.IActionResult] Details(Int32) on controller AuraCinema.Web.Controllers.MoviesController (AuraCinema.Web).
2026-05-20 19:51:44.915 +07:00 [INF] Executed DbCommand (2ms) [Parameters=[@__p_0='?' (DbType = Int32)], CommandType='"Text"', CommandTimeout='30']
SELECT TOP(1) [m].[MovieID], [m].[Actors], [m].[Director], [m].[Duration], [m].[Genre], [m].[MovieCode], [m].[Poster], [m].[ReleaseDate], [m].[Status], [m].[Title], [m].[Trailer]
FROM [Movies] AS [m]
WHERE [m].[MovieID] = @__p_0
2026-05-20 19:51:44.927 +07:00 [INF] Executed DbCommand (3ms) [Parameters=[@__id_0='?' (DbType = Int32), @__now_1='?' (DbType = DateTime2), @__maxDate_2='?' (DbType = DateTime2)], CommandType='"Text"', CommandTimeout='30']
SELECT [s].[ShowtimeID], [s].[EndTime], [s].[MovieID], [s].[RoomID], [s].[ShowtimeCode], [s].[StartTime], [s].[Status], [r].[RoomID], [r].[Capacity], [r].[RoomCode], [r].[RoomName], [r].[Status]
FROM [Showtimes] AS [s]
INNER JOIN [Rooms] AS [r] ON [s].[RoomID] = [r].[RoomID]
WHERE [s].[MovieID] = @__id_0 AND [s].[Status] = N'Đang mở bán' AND [s].[StartTime] >= @__now_1 AND [s].[StartTime] < @__maxDate_2
ORDER BY [s].[StartTime]
2026-05-20 19:51:44.939 +07:00 [INF] Executed DbCommand (4ms) [Parameters=[@__showtimeIds_0='?' (Size = 4000)], CommandType='"Text"', CommandTimeout='30']
SELECT [o1].[ShowtimeID], COUNT(*) AS [Sold]
FROM [Orders] AS [o]
INNER JOIN [OrderSeats] AS [o0] ON [o].[OrderID] = [o0].[OrderID]
INNER JOIN [Orders] AS [o1] ON [o0].[OrderID] = [o1].[OrderID]
WHERE [o].[ShowtimeID] IN (
    SELECT [s].[value]
    FROM OPENJSON(@__showtimeIds_0) WITH ([value] int '$') AS [s]
) AND ([o].[Status] = N'Đã thanh toán' OR ([o].[Status] = N'Chờ thanh toán' AND [o].[HoldExpiryTime] > GETDATE()))
GROUP BY [o1].[ShowtimeID]
2026-05-20 19:51:44.947 +07:00 [INF] Executing ViewResult, running view Details.
2026-05-20 19:51:44.963 +07:00 [INF] Executed ViewResult - view Details executed in 16.6564ms.
2026-05-20 19:51:44.963 +07:00 [INF] Executed action AuraCinema.Web.Controllers.MoviesController.Details (AuraCinema.Web) in 69.5887ms
2026-05-20 19:51:44.963 +07:00 [INF] Executed endpoint 'AuraCinema.Web.Controllers.MoviesController.Details (AuraCinema.Web)'
2026-05-20 19:51:44.963 +07:00 [INF] Request finished HTTP/1.1 GET http://localhost:5231/Movies/Details/1 - 200 null text/html; charset=utf-8 77.5955ms
2026-05-20 19:52:08.016 +07:00 [INF] Request starting HTTP/1.1 POST http://localhost:5231/api/chatbot/message - application/json 91
2026-05-20 19:52:08.016 +07:00 [INF] Executing endpoint 'AuraCinema.Web.Controllers.ChatbotController.ProcessMessage (AuraCinema.Web)'
2026-05-20 19:52:08.016 +07:00 [INF] Route matched with {action = "ProcessMessage", controller = "Chatbot", area = ""}. Executing controller action with signature System.Threading.Tasks.Task`1[Microsoft.AspNetCore.Mvc.IActionResult] ProcessMessage(AuraCinema.Domain.Models.Chat.ChatRequest) on controller AuraCinema.Web.Controllers.ChatbotController (AuraCinema.Web).
2026-05-20 19:52:08.019 +07:00 [INF] Start processing HTTP request POST https://generativelanguage.googleapis.com/v1beta/models/gemini-3.5-flash:generateContent?*
2026-05-20 19:52:08.019 +07:00 [INF] Sending HTTP request POST https://generativelanguage.googleapis.com/v1beta/models/gemini-3.5-flash:generateContent?*
2026-05-20 19:52:09.266 +07:00 [INF] Received HTTP response headers after 1246.7755ms - 200
2026-05-20 19:52:09.266 +07:00 [INF] End processing HTTP request after 1247.3813ms - 200
2026-05-20 19:52:09.270 +07:00 [INF] Executing tool: search_movies with args: {
                "status": "Dang chieu"
              }
2026-05-20 19:52:09.277 +07:00 [INF] Executed DbCommand (1ms) [Parameters=[@__p_1='?' (DbType = Int32), @__status_0='?' (Size = 50)], CommandType='"Text"', CommandTimeout='30']
SELECT TOP(@__p_1) [m].[MovieID], [m].[Title], [m].[Genre], [m].[Duration], [m].[Poster], CASE
    WHEN [m].[Status] = N'Dang chieu' THEN N'Đang chiếu'
    ELSE N'Sắp chiếu'
END AS [Status]
FROM [Movies] AS [m]
WHERE [m].[Status] = @__status_0
ORDER BY CASE
    WHEN [m].[Status] = N'Dang chieu' THEN CAST(1 AS bit)
    ELSE CAST(0 AS bit)
END DESC, [m].[ReleaseDate] DESC
2026-05-20 19:52:09.278 +07:00 [INF] Start processing HTTP request POST https://generativelanguage.googleapis.com/v1beta/models/gemini-3.5-flash:generateContent?*
2026-05-20 19:52:09.278 +07:00 [INF] Sending HTTP request POST https://generativelanguage.googleapis.com/v1beta/models/gemini-3.5-flash:generateContent?*
2026-05-20 19:52:11.214 +07:00 [INF] Received HTTP response headers after 1936.2118ms - 200
2026-05-20 19:52:11.215 +07:00 [INF] End processing HTTP request after 1937.049ms - 200
2026-05-20 19:52:11.230 +07:00 [INF] Executing OkObjectResult, writing value of type 'AuraCinema.Domain.Models.Chat.ChatResponse'.
2026-05-20 19:52:11.231 +07:00 [INF] Executed action AuraCinema.Web.Controllers.ChatbotController.ProcessMessage (AuraCinema.Web) in 3214.8983ms
2026-05-20 19:52:11.232 +07:00 [INF] Executed endpoint 'AuraCinema.Web.Controllers.ChatbotController.ProcessMessage (AuraCinema.Web)'
2026-05-20 19:52:11.232 +07:00 [INF] Request finished HTTP/1.1 POST http://localhost:5231/api/chatbot/message - 200 null application/json; charset=utf-8 3216.3236ms
2026-05-20 19:52:16.681 +07:00 [INF] Executed DbCommand (1ms) [Parameters=[], CommandType='"Text"', CommandTimeout='30']
SELECT [o].[OrderID], [o].[FinalAmount], [o].[HoldExpiryTime], [o].[OrderCode], [o].[PayOSTransID], [o].[PromoID], [o].[QrCode], [o].[ShowtimeID], [o].[Status], [o].[TotalAmount], [o].[UserID]
FROM [Orders] AS [o]
WHERE [o].[Status] = N'Chờ thanh toán' AND [o].[HoldExpiryTime] <= GETDATE()
2026-05-20 19:52:16.684 +07:00 [INF] Executed DbCommand (1ms) [Parameters=[@__maxSellingDate_0='?' (DbType = DateTime2), @__now_1='?' (DbType = DateTime2)], CommandType='"Text"', CommandTimeout='30']
SELECT [s].[ShowtimeID], [s].[EndTime], [s].[MovieID], [s].[RoomID], [s].[ShowtimeCode], [s].[StartTime], [s].[Status]
FROM [Showtimes] AS [s]
WHERE [s].[Status] IN (N'Đã lên lịch', N'Sap chieu') AND CONVERT(date, [s].[StartTime]) <= @__maxSellingDate_0 AND [s].[StartTime] > @__now_1
2026-05-20 19:52:16.685 +07:00 [INF] Executed DbCommand (1ms) [Parameters=[@__now_0='?' (DbType = DateTime2)], CommandType='"Text"', CommandTimeout='30']
SELECT [s].[ShowtimeID], [s].[EndTime], [s].[MovieID], [s].[RoomID], [s].[ShowtimeCode], [s].[StartTime], [s].[Status]
FROM [Showtimes] AS [s]
WHERE [s].[Status] IN (N'Đã lên lịch', N'Đang mở bán', N'Sap chieu') AND [s].[StartTime] <= @__now_0 AND [s].[EndTime] > @__now_0
2026-05-20 19:52:16.686 +07:00 [INF] Executed DbCommand (1ms) [Parameters=[@__now_0='?' (DbType = DateTime2)], CommandType='"Text"', CommandTimeout='30']
SELECT [s].[ShowtimeID], [s].[EndTime], [s].[MovieID], [s].[RoomID], [s].[ShowtimeCode], [s].[StartTime], [s].[Status]
FROM [Showtimes] AS [s]
WHERE [s].[Status] IN (N'Đã lên lịch', N'Đang mở bán', N'Đang chiếu', N'Sap chieu', N'Dang dien ra') AND [s].[EndTime] <= @__now_0
2026-05-20 19:52:59.309 +07:00 [INF] Request starting HTTP/1.1 POST http://localhost:5231/api/chatbot/message - application/json 574
2026-05-20 19:52:59.310 +07:00 [INF] Executing endpoint 'AuraCinema.Web.Controllers.ChatbotController.ProcessMessage (AuraCinema.Web)'
2026-05-20 19:52:59.310 +07:00 [INF] Route matched with {action = "ProcessMessage", controller = "Chatbot", area = ""}. Executing controller action with signature System.Threading.Tasks.Task`1[Microsoft.AspNetCore.Mvc.IActionResult] ProcessMessage(AuraCinema.Domain.Models.Chat.ChatRequest) on controller AuraCinema.Web.Controllers.ChatbotController (AuraCinema.Web).
2026-05-20 19:52:59.312 +07:00 [INF] Start processing HTTP request POST https://generativelanguage.googleapis.com/v1beta/models/gemini-3.5-flash:generateContent?*
2026-05-20 19:52:59.312 +07:00 [INF] Sending HTTP request POST https://generativelanguage.googleapis.com/v1beta/models/gemini-3.5-flash:generateContent?*
2026-05-20 19:53:02.397 +07:00 [INF] Received HTTP response headers after 3084.5463ms - 200
2026-05-20 19:53:02.397 +07:00 [INF] End processing HTTP request after 3085.2876ms - 200
2026-05-20 19:53:02.399 +07:00 [INF] Executing tool: get_showtimes with args: {
                "movie_title": "Yêu Nữ Thích Hàng Hiệu 2"
              }
2026-05-20 19:53:02.402 +07:00 [INF] Executed DbCommand (1ms) [Parameters=[@__movieTitle_0_contains='?' (Size = 255)], CommandType='"Text"', CommandTimeout='30']
SELECT TOP(1) [m].[MovieID], [m].[Actors], [m].[Director], [m].[Duration], [m].[Genre], [m].[MovieCode], [m].[Poster], [m].[ReleaseDate], [m].[Status], [m].[Title], [m].[Trailer]
FROM [Movies] AS [m]
WHERE [m].[Title] LIKE @__movieTitle_0_contains ESCAPE N'\' AND [m].[Status] IN (N'Dang chieu', N'Sap chieu')
2026-05-20 19:53:02.410 +07:00 [INF] Executed DbCommand (4ms) [Parameters=[@__p_3='?' (DbType = Int32), @__movie_MovieID_0='?' (DbType = Int32), @__now_1='?' (DbType = DateTime2), @__targetDate_2='?' (DbType = DateTime2)], CommandType='"Text"', CommandTimeout='30']
SELECT [t].[ShowtimeID], [t].[EndTime], [t].[MovieID], [t].[RoomID], [t].[ShowtimeCode], [t].[StartTime], [t].[Status], [r].[RoomID], [r].[Capacity], [r].[RoomCode], [r].[RoomName], [r].[Status]
FROM (
    SELECT TOP(@__p_3) [s].[ShowtimeID], [s].[EndTime], [s].[MovieID], [s].[RoomID], [s].[ShowtimeCode], [s].[StartTime], [s].[Status]
    FROM [Showtimes] AS [s]
    WHERE [s].[MovieID] = @__movie_MovieID_0 AND [s].[Status] = N'Đang mở bán' AND [s].[StartTime] >= @__now_1 AND CONVERT(date, [s].[StartTime]) = @__targetDate_2
    ORDER BY [s].[StartTime]
) AS [t]
INNER JOIN [Rooms] AS [r] ON [t].[RoomID] = [r].[RoomID]
ORDER BY [t].[StartTime]
2026-05-20 19:53:02.439 +07:00 [INF] Executed DbCommand (2ms) [Parameters=[@__showtimeIds_0='?' (Size = 4000)], CommandType='"Text"', CommandTimeout='30']
SELECT [o1].[ShowtimeID], COUNT(*) AS [Sold]
FROM [Orders] AS [o]
INNER JOIN [OrderSeats] AS [o0] ON [o].[OrderID] = [o0].[OrderID]
INNER JOIN [Orders] AS [o1] ON [o0].[OrderID] = [o1].[OrderID]
WHERE [o].[ShowtimeID] IN (
    SELECT [s].[value]
    FROM OPENJSON(@__showtimeIds_0) WITH ([value] int '$') AS [s]
) AND ([o].[Status] = N'Đã thanh toán' OR ([o].[Status] = N'Chờ thanh toán' AND [o].[HoldExpiryTime] > GETDATE()))
GROUP BY [o1].[ShowtimeID]
2026-05-20 19:53:02.441 +07:00 [INF] Start processing HTTP request POST https://generativelanguage.googleapis.com/v1beta/models/gemini-3.5-flash:generateContent?*
2026-05-20 19:53:02.441 +07:00 [INF] Sending HTTP request POST https://generativelanguage.googleapis.com/v1beta/models/gemini-3.5-flash:generateContent?*
2026-05-20 19:53:04.346 +07:00 [INF] Received HTTP response headers after 1904.8265ms - 200
2026-05-20 19:53:04.346 +07:00 [INF] End processing HTTP request after 1905.4376ms - 200
2026-05-20 19:53:04.358 +07:00 [INF] Executing OkObjectResult, writing value of type 'AuraCinema.Domain.Models.Chat.ChatResponse'.
2026-05-20 19:53:04.359 +07:00 [INF] Executed action AuraCinema.Web.Controllers.ChatbotController.ProcessMessage (AuraCinema.Web) in 5048.6214ms
2026-05-20 19:53:04.359 +07:00 [INF] Executed endpoint 'AuraCinema.Web.Controllers.ChatbotController.ProcessMessage (AuraCinema.Web)'
2026-05-20 19:53:04.359 +07:00 [INF] Request finished HTTP/1.1 POST http://localhost:5231/api/chatbot/message - 200 null application/json; charset=utf-8 5049.9707ms
2026-05-20 19:53:16.685 +07:00 [INF] Executed DbCommand (1ms) [Parameters=[], CommandType='"Text"', CommandTimeout='30']
SELECT [o].[OrderID], [o].[FinalAmount], [o].[HoldExpiryTime], [o].[OrderCode], [o].[PayOSTransID], [o].[PromoID], [o].[QrCode], [o].[ShowtimeID], [o].[Status], [o].[TotalAmount], [o].[UserID]
FROM [Orders] AS [o]
WHERE [o].[Status] = N'Chờ thanh toán' AND [o].[HoldExpiryTime] <= GETDATE()
2026-05-20 19:53:16.688 +07:00 [INF] Executed DbCommand (1ms) [Parameters=[@__maxSellingDate_0='?' (DbType = DateTime2), @__now_1='?' (DbType = DateTime2)], CommandType='"Text"', CommandTimeout='30']
SELECT [s].[ShowtimeID], [s].[EndTime], [s].[MovieID], [s].[RoomID], [s].[ShowtimeCode], [s].[StartTime], [s].[Status]
FROM [Showtimes] AS [s]
WHERE [s].[Status] IN (N'Đã lên lịch', N'Sap chieu') AND CONVERT(date, [s].[StartTime]) <= @__maxSellingDate_0 AND [s].[StartTime] > @__now_1
2026-05-20 19:53:16.690 +07:00 [INF] Executed DbCommand (1ms) [Parameters=[@__now_0='?' (DbType = DateTime2)], CommandType='"Text"', CommandTimeout='30']
SELECT [s].[ShowtimeID], [s].[EndTime], [s].[MovieID], [s].[RoomID], [s].[ShowtimeCode], [s].[StartTime], [s].[Status]
FROM [Showtimes] AS [s]
WHERE [s].[Status] IN (N'Đã lên lịch', N'Đang mở bán', N'Sap chieu') AND [s].[StartTime] <= @__now_0 AND [s].[EndTime] > @__now_0
2026-05-20 19:53:16.691 +07:00 [INF] Executed DbCommand (1ms) [Parameters=[@__now_0='?' (DbType = DateTime2)], CommandType='"Text"', CommandTimeout='30']
SELECT [s].[ShowtimeID], [s].[EndTime], [s].[MovieID], [s].[RoomID], [s].[ShowtimeCode], [s].[StartTime], [s].[Status]
FROM [Showtimes] AS [s]
WHERE [s].[Status] IN (N'Đã lên lịch', N'Đang mở bán', N'Đang chiếu', N'Sap chieu', N'Dang dien ra') AND [s].[EndTime] <= @__now_0
2026-05-20 19:53:38.112 +07:00 [INF] Request starting HTTP/1.1 POST http://localhost:5231/api/chatbot/message - application/json 1008
2026-05-20 19:53:38.113 +07:00 [INF] Executing endpoint 'AuraCinema.Web.Controllers.ChatbotController.ProcessMessage (AuraCinema.Web)'
2026-05-20 19:53:38.113 +07:00 [INF] Route matched with {action = "ProcessMessage", controller = "Chatbot", area = ""}. Executing controller action with signature System.Threading.Tasks.Task`1[Microsoft.AspNetCore.Mvc.IActionResult] ProcessMessage(AuraCinema.Domain.Models.Chat.ChatRequest) on controller AuraCinema.Web.Controllers.ChatbotController (AuraCinema.Web).
2026-05-20 19:53:38.114 +07:00 [INF] Start processing HTTP request POST https://generativelanguage.googleapis.com/v1beta/models/gemini-3.5-flash:generateContent?*
2026-05-20 19:53:38.114 +07:00 [INF] Sending HTTP request POST https://generativelanguage.googleapis.com/v1beta/models/gemini-3.5-flash:generateContent?*
2026-05-20 19:53:40.967 +07:00 [INF] Received HTTP response headers after 2853.4463ms - 200
2026-05-20 19:53:40.967 +07:00 [INF] End processing HTTP request after 2853.869ms - 200
2026-05-20 19:53:40.968 +07:00 [INF] Executing tool: get_showtimes with args: {
                "date": "2024-05-21",
                "movie_title": "Yêu Nữ Thích Hàng Hiệu 2"
              }
2026-05-20 19:53:40.976 +07:00 [INF] Executed DbCommand (3ms) [Parameters=[@__movieTitle_0_contains='?' (Size = 255)], CommandType='"Text"', CommandTimeout='30']
SELECT TOP(1) [m].[MovieID], [m].[Actors], [m].[Director], [m].[Duration], [m].[Genre], [m].[MovieCode], [m].[Poster], [m].[ReleaseDate], [m].[Status], [m].[Title], [m].[Trailer]
FROM [Movies] AS [m]
WHERE [m].[Title] LIKE @__movieTitle_0_contains ESCAPE N'\' AND [m].[Status] IN (N'Dang chieu', N'Sap chieu')
2026-05-20 19:53:40.982 +07:00 [INF] Executed DbCommand (1ms) [Parameters=[@__p_3='?' (DbType = Int32), @__movie_MovieID_0='?' (DbType = Int32), @__now_1='?' (DbType = DateTime2), @__targetDate_2='?' (DbType = DateTime2)], CommandType='"Text"', CommandTimeout='30']
SELECT [t].[ShowtimeID], [t].[EndTime], [t].[MovieID], [t].[RoomID], [t].[ShowtimeCode], [t].[StartTime], [t].[Status], [r].[RoomID], [r].[Capacity], [r].[RoomCode], [r].[RoomName], [r].[Status]
FROM (
    SELECT TOP(@__p_3) [s].[ShowtimeID], [s].[EndTime], [s].[MovieID], [s].[RoomID], [s].[ShowtimeCode], [s].[StartTime], [s].[Status]
    FROM [Showtimes] AS [s]
    WHERE [s].[MovieID] = @__movie_MovieID_0 AND [s].[Status] = N'Đang mở bán' AND [s].[StartTime] >= @__now_1 AND CONVERT(date, [s].[StartTime]) = @__targetDate_2
    ORDER BY [s].[StartTime]
) AS [t]
INNER JOIN [Rooms] AS [r] ON [t].[RoomID] = [r].[RoomID]
ORDER BY [t].[StartTime]
2026-05-20 19:53:40.995 +07:00 [INF] Executed DbCommand (5ms) [Parameters=[@__p_2='?' (DbType = Int32), @__movie_MovieID_0='?' (DbType = Int32), @__now_1='?' (DbType = DateTime2)], CommandType='"Text"', CommandTimeout='30']
SELECT [t].[ShowtimeID], [t].[EndTime], [t].[MovieID], [t].[RoomID], [t].[ShowtimeCode], [t].[StartTime], [t].[Status], [r].[RoomID], [r].[Capacity], [r].[RoomCode], [r].[RoomName], [r].[Status]
FROM (
    SELECT TOP(@__p_2) [s].[ShowtimeID], [s].[EndTime], [s].[MovieID], [s].[RoomID], [s].[ShowtimeCode], [s].[StartTime], [s].[Status]
    FROM [Showtimes] AS [s]
    WHERE [s].[MovieID] = @__movie_MovieID_0 AND [s].[Status] = N'Đang mở bán' AND [s].[StartTime] >= @__now_1
    ORDER BY [s].[StartTime]
) AS [t]
INNER JOIN [Rooms] AS [r] ON [t].[RoomID] = [r].[RoomID]
ORDER BY [t].[StartTime]
2026-05-20 19:53:40.997 +07:00 [INF] Executed DbCommand (1ms) [Parameters=[@__showtimeIds_0='?' (Size = 4000)], CommandType='"Text"', CommandTimeout='30']
SELECT [o1].[ShowtimeID], COUNT(*) AS [Sold]
FROM [Orders] AS [o]
INNER JOIN [OrderSeats] AS [o0] ON [o].[OrderID] = [o0].[OrderID]
INNER JOIN [Orders] AS [o1] ON [o0].[OrderID] = [o1].[OrderID]
WHERE [o].[ShowtimeID] IN (
    SELECT [s].[value]
    FROM OPENJSON(@__showtimeIds_0) WITH ([value] int '$') AS [s]
) AND ([o].[Status] = N'Đã thanh toán' OR ([o].[Status] = N'Chờ thanh toán' AND [o].[HoldExpiryTime] > GETDATE()))
GROUP BY [o1].[ShowtimeID]
2026-05-20 19:53:40.998 +07:00 [INF] Start processing HTTP request POST https://generativelanguage.googleapis.com/v1beta/models/gemini-3.5-flash:generateContent?*
2026-05-20 19:53:40.998 +07:00 [INF] Sending HTTP request POST https://generativelanguage.googleapis.com/v1beta/models/gemini-3.5-flash:generateContent?*
2026-05-20 19:53:46.667 +07:00 [INF] Received HTTP response headers after 5669.4921ms - 200
2026-05-20 19:53:46.667 +07:00 [INF] End processing HTTP request after 5669.9175ms - 200
2026-05-20 19:53:46.679 +07:00 [INF] Executing OkObjectResult, writing value of type 'AuraCinema.Domain.Models.Chat.ChatResponse'.
2026-05-20 19:53:46.680 +07:00 [INF] Executed action AuraCinema.Web.Controllers.ChatbotController.ProcessMessage (AuraCinema.Web) in 8567.3642ms
2026-05-20 19:53:46.680 +07:00 [INF] Executed endpoint 'AuraCinema.Web.Controllers.ChatbotController.ProcessMessage (AuraCinema.Web)'
2026-05-20 19:53:46.681 +07:00 [INF] Request finished HTTP/1.1 POST http://localhost:5231/api/chatbot/message - 200 null application/json; charset=utf-8 8569.1615ms
2026-05-20 19:54:16.110 +07:00 [INF] Request starting HTTP/1.1 POST http://localhost:5231/api/chatbot/message - application/json 1728
2026-05-20 19:54:16.110 +07:00 [INF] Executing endpoint 'AuraCinema.Web.Controllers.ChatbotController.ProcessMessage (AuraCinema.Web)'
2026-05-20 19:54:16.110 +07:00 [INF] Route matched with {action = "ProcessMessage", controller = "Chatbot", area = ""}. Executing controller action with signature System.Threading.Tasks.Task`1[Microsoft.AspNetCore.Mvc.IActionResult] ProcessMessage(AuraCinema.Domain.Models.Chat.ChatRequest) on controller AuraCinema.Web.Controllers.ChatbotController (AuraCinema.Web).
2026-05-20 19:54:16.112 +07:00 [INF] Start processing HTTP request POST https://generativelanguage.googleapis.com/v1beta/models/gemini-3.5-flash:generateContent?*
2026-05-20 19:54:16.112 +07:00 [INF] Sending HTTP request POST https://generativelanguage.googleapis.com/v1beta/models/gemini-3.5-flash:generateContent?*
2026-05-20 19:54:16.697 +07:00 [INF] Executed DbCommand (1ms) [Parameters=[], CommandType='"Text"', CommandTimeout='30']
SELECT [o].[OrderID], [o].[FinalAmount], [o].[HoldExpiryTime], [o].[OrderCode], [o].[PayOSTransID], [o].[PromoID], [o].[QrCode], [o].[ShowtimeID], [o].[Status], [o].[TotalAmount], [o].[UserID]
FROM [Orders] AS [o]
WHERE [o].[Status] = N'Chờ thanh toán' AND [o].[HoldExpiryTime] <= GETDATE()
2026-05-20 19:54:16.699 +07:00 [INF] Executed DbCommand (0ms) [Parameters=[@__maxSellingDate_0='?' (DbType = DateTime2), @__now_1='?' (DbType = DateTime2)], CommandType='"Text"', CommandTimeout='30']
SELECT [s].[ShowtimeID], [s].[EndTime], [s].[MovieID], [s].[RoomID], [s].[ShowtimeCode], [s].[StartTime], [s].[Status]
FROM [Showtimes] AS [s]
WHERE [s].[Status] IN (N'Đã lên lịch', N'Sap chieu') AND CONVERT(date, [s].[StartTime]) <= @__maxSellingDate_0 AND [s].[StartTime] > @__now_1
2026-05-20 19:54:16.700 +07:00 [INF] Executed DbCommand (1ms) [Parameters=[@__now_0='?' (DbType = DateTime2)], CommandType='"Text"', CommandTimeout='30']
SELECT [s].[ShowtimeID], [s].[EndTime], [s].[MovieID], [s].[RoomID], [s].[ShowtimeCode], [s].[StartTime], [s].[Status]
FROM [Showtimes] AS [s]
WHERE [s].[Status] IN (N'Đã lên lịch', N'Đang mở bán', N'Sap chieu') AND [s].[StartTime] <= @__now_0 AND [s].[EndTime] > @__now_0
2026-05-20 19:54:16.702 +07:00 [INF] Executed DbCommand (1ms) [Parameters=[@__now_0='?' (DbType = DateTime2)], CommandType='"Text"', CommandTimeout='30']
SELECT [s].[ShowtimeID], [s].[EndTime], [s].[MovieID], [s].[RoomID], [s].[ShowtimeCode], [s].[StartTime], [s].[Status]
FROM [Showtimes] AS [s]
WHERE [s].[Status] IN (N'Đã lên lịch', N'Đang mở bán', N'Đang chiếu', N'Sap chieu', N'Dang dien ra') AND [s].[EndTime] <= @__now_0
2026-05-20 19:54:19.286 +07:00 [INF] Received HTTP response headers after 3173.9652ms - 200
2026-05-20 19:54:19.286 +07:00 [INF] End processing HTTP request after 3174.4338ms - 200
2026-05-20 19:54:19.297 +07:00 [INF] Executing tool: create_booking with args: {
                "showtime_id": 8088,
                "movie_title": "YÊU NỮ THÍCH HÀNG HIỆU 2",
                "seat_type": "Thuong",
                "quantity": 1
              }
2026-05-20 19:54:19.322 +07:00 [INF] Executed DbCommand (3ms) [Parameters=[@__movieTitle_0_contains='?' (Size = 255)], CommandType='"Text"', CommandTimeout='30']
SELECT TOP(1) [m].[MovieID], [m].[Actors], [m].[Director], [m].[Duration], [m].[Genre], [m].[MovieCode], [m].[Poster], [m].[ReleaseDate], [m].[Status], [m].[Title], [m].[Trailer]
FROM [Movies] AS [m]
WHERE [m].[Title] LIKE @__movieTitle_0_contains ESCAPE N'\' AND [m].[Status] = N'Dang chieu'
2026-05-20 19:54:19.336 +07:00 [INF] Executed DbCommand (3ms) [Parameters=[@__showtimeIdVal_Value_0='?' (DbType = Int32)], CommandType='"Text"', CommandTimeout='30']
SELECT TOP(1) [s].[ShowtimeID], [s].[EndTime], [s].[MovieID], [s].[RoomID], [s].[ShowtimeCode], [s].[StartTime], [s].[Status], [r].[RoomID], [r].[Capacity], [r].[RoomCode], [r].[RoomName], [r].[Status]
FROM [Showtimes] AS [s]
INNER JOIN [Rooms] AS [r] ON [s].[RoomID] = [r].[RoomID]
WHERE [s].[ShowtimeID] = @__showtimeIdVal_Value_0 AND [s].[Status] = N'Đang mở bán' AND [s].[StartTime] > GETDATE()
2026-05-20 19:54:19.353 +07:00 [INF] Executed DbCommand (5ms) [Parameters=[@__showtimeId_0='?' (DbType = Int32)], CommandType='"Text"', CommandTimeout='30']
SELECT TOP(1) [s].[ShowtimeID], [s].[EndTime], [s].[MovieID], [s].[RoomID], [s].[ShowtimeCode], [s].[StartTime], [s].[Status], [m].[MovieID], [m].[Actors], [m].[Director], [m].[Duration], [m].[Genre], [m].[MovieCode], [m].[Poster], [m].[ReleaseDate], [m].[Status], [m].[Title], [m].[Trailer], [r].[RoomID], [r].[Capacity], [r].[RoomCode], [r].[RoomName], [r].[Status]
FROM [Showtimes] AS [s]
INNER JOIN [Movies] AS [m] ON [s].[MovieID] = [m].[MovieID]
INNER JOIN [Rooms] AS [r] ON [s].[RoomID] = [r].[RoomID]
WHERE [s].[ShowtimeID] = @__showtimeId_0
2026-05-20 19:54:19.366 +07:00 [INF] Executed DbCommand (2ms) [Parameters=[@__showtime_RoomID_0='?' (DbType = Int32)], CommandType='"Text"', CommandTimeout='30']
SELECT [s].[SeatID], [s].[RoomID], [s].[RowLabel], [s].[SeatCode], [s].[SeatNumber], [s].[SeatType]
FROM [Seats] AS [s]
WHERE [s].[RoomID] = @__showtime_RoomID_0
ORDER BY [s].[RowLabel], [s].[SeatNumber]
2026-05-20 19:54:19.385 +07:00 [INF] Executed DbCommand (4ms) [Parameters=[@__showtimeId_0='?' (DbType = Int32)], CommandType='"Text"', CommandTimeout='30']
SELECT [o].[OrderID], [o].[SeatID], [o].[Price], [o].[Status], [o0].[OrderID], [o0].[FinalAmount], [o0].[HoldExpiryTime], [o0].[OrderCode], [o0].[PayOSTransID], [o0].[PromoID], [o0].[QrCode], [o0].[ShowtimeID], [o0].[Status], [o0].[TotalAmount], [o0].[UserID]
FROM [OrderSeats] AS [o]
INNER JOIN [Orders] AS [o0] ON [o].[OrderID] = [o0].[OrderID]
WHERE [o0].[ShowtimeID] = @__showtimeId_0 AND ([o0].[Status] = N'Đã thanh toán' OR ([o0].[Status] = N'Chờ thanh toán' AND [o0].[HoldExpiryTime] > GETDATE()))
2026-05-20 19:54:19.386 +07:00 [INF] Start processing HTTP request POST https://generativelanguage.googleapis.com/v1beta/models/gemini-3.5-flash:generateContent?*
2026-05-20 19:54:19.386 +07:00 [INF] Sending HTTP request POST https://generativelanguage.googleapis.com/v1beta/models/gemini-3.5-flash:generateContent?*
2026-05-20 19:54:21.627 +07:00 [INF] Received HTTP response headers after 2240.3642ms - 200
2026-05-20 19:54:21.627 +07:00 [INF] End processing HTTP request after 2240.7849ms - 200
2026-05-20 19:54:21.634 +07:00 [INF] Executing OkObjectResult, writing value of type 'AuraCinema.Domain.Models.Chat.ChatResponse'.
2026-05-20 19:54:21.634 +07:00 [INF] Executed action AuraCinema.Web.Controllers.ChatbotController.ProcessMessage (AuraCinema.Web) in 5524.1786ms
2026-05-20 19:54:21.634 +07:00 [INF] Executed endpoint 'AuraCinema.Web.Controllers.ChatbotController.ProcessMessage (AuraCinema.Web)'
2026-05-20 19:54:21.635 +07:00 [INF] Request finished HTTP/1.1 POST http://localhost:5231/api/chatbot/message - 200 null application/json; charset=utf-8 5525.5191ms
2026-05-20 19:55:14.254 +07:00 [INF] Request starting HTTP/1.1 POST http://localhost:5231/api/chatbot/message - application/json 2356
2026-05-20 19:55:14.255 +07:00 [INF] Executing endpoint 'AuraCinema.Web.Controllers.ChatbotController.ProcessMessage (AuraCinema.Web)'
2026-05-20 19:55:14.255 +07:00 [INF] Route matched with {action = "ProcessMessage", controller = "Chatbot", area = ""}. Executing controller action with signature System.Threading.Tasks.Task`1[Microsoft.AspNetCore.Mvc.IActionResult] ProcessMessage(AuraCinema.Domain.Models.Chat.ChatRequest) on controller AuraCinema.Web.Controllers.ChatbotController (AuraCinema.Web).
2026-05-20 19:55:14.256 +07:00 [INF] Start processing HTTP request POST https://generativelanguage.googleapis.com/v1beta/models/gemini-3.5-flash:generateContent?*
2026-05-20 19:55:14.256 +07:00 [INF] Sending HTTP request POST https://generativelanguage.googleapis.com/v1beta/models/gemini-3.5-flash:generateContent?*
2026-05-20 19:55:16.705 +07:00 [INF] Executed DbCommand (2ms) [Parameters=[], CommandType='"Text"', CommandTimeout='30']
SELECT [o].[OrderID], [o].[FinalAmount], [o].[HoldExpiryTime], [o].[OrderCode], [o].[PayOSTransID], [o].[PromoID], [o].[QrCode], [o].[ShowtimeID], [o].[Status], [o].[TotalAmount], [o].[UserID]
FROM [Orders] AS [o]
WHERE [o].[Status] = N'Chờ thanh toán' AND [o].[HoldExpiryTime] <= GETDATE()
2026-05-20 19:55:16.710 +07:00 [INF] Executed DbCommand (1ms) [Parameters=[@__maxSellingDate_0='?' (DbType = DateTime2), @__now_1='?' (DbType = DateTime2)], CommandType='"Text"', CommandTimeout='30']
SELECT [s].[ShowtimeID], [s].[EndTime], [s].[MovieID], [s].[RoomID], [s].[ShowtimeCode], [s].[StartTime], [s].[Status]
FROM [Showtimes] AS [s]
WHERE [s].[Status] IN (N'Đã lên lịch', N'Sap chieu') AND CONVERT(date, [s].[StartTime]) <= @__maxSellingDate_0 AND [s].[StartTime] > @__now_1
2026-05-20 19:55:16.711 +07:00 [INF] Executed DbCommand (1ms) [Parameters=[@__now_0='?' (DbType = DateTime2)], CommandType='"Text"', CommandTimeout='30']
SELECT [s].[ShowtimeID], [s].[EndTime], [s].[MovieID], [s].[RoomID], [s].[ShowtimeCode], [s].[StartTime], [s].[Status]
FROM [Showtimes] AS [s]
WHERE [s].[Status] IN (N'Đã lên lịch', N'Đang mở bán', N'Sap chieu') AND [s].[StartTime] <= @__now_0 AND [s].[EndTime] > @__now_0
2026-05-20 19:55:16.713 +07:00 [INF] Executed DbCommand (1ms) [Parameters=[@__now_0='?' (DbType = DateTime2)], CommandType='"Text"', CommandTimeout='30']
SELECT [s].[ShowtimeID], [s].[EndTime], [s].[MovieID], [s].[RoomID], [s].[ShowtimeCode], [s].[StartTime], [s].[Status]
FROM [Showtimes] AS [s]
WHERE [s].[Status] IN (N'Đã lên lịch', N'Đang mở bán', N'Đang chiếu', N'Sap chieu', N'Dang dien ra') AND [s].[EndTime] <= @__now_0
2026-05-20 19:55:18.182 +07:00 [INF] Received HTTP response headers after 3925.3428ms - 200
2026-05-20 19:55:18.182 +07:00 [INF] End processing HTTP request after 3925.8054ms - 200
2026-05-20 19:55:18.190 +07:00 [INF] Executing tool: create_booking with args: {
                "seat_type": "Thuong",
                "quantity": 1,
                "movie_title": "YÊU NỮ THÍCH HÀNG HIỆU 2",
                "showtime_id": 8072
              }
2026-05-20 19:55:18.192 +07:00 [INF] Executed DbCommand (1ms) [Parameters=[@__movieTitle_0_contains='?' (Size = 255)], CommandType='"Text"', CommandTimeout='30']
SELECT TOP(1) [m].[MovieID], [m].[Actors], [m].[Director], [m].[Duration], [m].[Genre], [m].[MovieCode], [m].[Poster], [m].[ReleaseDate], [m].[Status], [m].[Title], [m].[Trailer]
FROM [Movies] AS [m]
WHERE [m].[Title] LIKE @__movieTitle_0_contains ESCAPE N'\' AND [m].[Status] = N'Dang chieu'
2026-05-20 19:55:18.195 +07:00 [INF] Executed DbCommand (1ms) [Parameters=[@__showtimeIdVal_Value_0='?' (DbType = Int32)], CommandType='"Text"', CommandTimeout='30']
SELECT TOP(1) [s].[ShowtimeID], [s].[EndTime], [s].[MovieID], [s].[RoomID], [s].[ShowtimeCode], [s].[StartTime], [s].[Status], [r].[RoomID], [r].[Capacity], [r].[RoomCode], [r].[RoomName], [r].[Status]
FROM [Showtimes] AS [s]
INNER JOIN [Rooms] AS [r] ON [s].[RoomID] = [r].[RoomID]
WHERE [s].[ShowtimeID] = @__showtimeIdVal_Value_0 AND [s].[Status] = N'Đang mở bán' AND [s].[StartTime] > GETDATE()
2026-05-20 19:55:18.196 +07:00 [INF] Executed DbCommand (1ms) [Parameters=[@__showtimeId_0='?' (DbType = Int32)], CommandType='"Text"', CommandTimeout='30']
SELECT TOP(1) [s].[ShowtimeID], [s].[EndTime], [s].[MovieID], [s].[RoomID], [s].[ShowtimeCode], [s].[StartTime], [s].[Status], [m].[MovieID], [m].[Actors], [m].[Director], [m].[Duration], [m].[Genre], [m].[MovieCode], [m].[Poster], [m].[ReleaseDate], [m].[Status], [m].[Title], [m].[Trailer], [r].[RoomID], [r].[Capacity], [r].[RoomCode], [r].[RoomName], [r].[Status]
FROM [Showtimes] AS [s]
INNER JOIN [Movies] AS [m] ON [s].[MovieID] = [m].[MovieID]
INNER JOIN [Rooms] AS [r] ON [s].[RoomID] = [r].[RoomID]
WHERE [s].[ShowtimeID] = @__showtimeId_0
2026-05-20 19:55:18.200 +07:00 [INF] Executed DbCommand (2ms) [Parameters=[@__showtime_RoomID_0='?' (DbType = Int32)], CommandType='"Text"', CommandTimeout='30']
SELECT [s].[SeatID], [s].[RoomID], [s].[RowLabel], [s].[SeatCode], [s].[SeatNumber], [s].[SeatType]
FROM [Seats] AS [s]
WHERE [s].[RoomID] = @__showtime_RoomID_0
ORDER BY [s].[RowLabel], [s].[SeatNumber]
2026-05-20 19:55:18.204 +07:00 [INF] Executed DbCommand (1ms) [Parameters=[@__showtimeId_0='?' (DbType = Int32)], CommandType='"Text"', CommandTimeout='30']
SELECT [o].[OrderID], [o].[SeatID], [o].[Price], [o].[Status], [o0].[OrderID], [o0].[FinalAmount], [o0].[HoldExpiryTime], [o0].[OrderCode], [o0].[PayOSTransID], [o0].[PromoID], [o0].[QrCode], [o0].[ShowtimeID], [o0].[Status], [o0].[TotalAmount], [o0].[UserID]
FROM [OrderSeats] AS [o]
INNER JOIN [Orders] AS [o0] ON [o].[OrderID] = [o0].[OrderID]
WHERE [o0].[ShowtimeID] = @__showtimeId_0 AND ([o0].[Status] = N'Đã thanh toán' OR ([o0].[Status] = N'Chờ thanh toán' AND [o0].[HoldExpiryTime] > GETDATE()))
2026-05-20 19:55:18.235 +07:00 [INF] Executed DbCommand (2ms) [Parameters=[@__showtimeId_0='?' (DbType = Int32)], CommandType='"Text"', CommandTimeout='30']
SELECT TOP(1) [s].[ShowtimeID], [s].[EndTime], [s].[MovieID], [s].[RoomID], [s].[ShowtimeCode], [s].[StartTime], [s].[Status], [m].[MovieID], [m].[Actors], [m].[Director], [m].[Duration], [m].[Genre], [m].[MovieCode], [m].[Poster], [m].[ReleaseDate], [m].[Status], [m].[Title], [m].[Trailer], [r].[RoomID], [r].[Capacity], [r].[RoomCode], [r].[RoomName], [r].[Status]
FROM [Showtimes] AS [s]
INNER JOIN [Movies] AS [m] ON [s].[MovieID] = [m].[MovieID]
INNER JOIN [Rooms] AS [r] ON [s].[RoomID] = [r].[RoomID]
WHERE [s].[ShowtimeID] = @__showtimeId_0
2026-05-20 19:55:18.237 +07:00 [INF] Executed DbCommand (1ms) [Parameters=[@__showtime_RoomID_0='?' (DbType = Int32)], CommandType='"Text"', CommandTimeout='30']
SELECT [s].[SeatID], [s].[RoomID], [s].[RowLabel], [s].[SeatCode], [s].[SeatNumber], [s].[SeatType]
FROM [Seats] AS [s]
WHERE [s].[RoomID] = @__showtime_RoomID_0
ORDER BY [s].[RowLabel], [s].[SeatNumber]
2026-05-20 19:55:18.238 +07:00 [INF] Executed DbCommand (0ms) [Parameters=[@__showtimeId_0='?' (DbType = Int32)], CommandType='"Text"', CommandTimeout='30']
SELECT [o].[OrderID], [o].[SeatID], [o].[Price], [o].[Status], [o0].[OrderID], [o0].[FinalAmount], [o0].[HoldExpiryTime], [o0].[OrderCode], [o0].[PayOSTransID], [o0].[PromoID], [o0].[QrCode], [o0].[ShowtimeID], [o0].[Status], [o0].[TotalAmount], [o0].[UserID]
FROM [OrderSeats] AS [o]
INNER JOIN [Orders] AS [o0] ON [o].[OrderID] = [o0].[OrderID]
WHERE [o0].[ShowtimeID] = @__showtimeId_0 AND ([o0].[Status] = N'Đã thanh toán' OR ([o0].[Status] = N'Chờ thanh toán' AND [o0].[HoldExpiryTime] > GETDATE()))
2026-05-20 19:55:18.252 +07:00 [INF] Executed DbCommand (6ms) [Parameters=[@__seatIds_0='?' (Size = 4000)], CommandType='"Text"', CommandTimeout='30']
SELECT [s].[SeatID], [s].[RoomID], [s].[RowLabel], [s].[SeatCode], [s].[SeatNumber], [s].[SeatType]
FROM [Seats] AS [s]
WHERE [s].[SeatID] IN (
    SELECT [s0].[value]
    FROM OPENJSON(@__seatIds_0) WITH ([value] int '$') AS [s0]
)
2026-05-20 19:55:18.261 +07:00 [INF] Executed DbCommand (3ms) [Parameters=[@__svcIds_0='?' (Size = 4000)], CommandType='"Text"', CommandTimeout='30']
SELECT [s].[ServiceID], [s].[Image], [s].[Price], [s].[ServiceCode], [s].[ServiceName], [s].[Status]
FROM [Services] AS [s]
WHERE [s].[ServiceID] IN (
    SELECT [s0].[value]
    FROM OPENJSON(@__svcIds_0) WITH ([value] int '$') AS [s0]
)
2026-05-20 19:55:18.269 +07:00 [INF] Executed DbCommand (2ms) [Parameters=[], CommandType='"Text"', CommandTimeout='30']
SELECT [p].[ConfigID], [p].[ConfigCode], [p].[ConfigName], [p].[ConfigType], [p].[SurchargeAmount]
FROM [PriceConfigs] AS [p]
2026-05-20 19:55:18.406 +07:00 [WRN] Savepoints are disabled because Multiple Active Result Sets (MARS) is enabled. If 'SaveChanges' fails, then the transaction cannot be automatically rolled back to a known clean state. Instead, the transaction should be rolled back by the application before retrying 'SaveChanges'. See https://go.microsoft.com/fwlink/?linkid=2149338 for more information and examples. To identify the code which triggers this warning, call 'ConfigureWarnings(w => w.Throw(SqlServerEventId.SavepointsDisabledBecauseOfMARS))'.
2026-05-20 19:55:18.412 +07:00 [INF] Executed DbCommand (4ms) [Parameters=[@p0='?' (DbType = Int32), @p1='?' (DbType = DateTime2), @p2='?' (Size = 4000), @p3='?' (Size = 4000), @p4='?' (DbType = Int32), @p5='?' (Size = 4000), @p6='?' (DbType = Int32), @p7='?' (Size = 50), @p8='?' (DbType = Int32), @p9='?' (DbType = Int32)], CommandType='"Text"', CommandTimeout='30']
SET IMPLICIT_TRANSACTIONS OFF;
SET NOCOUNT ON;
INSERT INTO [Orders] ([FinalAmount], [HoldExpiryTime], [OrderCode], [PayOSTransID], [PromoID], [QrCode], [ShowtimeID], [Status], [TotalAmount], [UserID])
OUTPUT INSERTED.[OrderID]
VALUES (@p0, @p1, @p2, @p3, @p4, @p5, @p6, @p7, @p8, @p9);
2026-05-20 19:55:18.439 +07:00 [INF] Executed DbCommand (1ms) [Parameters=[@__seatIds_0='?' (Size = 4000)], CommandType='"Text"', CommandTimeout='30']
SELECT [s].[SeatID], [s].[RoomID], [s].[RowLabel], [s].[SeatCode], [s].[SeatNumber], [s].[SeatType]
FROM [Seats] AS [s]
WHERE [s].[SeatID] IN (
    SELECT [s0].[value]
    FROM OPENJSON(@__seatIds_0) WITH ([value] int '$') AS [s0]
)
2026-05-20 19:55:18.440 +07:00 [INF] Executed DbCommand (0ms) [Parameters=[], CommandType='"Text"', CommandTimeout='30']
SELECT [p].[ConfigID], [p].[ConfigCode], [p].[ConfigName], [p].[ConfigType], [p].[SurchargeAmount]
FROM [PriceConfigs] AS [p]
2026-05-20 19:55:18.444 +07:00 [INF] Executed DbCommand (1ms) [Parameters=[@__svcIds_0='?' (Size = 4000)], CommandType='"Text"', CommandTimeout='30']
SELECT [s].[ServiceID], [s].[Image], [s].[Price], [s].[ServiceCode], [s].[ServiceName], [s].[Status]
FROM [Services] AS [s]
WHERE [s].[ServiceID] IN (
    SELECT [s0].[value]
    FROM OPENJSON(@__svcIds_0) WITH ([value] int '$') AS [s0]
)
2026-05-20 19:55:18.451 +07:00 [WRN] Savepoints are disabled because Multiple Active Result Sets (MARS) is enabled. If 'SaveChanges' fails, then the transaction cannot be automatically rolled back to a known clean state. Instead, the transaction should be rolled back by the application before retrying 'SaveChanges'. See https://go.microsoft.com/fwlink/?linkid=2149338 for more information and examples. To identify the code which triggers this warning, call 'ConfigureWarnings(w => w.Throw(SqlServerEventId.SavepointsDisabledBecauseOfMARS))'.
2026-05-20 19:55:18.456 +07:00 [INF] Executed DbCommand (4ms) [Parameters=[@p0='?' (DbType = Int32), @p1='?' (DbType = Int32), @p2='?' (DbType = Int32), @p3='?' (Size = 20)], CommandType='"Text"', CommandTimeout='30']
SET IMPLICIT_TRANSACTIONS OFF;
SET NOCOUNT ON;
INSERT INTO [OrderSeats] ([OrderID], [SeatID], [Price], [Status])
VALUES (@p0, @p1, @p2, @p3);
2026-05-20 19:55:18.479 +07:00 [INF] Executed DbCommand (3ms) [Parameters=[@__orderId_0='?' (DbType = Int32)], CommandType='"Text"', CommandTimeout='30']
SELECT TOP(1) [o].[OrderID], [o].[FinalAmount], [o].[HoldExpiryTime], [o].[OrderCode], [o].[PayOSTransID], [o].[PromoID], [o].[QrCode], [o].[ShowtimeID], [o].[Status], [o].[TotalAmount], [o].[UserID], [s].[ShowtimeID], [s].[EndTime], [s].[MovieID], [s].[RoomID], [s].[ShowtimeCode], [s].[StartTime], [s].[Status], [m].[MovieID], [m].[Actors], [m].[Director], [m].[Duration], [m].[Genre], [m].[MovieCode], [m].[Poster], [m].[ReleaseDate], [m].[Status], [m].[Title], [m].[Trailer]
FROM [Orders] AS [o]
INNER JOIN [Showtimes] AS [s] ON [o].[ShowtimeID] = [s].[ShowtimeID]
INNER JOIN [Movies] AS [m] ON [s].[MovieID] = [m].[MovieID]
WHERE [o].[OrderID] = @__orderId_0
2026-05-20 19:55:18.492 +07:00 [INF] Executed DbCommand (3ms) [Parameters=[@p1='?' (DbType = Int32), @p0='?' (Size = 4000)], CommandType='"Text"', CommandTimeout='30']
SET IMPLICIT_TRANSACTIONS OFF;
SET NOCOUNT ON;
UPDATE [Orders] SET [PayOSTransID] = @p0
OUTPUT 1
WHERE [OrderID] = @p1;
2026-05-20 19:55:19.297 +07:00 [WRN] Compiling a query which loads related collections for more than one collection navigation, either via 'Include' or through projection, but no 'QuerySplittingBehavior' has been configured. By default, Entity Framework will use 'QuerySplittingBehavior.SingleQuery', which can potentially result in slow query performance. See https://go.microsoft.com/fwlink/?linkid=2134277 for more information. To identify the query that's triggering this warning call 'ConfigureWarnings(w => w.Throw(RelationalEventId.MultipleCollectionIncludeWarning))'.
2026-05-20 19:55:19.333 +07:00 [INF] Executed DbCommand (23ms) [Parameters=[@__id_0='?' (DbType = Int32)], CommandType='"Text"', CommandTimeout='30']
SELECT [t].[OrderID], [t].[FinalAmount], [t].[HoldExpiryTime], [t].[OrderCode], [t].[PayOSTransID], [t].[PromoID], [t].[QrCode], [t].[ShowtimeID], [t].[Status], [t].[TotalAmount], [t].[UserID], [t].[UserID0], [t].[Email], [t].[FullName], [t].[OtpCode], [t].[OtpExpiry], [t].[Password], [t].[Phone], [t].[Role], [t].[Status0], [t].[UserCode], [t].[ShowtimeID0], [t].[EndTime], [t].[MovieID], [t].[RoomID], [t].[ShowtimeCode], [t].[StartTime], [t].[Status1], [t].[MovieID0], [t].[Actors], [t].[Director], [t].[Duration], [t].[Genre], [t].[MovieCode], [t].[Poster], [t].[ReleaseDate], [t].[Status2], [t].[Title], [t].[Trailer], [t].[RoomID0], [t].[Capacity], [t].[RoomCode], [t].[RoomName], [t].[Status3], [t].[PromoID0], [t].[Condition], [t].[DiscountValue], [t].[EndDate], [t].[MinAmount], [t].[PromoCode], [t].[StartDate], [t].[Status4], [t].[Title0], [t0].[OrderID], [t0].[SeatID], [t0].[Price], [t0].[Status], [t0].[SeatID0], [t0].[RoomID], [t0].[RowLabel], [t0].[SeatCode], [t0].[SeatNumber], [t0].[SeatType], [t1].[OrderID], [t1].[ServiceID], [t1].[Price], [t1].[Quantity], [t1].[ServiceID0], [t1].[Image], [t1].[Price0], [t1].[ServiceCode], [t1].[ServiceName], [t1].[Status]
FROM (
    SELECT TOP(1) [o].[OrderID], [o].[FinalAmount], [o].[HoldExpiryTime], [o].[OrderCode], [o].[PayOSTransID], [o].[PromoID], [o].[QrCode], [o].[ShowtimeID], [o].[Status], [o].[TotalAmount], [o].[UserID], [u].[UserID] AS [UserID0], [u].[Email], [u].[FullName], [u].[OtpCode], [u].[OtpExpiry], [u].[Password], [u].[Phone], [u].[Role], [u].[Status] AS [Status0], [u].[UserCode], [s].[ShowtimeID] AS [ShowtimeID0], [s].[EndTime], [s].[MovieID], [s].[RoomID], [s].[ShowtimeCode], [s].[StartTime], [s].[Status] AS [Status1], [m].[MovieID] AS [MovieID0], [m].[Actors], [m].[Director], [m].[Duration], [m].[Genre], [m].[MovieCode], [m].[Poster], [m].[ReleaseDate], [m].[Status] AS [Status2], [m].[Title], [m].[Trailer], [r].[RoomID] AS [RoomID0], [r].[Capacity], [r].[RoomCode], [r].[RoomName], [r].[Status] AS [Status3], [p].[PromoID] AS [PromoID0], [p].[Condition], [p].[DiscountValue], [p].[EndDate], [p].[MinAmount], [p].[PromoCode], [p].[StartDate], [p].[Status] AS [Status4], [p].[Title] AS [Title0]
    FROM [Orders] AS [o]
    INNER JOIN [Users] AS [u] ON [o].[UserID] = [u].[UserID]
    INNER JOIN [Showtimes] AS [s] ON [o].[ShowtimeID] = [s].[ShowtimeID]
    INNER JOIN [Movies] AS [m] ON [s].[MovieID] = [m].[MovieID]
    INNER JOIN [Rooms] AS [r] ON [s].[RoomID] = [r].[RoomID]
    LEFT JOIN [Promotions] AS [p] ON [o].[PromoID] = [p].[PromoID]
    WHERE [o].[OrderID] = @__id_0
) AS [t]
LEFT JOIN (
    SELECT [o0].[OrderID], [o0].[SeatID], [o0].[Price], [o0].[Status], [s0].[SeatID] AS [SeatID0], [s0].[RoomID], [s0].[RowLabel], [s0].[SeatCode], [s0].[SeatNumber], [s0].[SeatType]
    FROM [OrderSeats] AS [o0]
    INNER JOIN [Seats] AS [s0] ON [o0].[SeatID] = [s0].[SeatID]
) AS [t0] ON [t].[OrderID] = [t0].[OrderID]
LEFT JOIN (
    SELECT [o1].[OrderID], [o1].[ServiceID], [o1].[Price], [o1].[Quantity], [s1].[ServiceID] AS [ServiceID0], [s1].[Image], [s1].[Price] AS [Price0], [s1].[ServiceCode], [s1].[ServiceName], [s1].[Status]
    FROM [OrderServices] AS [o1]
    INNER JOIN [Services] AS [s1] ON [o1].[ServiceID] = [s1].[ServiceID]
) AS [t1] ON [t].[OrderID] = [t1].[OrderID]
ORDER BY [t].[OrderID], [t].[UserID0], [t].[ShowtimeID0], [t].[MovieID0], [t].[RoomID0], [t].[PromoID0], [t0].[OrderID], [t0].[SeatID], [t0].[SeatID0], [t1].[OrderID], [t1].[ServiceID]
2026-05-20 19:55:19.360 +07:00 [INF] Start processing HTTP request POST https://generativelanguage.googleapis.com/v1beta/models/gemini-3.5-flash:generateContent?*
2026-05-20 19:55:19.360 +07:00 [INF] Sending HTTP request POST https://generativelanguage.googleapis.com/v1beta/models/gemini-3.5-flash:generateContent?*
2026-05-20 19:55:19.433 +07:00 [INF] Received HTTP response headers after 72.2074ms - 429
2026-05-20 19:55:19.433 +07:00 [INF] End processing HTTP request after 72.8403ms - 429
2026-05-20 19:55:19.451 +07:00 [ERR] Gemini API error: "TooManyRequests" - {
  "error": {
    "code": 429,
    "message": "You exceeded your current quota, please check your plan and billing details. For more information on this error, head to: https://ai.google.dev/gemini-api/docs/rate-limits. To monitor your current usage, head to: https://ai.dev/rate-limit. \n* Quota exceeded for metric: generativelanguage.googleapis.com/generate_content_free_tier_requests, limit: 20, model: gemini-3.5-flash\nPlease retry in 40.857884335s.",
    "status": "RESOURCE_EXHAUSTED",
    "details": [
      {
        "@type": "type.googleapis.com/google.rpc.Help",
        "links": [
          {
            "description": "Learn more about Gemini API quotas",
            "url": "https://ai.google.dev/gemini-api/docs/rate-limits"
          }
        ]
      },
      {
        "@type": "type.googleapis.com/google.rpc.QuotaFailure",
        "violations": [
          {
            "quotaMetric": "generativelanguage.googleapis.com/generate_content_free_tier_requests",
            "quotaId": "GenerateRequestsPerDayPerProjectPerModel-FreeTier",
            "quotaDimensions": {
              "location": "global",
              "model": "gemini-3.5-flash"
            },
            "quotaValue": "20"
          }
        ]
      },
      {
        "@type": "type.googleapis.com/google.rpc.RetryInfo",
        "retryDelay": "40s"
      }
    ]
  }
}

2026-05-20 19:55:19.451 +07:00 [INF] Executing OkObjectResult, writing value of type 'AuraCinema.Domain.Models.Chat.ChatResponse'.
2026-05-20 19:55:19.452 +07:00 [INF] Executed action AuraCinema.Web.Controllers.ChatbotController.ProcessMessage (AuraCinema.Web) in 5197.4979ms
2026-05-20 19:55:19.452 +07:00 [INF] Executed endpoint 'AuraCinema.Web.Controllers.ChatbotController.ProcessMessage (AuraCinema.Web)'
2026-05-20 19:55:19.452 +07:00 [INF] Request finished HTTP/1.1 POST http://localhost:5231/api/chatbot/message - 200 null application/json; charset=utf-8 5198.4873ms
2026-05-20 19:55:24.458 +07:00 [INF] Request starting HTTP/1.1 GET http://localhost:5231/api/booking/order-status?id=14051 - null null
2026-05-20 19:55:24.460 +07:00 [INF] Executing endpoint 'AuraCinema.Web.Controllers.BookingController.GetOrderStatus (AuraCinema.Web)'
2026-05-20 19:55:24.467 +07:00 [INF] Route matched with {action = "GetOrderStatus", controller = "Booking", area = ""}. Executing controller action with signature System.Threading.Tasks.Task`1[Microsoft.AspNetCore.Mvc.IActionResult] GetOrderStatus(Int32, Boolean) on controller AuraCinema.Web.Controllers.BookingController (AuraCinema.Web).
2026-05-20 19:55:24.478 +07:00 [INF] Executed DbCommand (3ms) [Parameters=[@__id_0='?' (DbType = Int32)], CommandType='"Text"', CommandTimeout='30']
SELECT TOP(1) [o].[OrderID], [o].[FinalAmount], [o].[HoldExpiryTime], [o].[OrderCode], [o].[PayOSTransID], [o].[PromoID], [o].[QrCode], [o].[ShowtimeID], [o].[Status], [o].[TotalAmount], [o].[UserID]
FROM [Orders] AS [o]
WHERE [o].[OrderID] = @__id_0
2026-05-20 19:55:24.480 +07:00 [INF] Executing OkObjectResult, writing value of type '<>f__AnonymousType16`2[[System.String, System.Private.CoreLib, Version=9.0.0.0, Culture=neutral, PublicKeyToken=7cec85d7bea7798e],[System.String, System.Private.CoreLib, Version=9.0.0.0, Culture=neutral, PublicKeyToken=7cec85d7bea7798e]]'.
2026-05-20 19:55:24.482 +07:00 [INF] Executed action AuraCinema.Web.Controllers.BookingController.GetOrderStatus (AuraCinema.Web) in 14.459ms
2026-05-20 19:55:24.482 +07:00 [INF] Executed endpoint 'AuraCinema.Web.Controllers.BookingController.GetOrderStatus (AuraCinema.Web)'
2026-05-20 19:55:24.482 +07:00 [INF] Request finished HTTP/1.1 GET http://localhost:5231/api/booking/order-status?id=14051 - 200 null application/json; charset=utf-8 23.8473ms
2026-05-20 19:55:30.057 +07:00 [INF] Request starting HTTP/1.1 GET http://localhost:5231/api/booking/order-status?id=14051 - null null
2026-05-20 19:55:30.062 +07:00 [INF] Executing endpoint 'AuraCinema.Web.Controllers.BookingController.GetOrderStatus (AuraCinema.Web)'
2026-05-20 19:55:30.063 +07:00 [INF] Route matched with {action = "GetOrderStatus", controller = "Booking", area = ""}. Executing controller action with signature System.Threading.Tasks.Task`1[Microsoft.AspNetCore.Mvc.IActionResult] GetOrderStatus(Int32, Boolean) on controller AuraCinema.Web.Controllers.BookingController (AuraCinema.Web).
2026-05-20 19:55:30.067 +07:00 [INF] Executed DbCommand (1ms) [Parameters=[@__id_0='?' (DbType = Int32)], CommandType='"Text"', CommandTimeout='30']
SELECT TOP(1) [o].[OrderID], [o].[FinalAmount], [o].[HoldExpiryTime], [o].[OrderCode], [o].[PayOSTransID], [o].[PromoID], [o].[QrCode], [o].[ShowtimeID], [o].[Status], [o].[TotalAmount], [o].[UserID]
FROM [Orders] AS [o]
WHERE [o].[OrderID] = @__id_0
2026-05-20 19:55:30.068 +07:00 [INF] Executing OkObjectResult, writing value of type '<>f__AnonymousType16`2[[System.String, System.Private.CoreLib, Version=9.0.0.0, Culture=neutral, PublicKeyToken=7cec85d7bea7798e],[System.String, System.Private.CoreLib, Version=9.0.0.0, Culture=neutral, PublicKeyToken=7cec85d7bea7798e]]'.
2026-05-20 19:55:30.068 +07:00 [INF] Executed action AuraCinema.Web.Controllers.BookingController.GetOrderStatus (AuraCinema.Web) in 5.3715ms
2026-05-20 19:55:30.069 +07:00 [INF] Executed endpoint 'AuraCinema.Web.Controllers.BookingController.GetOrderStatus (AuraCinema.Web)'
2026-05-20 19:55:30.069 +07:00 [INF] Request finished HTTP/1.1 GET http://localhost:5231/api/booking/order-status?id=14051 - 200 null application/json; charset=utf-8 11.6669ms
2026-05-20 19:55:35.070 +07:00 [INF] Request starting HTTP/1.1 GET http://localhost:5231/api/booking/order-status?id=14051 - null null
2026-05-20 19:55:35.072 +07:00 [INF] Executing endpoint 'AuraCinema.Web.Controllers.BookingController.GetOrderStatus (AuraCinema.Web)'
2026-05-20 19:55:35.072 +07:00 [INF] Route matched with {action = "GetOrderStatus", controller = "Booking", area = ""}. Executing controller action with signature System.Threading.Tasks.Task`1[Microsoft.AspNetCore.Mvc.IActionResult] GetOrderStatus(Int32, Boolean) on controller AuraCinema.Web.Controllers.BookingController (AuraCinema.Web).
2026-05-20 19:55:35.075 +07:00 [INF] Executed DbCommand (1ms) [Parameters=[@__id_0='?' (DbType = Int32)], CommandType='"Text"', CommandTimeout='30']
SELECT TOP(1) [o].[OrderID], [o].[FinalAmount], [o].[HoldExpiryTime], [o].[OrderCode], [o].[PayOSTransID], [o].[PromoID], [o].[QrCode], [o].[ShowtimeID], [o].[Status], [o].[TotalAmount], [o].[UserID]
FROM [Orders] AS [o]
WHERE [o].[OrderID] = @__id_0
2026-05-20 19:55:35.075 +07:00 [INF] Executing OkObjectResult, writing value of type '<>f__AnonymousType16`2[[System.String, System.Private.CoreLib, Version=9.0.0.0, Culture=neutral, PublicKeyToken=7cec85d7bea7798e],[System.String, System.Private.CoreLib, Version=9.0.0.0, Culture=neutral, PublicKeyToken=7cec85d7bea7798e]]'.
2026-05-20 19:55:35.076 +07:00 [INF] Executed action AuraCinema.Web.Controllers.BookingController.GetOrderStatus (AuraCinema.Web) in 3.166ms
2026-05-20 19:55:35.076 +07:00 [INF] Executed endpoint 'AuraCinema.Web.Controllers.BookingController.GetOrderStatus (AuraCinema.Web)'
2026-05-20 19:55:35.076 +07:00 [INF] Request finished HTTP/1.1 GET http://localhost:5231/api/booking/order-status?id=14051 - 200 null application/json; charset=utf-8 5.6109ms
2026-05-20 19:55:40.065 +07:00 [INF] Request starting HTTP/1.1 GET http://localhost:5231/api/booking/order-status?id=14051 - null null
2026-05-20 19:55:40.065 +07:00 [INF] Executing endpoint 'AuraCinema.Web.Controllers.BookingController.GetOrderStatus (AuraCinema.Web)'
2026-05-20 19:55:40.065 +07:00 [INF] Route matched with {action = "GetOrderStatus", controller = "Booking", area = ""}. Executing controller action with signature System.Threading.Tasks.Task`1[Microsoft.AspNetCore.Mvc.IActionResult] GetOrderStatus(Int32, Boolean) on controller AuraCinema.Web.Controllers.BookingController (AuraCinema.Web).
2026-05-20 19:55:40.067 +07:00 [INF] Executed DbCommand (1ms) [Parameters=[@__id_0='?' (DbType = Int32)], CommandType='"Text"', CommandTimeout='30']
SELECT TOP(1) [o].[OrderID], [o].[FinalAmount], [o].[HoldExpiryTime], [o].[OrderCode], [o].[PayOSTransID], [o].[PromoID], [o].[QrCode], [o].[ShowtimeID], [o].[Status], [o].[TotalAmount], [o].[UserID]
FROM [Orders] AS [o]
WHERE [o].[OrderID] = @__id_0
2026-05-20 19:55:40.068 +07:00 [INF] Executing OkObjectResult, writing value of type '<>f__AnonymousType16`2[[System.String, System.Private.CoreLib, Version=9.0.0.0, Culture=neutral, PublicKeyToken=7cec85d7bea7798e],[System.String, System.Private.CoreLib, Version=9.0.0.0, Culture=neutral, PublicKeyToken=7cec85d7bea7798e]]'.
2026-05-20 19:55:40.068 +07:00 [INF] Executed action AuraCinema.Web.Controllers.BookingController.GetOrderStatus (AuraCinema.Web) in 2.4726ms
2026-05-20 19:55:40.068 +07:00 [INF] Executed endpoint 'AuraCinema.Web.Controllers.BookingController.GetOrderStatus (AuraCinema.Web)'
2026-05-20 19:55:40.068 +07:00 [INF] Request finished HTTP/1.1 GET http://localhost:5231/api/booking/order-status?id=14051 - 200 null application/json; charset=utf-8 3.4647ms
2026-05-20 19:55:45.074 +07:00 [INF] Request starting HTTP/1.1 GET http://localhost:5231/api/booking/order-status?id=14051 - null null
2026-05-20 19:55:45.076 +07:00 [INF] Executing endpoint 'AuraCinema.Web.Controllers.BookingController.GetOrderStatus (AuraCinema.Web)'
2026-05-20 19:55:45.076 +07:00 [INF] Route matched with {action = "GetOrderStatus", controller = "Booking", area = ""}. Executing controller action with signature System.Threading.Tasks.Task`1[Microsoft.AspNetCore.Mvc.IActionResult] GetOrderStatus(Int32, Boolean) on controller AuraCinema.Web.Controllers.BookingController (AuraCinema.Web).
2026-05-20 19:55:45.079 +07:00 [INF] Executed DbCommand (1ms) [Parameters=[@__id_0='?' (DbType = Int32)], CommandType='"Text"', CommandTimeout='30']
SELECT TOP(1) [o].[OrderID], [o].[FinalAmount], [o].[HoldExpiryTime], [o].[OrderCode], [o].[PayOSTransID], [o].[PromoID], [o].[QrCode], [o].[ShowtimeID], [o].[Status], [o].[TotalAmount], [o].[UserID]
FROM [Orders] AS [o]
WHERE [o].[OrderID] = @__id_0
2026-05-20 19:55:45.080 +07:00 [INF] Executing OkObjectResult, writing value of type '<>f__AnonymousType16`2[[System.String, System.Private.CoreLib, Version=9.0.0.0, Culture=neutral, PublicKeyToken=7cec85d7bea7798e],[System.String, System.Private.CoreLib, Version=9.0.0.0, Culture=neutral, PublicKeyToken=7cec85d7bea7798e]]'.
2026-05-20 19:55:45.080 +07:00 [INF] Executed action AuraCinema.Web.Controllers.BookingController.GetOrderStatus (AuraCinema.Web) in 4.3026ms
2026-05-20 19:55:45.080 +07:00 [INF] Executed endpoint 'AuraCinema.Web.Controllers.BookingController.GetOrderStatus (AuraCinema.Web)'
2026-05-20 19:55:45.080 +07:00 [INF] Request finished HTTP/1.1 GET http://localhost:5231/api/booking/order-status?id=14051 - 200 null application/json; charset=utf-8 6.6056ms
2026-05-20 19:55:50.066 +07:00 [INF] Request starting HTTP/1.1 GET http://localhost:5231/api/booking/order-status?id=14051 - null null
2026-05-20 19:55:50.066 +07:00 [INF] Executing endpoint 'AuraCinema.Web.Controllers.BookingController.GetOrderStatus (AuraCinema.Web)'
2026-05-20 19:55:50.067 +07:00 [INF] Route matched with {action = "GetOrderStatus", controller = "Booking", area = ""}. Executing controller action with signature System.Threading.Tasks.Task`1[Microsoft.AspNetCore.Mvc.IActionResult] GetOrderStatus(Int32, Boolean) on controller AuraCinema.Web.Controllers.BookingController (AuraCinema.Web).
2026-05-20 19:55:50.070 +07:00 [INF] Executed DbCommand (1ms) [Parameters=[@__id_0='?' (DbType = Int32)], CommandType='"Text"', CommandTimeout='30']
SELECT TOP(1) [o].[OrderID], [o].[FinalAmount], [o].[HoldExpiryTime], [o].[OrderCode], [o].[PayOSTransID], [o].[PromoID], [o].[QrCode], [o].[ShowtimeID], [o].[Status], [o].[TotalAmount], [o].[UserID]
FROM [Orders] AS [o]
WHERE [o].[OrderID] = @__id_0
2026-05-20 19:55:50.070 +07:00 [INF] Executing OkObjectResult, writing value of type '<>f__AnonymousType16`2[[System.String, System.Private.CoreLib, Version=9.0.0.0, Culture=neutral, PublicKeyToken=7cec85d7bea7798e],[System.String, System.Private.CoreLib, Version=9.0.0.0, Culture=neutral, PublicKeyToken=7cec85d7bea7798e]]'.
2026-05-20 19:55:50.071 +07:00 [INF] Executed action AuraCinema.Web.Controllers.BookingController.GetOrderStatus (AuraCinema.Web) in 3.8861ms
2026-05-20 19:55:50.071 +07:00 [INF] Executed endpoint 'AuraCinema.Web.Controllers.BookingController.GetOrderStatus (AuraCinema.Web)'
2026-05-20 19:55:50.071 +07:00 [INF] Request finished HTTP/1.1 GET http://localhost:5231/api/booking/order-status?id=14051 - 200 null application/json; charset=utf-8 4.9086ms
2026-05-20 19:55:55.063 +07:00 [INF] Request starting HTTP/1.1 GET http://localhost:5231/api/booking/order-status?id=14051 - null null
2026-05-20 19:55:55.064 +07:00 [INF] Executing endpoint 'AuraCinema.Web.Controllers.BookingController.GetOrderStatus (AuraCinema.Web)'
2026-05-20 19:55:55.064 +07:00 [INF] Route matched with {action = "GetOrderStatus", controller = "Booking", area = ""}. Executing controller action with signature System.Threading.Tasks.Task`1[Microsoft.AspNetCore.Mvc.IActionResult] GetOrderStatus(Int32, Boolean) on controller AuraCinema.Web.Controllers.BookingController (AuraCinema.Web).
2026-05-20 19:55:55.066 +07:00 [INF] Executed DbCommand (1ms) [Parameters=[@__id_0='?' (DbType = Int32)], CommandType='"Text"', CommandTimeout='30']
SELECT TOP(1) [o].[OrderID], [o].[FinalAmount], [o].[HoldExpiryTime], [o].[OrderCode], [o].[PayOSTransID], [o].[PromoID], [o].[QrCode], [o].[ShowtimeID], [o].[Status], [o].[TotalAmount], [o].[UserID]
FROM [Orders] AS [o]
WHERE [o].[OrderID] = @__id_0
2026-05-20 19:55:55.066 +07:00 [INF] Executing OkObjectResult, writing value of type '<>f__AnonymousType16`2[[System.String, System.Private.CoreLib, Version=9.0.0.0, Culture=neutral, PublicKeyToken=7cec85d7bea7798e],[System.String, System.Private.CoreLib, Version=9.0.0.0, Culture=neutral, PublicKeyToken=7cec85d7bea7798e]]'.
2026-05-20 19:55:55.067 +07:00 [INF] Executed action AuraCinema.Web.Controllers.BookingController.GetOrderStatus (AuraCinema.Web) in 2.5089ms
2026-05-20 19:55:55.067 +07:00 [INF] Executed endpoint 'AuraCinema.Web.Controllers.BookingController.GetOrderStatus (AuraCinema.Web)'
2026-05-20 19:55:55.067 +07:00 [INF] Request finished HTTP/1.1 GET http://localhost:5231/api/booking/order-status?id=14051 - 200 null application/json; charset=utf-8 3.4429ms
2026-05-20 19:56:00.059 +07:00 [INF] Request starting HTTP/1.1 GET http://localhost:5231/api/booking/order-status?id=14051 - null null
2026-05-20 19:56:00.060 +07:00 [INF] Executing endpoint 'AuraCinema.Web.Controllers.BookingController.GetOrderStatus (AuraCinema.Web)'
2026-05-20 19:56:00.060 +07:00 [INF] Route matched with {action = "GetOrderStatus", controller = "Booking", area = ""}. Executing controller action with signature System.Threading.Tasks.Task`1[Microsoft.AspNetCore.Mvc.IActionResult] GetOrderStatus(Int32, Boolean) on controller AuraCinema.Web.Controllers.BookingController (AuraCinema.Web).
2026-05-20 19:56:00.062 +07:00 [INF] Executed DbCommand (0ms) [Parameters=[@__id_0='?' (DbType = Int32)], CommandType='"Text"', CommandTimeout='30']
SELECT TOP(1) [o].[OrderID], [o].[FinalAmount], [o].[HoldExpiryTime], [o].[OrderCode], [o].[PayOSTransID], [o].[PromoID], [o].[QrCode], [o].[ShowtimeID], [o].[Status], [o].[TotalAmount], [o].[UserID]
FROM [Orders] AS [o]
WHERE [o].[OrderID] = @__id_0
2026-05-20 19:56:00.062 +07:00 [INF] Executing OkObjectResult, writing value of type '<>f__AnonymousType16`2[[System.String, System.Private.CoreLib, Version=9.0.0.0, Culture=neutral, PublicKeyToken=7cec85d7bea7798e],[System.String, System.Private.CoreLib, Version=9.0.0.0, Culture=neutral, PublicKeyToken=7cec85d7bea7798e]]'.
2026-05-20 19:56:00.063 +07:00 [INF] Executed action AuraCinema.Web.Controllers.BookingController.GetOrderStatus (AuraCinema.Web) in 2.0813ms
2026-05-20 19:56:00.063 +07:00 [INF] Executed endpoint 'AuraCinema.Web.Controllers.BookingController.GetOrderStatus (AuraCinema.Web)'
2026-05-20 19:56:00.063 +07:00 [INF] Request finished HTTP/1.1 GET http://localhost:5231/api/booking/order-status?id=14051 - 200 null application/json; charset=utf-8 3.437ms
2026-05-20 19:56:05.061 +07:00 [INF] Request starting HTTP/1.1 GET http://localhost:5231/api/booking/order-status?id=14051 - null null
2026-05-20 19:56:05.062 +07:00 [INF] Executing endpoint 'AuraCinema.Web.Controllers.BookingController.GetOrderStatus (AuraCinema.Web)'
2026-05-20 19:56:05.062 +07:00 [INF] Route matched with {action = "GetOrderStatus", controller = "Booking", area = ""}. Executing controller action with signature System.Threading.Tasks.Task`1[Microsoft.AspNetCore.Mvc.IActionResult] GetOrderStatus(Int32, Boolean) on controller AuraCinema.Web.Controllers.BookingController (AuraCinema.Web).
2026-05-20 19:56:05.064 +07:00 [INF] Executed DbCommand (1ms) [Parameters=[@__id_0='?' (DbType = Int32)], CommandType='"Text"', CommandTimeout='30']
SELECT TOP(1) [o].[OrderID], [o].[FinalAmount], [o].[HoldExpiryTime], [o].[OrderCode], [o].[PayOSTransID], [o].[PromoID], [o].[QrCode], [o].[ShowtimeID], [o].[Status], [o].[TotalAmount], [o].[UserID]
FROM [Orders] AS [o]
WHERE [o].[OrderID] = @__id_0
2026-05-20 19:56:05.065 +07:00 [INF] Executing OkObjectResult, writing value of type '<>f__AnonymousType16`2[[System.String, System.Private.CoreLib, Version=9.0.0.0, Culture=neutral, PublicKeyToken=7cec85d7bea7798e],[System.String, System.Private.CoreLib, Version=9.0.0.0, Culture=neutral, PublicKeyToken=7cec85d7bea7798e]]'.
2026-05-20 19:56:05.065 +07:00 [INF] Executed action AuraCinema.Web.Controllers.BookingController.GetOrderStatus (AuraCinema.Web) in 2.2593ms
2026-05-20 19:56:05.065 +07:00 [INF] Executed endpoint 'AuraCinema.Web.Controllers.BookingController.GetOrderStatus (AuraCinema.Web)'
2026-05-20 19:56:05.065 +07:00 [INF] Request finished HTTP/1.1 GET http://localhost:5231/api/booking/order-status?id=14051 - 200 null application/json; charset=utf-8 3.6152ms
2026-05-20 19:56:09.175 +07:00 [INF] Request starting HTTP/1.1 POST http://localhost:5231/api/chatbot/message - application/json 2516
2026-05-20 19:56:09.176 +07:00 [INF] Executing endpoint 'AuraCinema.Web.Controllers.ChatbotController.ProcessMessage (AuraCinema.Web)'
2026-05-20 19:56:09.176 +07:00 [INF] Route matched with {action = "ProcessMessage", controller = "Chatbot", area = ""}. Executing controller action with signature System.Threading.Tasks.Task`1[Microsoft.AspNetCore.Mvc.IActionResult] ProcessMessage(AuraCinema.Domain.Models.Chat.ChatRequest) on controller AuraCinema.Web.Controllers.ChatbotController (AuraCinema.Web).
2026-05-20 19:56:09.179 +07:00 [INF] Start processing HTTP request POST https://generativelanguage.googleapis.com/v1beta/models/gemini-3.5-flash:generateContent?*
2026-05-20 19:56:09.180 +07:00 [INF] Sending HTTP request POST https://generativelanguage.googleapis.com/v1beta/models/gemini-3.5-flash:generateContent?*
2026-05-20 19:56:09.284 +07:00 [INF] Received HTTP response headers after 103.727ms - 429
2026-05-20 19:56:09.284 +07:00 [INF] End processing HTTP request after 104.9298ms - 429
2026-05-20 19:56:09.289 +07:00 [ERR] Gemini API error: "TooManyRequests" - {
  "error": {
    "code": 429,
    "message": "You exceeded your current quota, please check your plan and billing details. For more information on this error, head to: https://ai.google.dev/gemini-api/docs/rate-limits. To monitor your current usage, head to: https://ai.dev/rate-limit. \n* Quota exceeded for metric: generativelanguage.googleapis.com/generate_content_free_tier_requests, limit: 20, model: gemini-3.5-flash\nPlease retry in 51.004192996s.",
    "status": "RESOURCE_EXHAUSTED",
    "details": [
      {
        "@type": "type.googleapis.com/google.rpc.Help",
        "links": [
          {
            "description": "Learn more about Gemini API quotas",
            "url": "https://ai.google.dev/gemini-api/docs/rate-limits"
          }
        ]
      },
      {
        "@type": "type.googleapis.com/google.rpc.QuotaFailure",
        "violations": [
          {
            "quotaMetric": "generativelanguage.googleapis.com/generate_content_free_tier_requests",
            "quotaId": "GenerateRequestsPerDayPerProjectPerModel-FreeTier",
            "quotaDimensions": {
              "location": "global",
              "model": "gemini-3.5-flash"
            },
            "quotaValue": "20"
          }
        ]
      },
      {
        "@type": "type.googleapis.com/google.rpc.RetryInfo",
        "retryDelay": "51s"
      }
    ]
  }
}

2026-05-20 19:56:09.289 +07:00 [INF] Executing OkObjectResult, writing value of type 'AuraCinema.Domain.Models.Chat.ChatResponse'.
2026-05-20 19:56:09.289 +07:00 [INF] Executed action AuraCinema.Web.Controllers.ChatbotController.ProcessMessage (AuraCinema.Web) in 112.5645ms
2026-05-20 19:56:09.289 +07:00 [INF] Executed endpoint 'AuraCinema.Web.Controllers.ChatbotController.ProcessMessage (AuraCinema.Web)'
2026-05-20 19:56:09.290 +07:00 [INF] Request finished HTTP/1.1 POST http://localhost:5231/api/chatbot/message - 200 null application/json; charset=utf-8 114.1303ms
2026-05-20 19:56:09.460 +07:00 [INF] Request starting HTTP/1.1 GET http://localhost:5231/api/booking/order-status?id=14051 - null null
2026-05-20 19:56:09.462 +07:00 [INF] Executing endpoint 'AuraCinema.Web.Controllers.BookingController.GetOrderStatus (AuraCinema.Web)'
2026-05-20 19:56:09.462 +07:00 [INF] Route matched with {action = "GetOrderStatus", controller = "Booking", area = ""}. Executing controller action with signature System.Threading.Tasks.Task`1[Microsoft.AspNetCore.Mvc.IActionResult] GetOrderStatus(Int32, Boolean) on controller AuraCinema.Web.Controllers.BookingController (AuraCinema.Web).
2026-05-20 19:56:09.465 +07:00 [INF] Executed DbCommand (1ms) [Parameters=[@__id_0='?' (DbType = Int32)], CommandType='"Text"', CommandTimeout='30']
SELECT TOP(1) [o].[OrderID], [o].[FinalAmount], [o].[HoldExpiryTime], [o].[OrderCode], [o].[PayOSTransID], [o].[PromoID], [o].[QrCode], [o].[ShowtimeID], [o].[Status], [o].[TotalAmount], [o].[UserID]
FROM [Orders] AS [o]
WHERE [o].[OrderID] = @__id_0
2026-05-20 19:56:09.466 +07:00 [INF] Executing OkObjectResult, writing value of type '<>f__AnonymousType16`2[[System.String, System.Private.CoreLib, Version=9.0.0.0, Culture=neutral, PublicKeyToken=7cec85d7bea7798e],[System.String, System.Private.CoreLib, Version=9.0.0.0, Culture=neutral, PublicKeyToken=7cec85d7bea7798e]]'.
2026-05-20 19:56:09.466 +07:00 [INF] Executed action AuraCinema.Web.Controllers.BookingController.GetOrderStatus (AuraCinema.Web) in 3.3696ms
2026-05-20 19:56:09.466 +07:00 [INF] Executed endpoint 'AuraCinema.Web.Controllers.BookingController.GetOrderStatus (AuraCinema.Web)'
2026-05-20 19:56:09.466 +07:00 [INF] Request finished HTTP/1.1 GET http://localhost:5231/api/booking/order-status?id=14051 - 200 null application/json; charset=utf-8 6.0006ms
2026-05-20 19:56:14.454 +07:00 [INF] Request starting HTTP/1.1 GET http://localhost:5231/api/booking/order-status?id=14051 - null null
2026-05-20 19:56:14.455 +07:00 [INF] Executing endpoint 'AuraCinema.Web.Controllers.BookingController.GetOrderStatus (AuraCinema.Web)'
2026-05-20 19:56:14.455 +07:00 [INF] Route matched with {action = "GetOrderStatus", controller = "Booking", area = ""}. Executing controller action with signature System.Threading.Tasks.Task`1[Microsoft.AspNetCore.Mvc.IActionResult] GetOrderStatus(Int32, Boolean) on controller AuraCinema.Web.Controllers.BookingController (AuraCinema.Web).
2026-05-20 19:56:14.458 +07:00 [INF] Executed DbCommand (1ms) [Parameters=[@__id_0='?' (DbType = Int32)], CommandType='"Text"', CommandTimeout='30']
SELECT TOP(1) [o].[OrderID], [o].[FinalAmount], [o].[HoldExpiryTime], [o].[OrderCode], [o].[PayOSTransID], [o].[PromoID], [o].[QrCode], [o].[ShowtimeID], [o].[Status], [o].[TotalAmount], [o].[UserID]
FROM [Orders] AS [o]
WHERE [o].[OrderID] = @__id_0
2026-05-20 19:56:14.459 +07:00 [INF] Executing OkObjectResult, writing value of type '<>f__AnonymousType16`2[[System.String, System.Private.CoreLib, Version=9.0.0.0, Culture=neutral, PublicKeyToken=7cec85d7bea7798e],[System.String, System.Private.CoreLib, Version=9.0.0.0, Culture=neutral, PublicKeyToken=7cec85d7bea7798e]]'.
2026-05-20 19:56:14.460 +07:00 [INF] Executed action AuraCinema.Web.Controllers.BookingController.GetOrderStatus (AuraCinema.Web) in 4.5882ms
2026-05-20 19:56:14.460 +07:00 [INF] Executed endpoint 'AuraCinema.Web.Controllers.BookingController.GetOrderStatus (AuraCinema.Web)'
2026-05-20 19:56:14.460 +07:00 [INF] Request finished HTTP/1.1 GET http://localhost:5231/api/booking/order-status?id=14051 - 200 null application/json; charset=utf-8 5.6063ms
2026-05-20 19:56:16.714 +07:00 [INF] Executed DbCommand (1ms) [Parameters=[], CommandType='"Text"', CommandTimeout='30']
SELECT [o].[OrderID], [o].[FinalAmount], [o].[HoldExpiryTime], [o].[OrderCode], [o].[PayOSTransID], [o].[PromoID], [o].[QrCode], [o].[ShowtimeID], [o].[Status], [o].[TotalAmount], [o].[UserID]
FROM [Orders] AS [o]
WHERE [o].[Status] = N'Chờ thanh toán' AND [o].[HoldExpiryTime] <= GETDATE()
2026-05-20 19:56:16.716 +07:00 [INF] Executed DbCommand (0ms) [Parameters=[@__maxSellingDate_0='?' (DbType = DateTime2), @__now_1='?' (DbType = DateTime2)], CommandType='"Text"', CommandTimeout='30']
SELECT [s].[ShowtimeID], [s].[EndTime], [s].[MovieID], [s].[RoomID], [s].[ShowtimeCode], [s].[StartTime], [s].[Status]
FROM [Showtimes] AS [s]
WHERE [s].[Status] IN (N'Đã lên lịch', N'Sap chieu') AND CONVERT(date, [s].[StartTime]) <= @__maxSellingDate_0 AND [s].[StartTime] > @__now_1
2026-05-20 19:56:16.717 +07:00 [INF] Executed DbCommand (0ms) [Parameters=[@__now_0='?' (DbType = DateTime2)], CommandType='"Text"', CommandTimeout='30']
SELECT [s].[ShowtimeID], [s].[EndTime], [s].[MovieID], [s].[RoomID], [s].[ShowtimeCode], [s].[StartTime], [s].[Status]
FROM [Showtimes] AS [s]
WHERE [s].[Status] IN (N'Đã lên lịch', N'Đang mở bán', N'Sap chieu') AND [s].[StartTime] <= @__now_0 AND [s].[EndTime] > @__now_0
2026-05-20 19:56:16.718 +07:00 [INF] Executed DbCommand (1ms) [Parameters=[@__now_0='?' (DbType = DateTime2)], CommandType='"Text"', CommandTimeout='30']
SELECT [s].[ShowtimeID], [s].[EndTime], [s].[MovieID], [s].[RoomID], [s].[ShowtimeCode], [s].[StartTime], [s].[Status]
FROM [Showtimes] AS [s]
WHERE [s].[Status] IN (N'Đã lên lịch', N'Đang mở bán', N'Đang chiếu', N'Sap chieu', N'Dang dien ra') AND [s].[EndTime] <= @__now_0
2026-05-20 19:56:19.462 +07:00 [INF] Request starting HTTP/1.1 GET http://localhost:5231/api/booking/order-status?id=14051 - null null
2026-05-20 19:56:19.462 +07:00 [INF] Executing endpoint 'AuraCinema.Web.Controllers.BookingController.GetOrderStatus (AuraCinema.Web)'
2026-05-20 19:56:19.462 +07:00 [INF] Route matched with {action = "GetOrderStatus", controller = "Booking", area = ""}. Executing controller action with signature System.Threading.Tasks.Task`1[Microsoft.AspNetCore.Mvc.IActionResult] GetOrderStatus(Int32, Boolean) on controller AuraCinema.Web.Controllers.BookingController (AuraCinema.Web).
2026-05-20 19:56:19.464 +07:00 [INF] Executed DbCommand (1ms) [Parameters=[@__id_0='?' (DbType = Int32)], CommandType='"Text"', CommandTimeout='30']
SELECT TOP(1) [o].[OrderID], [o].[FinalAmount], [o].[HoldExpiryTime], [o].[OrderCode], [o].[PayOSTransID], [o].[PromoID], [o].[QrCode], [o].[ShowtimeID], [o].[Status], [o].[TotalAmount], [o].[UserID]
FROM [Orders] AS [o]
WHERE [o].[OrderID] = @__id_0
2026-05-20 19:56:19.465 +07:00 [INF] Executing OkObjectResult, writing value of type '<>f__AnonymousType16`2[[System.String, System.Private.CoreLib, Version=9.0.0.0, Culture=neutral, PublicKeyToken=7cec85d7bea7798e],[System.String, System.Private.CoreLib, Version=9.0.0.0, Culture=neutral, PublicKeyToken=7cec85d7bea7798e]]'.
2026-05-20 19:56:19.465 +07:00 [INF] Executed action AuraCinema.Web.Controllers.BookingController.GetOrderStatus (AuraCinema.Web) in 2.4828ms
2026-05-20 19:56:19.465 +07:00 [INF] Executed endpoint 'AuraCinema.Web.Controllers.BookingController.GetOrderStatus (AuraCinema.Web)'
2026-05-20 19:56:19.465 +07:00 [INF] Request finished HTTP/1.1 GET http://localhost:5231/api/booking/order-status?id=14051 - 200 null application/json; charset=utf-8 3.3393ms
2026-05-20 19:56:24.453 +07:00 [INF] Request starting HTTP/1.1 GET http://localhost:5231/api/booking/order-status?id=14051 - null null
2026-05-20 19:56:24.454 +07:00 [INF] Executing endpoint 'AuraCinema.Web.Controllers.BookingController.GetOrderStatus (AuraCinema.Web)'
2026-05-20 19:56:24.454 +07:00 [INF] Route matched with {action = "GetOrderStatus", controller = "Booking", area = ""}. Executing controller action with signature System.Threading.Tasks.Task`1[Microsoft.AspNetCore.Mvc.IActionResult] GetOrderStatus(Int32, Boolean) on controller AuraCinema.Web.Controllers.BookingController (AuraCinema.Web).
2026-05-20 19:56:24.458 +07:00 [INF] Executed DbCommand (3ms) [Parameters=[@__id_0='?' (DbType = Int32)], CommandType='"Text"', CommandTimeout='30']
SELECT TOP(1) [o].[OrderID], [o].[FinalAmount], [o].[HoldExpiryTime], [o].[OrderCode], [o].[PayOSTransID], [o].[PromoID], [o].[QrCode], [o].[ShowtimeID], [o].[Status], [o].[TotalAmount], [o].[UserID]
FROM [Orders] AS [o]
WHERE [o].[OrderID] = @__id_0
2026-05-20 19:56:24.459 +07:00 [INF] Executing OkObjectResult, writing value of type '<>f__AnonymousType16`2[[System.String, System.Private.CoreLib, Version=9.0.0.0, Culture=neutral, PublicKeyToken=7cec85d7bea7798e],[System.String, System.Private.CoreLib, Version=9.0.0.0, Culture=neutral, PublicKeyToken=7cec85d7bea7798e]]'.
2026-05-20 19:56:24.459 +07:00 [INF] Executed action AuraCinema.Web.Controllers.BookingController.GetOrderStatus (AuraCinema.Web) in 4.8718ms
2026-05-20 19:56:24.459 +07:00 [INF] Executed endpoint 'AuraCinema.Web.Controllers.BookingController.GetOrderStatus (AuraCinema.Web)'
2026-05-20 19:56:24.459 +07:00 [INF] Request finished HTTP/1.1 GET http://localhost:5231/api/booking/order-status?id=14051 - 200 null application/json; charset=utf-8 5.9087ms
2026-05-20 19:56:29.454 +07:00 [INF] Request starting HTTP/1.1 GET http://localhost:5231/api/booking/order-status?id=14051 - null null
2026-05-20 19:56:29.454 +07:00 [INF] Executing endpoint 'AuraCinema.Web.Controllers.BookingController.GetOrderStatus (AuraCinema.Web)'
2026-05-20 19:56:29.455 +07:00 [INF] Route matched with {action = "GetOrderStatus", controller = "Booking", area = ""}. Executing controller action with signature System.Threading.Tasks.Task`1[Microsoft.AspNetCore.Mvc.IActionResult] GetOrderStatus(Int32, Boolean) on controller AuraCinema.Web.Controllers.BookingController (AuraCinema.Web).
2026-05-20 19:56:29.456 +07:00 [INF] Executed DbCommand (1ms) [Parameters=[@__id_0='?' (DbType = Int32)], CommandType='"Text"', CommandTimeout='30']
SELECT TOP(1) [o].[OrderID], [o].[FinalAmount], [o].[HoldExpiryTime], [o].[OrderCode], [o].[PayOSTransID], [o].[PromoID], [o].[QrCode], [o].[ShowtimeID], [o].[Status], [o].[TotalAmount], [o].[UserID]
FROM [Orders] AS [o]
WHERE [o].[OrderID] = @__id_0
2026-05-20 19:56:29.457 +07:00 [INF] Executing OkObjectResult, writing value of type '<>f__AnonymousType16`2[[System.String, System.Private.CoreLib, Version=9.0.0.0, Culture=neutral, PublicKeyToken=7cec85d7bea7798e],[System.String, System.Private.CoreLib, Version=9.0.0.0, Culture=neutral, PublicKeyToken=7cec85d7bea7798e]]'.
2026-05-20 19:56:29.457 +07:00 [INF] Executed action AuraCinema.Web.Controllers.BookingController.GetOrderStatus (AuraCinema.Web) in 2.5548ms
2026-05-20 19:56:29.457 +07:00 [INF] Executed endpoint 'AuraCinema.Web.Controllers.BookingController.GetOrderStatus (AuraCinema.Web)'
2026-05-20 19:56:29.457 +07:00 [INF] Request finished HTTP/1.1 GET http://localhost:5231/api/booking/order-status?id=14051 - 200 null application/json; charset=utf-8 3.4901ms
2026-05-20 19:56:34.454 +07:00 [INF] Request starting HTTP/1.1 GET http://localhost:5231/api/booking/order-status?id=14051 - null null
2026-05-20 19:56:34.454 +07:00 [INF] Executing endpoint 'AuraCinema.Web.Controllers.BookingController.GetOrderStatus (AuraCinema.Web)'
2026-05-20 19:56:34.454 +07:00 [INF] Route matched with {action = "GetOrderStatus", controller = "Booking", area = ""}. Executing controller action with signature System.Threading.Tasks.Task`1[Microsoft.AspNetCore.Mvc.IActionResult] GetOrderStatus(Int32, Boolean) on controller AuraCinema.Web.Controllers.BookingController (AuraCinema.Web).
2026-05-20 19:56:34.456 +07:00 [INF] Executed DbCommand (0ms) [Parameters=[@__id_0='?' (DbType = Int32)], CommandType='"Text"', CommandTimeout='30']
SELECT TOP(1) [o].[OrderID], [o].[FinalAmount], [o].[HoldExpiryTime], [o].[OrderCode], [o].[PayOSTransID], [o].[PromoID], [o].[QrCode], [o].[ShowtimeID], [o].[Status], [o].[TotalAmount], [o].[UserID]
FROM [Orders] AS [o]
WHERE [o].[OrderID] = @__id_0
2026-05-20 19:56:34.456 +07:00 [INF] Executing OkObjectResult, writing value of type '<>f__AnonymousType16`2[[System.String, System.Private.CoreLib, Version=9.0.0.0, Culture=neutral, PublicKeyToken=7cec85d7bea7798e],[System.String, System.Private.CoreLib, Version=9.0.0.0, Culture=neutral, PublicKeyToken=7cec85d7bea7798e]]'.
2026-05-20 19:56:34.456 +07:00 [INF] Executed action AuraCinema.Web.Controllers.BookingController.GetOrderStatus (AuraCinema.Web) in 2.0895ms
2026-05-20 19:56:34.456 +07:00 [INF] Executed endpoint 'AuraCinema.Web.Controllers.BookingController.GetOrderStatus (AuraCinema.Web)'
2026-05-20 19:56:34.457 +07:00 [INF] Request finished HTTP/1.1 GET http://localhost:5231/api/booking/order-status?id=14051 - 200 null application/json; charset=utf-8 2.888ms
2026-05-20 19:56:39.452 +07:00 [INF] Request starting HTTP/1.1 GET http://localhost:5231/api/booking/order-status?id=14051 - null null
2026-05-20 19:56:39.452 +07:00 [INF] Executing endpoint 'AuraCinema.Web.Controllers.BookingController.GetOrderStatus (AuraCinema.Web)'
2026-05-20 19:56:39.452 +07:00 [INF] Route matched with {action = "GetOrderStatus", controller = "Booking", area = ""}. Executing controller action with signature System.Threading.Tasks.Task`1[Microsoft.AspNetCore.Mvc.IActionResult] GetOrderStatus(Int32, Boolean) on controller AuraCinema.Web.Controllers.BookingController (AuraCinema.Web).
2026-05-20 19:56:39.454 +07:00 [INF] Executed DbCommand (1ms) [Parameters=[@__id_0='?' (DbType = Int32)], CommandType='"Text"', CommandTimeout='30']
SELECT TOP(1) [o].[OrderID], [o].[FinalAmount], [o].[HoldExpiryTime], [o].[OrderCode], [o].[PayOSTransID], [o].[PromoID], [o].[QrCode], [o].[ShowtimeID], [o].[Status], [o].[TotalAmount], [o].[UserID]
FROM [Orders] AS [o]
WHERE [o].[OrderID] = @__id_0
2026-05-20 19:56:39.454 +07:00 [INF] Executing OkObjectResult, writing value of type '<>f__AnonymousType16`2[[System.String, System.Private.CoreLib, Version=9.0.0.0, Culture=neutral, PublicKeyToken=7cec85d7bea7798e],[System.String, System.Private.CoreLib, Version=9.0.0.0, Culture=neutral, PublicKeyToken=7cec85d7bea7798e]]'.
2026-05-20 19:56:39.455 +07:00 [INF] Executed action AuraCinema.Web.Controllers.BookingController.GetOrderStatus (AuraCinema.Web) in 2.1885ms
2026-05-20 19:56:39.455 +07:00 [INF] Executed endpoint 'AuraCinema.Web.Controllers.BookingController.GetOrderStatus (AuraCinema.Web)'
2026-05-20 19:56:39.455 +07:00 [INF] Request finished HTTP/1.1 GET http://localhost:5231/api/booking/order-status?id=14051 - 200 null application/json; charset=utf-8 2.9923ms
2026-05-20 19:56:44.462 +07:00 [INF] Request starting HTTP/1.1 GET http://localhost:5231/api/booking/order-status?id=14051 - null null
2026-05-20 19:56:44.463 +07:00 [INF] Executing endpoint 'AuraCinema.Web.Controllers.BookingController.GetOrderStatus (AuraCinema.Web)'
2026-05-20 19:56:44.463 +07:00 [INF] Route matched with {action = "GetOrderStatus", controller = "Booking", area = ""}. Executing controller action with signature System.Threading.Tasks.Task`1[Microsoft.AspNetCore.Mvc.IActionResult] GetOrderStatus(Int32, Boolean) on controller AuraCinema.Web.Controllers.BookingController (AuraCinema.Web).
2026-05-20 19:56:44.465 +07:00 [INF] Executed DbCommand (0ms) [Parameters=[@__id_0='?' (DbType = Int32)], CommandType='"Text"', CommandTimeout='30']
SELECT TOP(1) [o].[OrderID], [o].[FinalAmount], [o].[HoldExpiryTime], [o].[OrderCode], [o].[PayOSTransID], [o].[PromoID], [o].[QrCode], [o].[ShowtimeID], [o].[Status], [o].[TotalAmount], [o].[UserID]
FROM [Orders] AS [o]
WHERE [o].[OrderID] = @__id_0
2026-05-20 19:56:44.465 +07:00 [INF] Executing OkObjectResult, writing value of type '<>f__AnonymousType16`2[[System.String, System.Private.CoreLib, Version=9.0.0.0, Culture=neutral, PublicKeyToken=7cec85d7bea7798e],[System.String, System.Private.CoreLib, Version=9.0.0.0, Culture=neutral, PublicKeyToken=7cec85d7bea7798e]]'.
2026-05-20 19:56:44.466 +07:00 [INF] Executed action AuraCinema.Web.Controllers.BookingController.GetOrderStatus (AuraCinema.Web) in 2.3196ms
2026-05-20 19:56:44.466 +07:00 [INF] Executed endpoint 'AuraCinema.Web.Controllers.BookingController.GetOrderStatus (AuraCinema.Web)'
2026-05-20 19:56:44.466 +07:00 [INF] Request finished HTTP/1.1 GET http://localhost:5231/api/booking/order-status?id=14051 - 200 null application/json; charset=utf-8 3.3403ms
2026-05-20 19:56:49.455 +07:00 [INF] Request starting HTTP/1.1 GET http://localhost:5231/api/booking/order-status?id=14051 - null null
2026-05-20 19:56:49.455 +07:00 [INF] Executing endpoint 'AuraCinema.Web.Controllers.BookingController.GetOrderStatus (AuraCinema.Web)'
2026-05-20 19:56:49.455 +07:00 [INF] Route matched with {action = "GetOrderStatus", controller = "Booking", area = ""}. Executing controller action with signature System.Threading.Tasks.Task`1[Microsoft.AspNetCore.Mvc.IActionResult] GetOrderStatus(Int32, Boolean) on controller AuraCinema.Web.Controllers.BookingController (AuraCinema.Web).
2026-05-20 19:56:49.458 +07:00 [INF] Executed DbCommand (1ms) [Parameters=[@__id_0='?' (DbType = Int32)], CommandType='"Text"', CommandTimeout='30']
SELECT TOP(1) [o].[OrderID], [o].[FinalAmount], [o].[HoldExpiryTime], [o].[OrderCode], [o].[PayOSTransID], [o].[PromoID], [o].[QrCode], [o].[ShowtimeID], [o].[Status], [o].[TotalAmount], [o].[UserID]
FROM [Orders] AS [o]
WHERE [o].[OrderID] = @__id_0
2026-05-20 19:56:49.458 +07:00 [INF] Executing OkObjectResult, writing value of type '<>f__AnonymousType16`2[[System.String, System.Private.CoreLib, Version=9.0.0.0, Culture=neutral, PublicKeyToken=7cec85d7bea7798e],[System.String, System.Private.CoreLib, Version=9.0.0.0, Culture=neutral, PublicKeyToken=7cec85d7bea7798e]]'.
2026-05-20 19:56:49.458 +07:00 [INF] Executed action AuraCinema.Web.Controllers.BookingController.GetOrderStatus (AuraCinema.Web) in 2.7927ms
2026-05-20 19:56:49.458 +07:00 [INF] Executed endpoint 'AuraCinema.Web.Controllers.BookingController.GetOrderStatus (AuraCinema.Web)'
2026-05-20 19:56:49.458 +07:00 [INF] Request finished HTTP/1.1 GET http://localhost:5231/api/booking/order-status?id=14051 - 200 null application/json; charset=utf-8 3.7273ms
2026-05-20 19:56:54.133 +07:00 [INF] Request starting HTTP/1.1 POST http://localhost:5231/api/chatbot/message - application/json 2726
2026-05-20 19:56:54.133 +07:00 [INF] Executing endpoint 'AuraCinema.Web.Controllers.ChatbotController.ProcessMessage (AuraCinema.Web)'
2026-05-20 19:56:54.134 +07:00 [INF] Route matched with {action = "ProcessMessage", controller = "Chatbot", area = ""}. Executing controller action with signature System.Threading.Tasks.Task`1[Microsoft.AspNetCore.Mvc.IActionResult] ProcessMessage(AuraCinema.Domain.Models.Chat.ChatRequest) on controller AuraCinema.Web.Controllers.ChatbotController (AuraCinema.Web).
2026-05-20 19:56:54.135 +07:00 [INF] Start processing HTTP request POST https://generativelanguage.googleapis.com/v1beta/models/gemini-3.5-flash:generateContent?*
2026-05-20 19:56:54.135 +07:00 [INF] Sending HTTP request POST https://generativelanguage.googleapis.com/v1beta/models/gemini-3.5-flash:generateContent?*
2026-05-20 19:56:54.330 +07:00 [INF] Received HTTP response headers after 194.6152ms - 429
2026-05-20 19:56:54.330 +07:00 [INF] End processing HTTP request after 195.152ms - 429
2026-05-20 19:56:54.337 +07:00 [ERR] Gemini API error: "TooManyRequests" - {
  "error": {
    "code": 429,
    "message": "You exceeded your current quota, please check your plan and billing details. For more information on this error, head to: https://ai.google.dev/gemini-api/docs/rate-limits. To monitor your current usage, head to: https://ai.dev/rate-limit. \n* Quota exceeded for metric: generativelanguage.googleapis.com/generate_content_free_tier_requests, limit: 20, model: gemini-3.5-flash\nPlease retry in 5.962235393s.",
    "status": "RESOURCE_EXHAUSTED",
    "details": [
      {
        "@type": "type.googleapis.com/google.rpc.Help",
        "links": [
          {
            "description": "Learn more about Gemini API quotas",
            "url": "https://ai.google.dev/gemini-api/docs/rate-limits"
          }
        ]
      },
      {
        "@type": "type.googleapis.com/google.rpc.QuotaFailure",
        "violations": [
          {
            "quotaMetric": "generativelanguage.googleapis.com/generate_content_free_tier_requests",
            "quotaId": "GenerateRequestsPerDayPerProjectPerModel-FreeTier",
            "quotaDimensions": {
              "location": "global",
              "model": "gemini-3.5-flash"
            },
            "quotaValue": "20"
          }
        ]
      },
      {
        "@type": "type.googleapis.com/google.rpc.RetryInfo",
        "retryDelay": "5s"
      }
    ]
  }
}

2026-05-20 19:56:54.338 +07:00 [INF] Executing OkObjectResult, writing value of type 'AuraCinema.Domain.Models.Chat.ChatResponse'.
2026-05-20 19:56:54.338 +07:00 [INF] Executed action AuraCinema.Web.Controllers.ChatbotController.ProcessMessage (AuraCinema.Web) in 204.248ms
2026-05-20 19:56:54.338 +07:00 [INF] Executed endpoint 'AuraCinema.Web.Controllers.ChatbotController.ProcessMessage (AuraCinema.Web)'
2026-05-20 19:56:54.338 +07:00 [INF] Request finished HTTP/1.1 POST http://localhost:5231/api/chatbot/message - 200 null application/json; charset=utf-8 205.167ms
2026-05-20 19:56:54.454 +07:00 [INF] Request starting HTTP/1.1 GET http://localhost:5231/api/booking/order-status?id=14051 - null null
2026-05-20 19:56:54.455 +07:00 [INF] Executing endpoint 'AuraCinema.Web.Controllers.BookingController.GetOrderStatus (AuraCinema.Web)'
2026-05-20 19:56:54.455 +07:00 [INF] Route matched with {action = "GetOrderStatus", controller = "Booking", area = ""}. Executing controller action with signature System.Threading.Tasks.Task`1[Microsoft.AspNetCore.Mvc.IActionResult] GetOrderStatus(Int32, Boolean) on controller AuraCinema.Web.Controllers.BookingController (AuraCinema.Web).
2026-05-20 19:56:54.459 +07:00 [INF] Executed DbCommand (1ms) [Parameters=[@__id_0='?' (DbType = Int32)], CommandType='"Text"', CommandTimeout='30']
SELECT TOP(1) [o].[OrderID], [o].[FinalAmount], [o].[HoldExpiryTime], [o].[OrderCode], [o].[PayOSTransID], [o].[PromoID], [o].[QrCode], [o].[ShowtimeID], [o].[Status], [o].[TotalAmount], [o].[UserID]
FROM [Orders] AS [o]
WHERE [o].[OrderID] = @__id_0
2026-05-20 19:56:54.460 +07:00 [INF] Executing OkObjectResult, writing value of type '<>f__AnonymousType16`2[[System.String, System.Private.CoreLib, Version=9.0.0.0, Culture=neutral, PublicKeyToken=7cec85d7bea7798e],[System.String, System.Private.CoreLib, Version=9.0.0.0, Culture=neutral, PublicKeyToken=7cec85d7bea7798e]]'.
2026-05-20 19:56:54.460 +07:00 [INF] Executed action AuraCinema.Web.Controllers.BookingController.GetOrderStatus (AuraCinema.Web) in 4.8224ms
2026-05-20 19:56:54.461 +07:00 [INF] Executed endpoint 'AuraCinema.Web.Controllers.BookingController.GetOrderStatus (AuraCinema.Web)'
2026-05-20 19:56:54.461 +07:00 [INF] Request finished HTTP/1.1 GET http://localhost:5231/api/booking/order-status?id=14051 - 200 null application/json; charset=utf-8 6.4069ms
2026-05-20 19:56:59.452 +07:00 [INF] Request starting HTTP/1.1 GET http://localhost:5231/api/booking/order-status?id=14051 - null null
2026-05-20 19:56:59.452 +07:00 [INF] Executing endpoint 'AuraCinema.Web.Controllers.BookingController.GetOrderStatus (AuraCinema.Web)'
2026-05-20 19:56:59.452 +07:00 [INF] Route matched with {action = "GetOrderStatus", controller = "Booking", area = ""}. Executing controller action with signature System.Threading.Tasks.Task`1[Microsoft.AspNetCore.Mvc.IActionResult] GetOrderStatus(Int32, Boolean) on controller AuraCinema.Web.Controllers.BookingController (AuraCinema.Web).
2026-05-20 19:56:59.454 +07:00 [INF] Executed DbCommand (1ms) [Parameters=[@__id_0='?' (DbType = Int32)], CommandType='"Text"', CommandTimeout='30']
SELECT TOP(1) [o].[OrderID], [o].[FinalAmount], [o].[HoldExpiryTime], [o].[OrderCode], [o].[PayOSTransID], [o].[PromoID], [o].[QrCode], [o].[ShowtimeID], [o].[Status], [o].[TotalAmount], [o].[UserID]
FROM [Orders] AS [o]
WHERE [o].[OrderID] = @__id_0
2026-05-20 19:56:59.454 +07:00 [INF] Executing OkObjectResult, writing value of type '<>f__AnonymousType16`2[[System.String, System.Private.CoreLib, Version=9.0.0.0, Culture=neutral, PublicKeyToken=7cec85d7bea7798e],[System.String, System.Private.CoreLib, Version=9.0.0.0, Culture=neutral, PublicKeyToken=7cec85d7bea7798e]]'.
2026-05-20 19:56:59.455 +07:00 [INF] Executed action AuraCinema.Web.Controllers.BookingController.GetOrderStatus (AuraCinema.Web) in 2.55ms
2026-05-20 19:56:59.455 +07:00 [INF] Executed endpoint 'AuraCinema.Web.Controllers.BookingController.GetOrderStatus (AuraCinema.Web)'
2026-05-20 19:56:59.455 +07:00 [INF] Request finished HTTP/1.1 GET http://localhost:5231/api/booking/order-status?id=14051 - 200 null application/json; charset=utf-8 3.4431ms
2026-05-20 19:57:04.463 +07:00 [INF] Request starting HTTP/1.1 GET http://localhost:5231/api/booking/order-status?id=14051 - null null
2026-05-20 19:57:04.464 +07:00 [INF] Executing endpoint 'AuraCinema.Web.Controllers.BookingController.GetOrderStatus (AuraCinema.Web)'
2026-05-20 19:57:04.464 +07:00 [INF] Route matched with {action = "GetOrderStatus", controller = "Booking", area = ""}. Executing controller action with signature System.Threading.Tasks.Task`1[Microsoft.AspNetCore.Mvc.IActionResult] GetOrderStatus(Int32, Boolean) on controller AuraCinema.Web.Controllers.BookingController (AuraCinema.Web).
2026-05-20 19:57:04.466 +07:00 [INF] Executed DbCommand (1ms) [Parameters=[@__id_0='?' (DbType = Int32)], CommandType='"Text"', CommandTimeout='30']
SELECT TOP(1) [o].[OrderID], [o].[FinalAmount], [o].[HoldExpiryTime], [o].[OrderCode], [o].[PayOSTransID], [o].[PromoID], [o].[QrCode], [o].[ShowtimeID], [o].[Status], [o].[TotalAmount], [o].[UserID]
FROM [Orders] AS [o]
WHERE [o].[OrderID] = @__id_0
2026-05-20 19:57:04.467 +07:00 [INF] Executing OkObjectResult, writing value of type '<>f__AnonymousType16`2[[System.String, System.Private.CoreLib, Version=9.0.0.0, Culture=neutral, PublicKeyToken=7cec85d7bea7798e],[System.String, System.Private.CoreLib, Version=9.0.0.0, Culture=neutral, PublicKeyToken=7cec85d7bea7798e]]'.
2026-05-20 19:57:04.467 +07:00 [INF] Executed action AuraCinema.Web.Controllers.BookingController.GetOrderStatus (AuraCinema.Web) in 2.5976ms
2026-05-20 19:57:04.467 +07:00 [INF] Executed endpoint 'AuraCinema.Web.Controllers.BookingController.GetOrderStatus (AuraCinema.Web)'
2026-05-20 19:57:04.467 +07:00 [INF] Request finished HTTP/1.1 GET http://localhost:5231/api/booking/order-status?id=14051 - 200 null application/json; charset=utf-8 3.6523ms
2026-05-20 19:57:09.450 +07:00 [INF] Request starting HTTP/1.1 GET http://localhost:5231/api/booking/order-status?id=14051 - null null
2026-05-20 19:57:09.450 +07:00 [INF] Executing endpoint 'AuraCinema.Web.Controllers.BookingController.GetOrderStatus (AuraCinema.Web)'
2026-05-20 19:57:09.451 +07:00 [INF] Route matched with {action = "GetOrderStatus", controller = "Booking", area = ""}. Executing controller action with signature System.Threading.Tasks.Task`1[Microsoft.AspNetCore.Mvc.IActionResult] GetOrderStatus(Int32, Boolean) on controller AuraCinema.Web.Controllers.BookingController (AuraCinema.Web).
2026-05-20 19:57:09.453 +07:00 [INF] Executed DbCommand (1ms) [Parameters=[@__id_0='?' (DbType = Int32)], CommandType='"Text"', CommandTimeout='30']
SELECT TOP(1) [o].[OrderID], [o].[FinalAmount], [o].[HoldExpiryTime], [o].[OrderCode], [o].[PayOSTransID], [o].[PromoID], [o].[QrCode], [o].[ShowtimeID], [o].[Status], [o].[TotalAmount], [o].[UserID]
FROM [Orders] AS [o]
WHERE [o].[OrderID] = @__id_0
2026-05-20 19:57:09.454 +07:00 [INF] Executing OkObjectResult, writing value of type '<>f__AnonymousType16`2[[System.String, System.Private.CoreLib, Version=9.0.0.0, Culture=neutral, PublicKeyToken=7cec85d7bea7798e],[System.String, System.Private.CoreLib, Version=9.0.0.0, Culture=neutral, PublicKeyToken=7cec85d7bea7798e]]'.
2026-05-20 19:57:09.454 +07:00 [INF] Executed action AuraCinema.Web.Controllers.BookingController.GetOrderStatus (AuraCinema.Web) in 3.2109ms
2026-05-20 19:57:09.454 +07:00 [INF] Executed endpoint 'AuraCinema.Web.Controllers.BookingController.GetOrderStatus (AuraCinema.Web)'
2026-05-20 19:57:09.454 +07:00 [INF] Request finished HTTP/1.1 GET http://localhost:5231/api/booking/order-status?id=14051 - 200 null application/json; charset=utf-8 3.8493ms
2026-05-20 19:57:14.460 +07:00 [INF] Request starting HTTP/1.1 GET http://localhost:5231/api/booking/order-status?id=14051 - null null
2026-05-20 19:57:14.460 +07:00 [INF] Executing endpoint 'AuraCinema.Web.Controllers.BookingController.GetOrderStatus (AuraCinema.Web)'
2026-05-20 19:57:14.461 +07:00 [INF] Route matched with {action = "GetOrderStatus", controller = "Booking", area = ""}. Executing controller action with signature System.Threading.Tasks.Task`1[Microsoft.AspNetCore.Mvc.IActionResult] GetOrderStatus(Int32, Boolean) on controller AuraCinema.Web.Controllers.BookingController (AuraCinema.Web).
2026-05-20 19:57:14.462 +07:00 [INF] Executed DbCommand (1ms) [Parameters=[@__id_0='?' (DbType = Int32)], CommandType='"Text"', CommandTimeout='30']
SELECT TOP(1) [o].[OrderID], [o].[FinalAmount], [o].[HoldExpiryTime], [o].[OrderCode], [o].[PayOSTransID], [o].[PromoID], [o].[QrCode], [o].[ShowtimeID], [o].[Status], [o].[TotalAmount], [o].[UserID]
FROM [Orders] AS [o]
WHERE [o].[OrderID] = @__id_0
2026-05-20 19:57:14.463 +07:00 [INF] Executing OkObjectResult, writing value of type '<>f__AnonymousType16`2[[System.String, System.Private.CoreLib, Version=9.0.0.0, Culture=neutral, PublicKeyToken=7cec85d7bea7798e],[System.String, System.Private.CoreLib, Version=9.0.0.0, Culture=neutral, PublicKeyToken=7cec85d7bea7798e]]'.
2026-05-20 19:57:14.463 +07:00 [INF] Executed action AuraCinema.Web.Controllers.BookingController.GetOrderStatus (AuraCinema.Web) in 2.0696ms
2026-05-20 19:57:14.463 +07:00 [INF] Executed endpoint 'AuraCinema.Web.Controllers.BookingController.GetOrderStatus (AuraCinema.Web)'
2026-05-20 19:57:14.463 +07:00 [INF] Request finished HTTP/1.1 GET http://localhost:5231/api/booking/order-status?id=14051 - 200 null application/json; charset=utf-8 2.6875ms
2026-05-20 19:57:16.726 +07:00 [INF] Executed DbCommand (1ms) [Parameters=[], CommandType='"Text"', CommandTimeout='30']
SELECT [o].[OrderID], [o].[FinalAmount], [o].[HoldExpiryTime], [o].[OrderCode], [o].[PayOSTransID], [o].[PromoID], [o].[QrCode], [o].[ShowtimeID], [o].[Status], [o].[TotalAmount], [o].[UserID]
FROM [Orders] AS [o]
WHERE [o].[Status] = N'Chờ thanh toán' AND [o].[HoldExpiryTime] <= GETDATE()
2026-05-20 19:57:16.726 +07:00 [INF] Cleaning up 1 expired orders.
2026-05-20 19:57:16.731 +07:00 [INF] Executed DbCommand (4ms) [Parameters=[@p1='?' (DbType = Int32), @p0='?' (Size = 50)], CommandType='"Text"', CommandTimeout='30']
SET IMPLICIT_TRANSACTIONS OFF;
SET NOCOUNT ON;
UPDATE [Orders] SET [Status] = @p0
OUTPUT 1
WHERE [OrderID] = @p1;
2026-05-20 19:57:16.733 +07:00 [INF] Executed DbCommand (1ms) [Parameters=[@__maxSellingDate_0='?' (DbType = DateTime2), @__now_1='?' (DbType = DateTime2)], CommandType='"Text"', CommandTimeout='30']
SELECT [s].[ShowtimeID], [s].[EndTime], [s].[MovieID], [s].[RoomID], [s].[ShowtimeCode], [s].[StartTime], [s].[Status]
FROM [Showtimes] AS [s]
WHERE [s].[Status] IN (N'Đã lên lịch', N'Sap chieu') AND CONVERT(date, [s].[StartTime]) <= @__maxSellingDate_0 AND [s].[StartTime] > @__now_1
2026-05-20 19:57:16.734 +07:00 [INF] Executed DbCommand (0ms) [Parameters=[@__now_0='?' (DbType = DateTime2)], CommandType='"Text"', CommandTimeout='30']
SELECT [s].[ShowtimeID], [s].[EndTime], [s].[MovieID], [s].[RoomID], [s].[ShowtimeCode], [s].[StartTime], [s].[Status]
FROM [Showtimes] AS [s]
WHERE [s].[Status] IN (N'Đã lên lịch', N'Đang mở bán', N'Sap chieu') AND [s].[StartTime] <= @__now_0 AND [s].[EndTime] > @__now_0
2026-05-20 19:57:16.735 +07:00 [INF] Executed DbCommand (0ms) [Parameters=[@__now_0='?' (DbType = DateTime2)], CommandType='"Text"', CommandTimeout='30']
SELECT [s].[ShowtimeID], [s].[EndTime], [s].[MovieID], [s].[RoomID], [s].[ShowtimeCode], [s].[StartTime], [s].[Status]
FROM [Showtimes] AS [s]
WHERE [s].[Status] IN (N'Đã lên lịch', N'Đang mở bán', N'Đang chiếu', N'Sap chieu', N'Dang dien ra') AND [s].[EndTime] <= @__now_0
2026-05-20 19:57:19.450 +07:00 [INF] Request starting HTTP/1.1 GET http://localhost:5231/api/booking/order-status?id=14051 - null null
2026-05-20 19:57:19.451 +07:00 [INF] Executing endpoint 'AuraCinema.Web.Controllers.BookingController.GetOrderStatus (AuraCinema.Web)'
2026-05-20 19:57:19.451 +07:00 [INF] Route matched with {action = "GetOrderStatus", controller = "Booking", area = ""}. Executing controller action with signature System.Threading.Tasks.Task`1[Microsoft.AspNetCore.Mvc.IActionResult] GetOrderStatus(Int32, Boolean) on controller AuraCinema.Web.Controllers.BookingController (AuraCinema.Web).
2026-05-20 19:57:19.452 +07:00 [INF] Executed DbCommand (1ms) [Parameters=[@__id_0='?' (DbType = Int32)], CommandType='"Text"', CommandTimeout='30']
SELECT TOP(1) [o].[OrderID], [o].[FinalAmount], [o].[HoldExpiryTime], [o].[OrderCode], [o].[PayOSTransID], [o].[PromoID], [o].[QrCode], [o].[ShowtimeID], [o].[Status], [o].[TotalAmount], [o].[UserID]
FROM [Orders] AS [o]
WHERE [o].[OrderID] = @__id_0
2026-05-20 19:57:19.453 +07:00 [INF] Executing OkObjectResult, writing value of type '<>f__AnonymousType16`2[[System.String, System.Private.CoreLib, Version=9.0.0.0, Culture=neutral, PublicKeyToken=7cec85d7bea7798e],[System.String, System.Private.CoreLib, Version=9.0.0.0, Culture=neutral, PublicKeyToken=7cec85d7bea7798e]]'.
2026-05-20 19:57:19.453 +07:00 [INF] Executed action AuraCinema.Web.Controllers.BookingController.GetOrderStatus (AuraCinema.Web) in 2.1136ms
2026-05-20 19:57:19.453 +07:00 [INF] Executed endpoint 'AuraCinema.Web.Controllers.BookingController.GetOrderStatus (AuraCinema.Web)'
2026-05-20 19:57:19.453 +07:00 [INF] Request finished HTTP/1.1 GET http://localhost:5231/api/booking/order-status?id=14051 - 200 null application/json; charset=utf-8 2.7407ms
2026-05-20 19:57:55.186 +07:00 [INF] Request starting HTTP/1.1 POST http://localhost:5231/api/chatbot/message - application/json 2912
2026-05-20 19:57:55.186 +07:00 [INF] Executing endpoint 'AuraCinema.Web.Controllers.ChatbotController.ProcessMessage (AuraCinema.Web)'
2026-05-20 19:57:55.186 +07:00 [INF] Route matched with {action = "ProcessMessage", controller = "Chatbot", area = ""}. Executing controller action with signature System.Threading.Tasks.Task`1[Microsoft.AspNetCore.Mvc.IActionResult] ProcessMessage(AuraCinema.Domain.Models.Chat.ChatRequest) on controller AuraCinema.Web.Controllers.ChatbotController (AuraCinema.Web).
2026-05-20 19:57:55.188 +07:00 [INF] Start processing HTTP request POST https://generativelanguage.googleapis.com/v1beta/models/gemini-3.5-flash:generateContent?*
2026-05-20 19:57:55.188 +07:00 [INF] Sending HTTP request POST https://generativelanguage.googleapis.com/v1beta/models/gemini-3.5-flash:generateContent?*
2026-05-20 19:57:55.465 +07:00 [INF] Received HTTP response headers after 277.0955ms - 429
2026-05-20 19:57:55.466 +07:00 [INF] End processing HTTP request after 278.2083ms - 429
2026-05-20 19:57:55.481 +07:00 [ERR] Gemini API error: "TooManyRequests" - {
  "error": {
    "code": 429,
    "message": "You exceeded your current quota, please check your plan and billing details. For more information on this error, head to: https://ai.google.dev/gemini-api/docs/rate-limits. To monitor your current usage, head to: https://ai.dev/rate-limit. \n* Quota exceeded for metric: generativelanguage.googleapis.com/generate_content_free_tier_requests, limit: 20, model: gemini-3.5-flash\nPlease retry in 4.819440658s.",
    "status": "RESOURCE_EXHAUSTED",
    "details": [
      {
        "@type": "type.googleapis.com/google.rpc.Help",
        "links": [
          {
            "description": "Learn more about Gemini API quotas",
            "url": "https://ai.google.dev/gemini-api/docs/rate-limits"
          }
        ]
      },
      {
        "@type": "type.googleapis.com/google.rpc.QuotaFailure",
        "violations": [
          {
            "quotaMetric": "generativelanguage.googleapis.com/generate_content_free_tier_requests",
            "quotaId": "GenerateRequestsPerDayPerProjectPerModel-FreeTier",
            "quotaDimensions": {
              "model": "gemini-3.5-flash",
              "location": "global"
            },
            "quotaValue": "20"
          }
        ]
      },
      {
        "@type": "type.googleapis.com/google.rpc.RetryInfo",
        "retryDelay": "4s"
      }
    ]
  }
}

2026-05-20 19:57:55.481 +07:00 [INF] Executing OkObjectResult, writing value of type 'AuraCinema.Domain.Models.Chat.ChatResponse'.
2026-05-20 19:57:55.482 +07:00 [INF] Executed action AuraCinema.Web.Controllers.ChatbotController.ProcessMessage (AuraCinema.Web) in 295.0431ms
2026-05-20 19:57:55.482 +07:00 [INF] Executed endpoint 'AuraCinema.Web.Controllers.ChatbotController.ProcessMessage (AuraCinema.Web)'
2026-05-20 19:57:55.483 +07:00 [INF] Request finished HTTP/1.1 POST http://localhost:5231/api/chatbot/message - 200 null application/json; charset=utf-8 296.6389ms
2026-05-20 19:57:58.018 +07:00 [INF] Request starting HTTP/1.1 POST http://localhost:5231/api/chatbot/message - application/json 3052
2026-05-20 19:57:58.018 +07:00 [INF] Executing endpoint 'AuraCinema.Web.Controllers.ChatbotController.ProcessMessage (AuraCinema.Web)'
2026-05-20 19:57:58.018 +07:00 [INF] Route matched with {action = "ProcessMessage", controller = "Chatbot", area = ""}. Executing controller action with signature System.Threading.Tasks.Task`1[Microsoft.AspNetCore.Mvc.IActionResult] ProcessMessage(AuraCinema.Domain.Models.Chat.ChatRequest) on controller AuraCinema.Web.Controllers.ChatbotController (AuraCinema.Web).
2026-05-20 19:57:58.019 +07:00 [INF] Start processing HTTP request POST https://generativelanguage.googleapis.com/v1beta/models/gemini-3.5-flash:generateContent?*
2026-05-20 19:57:58.019 +07:00 [INF] Sending HTTP request POST https://generativelanguage.googleapis.com/v1beta/models/gemini-3.5-flash:generateContent?*
2026-05-20 19:57:58.108 +07:00 [INF] Received HTTP response headers after 89.2811ms - 429
2026-05-20 19:57:58.108 +07:00 [INF] End processing HTTP request after 89.5524ms - 429
2026-05-20 19:57:58.124 +07:00 [ERR] Gemini API error: "TooManyRequests" - {
  "error": {
    "code": 429,
    "message": "You exceeded your current quota, please check your plan and billing details. For more information on this error, head to: https://ai.google.dev/gemini-api/docs/rate-limits. To monitor your current usage, head to: https://ai.dev/rate-limit. \n* Quota exceeded for metric: generativelanguage.googleapis.com/generate_content_free_tier_requests, limit: 20, model: gemini-3.5-flash\nPlease retry in 2.176875942s.",
    "status": "RESOURCE_EXHAUSTED",
    "details": [
      {
        "@type": "type.googleapis.com/google.rpc.Help",
        "links": [
          {
            "description": "Learn more about Gemini API quotas",
            "url": "https://ai.google.dev/gemini-api/docs/rate-limits"
          }
        ]
      },
      {
        "@type": "type.googleapis.com/google.rpc.QuotaFailure",
        "violations": [
          {
            "quotaMetric": "generativelanguage.googleapis.com/generate_content_free_tier_requests",
            "quotaId": "GenerateRequestsPerDayPerProjectPerModel-FreeTier",
            "quotaDimensions": {
              "location": "global",
              "model": "gemini-3.5-flash"
            },
            "quotaValue": "20"
          }
        ]
      },
      {
        "@type": "type.googleapis.com/google.rpc.RetryInfo",
        "retryDelay": "2s"
      }
    ]
  }
}

2026-05-20 19:57:58.124 +07:00 [INF] Executing OkObjectResult, writing value of type 'AuraCinema.Domain.Models.Chat.ChatResponse'.
2026-05-20 19:57:58.124 +07:00 [INF] Executed action AuraCinema.Web.Controllers.ChatbotController.ProcessMessage (AuraCinema.Web) in 105.9262ms
2026-05-20 19:57:58.124 +07:00 [INF] Executed endpoint 'AuraCinema.Web.Controllers.ChatbotController.ProcessMessage (AuraCinema.Web)'
2026-05-20 19:57:58.124 +07:00 [INF] Request finished HTTP/1.1 POST http://localhost:5231/api/chatbot/message - 200 null application/json; charset=utf-8 106.4718ms
2026-05-20 19:58:16.737 +07:00 [INF] Executed DbCommand (1ms) [Parameters=[], CommandType='"Text"', CommandTimeout='30']
SELECT [o].[OrderID], [o].[FinalAmount], [o].[HoldExpiryTime], [o].[OrderCode], [o].[PayOSTransID], [o].[PromoID], [o].[QrCode], [o].[ShowtimeID], [o].[Status], [o].[TotalAmount], [o].[UserID]
FROM [Orders] AS [o]
WHERE [o].[Status] = N'Chờ thanh toán' AND [o].[HoldExpiryTime] <= GETDATE()
2026-05-20 19:58:16.739 +07:00 [INF] Executed DbCommand (1ms) [Parameters=[@__maxSellingDate_0='?' (DbType = DateTime2), @__now_1='?' (DbType = DateTime2)], CommandType='"Text"', CommandTimeout='30']
SELECT [s].[ShowtimeID], [s].[EndTime], [s].[MovieID], [s].[RoomID], [s].[ShowtimeCode], [s].[StartTime], [s].[Status]
FROM [Showtimes] AS [s]
WHERE [s].[Status] IN (N'Đã lên lịch', N'Sap chieu') AND CONVERT(date, [s].[StartTime]) <= @__maxSellingDate_0 AND [s].[StartTime] > @__now_1
2026-05-20 19:58:16.741 +07:00 [INF] Executed DbCommand (2ms) [Parameters=[@__now_0='?' (DbType = DateTime2)], CommandType='"Text"', CommandTimeout='30']
SELECT [s].[ShowtimeID], [s].[EndTime], [s].[MovieID], [s].[RoomID], [s].[ShowtimeCode], [s].[StartTime], [s].[Status]
FROM [Showtimes] AS [s]
WHERE [s].[Status] IN (N'Đã lên lịch', N'Đang mở bán', N'Sap chieu') AND [s].[StartTime] <= @__now_0 AND [s].[EndTime] > @__now_0
2026-05-20 19:58:16.742 +07:00 [INF] Executed DbCommand (0ms) [Parameters=[@__now_0='?' (DbType = DateTime2)], CommandType='"Text"', CommandTimeout='30']
SELECT [s].[ShowtimeID], [s].[EndTime], [s].[MovieID], [s].[RoomID], [s].[ShowtimeCode], [s].[StartTime], [s].[Status]
FROM [Showtimes] AS [s]
WHERE [s].[Status] IN (N'Đã lên lịch', N'Đang mở bán', N'Đang chiếu', N'Sap chieu', N'Dang dien ra') AND [s].[EndTime] <= @__now_0
2026-05-20 19:58:16.950 +07:00 [INF] Request starting HTTP/1.1 POST http://localhost:5231/api/chatbot/message - application/json 3215
2026-05-20 19:58:16.951 +07:00 [INF] Executing endpoint 'AuraCinema.Web.Controllers.ChatbotController.ProcessMessage (AuraCinema.Web)'
2026-05-20 19:58:16.951 +07:00 [INF] Route matched with {action = "ProcessMessage", controller = "Chatbot", area = ""}. Executing controller action with signature System.Threading.Tasks.Task`1[Microsoft.AspNetCore.Mvc.IActionResult] ProcessMessage(AuraCinema.Domain.Models.Chat.ChatRequest) on controller AuraCinema.Web.Controllers.ChatbotController (AuraCinema.Web).
2026-05-20 19:58:16.952 +07:00 [INF] Start processing HTTP request POST https://generativelanguage.googleapis.com/v1beta/models/gemini-3.5-flash:generateContent?*
2026-05-20 19:58:16.952 +07:00 [INF] Sending HTTP request POST https://generativelanguage.googleapis.com/v1beta/models/gemini-3.5-flash:generateContent?*
2026-05-20 19:58:17.068 +07:00 [INF] Received HTTP response headers after 116.0065ms - 429
2026-05-20 19:58:17.068 +07:00 [INF] End processing HTTP request after 116.4265ms - 429
2026-05-20 19:58:17.083 +07:00 [ERR] Gemini API error: "TooManyRequests" - {
  "error": {
    "code": 429,
    "message": "You exceeded your current quota, please check your plan and billing details. For more information on this error, head to: https://ai.google.dev/gemini-api/docs/rate-limits. To monitor your current usage, head to: https://ai.dev/rate-limit. \n* Quota exceeded for metric: generativelanguage.googleapis.com/generate_content_free_tier_requests, limit: 20, model: gemini-3.5-flash\nPlease retry in 43.215767419s.",
    "status": "RESOURCE_EXHAUSTED",
    "details": [
      {
        "@type": "type.googleapis.com/google.rpc.Help",
        "links": [
          {
            "description": "Learn more about Gemini API quotas",
            "url": "https://ai.google.dev/gemini-api/docs/rate-limits"
          }
        ]
      },
      {
        "@type": "type.googleapis.com/google.rpc.QuotaFailure",
        "violations": [
          {
            "quotaMetric": "generativelanguage.googleapis.com/generate_content_free_tier_requests",
            "quotaId": "GenerateRequestsPerDayPerProjectPerModel-FreeTier",
            "quotaDimensions": {
              "location": "global",
              "model": "gemini-3.5-flash"
            },
            "quotaValue": "20"
          }
        ]
      },
      {
        "@type": "type.googleapis.com/google.rpc.RetryInfo",
        "retryDelay": "43s"
      }
    ]
  }
}

2026-05-20 19:58:17.083 +07:00 [INF] Executing OkObjectResult, writing value of type 'AuraCinema.Domain.Models.Chat.ChatResponse'.
2026-05-20 19:58:17.083 +07:00 [INF] Executed action AuraCinema.Web.Controllers.ChatbotController.ProcessMessage (AuraCinema.Web) in 132.1446ms
2026-05-20 19:58:17.083 +07:00 [INF] Executed endpoint 'AuraCinema.Web.Controllers.ChatbotController.ProcessMessage (AuraCinema.Web)'
2026-05-20 19:58:17.083 +07:00 [INF] Request finished HTTP/1.1 POST http://localhost:5231/api/chatbot/message - 200 null application/json; charset=utf-8 132.7725ms
2026-05-20 19:58:18.327 +07:00 [INF] Request starting HTTP/1.1 POST http://localhost:5231/api/chatbot/message - application/json 3331
2026-05-20 19:58:18.327 +07:00 [INF] Executing endpoint 'AuraCinema.Web.Controllers.ChatbotController.ProcessMessage (AuraCinema.Web)'
2026-05-20 19:58:18.327 +07:00 [INF] Route matched with {action = "ProcessMessage", controller = "Chatbot", area = ""}. Executing controller action with signature System.Threading.Tasks.Task`1[Microsoft.AspNetCore.Mvc.IActionResult] ProcessMessage(AuraCinema.Domain.Models.Chat.ChatRequest) on controller AuraCinema.Web.Controllers.ChatbotController (AuraCinema.Web).
2026-05-20 19:58:18.328 +07:00 [INF] Start processing HTTP request POST https://generativelanguage.googleapis.com/v1beta/models/gemini-3.5-flash:generateContent?*
2026-05-20 19:58:18.329 +07:00 [INF] Sending HTTP request POST https://generativelanguage.googleapis.com/v1beta/models/gemini-3.5-flash:generateContent?*
2026-05-20 19:58:18.401 +07:00 [INF] Received HTTP response headers after 72.6937ms - 429
2026-05-20 19:58:18.401 +07:00 [INF] End processing HTTP request after 73.0173ms - 429
2026-05-20 19:58:18.415 +07:00 [ERR] Gemini API error: "TooManyRequests" - {
  "error": {
    "code": 429,
    "message": "You exceeded your current quota, please check your plan and billing details. For more information on this error, head to: https://ai.google.dev/gemini-api/docs/rate-limits. To monitor your current usage, head to: https://ai.dev/rate-limit. \n* Quota exceeded for metric: generativelanguage.googleapis.com/generate_content_free_tier_requests, limit: 20, model: gemini-3.5-flash\nPlease retry in 41.877500295s.",
    "status": "RESOURCE_EXHAUSTED",
    "details": [
      {
        "@type": "type.googleapis.com/google.rpc.Help",
        "links": [
          {
            "description": "Learn more about Gemini API quotas",
            "url": "https://ai.google.dev/gemini-api/docs/rate-limits"
          }
        ]
      },
      {
        "@type": "type.googleapis.com/google.rpc.QuotaFailure",
        "violations": [
          {
            "quotaMetric": "generativelanguage.googleapis.com/generate_content_free_tier_requests",
            "quotaId": "GenerateRequestsPerDayPerProjectPerModel-FreeTier",
            "quotaDimensions": {
              "location": "global",
              "model": "gemini-3.5-flash"
            },
            "quotaValue": "20"
          }
        ]
      },
      {
        "@type": "type.googleapis.com/google.rpc.RetryInfo",
        "retryDelay": "41s"
      }
    ]
  }
}

2026-05-20 19:58:18.415 +07:00 [INF] Executing OkObjectResult, writing value of type 'AuraCinema.Domain.Models.Chat.ChatResponse'.
2026-05-20 19:58:18.415 +07:00 [INF] Executed action AuraCinema.Web.Controllers.ChatbotController.ProcessMessage (AuraCinema.Web) in 87.4791ms
2026-05-20 19:58:18.415 +07:00 [INF] Executed endpoint 'AuraCinema.Web.Controllers.ChatbotController.ProcessMessage (AuraCinema.Web)'
2026-05-20 19:58:18.415 +07:00 [INF] Request finished HTTP/1.1 POST http://localhost:5231/api/chatbot/message - 200 null application/json; charset=utf-8 88.0336ms
2026-05-20 19:59:16.746 +07:00 [INF] Executed DbCommand (1ms) [Parameters=[], CommandType='"Text"', CommandTimeout='30']
SELECT [o].[OrderID], [o].[FinalAmount], [o].[HoldExpiryTime], [o].[OrderCode], [o].[PayOSTransID], [o].[PromoID], [o].[QrCode], [o].[ShowtimeID], [o].[Status], [o].[TotalAmount], [o].[UserID]
FROM [Orders] AS [o]
WHERE [o].[Status] = N'Chờ thanh toán' AND [o].[HoldExpiryTime] <= GETDATE()
2026-05-20 19:59:16.747 +07:00 [INF] Executed DbCommand (0ms) [Parameters=[@__maxSellingDate_0='?' (DbType = DateTime2), @__now_1='?' (DbType = DateTime2)], CommandType='"Text"', CommandTimeout='30']
SELECT [s].[ShowtimeID], [s].[EndTime], [s].[MovieID], [s].[RoomID], [s].[ShowtimeCode], [s].[StartTime], [s].[Status]
FROM [Showtimes] AS [s]
WHERE [s].[Status] IN (N'Đã lên lịch', N'Sap chieu') AND CONVERT(date, [s].[StartTime]) <= @__maxSellingDate_0 AND [s].[StartTime] > @__now_1
2026-05-20 19:59:16.748 +07:00 [INF] Executed DbCommand (0ms) [Parameters=[@__now_0='?' (DbType = DateTime2)], CommandType='"Text"', CommandTimeout='30']
SELECT [s].[ShowtimeID], [s].[EndTime], [s].[MovieID], [s].[RoomID], [s].[ShowtimeCode], [s].[StartTime], [s].[Status]
FROM [Showtimes] AS [s]
WHERE [s].[Status] IN (N'Đã lên lịch', N'Đang mở bán', N'Sap chieu') AND [s].[StartTime] <= @__now_0 AND [s].[EndTime] > @__now_0
2026-05-20 19:59:16.749 +07:00 [INF] Executed DbCommand (1ms) [Parameters=[@__now_0='?' (DbType = DateTime2)], CommandType='"Text"', CommandTimeout='30']
SELECT [s].[ShowtimeID], [s].[EndTime], [s].[MovieID], [s].[RoomID], [s].[ShowtimeCode], [s].[StartTime], [s].[Status]
FROM [Showtimes] AS [s]
WHERE [s].[Status] IN (N'Đã lên lịch', N'Đang mở bán', N'Đang chiếu', N'Sap chieu', N'Dang dien ra') AND [s].[EndTime] <= @__now_0
2026-05-20 19:59:53.082 +07:00 [INF] Request starting HTTP/1.1 GET http://localhost:5231/ - null null
2026-05-20 19:59:53.083 +07:00 [INF] Executing endpoint 'AuraCinema.Web.Controllers.HomeController.Index (AuraCinema.Web)'
2026-05-20 19:59:53.083 +07:00 [INF] Route matched with {action = "Index", controller = "Home", area = ""}. Executing controller action with signature System.Threading.Tasks.Task`1[Microsoft.AspNetCore.Mvc.IActionResult] Index() on controller AuraCinema.Web.Controllers.HomeController (AuraCinema.Web).
2026-05-20 19:59:53.086 +07:00 [INF] Executed DbCommand (1ms) [Parameters=[], CommandType='"Text"', CommandTimeout='30']
SELECT [m].[MovieID], [m].[Title], [m].[Genre], [m].[Poster], [m].[Duration], [m].[Status], [m].[ReleaseDate], [m].[Director]
FROM [Movies] AS [m]
WHERE [m].[Status] IN (N'Dang chieu', N'Sap chieu')
ORDER BY [m].[ReleaseDate] DESC
2026-05-20 19:59:53.089 +07:00 [INF] Executed DbCommand (1ms) [Parameters=[@__p_1='?' (DbType = Int32), @__userId_0='?' (DbType = Int32)], CommandType='"Text"', CommandTimeout='30']
SELECT [t].[OrderID], [t].[FinalAmount], [t].[HoldExpiryTime], [t].[OrderCode], [t].[PayOSTransID], [t].[PromoID], [t].[QrCode], [t].[ShowtimeID], [t].[Status], [t].[TotalAmount], [t].[UserID], [s].[ShowtimeID], [s].[EndTime], [s].[MovieID], [s].[RoomID], [s].[ShowtimeCode], [s].[StartTime], [s].[Status], [m].[MovieID], [m].[Actors], [m].[Director], [m].[Duration], [m].[Genre], [m].[MovieCode], [m].[Poster], [m].[ReleaseDate], [m].[Status], [m].[Title], [m].[Trailer], [r].[RoomID], [r].[Capacity], [r].[RoomCode], [r].[RoomName], [r].[Status], [t0].[OrderID], [t0].[SeatID], [t0].[Price], [t0].[Status], [t0].[SeatID0], [t0].[RoomID], [t0].[RowLabel], [t0].[SeatCode], [t0].[SeatNumber], [t0].[SeatType]
FROM (
    SELECT TOP(@__p_1) [o].[OrderID], [o].[FinalAmount], [o].[HoldExpiryTime], [o].[OrderCode], [o].[PayOSTransID], [o].[PromoID], [o].[QrCode], [o].[ShowtimeID], [o].[Status], [o].[TotalAmount], [o].[UserID]
    FROM [Orders] AS [o]
    WHERE [o].[UserID] = @__userId_0 AND [o].[Status] IN (N'Da thanh toan', N'Da su dung', N'Đã thanh toán', N'Đã sử dụng')
    ORDER BY [o].[OrderID] DESC
) AS [t]
INNER JOIN [Showtimes] AS [s] ON [t].[ShowtimeID] = [s].[ShowtimeID]
INNER JOIN [Movies] AS [m] ON [s].[MovieID] = [m].[MovieID]
INNER JOIN [Rooms] AS [r] ON [s].[RoomID] = [r].[RoomID]
LEFT JOIN (
    SELECT [o0].[OrderID], [o0].[SeatID], [o0].[Price], [o0].[Status], [s0].[SeatID] AS [SeatID0], [s0].[RoomID], [s0].[RowLabel], [s0].[SeatCode], [s0].[SeatNumber], [s0].[SeatType]
    FROM [OrderSeats] AS [o0]
    INNER JOIN [Seats] AS [s0] ON [o0].[SeatID] = [s0].[SeatID]
) AS [t0] ON [t].[OrderID] = [t0].[OrderID]
ORDER BY [t].[OrderID] DESC, [s].[ShowtimeID], [m].[MovieID], [r].[RoomID], [t0].[OrderID], [t0].[SeatID]
2026-05-20 19:59:53.089 +07:00 [INF] Executing ViewResult, running view Index.
2026-05-20 19:59:53.094 +07:00 [INF] Executed ViewResult - view Index executed in 5.1415ms.
2026-05-20 19:59:53.095 +07:00 [INF] Executed action AuraCinema.Web.Controllers.HomeController.Index (AuraCinema.Web) in 11.2954ms
2026-05-20 19:59:53.095 +07:00 [INF] Executed endpoint 'AuraCinema.Web.Controllers.HomeController.Index (AuraCinema.Web)'
2026-05-20 19:59:53.095 +07:00 [INF] Request finished HTTP/1.1 GET http://localhost:5231/ - 200 null text/html; charset=utf-8 12.7612ms
2026-05-20 19:59:53.148 +07:00 [INF] Request starting HTTP/1.1 GET http://localhost:5231/css/chatbot.css?v=r2u6L0FAOMDC4s9aPw1MZX42JGlCVETX6XZ-jz-lAOo - null null
2026-05-20 19:59:53.149 +07:00 [INF] The file /css/chatbot.css was not modified
2026-05-20 19:59:53.149 +07:00 [INF] Request finished HTTP/1.1 GET http://localhost:5231/css/chatbot.css?v=r2u6L0FAOMDC4s9aPw1MZX42JGlCVETX6XZ-jz-lAOo - 304 null text/css 0.9141ms
2026-05-20 19:59:53.156 +07:00 [INF] Request starting HTTP/1.1 GET http://localhost:5231/js/chatbot.js?v=8SI7bVlT6PU6wvsevg8vnDYC-FsacmaWRIf4XPwosNE - null null
2026-05-20 19:59:53.156 +07:00 [INF] The file /js/chatbot.js was not modified
2026-05-20 19:59:53.156 +07:00 [INF] Request finished HTTP/1.1 GET http://localhost:5231/js/chatbot.js?v=8SI7bVlT6PU6wvsevg8vnDYC-FsacmaWRIf4XPwosNE - 304 null text/javascript 0.6602ms
2026-05-20 20:00:16.748 +07:00 [INF] Executed DbCommand (1ms) [Parameters=[], CommandType='"Text"', CommandTimeout='30']
SELECT [o].[OrderID], [o].[FinalAmount], [o].[HoldExpiryTime], [o].[OrderCode], [o].[PayOSTransID], [o].[PromoID], [o].[QrCode], [o].[ShowtimeID], [o].[Status], [o].[TotalAmount], [o].[UserID]
FROM [Orders] AS [o]
WHERE [o].[Status] = N'Chờ thanh toán' AND [o].[HoldExpiryTime] <= GETDATE()
2026-05-20 20:00:16.750 +07:00 [INF] Executed DbCommand (1ms) [Parameters=[@__maxSellingDate_0='?' (DbType = DateTime2), @__now_1='?' (DbType = DateTime2)], CommandType='"Text"', CommandTimeout='30']
SELECT [s].[ShowtimeID], [s].[EndTime], [s].[MovieID], [s].[RoomID], [s].[ShowtimeCode], [s].[StartTime], [s].[Status]
FROM [Showtimes] AS [s]
WHERE [s].[Status] IN (N'Đã lên lịch', N'Sap chieu') AND CONVERT(date, [s].[StartTime]) <= @__maxSellingDate_0 AND [s].[StartTime] > @__now_1
2026-05-20 20:00:16.751 +07:00 [INF] Executed DbCommand (0ms) [Parameters=[@__now_0='?' (DbType = DateTime2)], CommandType='"Text"', CommandTimeout='30']
SELECT [s].[ShowtimeID], [s].[EndTime], [s].[MovieID], [s].[RoomID], [s].[ShowtimeCode], [s].[StartTime], [s].[Status]
FROM [Showtimes] AS [s]
WHERE [s].[Status] IN (N'Đã lên lịch', N'Đang mở bán', N'Sap chieu') AND [s].[StartTime] <= @__now_0 AND [s].[EndTime] > @__now_0
2026-05-20 20:00:16.752 +07:00 [INF] Executed DbCommand (0ms) [Parameters=[@__now_0='?' (DbType = DateTime2)], CommandType='"Text"', CommandTimeout='30']
SELECT [s].[ShowtimeID], [s].[EndTime], [s].[MovieID], [s].[RoomID], [s].[ShowtimeCode], [s].[StartTime], [s].[Status]
FROM [Showtimes] AS [s]
WHERE [s].[Status] IN (N'Đã lên lịch', N'Đang mở bán', N'Đang chiếu', N'Sap chieu', N'Dang dien ra') AND [s].[EndTime] <= @__now_0
2026-05-20 20:00:16.752 +07:00 [INF] Updated showtime status: 0 → Đang mở bán, 1 → Đang chiếu, 0 → Đã kết thúc.
2026-05-20 20:00:16.755 +07:00 [INF] Executed DbCommand (2ms) [Parameters=[@p1='?' (DbType = Int32), @p0='?' (Size = 4000)], CommandType='"Text"', CommandTimeout='30']
SET IMPLICIT_TRANSACTIONS OFF;
SET NOCOUNT ON;
UPDATE [Showtimes] SET [Status] = @p0
OUTPUT 1
WHERE [ShowtimeID] = @p1;
2026-05-20 20:00:22.680 +07:00 [INF] Request starting HTTP/1.1 GET http://localhost:5231/Movies/Details/1 - null null
2026-05-20 20:00:22.682 +07:00 [INF] Executing endpoint 'AuraCinema.Web.Controllers.MoviesController.Details (AuraCinema.Web)'
2026-05-20 20:00:22.682 +07:00 [INF] Route matched with {action = "Details", controller = "Movies", area = ""}. Executing controller action with signature System.Threading.Tasks.Task`1[Microsoft.AspNetCore.Mvc.IActionResult] Details(Int32) on controller AuraCinema.Web.Controllers.MoviesController (AuraCinema.Web).
2026-05-20 20:00:22.686 +07:00 [INF] Executed DbCommand (1ms) [Parameters=[@__p_0='?' (DbType = Int32)], CommandType='"Text"', CommandTimeout='30']
SELECT TOP(1) [m].[MovieID], [m].[Actors], [m].[Director], [m].[Duration], [m].[Genre], [m].[MovieCode], [m].[Poster], [m].[ReleaseDate], [m].[Status], [m].[Title], [m].[Trailer]
FROM [Movies] AS [m]
WHERE [m].[MovieID] = @__p_0
2026-05-20 20:00:22.691 +07:00 [INF] Executed DbCommand (4ms) [Parameters=[@__id_0='?' (DbType = Int32), @__now_1='?' (DbType = DateTime2), @__maxDate_2='?' (DbType = DateTime2)], CommandType='"Text"', CommandTimeout='30']
SELECT [s].[ShowtimeID], [s].[EndTime], [s].[MovieID], [s].[RoomID], [s].[ShowtimeCode], [s].[StartTime], [s].[Status], [r].[RoomID], [r].[Capacity], [r].[RoomCode], [r].[RoomName], [r].[Status]
FROM [Showtimes] AS [s]
INNER JOIN [Rooms] AS [r] ON [s].[RoomID] = [r].[RoomID]
WHERE [s].[MovieID] = @__id_0 AND [s].[Status] = N'Đang mở bán' AND [s].[StartTime] >= @__now_1 AND [s].[StartTime] < @__maxDate_2
ORDER BY [s].[StartTime]
2026-05-20 20:00:22.694 +07:00 [INF] Executed DbCommand (1ms) [Parameters=[@__showtimeIds_0='?' (Size = 4000)], CommandType='"Text"', CommandTimeout='30']
SELECT [o1].[ShowtimeID], COUNT(*) AS [Sold]
FROM [Orders] AS [o]
INNER JOIN [OrderSeats] AS [o0] ON [o].[OrderID] = [o0].[OrderID]
INNER JOIN [Orders] AS [o1] ON [o0].[OrderID] = [o1].[OrderID]
WHERE [o].[ShowtimeID] IN (
    SELECT [s].[value]
    FROM OPENJSON(@__showtimeIds_0) WITH ([value] int '$') AS [s]
) AND ([o].[Status] = N'Đã thanh toán' OR ([o].[Status] = N'Chờ thanh toán' AND [o].[HoldExpiryTime] > GETDATE()))
GROUP BY [o1].[ShowtimeID]
2026-05-20 20:00:22.695 +07:00 [INF] Executing ViewResult, running view Details.
2026-05-20 20:00:22.698 +07:00 [INF] Executed ViewResult - view Details executed in 3.0595ms.
2026-05-20 20:00:22.698 +07:00 [INF] Executed action AuraCinema.Web.Controllers.MoviesController.Details (AuraCinema.Web) in 15.7101ms
2026-05-20 20:00:22.698 +07:00 [INF] Executed endpoint 'AuraCinema.Web.Controllers.MoviesController.Details (AuraCinema.Web)'
2026-05-20 20:00:22.698 +07:00 [INF] Request finished HTTP/1.1 GET http://localhost:5231/Movies/Details/1 - 200 null text/html; charset=utf-8 17.4574ms
2026-05-20 20:04:02.493 +07:00 [INF] Executed DbCommand (23ms) [Parameters=[], CommandType='"Text"', CommandTimeout='30']
SELECT 1
2026-05-20 20:04:02.587 +07:00 [INF] Executed DbCommand (26ms) [Parameters=[], CommandType='"Text"', CommandTimeout='30']
SELECT OBJECT_ID(N'[__EFMigrationsHistory]');
2026-05-20 20:04:02.590 +07:00 [INF] Executed DbCommand (1ms) [Parameters=[], CommandType='"Text"', CommandTimeout='30']
SELECT 1
2026-05-20 20:04:02.592 +07:00 [INF] Executed DbCommand (1ms) [Parameters=[], CommandType='"Text"', CommandTimeout='30']
SELECT OBJECT_ID(N'[__EFMigrationsHistory]');
2026-05-20 20:04:02.608 +07:00 [INF] Executed DbCommand (2ms) [Parameters=[], CommandType='"Text"', CommandTimeout='30']
SELECT [MigrationId], [ProductVersion]
FROM [__EFMigrationsHistory]
ORDER BY [MigrationId];
2026-05-20 20:04:02.623 +07:00 [INF] No migrations were applied. The database is already up to date.
2026-05-20 20:04:02.806 +07:00 [INF] Executed DbCommand (4ms) [Parameters=[], CommandType='"Text"', CommandTimeout='30']
SELECT CASE
    WHEN EXISTS (
        SELECT 1
        FROM [Users] AS [u]
        WHERE [u].[Email] = N'admin@auracinema.vn') THEN CAST(1 AS bit)
    ELSE CAST(0 AS bit)
END
2026-05-20 20:04:02.814 +07:00 [INF] Executed DbCommand (2ms) [Parameters=[], CommandType='"Text"', CommandTimeout='30']
SELECT CASE
    WHEN EXISTS (
        SELECT 1
        FROM [Users] AS [u]
        WHERE [u].[Email] = N'staff@auracinema.vn') THEN CAST(1 AS bit)
    ELSE CAST(0 AS bit)
END
2026-05-20 20:04:02.820 +07:00 [INF] Executed DbCommand (2ms) [Parameters=[], CommandType='"Text"', CommandTimeout='30']
SELECT CASE
    WHEN EXISTS (
        SELECT 1
        FROM [Users] AS [u]
        WHERE [u].[Email] = N'customer@gmail.com') THEN CAST(1 AS bit)
    ELSE CAST(0 AS bit)
END
2026-05-20 20:04:02.882 +07:00 [INF] Executed DbCommand (3ms) [Parameters=[], CommandType='"Text"', CommandTimeout='30']
SELECT [u].[UserID], [u].[Email], [u].[FullName], [u].[OtpCode], [u].[OtpExpiry], [u].[Password], [u].[Phone], [u].[Role], [u].[Status], [u].[UserCode]
FROM [Users] AS [u]
WHERE [u].[UserCode] LIKE N''
2026-05-20 20:04:02.889 +07:00 [INF] Executed DbCommand (2ms) [Parameters=[], CommandType='"Text"', CommandTimeout='30']
SELECT CASE
    WHEN EXISTS (
        SELECT 1
        FROM [Rooms] AS [r]) THEN CAST(1 AS bit)
    ELSE CAST(0 AS bit)
END
2026-05-20 20:04:02.893 +07:00 [INF] Executed DbCommand (2ms) [Parameters=[], CommandType='"Text"', CommandTimeout='30']
SELECT CASE
    WHEN EXISTS (
        SELECT 1
        FROM [PriceConfigs] AS [p]) THEN CAST(1 AS bit)
    ELSE CAST(0 AS bit)
END
2026-05-20 20:04:02.898 +07:00 [INF] Executed DbCommand (2ms) [Parameters=[], CommandType='"Text"', CommandTimeout='30']
SELECT CASE
    WHEN EXISTS (
        SELECT 1
        FROM [Movies] AS [m]) THEN CAST(1 AS bit)
    ELSE CAST(0 AS bit)
END
2026-05-20 20:04:02.903 +07:00 [INF] Executed DbCommand (2ms) [Parameters=[], CommandType='"Text"', CommandTimeout='30']
SELECT CASE
    WHEN EXISTS (
        SELECT 1
        FROM [Services] AS [s]) THEN CAST(1 AS bit)
    ELSE CAST(0 AS bit)
END
2026-05-20 20:04:02.908 +07:00 [INF] Executed DbCommand (2ms) [Parameters=[], CommandType='"Text"', CommandTimeout='30']
SELECT CASE
    WHEN EXISTS (
        SELECT 1
        FROM [Promotions] AS [p]) THEN CAST(1 AS bit)
    ELSE CAST(0 AS bit)
END
2026-05-20 20:04:02.912 +07:00 [INF] Executed DbCommand (2ms) [Parameters=[], CommandType='"Text"', CommandTimeout='30']
SELECT CASE
    WHEN EXISTS (
        SELECT 1
        FROM [Showtimes] AS [s]) THEN CAST(1 AS bit)
    ELSE CAST(0 AS bit)
END
2026-05-20 20:04:02.925 +07:00 [INF] Executed DbCommand (3ms) [Parameters=[], CommandType='"Text"', CommandTimeout='30']
SELECT CASE
    WHEN EXISTS (
        SELECT 1
        FROM [Orders] AS [o]
        WHERE [o].[Status] IN (N'Da thanh toan', N'Đã thanh toán')) THEN CAST(1 AS bit)
    ELSE CAST(0 AS bit)
END
2026-05-20 20:04:03.101 +07:00 [INF] User profile is available. Using 'C:\Users\lqhie\AppData\Local\ASP.NET\DataProtection-Keys' as key repository and Windows DPAPI to encrypt keys at rest.
2026-05-20 20:04:03.153 +07:00 [INF] Booking Cleanup Service is starting.
2026-05-20 20:04:03.208 +07:00 [INF] Executed DbCommand (5ms) [Parameters=[], CommandType='"Text"', CommandTimeout='30']
SELECT [o].[OrderID], [o].[FinalAmount], [o].[HoldExpiryTime], [o].[OrderCode], [o].[PayOSTransID], [o].[PromoID], [o].[QrCode], [o].[ShowtimeID], [o].[Status], [o].[TotalAmount], [o].[UserID]
FROM [Orders] AS [o]
WHERE [o].[Status] = N'Chờ thanh toán' AND [o].[HoldExpiryTime] <= GETDATE()
2026-05-20 20:04:03.249 +07:00 [INF] Now listening on: http://localhost:5231
2026-05-20 20:04:03.250 +07:00 [INF] Application started. Press Ctrl+C to shut down.
2026-05-20 20:04:03.251 +07:00 [INF] Hosting environment: Development
2026-05-20 20:04:03.251 +07:00 [INF] Content root path: D:\AURACINEMA\AuraCinema.Web
2026-05-20 20:04:03.341 +07:00 [INF] Executed DbCommand (17ms) [Parameters=[@__maxSellingDate_0='?' (DbType = DateTime2), @__now_1='?' (DbType = DateTime2)], CommandType='"Text"', CommandTimeout='30']
SELECT [s].[ShowtimeID], [s].[EndTime], [s].[MovieID], [s].[RoomID], [s].[ShowtimeCode], [s].[StartTime], [s].[Status]
FROM [Showtimes] AS [s]
WHERE [s].[Status] IN (N'Đã lên lịch', N'Sap chieu') AND CONVERT(date, [s].[StartTime]) <= @__maxSellingDate_0 AND [s].[StartTime] > @__now_1
2026-05-20 20:04:03.351 +07:00 [INF] Executed DbCommand (3ms) [Parameters=[@__now_0='?' (DbType = DateTime2)], CommandType='"Text"', CommandTimeout='30']
SELECT [s].[ShowtimeID], [s].[EndTime], [s].[MovieID], [s].[RoomID], [s].[ShowtimeCode], [s].[StartTime], [s].[Status]
FROM [Showtimes] AS [s]
WHERE [s].[Status] IN (N'Đã lên lịch', N'Đang mở bán', N'Sap chieu') AND [s].[StartTime] <= @__now_0 AND [s].[EndTime] > @__now_0
2026-05-20 20:04:03.359 +07:00 [INF] Executed DbCommand (2ms) [Parameters=[@__now_0='?' (DbType = DateTime2)], CommandType='"Text"', CommandTimeout='30']
SELECT [s].[ShowtimeID], [s].[EndTime], [s].[MovieID], [s].[RoomID], [s].[ShowtimeCode], [s].[StartTime], [s].[Status]
FROM [Showtimes] AS [s]
WHERE [s].[Status] IN (N'Đã lên lịch', N'Đang mở bán', N'Đang chiếu', N'Sap chieu', N'Dang dien ra') AND [s].[EndTime] <= @__now_0
2026-05-20 20:05:03.394 +07:00 [INF] Executed DbCommand (1ms) [Parameters=[], CommandType='"Text"', CommandTimeout='30']
SELECT [o].[OrderID], [o].[FinalAmount], [o].[HoldExpiryTime], [o].[OrderCode], [o].[PayOSTransID], [o].[PromoID], [o].[QrCode], [o].[ShowtimeID], [o].[Status], [o].[TotalAmount], [o].[UserID]
FROM [Orders] AS [o]
WHERE [o].[Status] = N'Chờ thanh toán' AND [o].[HoldExpiryTime] <= GETDATE()
2026-05-20 20:05:03.399 +07:00 [INF] Executed DbCommand (1ms) [Parameters=[@__maxSellingDate_0='?' (DbType = DateTime2), @__now_1='?' (DbType = DateTime2)], CommandType='"Text"', CommandTimeout='30']
SELECT [s].[ShowtimeID], [s].[EndTime], [s].[MovieID], [s].[RoomID], [s].[ShowtimeCode], [s].[StartTime], [s].[Status]
FROM [Showtimes] AS [s]
WHERE [s].[Status] IN (N'Đã lên lịch', N'Sap chieu') AND CONVERT(date, [s].[StartTime]) <= @__maxSellingDate_0 AND [s].[StartTime] > @__now_1
2026-05-20 20:05:03.402 +07:00 [INF] Executed DbCommand (1ms) [Parameters=[@__now_0='?' (DbType = DateTime2)], CommandType='"Text"', CommandTimeout='30']
SELECT [s].[ShowtimeID], [s].[EndTime], [s].[MovieID], [s].[RoomID], [s].[ShowtimeCode], [s].[StartTime], [s].[Status]
FROM [Showtimes] AS [s]
WHERE [s].[Status] IN (N'Đã lên lịch', N'Đang mở bán', N'Sap chieu') AND [s].[StartTime] <= @__now_0 AND [s].[EndTime] > @__now_0
2026-05-20 20:05:03.404 +07:00 [INF] Executed DbCommand (1ms) [Parameters=[@__now_0='?' (DbType = DateTime2)], CommandType='"Text"', CommandTimeout='30']
SELECT [s].[ShowtimeID], [s].[EndTime], [s].[MovieID], [s].[RoomID], [s].[ShowtimeCode], [s].[StartTime], [s].[Status]
FROM [Showtimes] AS [s]
WHERE [s].[Status] IN (N'Đã lên lịch', N'Đang mở bán', N'Đang chiếu', N'Sap chieu', N'Dang dien ra') AND [s].[EndTime] <= @__now_0
2026-05-20 20:06:03.406 +07:00 [INF] Executed DbCommand (1ms) [Parameters=[], CommandType='"Text"', CommandTimeout='30']
SELECT [o].[OrderID], [o].[FinalAmount], [o].[HoldExpiryTime], [o].[OrderCode], [o].[PayOSTransID], [o].[PromoID], [o].[QrCode], [o].[ShowtimeID], [o].[Status], [o].[TotalAmount], [o].[UserID]
FROM [Orders] AS [o]
WHERE [o].[Status] = N'Chờ thanh toán' AND [o].[HoldExpiryTime] <= GETDATE()
2026-05-20 20:06:03.410 +07:00 [INF] Executed DbCommand (1ms) [Parameters=[@__maxSellingDate_0='?' (DbType = DateTime2), @__now_1='?' (DbType = DateTime2)], CommandType='"Text"', CommandTimeout='30']
SELECT [s].[ShowtimeID], [s].[EndTime], [s].[MovieID], [s].[RoomID], [s].[ShowtimeCode], [s].[StartTime], [s].[Status]
FROM [Showtimes] AS [s]
WHERE [s].[Status] IN (N'Đã lên lịch', N'Sap chieu') AND CONVERT(date, [s].[StartTime]) <= @__maxSellingDate_0 AND [s].[StartTime] > @__now_1
2026-05-20 20:06:03.412 +07:00 [INF] Executed DbCommand (1ms) [Parameters=[@__now_0='?' (DbType = DateTime2)], CommandType='"Text"', CommandTimeout='30']
SELECT [s].[ShowtimeID], [s].[EndTime], [s].[MovieID], [s].[RoomID], [s].[ShowtimeCode], [s].[StartTime], [s].[Status]
FROM [Showtimes] AS [s]
WHERE [s].[Status] IN (N'Đã lên lịch', N'Đang mở bán', N'Sap chieu') AND [s].[StartTime] <= @__now_0 AND [s].[EndTime] > @__now_0
2026-05-20 20:06:03.414 +07:00 [INF] Executed DbCommand (1ms) [Parameters=[@__now_0='?' (DbType = DateTime2)], CommandType='"Text"', CommandTimeout='30']
SELECT [s].[ShowtimeID], [s].[EndTime], [s].[MovieID], [s].[RoomID], [s].[ShowtimeCode], [s].[StartTime], [s].[Status]
FROM [Showtimes] AS [s]
WHERE [s].[Status] IN (N'Đã lên lịch', N'Đang mở bán', N'Đang chiếu', N'Sap chieu', N'Dang dien ra') AND [s].[EndTime] <= @__now_0
2026-05-20 20:07:03.427 +07:00 [INF] Executed DbCommand (1ms) [Parameters=[], CommandType='"Text"', CommandTimeout='30']
SELECT [o].[OrderID], [o].[FinalAmount], [o].[HoldExpiryTime], [o].[OrderCode], [o].[PayOSTransID], [o].[PromoID], [o].[QrCode], [o].[ShowtimeID], [o].[Status], [o].[TotalAmount], [o].[UserID]
FROM [Orders] AS [o]
WHERE [o].[Status] = N'Chờ thanh toán' AND [o].[HoldExpiryTime] <= GETDATE()
2026-05-20 20:07:03.431 +07:00 [INF] Executed DbCommand (1ms) [Parameters=[@__maxSellingDate_0='?' (DbType = DateTime2), @__now_1='?' (DbType = DateTime2)], CommandType='"Text"', CommandTimeout='30']
SELECT [s].[ShowtimeID], [s].[EndTime], [s].[MovieID], [s].[RoomID], [s].[ShowtimeCode], [s].[StartTime], [s].[Status]
FROM [Showtimes] AS [s]
WHERE [s].[Status] IN (N'Đã lên lịch', N'Sap chieu') AND CONVERT(date, [s].[StartTime]) <= @__maxSellingDate_0 AND [s].[StartTime] > @__now_1
2026-05-20 20:07:03.433 +07:00 [INF] Executed DbCommand (1ms) [Parameters=[@__now_0='?' (DbType = DateTime2)], CommandType='"Text"', CommandTimeout='30']
SELECT [s].[ShowtimeID], [s].[EndTime], [s].[MovieID], [s].[RoomID], [s].[ShowtimeCode], [s].[StartTime], [s].[Status]
FROM [Showtimes] AS [s]
WHERE [s].[Status] IN (N'Đã lên lịch', N'Đang mở bán', N'Sap chieu') AND [s].[StartTime] <= @__now_0 AND [s].[EndTime] > @__now_0
2026-05-20 20:07:03.435 +07:00 [INF] Executed DbCommand (1ms) [Parameters=[@__now_0='?' (DbType = DateTime2)], CommandType='"Text"', CommandTimeout='30']
SELECT [s].[ShowtimeID], [s].[EndTime], [s].[MovieID], [s].[RoomID], [s].[ShowtimeCode], [s].[StartTime], [s].[Status]
FROM [Showtimes] AS [s]
WHERE [s].[Status] IN (N'Đã lên lịch', N'Đang mở bán', N'Đang chiếu', N'Sap chieu', N'Dang dien ra') AND [s].[EndTime] <= @__now_0
2026-05-20 20:08:03.450 +07:00 [INF] Executed DbCommand (1ms) [Parameters=[], CommandType='"Text"', CommandTimeout='30']
SELECT [o].[OrderID], [o].[FinalAmount], [o].[HoldExpiryTime], [o].[OrderCode], [o].[PayOSTransID], [o].[PromoID], [o].[QrCode], [o].[ShowtimeID], [o].[Status], [o].[TotalAmount], [o].[UserID]
FROM [Orders] AS [o]
WHERE [o].[Status] = N'Chờ thanh toán' AND [o].[HoldExpiryTime] <= GETDATE()
2026-05-20 20:08:03.454 +07:00 [INF] Executed DbCommand (1ms) [Parameters=[@__maxSellingDate_0='?' (DbType = DateTime2), @__now_1='?' (DbType = DateTime2)], CommandType='"Text"', CommandTimeout='30']
SELECT [s].[ShowtimeID], [s].[EndTime], [s].[MovieID], [s].[RoomID], [s].[ShowtimeCode], [s].[StartTime], [s].[Status]
FROM [Showtimes] AS [s]
WHERE [s].[Status] IN (N'Đã lên lịch', N'Sap chieu') AND CONVERT(date, [s].[StartTime]) <= @__maxSellingDate_0 AND [s].[StartTime] > @__now_1
2026-05-20 20:08:03.455 +07:00 [INF] Executed DbCommand (1ms) [Parameters=[@__now_0='?' (DbType = DateTime2)], CommandType='"Text"', CommandTimeout='30']
SELECT [s].[ShowtimeID], [s].[EndTime], [s].[MovieID], [s].[RoomID], [s].[ShowtimeCode], [s].[StartTime], [s].[Status]
FROM [Showtimes] AS [s]
WHERE [s].[Status] IN (N'Đã lên lịch', N'Đang mở bán', N'Sap chieu') AND [s].[StartTime] <= @__now_0 AND [s].[EndTime] > @__now_0
2026-05-20 20:08:03.457 +07:00 [INF] Executed DbCommand (1ms) [Parameters=[@__now_0='?' (DbType = DateTime2)], CommandType='"Text"', CommandTimeout='30']
SELECT [s].[ShowtimeID], [s].[EndTime], [s].[MovieID], [s].[RoomID], [s].[ShowtimeCode], [s].[StartTime], [s].[Status]
FROM [Showtimes] AS [s]
WHERE [s].[Status] IN (N'Đã lên lịch', N'Đang mở bán', N'Đang chiếu', N'Sap chieu', N'Dang dien ra') AND [s].[EndTime] <= @__now_0
2026-05-20 20:09:03.469 +07:00 [INF] Executed DbCommand (1ms) [Parameters=[], CommandType='"Text"', CommandTimeout='30']
SELECT [o].[OrderID], [o].[FinalAmount], [o].[HoldExpiryTime], [o].[OrderCode], [o].[PayOSTransID], [o].[PromoID], [o].[QrCode], [o].[ShowtimeID], [o].[Status], [o].[TotalAmount], [o].[UserID]
FROM [Orders] AS [o]
WHERE [o].[Status] = N'Chờ thanh toán' AND [o].[HoldExpiryTime] <= GETDATE()
2026-05-20 20:09:03.472 +07:00 [INF] Executed DbCommand (1ms) [Parameters=[@__maxSellingDate_0='?' (DbType = DateTime2), @__now_1='?' (DbType = DateTime2)], CommandType='"Text"', CommandTimeout='30']
SELECT [s].[ShowtimeID], [s].[EndTime], [s].[MovieID], [s].[RoomID], [s].[ShowtimeCode], [s].[StartTime], [s].[Status]
FROM [Showtimes] AS [s]
WHERE [s].[Status] IN (N'Đã lên lịch', N'Sap chieu') AND CONVERT(date, [s].[StartTime]) <= @__maxSellingDate_0 AND [s].[StartTime] > @__now_1
2026-05-20 20:09:03.473 +07:00 [INF] Executed DbCommand (1ms) [Parameters=[@__now_0='?' (DbType = DateTime2)], CommandType='"Text"', CommandTimeout='30']
SELECT [s].[ShowtimeID], [s].[EndTime], [s].[MovieID], [s].[RoomID], [s].[ShowtimeCode], [s].[StartTime], [s].[Status]
FROM [Showtimes] AS [s]
WHERE [s].[Status] IN (N'Đã lên lịch', N'Đang mở bán', N'Sap chieu') AND [s].[StartTime] <= @__now_0 AND [s].[EndTime] > @__now_0
2026-05-20 20:09:03.475 +07:00 [INF] Executed DbCommand (1ms) [Parameters=[@__now_0='?' (DbType = DateTime2)], CommandType='"Text"', CommandTimeout='30']
SELECT [s].[ShowtimeID], [s].[EndTime], [s].[MovieID], [s].[RoomID], [s].[ShowtimeCode], [s].[StartTime], [s].[Status]
FROM [Showtimes] AS [s]
WHERE [s].[Status] IN (N'Đã lên lịch', N'Đang mở bán', N'Đang chiếu', N'Sap chieu', N'Dang dien ra') AND [s].[EndTime] <= @__now_0
2026-05-20 20:10:03.476 +07:00 [INF] Executed DbCommand (1ms) [Parameters=[], CommandType='"Text"', CommandTimeout='30']
SELECT [o].[OrderID], [o].[FinalAmount], [o].[HoldExpiryTime], [o].[OrderCode], [o].[PayOSTransID], [o].[PromoID], [o].[QrCode], [o].[ShowtimeID], [o].[Status], [o].[TotalAmount], [o].[UserID]
FROM [Orders] AS [o]
WHERE [o].[Status] = N'Chờ thanh toán' AND [o].[HoldExpiryTime] <= GETDATE()
2026-05-20 20:10:03.480 +07:00 [INF] Executed DbCommand (1ms) [Parameters=[@__maxSellingDate_0='?' (DbType = DateTime2), @__now_1='?' (DbType = DateTime2)], CommandType='"Text"', CommandTimeout='30']
SELECT [s].[ShowtimeID], [s].[EndTime], [s].[MovieID], [s].[RoomID], [s].[ShowtimeCode], [s].[StartTime], [s].[Status]
FROM [Showtimes] AS [s]
WHERE [s].[Status] IN (N'Đã lên lịch', N'Sap chieu') AND CONVERT(date, [s].[StartTime]) <= @__maxSellingDate_0 AND [s].[StartTime] > @__now_1
2026-05-20 20:10:03.482 +07:00 [INF] Executed DbCommand (1ms) [Parameters=[@__now_0='?' (DbType = DateTime2)], CommandType='"Text"', CommandTimeout='30']
SELECT [s].[ShowtimeID], [s].[EndTime], [s].[MovieID], [s].[RoomID], [s].[ShowtimeCode], [s].[StartTime], [s].[Status]
FROM [Showtimes] AS [s]
WHERE [s].[Status] IN (N'Đã lên lịch', N'Đang mở bán', N'Sap chieu') AND [s].[StartTime] <= @__now_0 AND [s].[EndTime] > @__now_0
2026-05-20 20:10:03.484 +07:00 [INF] Executed DbCommand (1ms) [Parameters=[@__now_0='?' (DbType = DateTime2)], CommandType='"Text"', CommandTimeout='30']
SELECT [s].[ShowtimeID], [s].[EndTime], [s].[MovieID], [s].[RoomID], [s].[ShowtimeCode], [s].[StartTime], [s].[Status]
FROM [Showtimes] AS [s]
WHERE [s].[Status] IN (N'Đã lên lịch', N'Đang mở bán', N'Đang chiếu', N'Sap chieu', N'Dang dien ra') AND [s].[EndTime] <= @__now_0
2026-05-20 20:11:03.490 +07:00 [INF] Executed DbCommand (1ms) [Parameters=[], CommandType='"Text"', CommandTimeout='30']
SELECT [o].[OrderID], [o].[FinalAmount], [o].[HoldExpiryTime], [o].[OrderCode], [o].[PayOSTransID], [o].[PromoID], [o].[QrCode], [o].[ShowtimeID], [o].[Status], [o].[TotalAmount], [o].[UserID]
FROM [Orders] AS [o]
WHERE [o].[Status] = N'Chờ thanh toán' AND [o].[HoldExpiryTime] <= GETDATE()
2026-05-20 20:11:03.493 +07:00 [INF] Executed DbCommand (1ms) [Parameters=[@__maxSellingDate_0='?' (DbType = DateTime2), @__now_1='?' (DbType = DateTime2)], CommandType='"Text"', CommandTimeout='30']
SELECT [s].[ShowtimeID], [s].[EndTime], [s].[MovieID], [s].[RoomID], [s].[ShowtimeCode], [s].[StartTime], [s].[Status]
FROM [Showtimes] AS [s]
WHERE [s].[Status] IN (N'Đã lên lịch', N'Sap chieu') AND CONVERT(date, [s].[StartTime]) <= @__maxSellingDate_0 AND [s].[StartTime] > @__now_1
2026-05-20 20:11:03.495 +07:00 [INF] Executed DbCommand (1ms) [Parameters=[@__now_0='?' (DbType = DateTime2)], CommandType='"Text"', CommandTimeout='30']
SELECT [s].[ShowtimeID], [s].[EndTime], [s].[MovieID], [s].[RoomID], [s].[ShowtimeCode], [s].[StartTime], [s].[Status]
FROM [Showtimes] AS [s]
WHERE [s].[Status] IN (N'Đã lên lịch', N'Đang mở bán', N'Sap chieu') AND [s].[StartTime] <= @__now_0 AND [s].[EndTime] > @__now_0
2026-05-20 20:11:03.497 +07:00 [INF] Executed DbCommand (1ms) [Parameters=[@__now_0='?' (DbType = DateTime2)], CommandType='"Text"', CommandTimeout='30']
SELECT [s].[ShowtimeID], [s].[EndTime], [s].[MovieID], [s].[RoomID], [s].[ShowtimeCode], [s].[StartTime], [s].[Status]
FROM [Showtimes] AS [s]
WHERE [s].[Status] IN (N'Đã lên lịch', N'Đang mở bán', N'Đang chiếu', N'Sap chieu', N'Dang dien ra') AND [s].[EndTime] <= @__now_0
2026-05-20 20:12:03.511 +07:00 [INF] Executed DbCommand (1ms) [Parameters=[], CommandType='"Text"', CommandTimeout='30']
SELECT [o].[OrderID], [o].[FinalAmount], [o].[HoldExpiryTime], [o].[OrderCode], [o].[PayOSTransID], [o].[PromoID], [o].[QrCode], [o].[ShowtimeID], [o].[Status], [o].[TotalAmount], [o].[UserID]
FROM [Orders] AS [o]
WHERE [o].[Status] = N'Chờ thanh toán' AND [o].[HoldExpiryTime] <= GETDATE()
2026-05-20 20:12:03.514 +07:00 [INF] Executed DbCommand (1ms) [Parameters=[@__maxSellingDate_0='?' (DbType = DateTime2), @__now_1='?' (DbType = DateTime2)], CommandType='"Text"', CommandTimeout='30']
SELECT [s].[ShowtimeID], [s].[EndTime], [s].[MovieID], [s].[RoomID], [s].[ShowtimeCode], [s].[StartTime], [s].[Status]
FROM [Showtimes] AS [s]
WHERE [s].[Status] IN (N'Đã lên lịch', N'Sap chieu') AND CONVERT(date, [s].[StartTime]) <= @__maxSellingDate_0 AND [s].[StartTime] > @__now_1
2026-05-20 20:12:03.516 +07:00 [INF] Executed DbCommand (1ms) [Parameters=[@__now_0='?' (DbType = DateTime2)], CommandType='"Text"', CommandTimeout='30']
SELECT [s].[ShowtimeID], [s].[EndTime], [s].[MovieID], [s].[RoomID], [s].[ShowtimeCode], [s].[StartTime], [s].[Status]
FROM [Showtimes] AS [s]
WHERE [s].[Status] IN (N'Đã lên lịch', N'Đang mở bán', N'Sap chieu') AND [s].[StartTime] <= @__now_0 AND [s].[EndTime] > @__now_0
2026-05-20 20:12:03.519 +07:00 [INF] Executed DbCommand (2ms) [Parameters=[@__now_0='?' (DbType = DateTime2)], CommandType='"Text"', CommandTimeout='30']
SELECT [s].[ShowtimeID], [s].[EndTime], [s].[MovieID], [s].[RoomID], [s].[ShowtimeCode], [s].[StartTime], [s].[Status]
FROM [Showtimes] AS [s]
WHERE [s].[Status] IN (N'Đã lên lịch', N'Đang mở bán', N'Đang chiếu', N'Sap chieu', N'Dang dien ra') AND [s].[EndTime] <= @__now_0
2026-05-20 20:13:03.532 +07:00 [INF] Executed DbCommand (2ms) [Parameters=[], CommandType='"Text"', CommandTimeout='30']
SELECT [o].[OrderID], [o].[FinalAmount], [o].[HoldExpiryTime], [o].[OrderCode], [o].[PayOSTransID], [o].[PromoID], [o].[QrCode], [o].[ShowtimeID], [o].[Status], [o].[TotalAmount], [o].[UserID]
FROM [Orders] AS [o]
WHERE [o].[Status] = N'Chờ thanh toán' AND [o].[HoldExpiryTime] <= GETDATE()
2026-05-20 20:13:03.535 +07:00 [INF] Executed DbCommand (1ms) [Parameters=[@__maxSellingDate_0='?' (DbType = DateTime2), @__now_1='?' (DbType = DateTime2)], CommandType='"Text"', CommandTimeout='30']
SELECT [s].[ShowtimeID], [s].[EndTime], [s].[MovieID], [s].[RoomID], [s].[ShowtimeCode], [s].[StartTime], [s].[Status]
FROM [Showtimes] AS [s]
WHERE [s].[Status] IN (N'Đã lên lịch', N'Sap chieu') AND CONVERT(date, [s].[StartTime]) <= @__maxSellingDate_0 AND [s].[StartTime] > @__now_1
2026-05-20 20:13:03.537 +07:00 [INF] Executed DbCommand (1ms) [Parameters=[@__now_0='?' (DbType = DateTime2)], CommandType='"Text"', CommandTimeout='30']
SELECT [s].[ShowtimeID], [s].[EndTime], [s].[MovieID], [s].[RoomID], [s].[ShowtimeCode], [s].[StartTime], [s].[Status]
FROM [Showtimes] AS [s]
WHERE [s].[Status] IN (N'Đã lên lịch', N'Đang mở bán', N'Sap chieu') AND [s].[StartTime] <= @__now_0 AND [s].[EndTime] > @__now_0
2026-05-20 20:13:03.538 +07:00 [INF] Executed DbCommand (1ms) [Parameters=[@__now_0='?' (DbType = DateTime2)], CommandType='"Text"', CommandTimeout='30']
SELECT [s].[ShowtimeID], [s].[EndTime], [s].[MovieID], [s].[RoomID], [s].[ShowtimeCode], [s].[StartTime], [s].[Status]
FROM [Showtimes] AS [s]
WHERE [s].[Status] IN (N'Đã lên lịch', N'Đang mở bán', N'Đang chiếu', N'Sap chieu', N'Dang dien ra') AND [s].[EndTime] <= @__now_0
2026-05-20 20:13:20.660 +07:00 [INF] Request starting HTTP/1.1 POST http://localhost:5231/Account/Logout - application/x-www-form-urlencoded 225
2026-05-20 20:13:20.662 +07:00 [WRN] Failed to determine the https port for redirect.
2026-05-20 20:13:20.711 +07:00 [INF] Executing endpoint 'AuraCinema.Web.Controllers.AccountController.Logout (AuraCinema.Web)'
2026-05-20 20:13:20.737 +07:00 [INF] Route matched with {action = "Logout", controller = "Account", area = ""}. Executing controller action with signature System.Threading.Tasks.Task`1[Microsoft.AspNetCore.Mvc.IActionResult] Logout() on controller AuraCinema.Web.Controllers.AccountController (AuraCinema.Web).
2026-05-20 20:13:20.757 +07:00 [INF] AuthenticationScheme: Cookies signed out.
2026-05-20 20:13:20.783 +07:00 [INF] Executing RedirectResult, redirecting to /.
2026-05-20 20:13:20.789 +07:00 [INF] Executed action AuraCinema.Web.Controllers.AccountController.Logout (AuraCinema.Web) in 47.3804ms
2026-05-20 20:13:20.792 +07:00 [INF] Executed endpoint 'AuraCinema.Web.Controllers.AccountController.Logout (AuraCinema.Web)'
2026-05-20 20:13:20.798 +07:00 [INF] Request finished HTTP/1.1 POST http://localhost:5231/Account/Logout - 302 0 null 139.1619ms
2026-05-20 20:13:20.803 +07:00 [INF] Request starting HTTP/1.1 GET http://localhost:5231/ - null null
2026-05-20 20:13:20.807 +07:00 [INF] Executing endpoint 'AuraCinema.Web.Controllers.HomeController.Index (AuraCinema.Web)'
2026-05-20 20:13:20.811 +07:00 [INF] Route matched with {action = "Index", controller = "Home", area = ""}. Executing controller action with signature System.Threading.Tasks.Task`1[Microsoft.AspNetCore.Mvc.IActionResult] Index() on controller AuraCinema.Web.Controllers.HomeController (AuraCinema.Web).
2026-05-20 20:13:20.836 +07:00 [INF] Executed DbCommand (4ms) [Parameters=[], CommandType='"Text"', CommandTimeout='30']
SELECT [m].[MovieID], [m].[Title], [m].[Genre], [m].[Poster], [m].[Duration], [m].[Status], [m].[ReleaseDate], [m].[Director]
FROM [Movies] AS [m]
WHERE [m].[Status] IN (N'Dang chieu', N'Sap chieu')
ORDER BY [m].[ReleaseDate] DESC
2026-05-20 20:13:20.855 +07:00 [INF] Executing ViewResult, running view Index.
2026-05-20 20:13:20.938 +07:00 [INF] Executed ViewResult - view Index executed in 87.3399ms.
2026-05-20 20:13:20.939 +07:00 [INF] Executed action AuraCinema.Web.Controllers.HomeController.Index (AuraCinema.Web) in 127.4057ms
2026-05-20 20:13:20.939 +07:00 [INF] Executed endpoint 'AuraCinema.Web.Controllers.HomeController.Index (AuraCinema.Web)'
2026-05-20 20:13:20.944 +07:00 [INF] Request finished HTTP/1.1 GET http://localhost:5231/ - 200 null text/html; charset=utf-8 140.949ms
2026-05-20 20:13:20.985 +07:00 [INF] Request starting HTTP/1.1 GET http://localhost:5231/css/chatbot.css?v=r2u6L0FAOMDC4s9aPw1MZX42JGlCVETX6XZ-jz-lAOo - null null
2026-05-20 20:13:20.986 +07:00 [INF] Request starting HTTP/1.1 GET http://localhost:5231/css/site.css?v=wrQ1MeiVPg32MAFeAWGszcMS6avuWDFaL-8-z0i5gfo - null null
2026-05-20 20:13:20.991 +07:00 [INF] The file /css/chatbot.css was not modified
2026-05-20 20:13:20.991 +07:00 [INF] The file /css/site.css was not modified
2026-05-20 20:13:20.993 +07:00 [INF] Request finished HTTP/1.1 GET http://localhost:5231/css/chatbot.css?v=r2u6L0FAOMDC4s9aPw1MZX42JGlCVETX6XZ-jz-lAOo - 304 null text/css 7.8196ms
2026-05-20 20:13:20.993 +07:00 [INF] Request finished HTTP/1.1 GET http://localhost:5231/css/site.css?v=wrQ1MeiVPg32MAFeAWGszcMS6avuWDFaL-8-z0i5gfo - 304 null text/css 7.0442ms
2026-05-20 20:13:20.999 +07:00 [INF] Request starting HTTP/1.1 GET http://localhost:5231/js/chatbot.js?v=8SI7bVlT6PU6wvsevg8vnDYC-FsacmaWRIf4XPwosNE - null null
2026-05-20 20:13:21.000 +07:00 [INF] The file /js/chatbot.js was not modified
2026-05-20 20:13:21.000 +07:00 [INF] Request finished HTTP/1.1 GET http://localhost:5231/js/chatbot.js?v=8SI7bVlT6PU6wvsevg8vnDYC-FsacmaWRIf4XPwosNE - 304 null text/javascript 1.316ms
2026-05-20 20:13:32.856 +07:00 [INF] Request starting HTTP/1.1 POST http://localhost:5231/api/chatbot/message - application/json 91
2026-05-20 20:13:32.860 +07:00 [INF] Executing endpoint 'AuraCinema.Web.Controllers.ChatbotController.ProcessMessage (AuraCinema.Web)'
2026-05-20 20:13:32.869 +07:00 [INF] Route matched with {action = "ProcessMessage", controller = "Chatbot", area = ""}. Executing controller action with signature System.Threading.Tasks.Task`1[Microsoft.AspNetCore.Mvc.IActionResult] ProcessMessage(AuraCinema.Domain.Models.Chat.ChatRequest) on controller AuraCinema.Web.Controllers.ChatbotController (AuraCinema.Web).
2026-05-20 20:13:32.954 +07:00 [INF] Start processing HTTP request POST https://generativelanguage.googleapis.com/v1beta/models/gemini-3.5-flash:generateContent?*
2026-05-20 20:13:32.956 +07:00 [INF] Sending HTTP request POST https://generativelanguage.googleapis.com/v1beta/models/gemini-3.5-flash:generateContent?*
2026-05-20 20:13:33.547 +07:00 [INF] Received HTTP response headers after 587.7805ms - 429
2026-05-20 20:13:33.548 +07:00 [INF] End processing HTTP request after 599.6482ms - 429
2026-05-20 20:13:33.552 +07:00 [ERR] Gemini API error: "TooManyRequests" - {
  "error": {
    "code": 429,
    "message": "You exceeded your current quota, please check your plan and billing details. For more information on this error, head to: https://ai.google.dev/gemini-api/docs/rate-limits. To monitor your current usage, head to: https://ai.dev/rate-limit. \n* Quota exceeded for metric: generativelanguage.googleapis.com/generate_content_free_tier_requests, limit: 20, model: gemini-3.5-flash\nPlease retry in 26.70111357s.",
    "status": "RESOURCE_EXHAUSTED",
    "details": [
      {
        "@type": "type.googleapis.com/google.rpc.Help",
        "links": [
          {
            "description": "Learn more about Gemini API quotas",
            "url": "https://ai.google.dev/gemini-api/docs/rate-limits"
          }
        ]
      },
      {
        "@type": "type.googleapis.com/google.rpc.QuotaFailure",
        "violations": [
          {
            "quotaMetric": "generativelanguage.googleapis.com/generate_content_free_tier_requests",
            "quotaId": "GenerateRequestsPerDayPerProjectPerModel-FreeTier",
            "quotaDimensions": {
              "location": "global",
              "model": "gemini-3.5-flash"
            },
            "quotaValue": "20"
          }
        ]
      },
      {
        "@type": "type.googleapis.com/google.rpc.RetryInfo",
        "retryDelay": "26s"
      }
    ]
  }
}

2026-05-20 20:13:33.555 +07:00 [INF] Executing OkObjectResult, writing value of type 'AuraCinema.Domain.Models.Chat.ChatResponse'.
2026-05-20 20:13:33.569 +07:00 [INF] Executed action AuraCinema.Web.Controllers.ChatbotController.ProcessMessage (AuraCinema.Web) in 700.1336ms
2026-05-20 20:13:33.569 +07:00 [INF] Executed endpoint 'AuraCinema.Web.Controllers.ChatbotController.ProcessMessage (AuraCinema.Web)'
2026-05-20 20:13:33.570 +07:00 [INF] Request finished HTTP/1.1 POST http://localhost:5231/api/chatbot/message - 200 null application/json; charset=utf-8 713.1161ms
2026-05-20 20:13:38.763 +07:00 [INF] Request starting HTTP/1.1 GET http://localhost:5231/Account/Login - null null
2026-05-20 20:13:38.765 +07:00 [INF] Executing endpoint 'AuraCinema.Web.Controllers.AccountController.Login (AuraCinema.Web)'
2026-05-20 20:13:38.767 +07:00 [INF] Route matched with {action = "Login", controller = "Account", area = ""}. Executing controller action with signature Microsoft.AspNetCore.Mvc.IActionResult Login(System.String) on controller AuraCinema.Web.Controllers.AccountController (AuraCinema.Web).
2026-05-20 20:13:38.772 +07:00 [INF] Executing ViewResult, running view Login.
2026-05-20 20:13:38.811 +07:00 [INF] Executed ViewResult - view Login executed in 42.387ms.
2026-05-20 20:13:38.812 +07:00 [INF] Executed action AuraCinema.Web.Controllers.AccountController.Login (AuraCinema.Web) in 44.347ms
2026-05-20 20:13:38.812 +07:00 [INF] Executed endpoint 'AuraCinema.Web.Controllers.AccountController.Login (AuraCinema.Web)'
2026-05-20 20:13:38.812 +07:00 [INF] Request finished HTTP/1.1 GET http://localhost:5231/Account/Login - 200 null text/html; charset=utf-8 48.739ms
2026-05-20 20:13:41.067 +07:00 [INF] Request starting HTTP/1.1 POST http://localhost:5231/Account/Login - application/x-www-form-urlencoded 244
2026-05-20 20:13:41.067 +07:00 [INF] Executing endpoint 'AuraCinema.Web.Controllers.AccountController.Login (AuraCinema.Web)'
2026-05-20 20:13:41.073 +07:00 [INF] Route matched with {action = "Login", controller = "Account", area = ""}. Executing controller action with signature System.Threading.Tasks.Task`1[Microsoft.AspNetCore.Mvc.IActionResult] Login(AuraCinema.Web.ViewModels.Account.LoginViewModel) on controller AuraCinema.Web.Controllers.AccountController (AuraCinema.Web).
2026-05-20 20:13:41.104 +07:00 [INF] Executed DbCommand (2ms) [Parameters=[@__Trim_0='?' (Size = 100)], CommandType='"Text"', CommandTimeout='30']
SELECT TOP(1) [u].[UserID], [u].[Email], [u].[FullName], [u].[OtpCode], [u].[OtpExpiry], [u].[Password], [u].[Phone], [u].[Role], [u].[Status], [u].[UserCode]
FROM [Users] AS [u]
WHERE [u].[Email] = @__Trim_0
2026-05-20 20:13:41.459 +07:00 [INF] AuthenticationScheme: Cookies signed in.
2026-05-20 20:13:41.460 +07:00 [INF] Executing RedirectResult, redirecting to /.
2026-05-20 20:13:41.460 +07:00 [INF] Executed action AuraCinema.Web.Controllers.AccountController.Login (AuraCinema.Web) in 386.6779ms
2026-05-20 20:13:41.460 +07:00 [INF] Executed endpoint 'AuraCinema.Web.Controllers.AccountController.Login (AuraCinema.Web)'
2026-05-20 20:13:41.461 +07:00 [INF] Request finished HTTP/1.1 POST http://localhost:5231/Account/Login - 302 0 null 393.5353ms
2026-05-20 20:13:41.465 +07:00 [INF] Request starting HTTP/1.1 GET http://localhost:5231/ - null null
2026-05-20 20:13:41.465 +07:00 [INF] Executing endpoint 'AuraCinema.Web.Controllers.HomeController.Index (AuraCinema.Web)'
2026-05-20 20:13:41.465 +07:00 [INF] Route matched with {action = "Index", controller = "Home", area = ""}. Executing controller action with signature System.Threading.Tasks.Task`1[Microsoft.AspNetCore.Mvc.IActionResult] Index() on controller AuraCinema.Web.Controllers.HomeController (AuraCinema.Web).
2026-05-20 20:13:41.469 +07:00 [INF] Executed DbCommand (1ms) [Parameters=[], CommandType='"Text"', CommandTimeout='30']
SELECT [m].[MovieID], [m].[Title], [m].[Genre], [m].[Poster], [m].[Duration], [m].[Status], [m].[ReleaseDate], [m].[Director]
FROM [Movies] AS [m]
WHERE [m].[Status] IN (N'Dang chieu', N'Sap chieu')
ORDER BY [m].[ReleaseDate] DESC
2026-05-20 20:13:41.594 +07:00 [INF] Executed DbCommand (14ms) [Parameters=[@__p_1='?' (DbType = Int32), @__userId_0='?' (DbType = Int32)], CommandType='"Text"', CommandTimeout='30']
SELECT [t].[OrderID], [t].[FinalAmount], [t].[HoldExpiryTime], [t].[OrderCode], [t].[PayOSTransID], [t].[PromoID], [t].[QrCode], [t].[ShowtimeID], [t].[Status], [t].[TotalAmount], [t].[UserID], [s].[ShowtimeID], [s].[EndTime], [s].[MovieID], [s].[RoomID], [s].[ShowtimeCode], [s].[StartTime], [s].[Status], [m].[MovieID], [m].[Actors], [m].[Director], [m].[Duration], [m].[Genre], [m].[MovieCode], [m].[Poster], [m].[ReleaseDate], [m].[Status], [m].[Title], [m].[Trailer], [r].[RoomID], [r].[Capacity], [r].[RoomCode], [r].[RoomName], [r].[Status], [t0].[OrderID], [t0].[SeatID], [t0].[Price], [t0].[Status], [t0].[SeatID0], [t0].[RoomID], [t0].[RowLabel], [t0].[SeatCode], [t0].[SeatNumber], [t0].[SeatType]
FROM (
    SELECT TOP(@__p_1) [o].[OrderID], [o].[FinalAmount], [o].[HoldExpiryTime], [o].[OrderCode], [o].[PayOSTransID], [o].[PromoID], [o].[QrCode], [o].[ShowtimeID], [o].[Status], [o].[TotalAmount], [o].[UserID]
    FROM [Orders] AS [o]
    WHERE [o].[UserID] = @__userId_0 AND [o].[Status] IN (N'Da thanh toan', N'Da su dung', N'Đã thanh toán', N'Đã sử dụng')
    ORDER BY [o].[OrderID] DESC
) AS [t]
INNER JOIN [Showtimes] AS [s] ON [t].[ShowtimeID] = [s].[ShowtimeID]
INNER JOIN [Movies] AS [m] ON [s].[MovieID] = [m].[MovieID]
INNER JOIN [Rooms] AS [r] ON [s].[RoomID] = [r].[RoomID]
LEFT JOIN (
    SELECT [o0].[OrderID], [o0].[SeatID], [o0].[Price], [o0].[Status], [s0].[SeatID] AS [SeatID0], [s0].[RoomID], [s0].[RowLabel], [s0].[SeatCode], [s0].[SeatNumber], [s0].[SeatType]
    FROM [OrderSeats] AS [o0]
    INNER JOIN [Seats] AS [s0] ON [o0].[SeatID] = [s0].[SeatID]
) AS [t0] ON [t].[OrderID] = [t0].[OrderID]
ORDER BY [t].[OrderID] DESC, [s].[ShowtimeID], [m].[MovieID], [r].[RoomID], [t0].[OrderID], [t0].[SeatID]
2026-05-20 20:13:41.746 +07:00 [INF] Executing ViewResult, running view Index.
2026-05-20 20:13:41.763 +07:00 [INF] Executed ViewResult - view Index executed in 17.2283ms.
2026-05-20 20:13:41.763 +07:00 [INF] Executed action AuraCinema.Web.Controllers.HomeController.Index (AuraCinema.Web) in 297.5209ms
2026-05-20 20:13:41.763 +07:00 [INF] Executed endpoint 'AuraCinema.Web.Controllers.HomeController.Index (AuraCinema.Web)'
2026-05-20 20:13:41.763 +07:00 [INF] Request finished HTTP/1.1 GET http://localhost:5231/ - 200 null text/html; charset=utf-8 298.5523ms
2026-05-20 20:13:47.887 +07:00 [INF] Request starting HTTP/1.1 POST http://localhost:5231/api/chatbot/message - application/json 91
2026-05-20 20:13:47.889 +07:00 [INF] Executing endpoint 'AuraCinema.Web.Controllers.ChatbotController.ProcessMessage (AuraCinema.Web)'
2026-05-20 20:13:47.889 +07:00 [INF] Route matched with {action = "ProcessMessage", controller = "Chatbot", area = ""}. Executing controller action with signature System.Threading.Tasks.Task`1[Microsoft.AspNetCore.Mvc.IActionResult] ProcessMessage(AuraCinema.Domain.Models.Chat.ChatRequest) on controller AuraCinema.Web.Controllers.ChatbotController (AuraCinema.Web).
2026-05-20 20:13:47.891 +07:00 [INF] Start processing HTTP request POST https://generativelanguage.googleapis.com/v1beta/models/gemini-3.5-flash:generateContent?*
2026-05-20 20:13:47.891 +07:00 [INF] Sending HTTP request POST https://generativelanguage.googleapis.com/v1beta/models/gemini-3.5-flash:generateContent?*
2026-05-20 20:13:49.860 +07:00 [INF] Received HTTP response headers after 1968.1591ms - 200
2026-05-20 20:13:49.860 +07:00 [INF] End processing HTTP request after 1968.5268ms - 200
2026-05-20 20:13:49.877 +07:00 [INF] Executing tool: search_movies with args: {
                "status": "Dang chieu"
              }
2026-05-20 20:13:49.894 +07:00 [INF] Executed DbCommand (2ms) [Parameters=[@__p_1='?' (DbType = Int32), @__status_0='?' (Size = 50)], CommandType='"Text"', CommandTimeout='30']
SELECT TOP(@__p_1) [m].[MovieID], [m].[Title], [m].[Genre], [m].[Duration], [m].[Poster], CASE
    WHEN [m].[Status] = N'Dang chieu' THEN N'Đang chiếu'
    ELSE N'Sắp chiếu'
END AS [Status]
FROM [Movies] AS [m]
WHERE [m].[Status] = @__status_0
ORDER BY CASE
    WHEN [m].[Status] = N'Dang chieu' THEN CAST(1 AS bit)
    ELSE CAST(0 AS bit)
END DESC, [m].[ReleaseDate] DESC
2026-05-20 20:13:49.907 +07:00 [INF] Start processing HTTP request POST https://generativelanguage.googleapis.com/v1beta/models/gemini-3.5-flash:generateContent?*
2026-05-20 20:13:49.907 +07:00 [INF] Sending HTTP request POST https://generativelanguage.googleapis.com/v1beta/models/gemini-3.5-flash:generateContent?*
2026-05-20 20:13:51.371 +07:00 [INF] Received HTTP response headers after 1463.0026ms - 200
2026-05-20 20:13:51.371 +07:00 [INF] End processing HTTP request after 1463.6325ms - 200
2026-05-20 20:13:51.390 +07:00 [INF] Executing OkObjectResult, writing value of type 'AuraCinema.Domain.Models.Chat.ChatResponse'.
2026-05-20 20:13:51.392 +07:00 [INF] Executed action AuraCinema.Web.Controllers.ChatbotController.ProcessMessage (AuraCinema.Web) in 3503.6309ms
2026-05-20 20:13:51.393 +07:00 [INF] Executed endpoint 'AuraCinema.Web.Controllers.ChatbotController.ProcessMessage (AuraCinema.Web)'
2026-05-20 20:13:51.393 +07:00 [INF] Request finished HTTP/1.1 POST http://localhost:5231/api/chatbot/message - 200 null application/json; charset=utf-8 3505.7608ms
2026-05-20 20:13:59.044 +07:00 [INF] Request starting HTTP/1.1 POST http://localhost:5231/api/chatbot/message - application/json 524
2026-05-20 20:13:59.045 +07:00 [INF] Executing endpoint 'AuraCinema.Web.Controllers.ChatbotController.ProcessMessage (AuraCinema.Web)'
2026-05-20 20:13:59.045 +07:00 [INF] Route matched with {action = "ProcessMessage", controller = "Chatbot", area = ""}. Executing controller action with signature System.Threading.Tasks.Task`1[Microsoft.AspNetCore.Mvc.IActionResult] ProcessMessage(AuraCinema.Domain.Models.Chat.ChatRequest) on controller AuraCinema.Web.Controllers.ChatbotController (AuraCinema.Web).
2026-05-20 20:13:59.048 +07:00 [INF] Start processing HTTP request POST https://generativelanguage.googleapis.com/v1beta/models/gemini-3.5-flash:generateContent?*
2026-05-20 20:13:59.048 +07:00 [INF] Sending HTTP request POST https://generativelanguage.googleapis.com/v1beta/models/gemini-3.5-flash:generateContent?*
2026-05-20 20:14:00.802 +07:00 [INF] Received HTTP response headers after 1753.9202ms - 200
2026-05-20 20:14:00.802 +07:00 [INF] End processing HTTP request after 1754.3989ms - 200
2026-05-20 20:14:00.816 +07:00 [INF] Executing tool: get_showtimes with args: {
                "movie_title": "Yêu Nữ Thích Hàng Hiệu 2"
              }
2026-05-20 20:14:00.833 +07:00 [INF] Executed DbCommand (4ms) [Parameters=[@__movieTitle_0_contains='?' (Size = 255)], CommandType='"Text"', CommandTimeout='30']
SELECT TOP(1) [m].[MovieID], [m].[Actors], [m].[Director], [m].[Duration], [m].[Genre], [m].[MovieCode], [m].[Poster], [m].[ReleaseDate], [m].[Status], [m].[Title], [m].[Trailer]
FROM [Movies] AS [m]
WHERE [m].[Title] LIKE @__movieTitle_0_contains ESCAPE N'\' AND [m].[Status] IN (N'Dang chieu', N'Sap chieu')
2026-05-20 20:14:00.848 +07:00 [INF] Executed DbCommand (6ms) [Parameters=[@__p_3='?' (DbType = Int32), @__movie_MovieID_0='?' (DbType = Int32), @__now_1='?' (DbType = DateTime2), @__targetDate_2='?' (DbType = DateTime2)], CommandType='"Text"', CommandTimeout='30']
SELECT [t].[ShowtimeID], [t].[EndTime], [t].[MovieID], [t].[RoomID], [t].[ShowtimeCode], [t].[StartTime], [t].[Status], [r].[RoomID], [r].[Capacity], [r].[RoomCode], [r].[RoomName], [r].[Status]
FROM (
    SELECT TOP(@__p_3) [s].[ShowtimeID], [s].[EndTime], [s].[MovieID], [s].[RoomID], [s].[ShowtimeCode], [s].[StartTime], [s].[Status]
    FROM [Showtimes] AS [s]
    WHERE [s].[MovieID] = @__movie_MovieID_0 AND [s].[Status] = N'Đang mở bán' AND [s].[StartTime] >= @__now_1 AND CONVERT(date, [s].[StartTime]) = @__targetDate_2
    ORDER BY [s].[StartTime]
) AS [t]
INNER JOIN [Rooms] AS [r] ON [t].[RoomID] = [r].[RoomID]
ORDER BY [t].[StartTime]
2026-05-20 20:14:00.858 +07:00 [INF] Executed DbCommand (3ms) [Parameters=[@__p_2='?' (DbType = Int32), @__movie_MovieID_0='?' (DbType = Int32), @__now_1='?' (DbType = DateTime2)], CommandType='"Text"', CommandTimeout='30']
SELECT [t].[ShowtimeID], [t].[EndTime], [t].[MovieID], [t].[RoomID], [t].[ShowtimeCode], [t].[StartTime], [t].[Status], [r].[RoomID], [r].[Capacity], [r].[RoomCode], [r].[RoomName], [r].[Status]
FROM (
    SELECT TOP(@__p_2) [s].[ShowtimeID], [s].[EndTime], [s].[MovieID], [s].[RoomID], [s].[ShowtimeCode], [s].[StartTime], [s].[Status]
    FROM [Showtimes] AS [s]
    WHERE [s].[MovieID] = @__movie_MovieID_0 AND [s].[Status] = N'Đang mở bán' AND [s].[StartTime] >= @__now_1
    ORDER BY [s].[StartTime]
) AS [t]
INNER JOIN [Rooms] AS [r] ON [t].[RoomID] = [r].[RoomID]
ORDER BY [t].[StartTime]
2026-05-20 20:14:00.950 +07:00 [INF] Executed DbCommand (21ms) [Parameters=[@__showtimeIds_0='?' (Size = 4000)], CommandType='"Text"', CommandTimeout='30']
SELECT [o1].[ShowtimeID], COUNT(*) AS [Sold]
FROM [Orders] AS [o]
INNER JOIN [OrderSeats] AS [o0] ON [o].[OrderID] = [o0].[OrderID]
INNER JOIN [Orders] AS [o1] ON [o0].[OrderID] = [o1].[OrderID]
WHERE [o].[ShowtimeID] IN (
    SELECT [s].[value]
    FROM OPENJSON(@__showtimeIds_0) WITH ([value] int '$') AS [s]
) AND ([o].[Status] = N'Đã thanh toán' OR ([o].[Status] = N'Chờ thanh toán' AND [o].[HoldExpiryTime] > GETDATE()))
GROUP BY [o1].[ShowtimeID]
2026-05-20 20:14:00.956 +07:00 [INF] Start processing HTTP request POST https://generativelanguage.googleapis.com/v1beta/models/gemini-3.5-flash:generateContent?*
2026-05-20 20:14:00.956 +07:00 [INF] Sending HTTP request POST https://generativelanguage.googleapis.com/v1beta/models/gemini-3.5-flash:generateContent?*
2026-05-20 20:14:01.086 +07:00 [INF] Received HTTP response headers after 129.7698ms - 429
2026-05-20 20:14:01.086 +07:00 [INF] End processing HTTP request after 130.253ms - 429
2026-05-20 20:14:01.103 +07:00 [ERR] Gemini API error: "TooManyRequests" - {
  "error": {
    "code": 429,
    "message": "You exceeded your current quota, please check your plan and billing details. For more information on this error, head to: https://ai.google.dev/gemini-api/docs/rate-limits. To monitor your current usage, head to: https://ai.dev/rate-limit. \n* Quota exceeded for metric: generativelanguage.googleapis.com/generate_content_free_tier_requests, limit: 20, model: gemini-3.5-flash\nPlease retry in 59.144272373s.",
    "status": "RESOURCE_EXHAUSTED",
    "details": [
      {
        "@type": "type.googleapis.com/google.rpc.Help",
        "links": [
          {
            "description": "Learn more about Gemini API quotas",
            "url": "https://ai.google.dev/gemini-api/docs/rate-limits"
          }
        ]
      },
      {
        "@type": "type.googleapis.com/google.rpc.QuotaFailure",
        "violations": [
          {
            "quotaMetric": "generativelanguage.googleapis.com/generate_content_free_tier_requests",
            "quotaId": "GenerateRequestsPerDayPerProjectPerModel-FreeTier",
            "quotaDimensions": {
              "location": "global",
              "model": "gemini-3.5-flash"
            },
            "quotaValue": "20"
          }
        ]
      },
      {
        "@type": "type.googleapis.com/google.rpc.RetryInfo",
        "retryDelay": "59s"
      }
    ]
  }
}

2026-05-20 20:14:01.104 +07:00 [INF] Executing OkObjectResult, writing value of type 'AuraCinema.Domain.Models.Chat.ChatResponse'.
2026-05-20 20:14:01.106 +07:00 [INF] Executed action AuraCinema.Web.Controllers.ChatbotController.ProcessMessage (AuraCinema.Web) in 2060.9115ms
2026-05-20 20:14:01.106 +07:00 [INF] Executed endpoint 'AuraCinema.Web.Controllers.ChatbotController.ProcessMessage (AuraCinema.Web)'
2026-05-20 20:14:01.106 +07:00 [INF] Request finished HTTP/1.1 POST http://localhost:5231/api/chatbot/message - 200 null application/json; charset=utf-8 2062.2278ms
2026-05-20 20:14:03.539 +07:00 [INF] Executed DbCommand (1ms) [Parameters=[], CommandType='"Text"', CommandTimeout='30']
SELECT [o].[OrderID], [o].[FinalAmount], [o].[HoldExpiryTime], [o].[OrderCode], [o].[PayOSTransID], [o].[PromoID], [o].[QrCode], [o].[ShowtimeID], [o].[Status], [o].[TotalAmount], [o].[UserID]
FROM [Orders] AS [o]
WHERE [o].[Status] = N'Chờ thanh toán' AND [o].[HoldExpiryTime] <= GETDATE()
2026-05-20 20:14:03.540 +07:00 [INF] Executed DbCommand (0ms) [Parameters=[@__maxSellingDate_0='?' (DbType = DateTime2), @__now_1='?' (DbType = DateTime2)], CommandType='"Text"', CommandTimeout='30']
SELECT [s].[ShowtimeID], [s].[EndTime], [s].[MovieID], [s].[RoomID], [s].[ShowtimeCode], [s].[StartTime], [s].[Status]
FROM [Showtimes] AS [s]
WHERE [s].[Status] IN (N'Đã lên lịch', N'Sap chieu') AND CONVERT(date, [s].[StartTime]) <= @__maxSellingDate_0 AND [s].[StartTime] > @__now_1
2026-05-20 20:14:03.541 +07:00 [INF] Executed DbCommand (0ms) [Parameters=[@__now_0='?' (DbType = DateTime2)], CommandType='"Text"', CommandTimeout='30']
SELECT [s].[ShowtimeID], [s].[EndTime], [s].[MovieID], [s].[RoomID], [s].[ShowtimeCode], [s].[StartTime], [s].[Status]
FROM [Showtimes] AS [s]
WHERE [s].[Status] IN (N'Đã lên lịch', N'Đang mở bán', N'Sap chieu') AND [s].[StartTime] <= @__now_0 AND [s].[EndTime] > @__now_0
2026-05-20 20:14:03.542 +07:00 [INF] Executed DbCommand (0ms) [Parameters=[@__now_0='?' (DbType = DateTime2)], CommandType='"Text"', CommandTimeout='30']
SELECT [s].[ShowtimeID], [s].[EndTime], [s].[MovieID], [s].[RoomID], [s].[ShowtimeCode], [s].[StartTime], [s].[Status]
FROM [Showtimes] AS [s]
WHERE [s].[Status] IN (N'Đã lên lịch', N'Đang mở bán', N'Đang chiếu', N'Sap chieu', N'Dang dien ra') AND [s].[EndTime] <= @__now_0
2026-05-20 20:14:13.095 +07:00 [INF] Request starting HTTP/1.1 POST http://localhost:5231/api/chatbot/message - application/json 775
2026-05-20 20:14:13.096 +07:00 [INF] Executing endpoint 'AuraCinema.Web.Controllers.ChatbotController.ProcessMessage (AuraCinema.Web)'
2026-05-20 20:14:13.096 +07:00 [INF] Route matched with {action = "ProcessMessage", controller = "Chatbot", area = ""}. Executing controller action with signature System.Threading.Tasks.Task`1[Microsoft.AspNetCore.Mvc.IActionResult] ProcessMessage(AuraCinema.Domain.Models.Chat.ChatRequest) on controller AuraCinema.Web.Controllers.ChatbotController (AuraCinema.Web).
2026-05-20 20:14:13.097 +07:00 [INF] Start processing HTTP request POST https://generativelanguage.googleapis.com/v1beta/models/gemini-3.5-flash:generateContent?*
2026-05-20 20:14:13.098 +07:00 [INF] Sending HTTP request POST https://generativelanguage.googleapis.com/v1beta/models/gemini-3.5-flash:generateContent?*
2026-05-20 20:14:13.216 +07:00 [INF] Received HTTP response headers after 118.5932ms - 429
2026-05-20 20:14:13.216 +07:00 [INF] End processing HTTP request after 119.1099ms - 429
2026-05-20 20:14:13.218 +07:00 [ERR] Gemini API error: "TooManyRequests" - {
  "error": {
    "code": 429,
    "message": "You exceeded your current quota, please check your plan and billing details. For more information on this error, head to: https://ai.google.dev/gemini-api/docs/rate-limits. To monitor your current usage, head to: https://ai.dev/rate-limit. \n* Quota exceeded for metric: generativelanguage.googleapis.com/generate_content_free_tier_requests, limit: 20, model: gemini-3.5-flash\nPlease retry in 47.014851458s.",
    "status": "RESOURCE_EXHAUSTED",
    "details": [
      {
        "@type": "type.googleapis.com/google.rpc.Help",
        "links": [
          {
            "description": "Learn more about Gemini API quotas",
            "url": "https://ai.google.dev/gemini-api/docs/rate-limits"
          }
        ]
      },
      {
        "@type": "type.googleapis.com/google.rpc.QuotaFailure",
        "violations": [
          {
            "quotaMetric": "generativelanguage.googleapis.com/generate_content_free_tier_requests",
            "quotaId": "GenerateRequestsPerDayPerProjectPerModel-FreeTier",
            "quotaDimensions": {
              "model": "gemini-3.5-flash",
              "location": "global"
            },
            "quotaValue": "20"
          }
        ]
      },
      {
        "@type": "type.googleapis.com/google.rpc.RetryInfo",
        "retryDelay": "47s"
      }
    ]
  }
}

2026-05-20 20:14:13.218 +07:00 [INF] Executing OkObjectResult, writing value of type 'AuraCinema.Domain.Models.Chat.ChatResponse'.
2026-05-20 20:14:13.218 +07:00 [INF] Executed action AuraCinema.Web.Controllers.ChatbotController.ProcessMessage (AuraCinema.Web) in 122.2695ms
2026-05-20 20:14:13.219 +07:00 [INF] Executed endpoint 'AuraCinema.Web.Controllers.ChatbotController.ProcessMessage (AuraCinema.Web)'
2026-05-20 20:14:13.219 +07:00 [INF] Request finished HTTP/1.1 POST http://localhost:5231/api/chatbot/message - 200 null application/json; charset=utf-8 123.3595ms
2026-05-20 20:15:03.546 +07:00 [INF] Executed DbCommand (1ms) [Parameters=[], CommandType='"Text"', CommandTimeout='30']
SELECT [o].[OrderID], [o].[FinalAmount], [o].[HoldExpiryTime], [o].[OrderCode], [o].[PayOSTransID], [o].[PromoID], [o].[QrCode], [o].[ShowtimeID], [o].[Status], [o].[TotalAmount], [o].[UserID]
FROM [Orders] AS [o]
WHERE [o].[Status] = N'Chờ thanh toán' AND [o].[HoldExpiryTime] <= GETDATE()
2026-05-20 20:15:03.548 +07:00 [INF] Executed DbCommand (1ms) [Parameters=[@__maxSellingDate_0='?' (DbType = DateTime2), @__now_1='?' (DbType = DateTime2)], CommandType='"Text"', CommandTimeout='30']
SELECT [s].[ShowtimeID], [s].[EndTime], [s].[MovieID], [s].[RoomID], [s].[ShowtimeCode], [s].[StartTime], [s].[Status]
FROM [Showtimes] AS [s]
WHERE [s].[Status] IN (N'Đã lên lịch', N'Sap chieu') AND CONVERT(date, [s].[StartTime]) <= @__maxSellingDate_0 AND [s].[StartTime] > @__now_1
2026-05-20 20:15:03.550 +07:00 [INF] Executed DbCommand (1ms) [Parameters=[@__now_0='?' (DbType = DateTime2)], CommandType='"Text"', CommandTimeout='30']
SELECT [s].[ShowtimeID], [s].[EndTime], [s].[MovieID], [s].[RoomID], [s].[ShowtimeCode], [s].[StartTime], [s].[Status]
FROM [Showtimes] AS [s]
WHERE [s].[Status] IN (N'Đã lên lịch', N'Đang mở bán', N'Sap chieu') AND [s].[StartTime] <= @__now_0 AND [s].[EndTime] > @__now_0
2026-05-20 20:15:03.551 +07:00 [INF] Executed DbCommand (1ms) [Parameters=[@__now_0='?' (DbType = DateTime2)], CommandType='"Text"', CommandTimeout='30']
SELECT [s].[ShowtimeID], [s].[EndTime], [s].[MovieID], [s].[RoomID], [s].[ShowtimeCode], [s].[StartTime], [s].[Status]
FROM [Showtimes] AS [s]
WHERE [s].[Status] IN (N'Đã lên lịch', N'Đang mở bán', N'Đang chiếu', N'Sap chieu', N'Dang dien ra') AND [s].[EndTime] <= @__now_0
2026-05-20 20:16:03.553 +07:00 [INF] Executed DbCommand (1ms) [Parameters=[], CommandType='"Text"', CommandTimeout='30']
SELECT [o].[OrderID], [o].[FinalAmount], [o].[HoldExpiryTime], [o].[OrderCode], [o].[PayOSTransID], [o].[PromoID], [o].[QrCode], [o].[ShowtimeID], [o].[Status], [o].[TotalAmount], [o].[UserID]
FROM [Orders] AS [o]
WHERE [o].[Status] = N'Chờ thanh toán' AND [o].[HoldExpiryTime] <= GETDATE()
2026-05-20 20:16:03.579 +07:00 [INF] Executed DbCommand (22ms) [Parameters=[@__maxSellingDate_0='?' (DbType = DateTime2), @__now_1='?' (DbType = DateTime2)], CommandType='"Text"', CommandTimeout='30']
SELECT [s].[ShowtimeID], [s].[EndTime], [s].[MovieID], [s].[RoomID], [s].[ShowtimeCode], [s].[StartTime], [s].[Status]
FROM [Showtimes] AS [s]
WHERE [s].[Status] IN (N'Đã lên lịch', N'Sap chieu') AND CONVERT(date, [s].[StartTime]) <= @__maxSellingDate_0 AND [s].[StartTime] > @__now_1
2026-05-20 20:16:03.587 +07:00 [INF] Executed DbCommand (7ms) [Parameters=[@__now_0='?' (DbType = DateTime2)], CommandType='"Text"', CommandTimeout='30']
SELECT [s].[ShowtimeID], [s].[EndTime], [s].[MovieID], [s].[RoomID], [s].[ShowtimeCode], [s].[StartTime], [s].[Status]
FROM [Showtimes] AS [s]
WHERE [s].[Status] IN (N'Đã lên lịch', N'Đang mở bán', N'Sap chieu') AND [s].[StartTime] <= @__now_0 AND [s].[EndTime] > @__now_0
2026-05-20 20:16:03.588 +07:00 [INF] Executed DbCommand (0ms) [Parameters=[@__now_0='?' (DbType = DateTime2)], CommandType='"Text"', CommandTimeout='30']
SELECT [s].[ShowtimeID], [s].[EndTime], [s].[MovieID], [s].[RoomID], [s].[ShowtimeCode], [s].[StartTime], [s].[Status]
FROM [Showtimes] AS [s]
WHERE [s].[Status] IN (N'Đã lên lịch', N'Đang mở bán', N'Đang chiếu', N'Sap chieu', N'Dang dien ra') AND [s].[EndTime] <= @__now_0
2026-05-20 20:17:03.592 +07:00 [INF] Executed DbCommand (1ms) [Parameters=[], CommandType='"Text"', CommandTimeout='30']
SELECT [o].[OrderID], [o].[FinalAmount], [o].[HoldExpiryTime], [o].[OrderCode], [o].[PayOSTransID], [o].[PromoID], [o].[QrCode], [o].[ShowtimeID], [o].[Status], [o].[TotalAmount], [o].[UserID]
FROM [Orders] AS [o]
WHERE [o].[Status] = N'Chờ thanh toán' AND [o].[HoldExpiryTime] <= GETDATE()
2026-05-20 20:17:03.594 +07:00 [INF] Executed DbCommand (1ms) [Parameters=[@__maxSellingDate_0='?' (DbType = DateTime2), @__now_1='?' (DbType = DateTime2)], CommandType='"Text"', CommandTimeout='30']
SELECT [s].[ShowtimeID], [s].[EndTime], [s].[MovieID], [s].[RoomID], [s].[ShowtimeCode], [s].[StartTime], [s].[Status]
FROM [Showtimes] AS [s]
WHERE [s].[Status] IN (N'Đã lên lịch', N'Sap chieu') AND CONVERT(date, [s].[StartTime]) <= @__maxSellingDate_0 AND [s].[StartTime] > @__now_1
2026-05-20 20:17:03.595 +07:00 [INF] Executed DbCommand (0ms) [Parameters=[@__now_0='?' (DbType = DateTime2)], CommandType='"Text"', CommandTimeout='30']
SELECT [s].[ShowtimeID], [s].[EndTime], [s].[MovieID], [s].[RoomID], [s].[ShowtimeCode], [s].[StartTime], [s].[Status]
FROM [Showtimes] AS [s]
WHERE [s].[Status] IN (N'Đã lên lịch', N'Đang mở bán', N'Sap chieu') AND [s].[StartTime] <= @__now_0 AND [s].[EndTime] > @__now_0
2026-05-20 20:17:03.595 +07:00 [INF] Executed DbCommand (0ms) [Parameters=[@__now_0='?' (DbType = DateTime2)], CommandType='"Text"', CommandTimeout='30']
SELECT [s].[ShowtimeID], [s].[EndTime], [s].[MovieID], [s].[RoomID], [s].[ShowtimeCode], [s].[StartTime], [s].[Status]
FROM [Showtimes] AS [s]
WHERE [s].[Status] IN (N'Đã lên lịch', N'Đang mở bán', N'Đang chiếu', N'Sap chieu', N'Dang dien ra') AND [s].[EndTime] <= @__now_0
2026-05-20 20:18:03.606 +07:00 [INF] Executed DbCommand (1ms) [Parameters=[], CommandType='"Text"', CommandTimeout='30']
SELECT [o].[OrderID], [o].[FinalAmount], [o].[HoldExpiryTime], [o].[OrderCode], [o].[PayOSTransID], [o].[PromoID], [o].[QrCode], [o].[ShowtimeID], [o].[Status], [o].[TotalAmount], [o].[UserID]
FROM [Orders] AS [o]
WHERE [o].[Status] = N'Chờ thanh toán' AND [o].[HoldExpiryTime] <= GETDATE()
2026-05-20 20:18:03.608 +07:00 [INF] Executed DbCommand (1ms) [Parameters=[@__maxSellingDate_0='?' (DbType = DateTime2), @__now_1='?' (DbType = DateTime2)], CommandType='"Text"', CommandTimeout='30']
SELECT [s].[ShowtimeID], [s].[EndTime], [s].[MovieID], [s].[RoomID], [s].[ShowtimeCode], [s].[StartTime], [s].[Status]
FROM [Showtimes] AS [s]
WHERE [s].[Status] IN (N'Đã lên lịch', N'Sap chieu') AND CONVERT(date, [s].[StartTime]) <= @__maxSellingDate_0 AND [s].[StartTime] > @__now_1
2026-05-20 20:18:03.609 +07:00 [INF] Executed DbCommand (1ms) [Parameters=[@__now_0='?' (DbType = DateTime2)], CommandType='"Text"', CommandTimeout='30']
SELECT [s].[ShowtimeID], [s].[EndTime], [s].[MovieID], [s].[RoomID], [s].[ShowtimeCode], [s].[StartTime], [s].[Status]
FROM [Showtimes] AS [s]
WHERE [s].[Status] IN (N'Đã lên lịch', N'Đang mở bán', N'Sap chieu') AND [s].[StartTime] <= @__now_0 AND [s].[EndTime] > @__now_0
2026-05-20 20:18:03.611 +07:00 [INF] Executed DbCommand (1ms) [Parameters=[@__now_0='?' (DbType = DateTime2)], CommandType='"Text"', CommandTimeout='30']
SELECT [s].[ShowtimeID], [s].[EndTime], [s].[MovieID], [s].[RoomID], [s].[ShowtimeCode], [s].[StartTime], [s].[Status]
FROM [Showtimes] AS [s]
WHERE [s].[Status] IN (N'Đã lên lịch', N'Đang mở bán', N'Đang chiếu', N'Sap chieu', N'Dang dien ra') AND [s].[EndTime] <= @__now_0
2026-05-20 20:18:24.312 +07:00 [INF] Request starting HTTP/1.1 POST http://localhost:5231/api/chatbot/message - application/json 990
2026-05-20 20:18:24.312 +07:00 [INF] Executing endpoint 'AuraCinema.Web.Controllers.ChatbotController.ProcessMessage (AuraCinema.Web)'
2026-05-20 20:18:24.313 +07:00 [INF] Route matched with {action = "ProcessMessage", controller = "Chatbot", area = ""}. Executing controller action with signature System.Threading.Tasks.Task`1[Microsoft.AspNetCore.Mvc.IActionResult] ProcessMessage(AuraCinema.Domain.Models.Chat.ChatRequest) on controller AuraCinema.Web.Controllers.ChatbotController (AuraCinema.Web).
2026-05-20 20:18:24.315 +07:00 [INF] Start processing HTTP request POST https://generativelanguage.googleapis.com/v1beta/models/gemini-3.5-flash:generateContent?*
2026-05-20 20:18:24.315 +07:00 [INF] Sending HTTP request POST https://generativelanguage.googleapis.com/v1beta/models/gemini-3.5-flash:generateContent?*
2026-05-20 20:18:24.785 +07:00 [INF] Received HTTP response headers after 470.194ms - 429
2026-05-20 20:18:24.786 +07:00 [INF] End processing HTTP request after 470.6248ms - 429
2026-05-20 20:18:24.798 +07:00 [ERR] Gemini API error: "TooManyRequests" - {
  "error": {
    "code": 429,
    "message": "You exceeded your current quota, please check your plan and billing details. For more information on this error, head to: https://ai.google.dev/gemini-api/docs/rate-limits. To monitor your current usage, head to: https://ai.dev/rate-limit. \n* Quota exceeded for metric: generativelanguage.googleapis.com/generate_content_free_tier_requests, limit: 20, model: gemini-3.5-flash\nPlease retry in 35.444193336s.",
    "status": "RESOURCE_EXHAUSTED",
    "details": [
      {
        "@type": "type.googleapis.com/google.rpc.Help",
        "links": [
          {
            "description": "Learn more about Gemini API quotas",
            "url": "https://ai.google.dev/gemini-api/docs/rate-limits"
          }
        ]
      },
      {
        "@type": "type.googleapis.com/google.rpc.QuotaFailure",
        "violations": [
          {
            "quotaMetric": "generativelanguage.googleapis.com/generate_content_free_tier_requests",
            "quotaId": "GenerateRequestsPerDayPerProjectPerModel-FreeTier",
            "quotaDimensions": {
              "location": "global",
              "model": "gemini-3.5-flash"
            },
            "quotaValue": "20"
          }
        ]
      },
      {
        "@type": "type.googleapis.com/google.rpc.RetryInfo",
        "retryDelay": "35s"
      }
    ]
  }
}

2026-05-20 20:18:24.798 +07:00 [INF] Executing OkObjectResult, writing value of type 'AuraCinema.Domain.Models.Chat.ChatResponse'.
2026-05-20 20:18:24.799 +07:00 [INF] Executed action AuraCinema.Web.Controllers.ChatbotController.ProcessMessage (AuraCinema.Web) in 485.7503ms
2026-05-20 20:18:24.799 +07:00 [INF] Executed endpoint 'AuraCinema.Web.Controllers.ChatbotController.ProcessMessage (AuraCinema.Web)'
2026-05-20 20:18:24.799 +07:00 [INF] Request finished HTTP/1.1 POST http://localhost:5231/api/chatbot/message - 200 null application/json; charset=utf-8 487.205ms
2026-05-20 20:18:31.251 +07:00 [INF] Request starting HTTP/1.1 POST http://localhost:5231/api/chatbot/message - application/json 1111
2026-05-20 20:18:31.251 +07:00 [INF] Executing endpoint 'AuraCinema.Web.Controllers.ChatbotController.ProcessMessage (AuraCinema.Web)'
2026-05-20 20:18:31.251 +07:00 [INF] Route matched with {action = "ProcessMessage", controller = "Chatbot", area = ""}. Executing controller action with signature System.Threading.Tasks.Task`1[Microsoft.AspNetCore.Mvc.IActionResult] ProcessMessage(AuraCinema.Domain.Models.Chat.ChatRequest) on controller AuraCinema.Web.Controllers.ChatbotController (AuraCinema.Web).
2026-05-20 20:18:31.253 +07:00 [INF] Start processing HTTP request POST https://generativelanguage.googleapis.com/v1beta/models/gemini-3.5-flash:generateContent?*
2026-05-20 20:18:31.253 +07:00 [INF] Sending HTTP request POST https://generativelanguage.googleapis.com/v1beta/models/gemini-3.5-flash:generateContent?*
2026-05-20 20:18:31.406 +07:00 [INF] Received HTTP response headers after 153.2174ms - 429
2026-05-20 20:18:31.406 +07:00 [INF] End processing HTTP request after 153.6135ms - 429
2026-05-20 20:18:31.411 +07:00 [ERR] Gemini API error: "TooManyRequests" - {
  "error": {
    "code": 429,
    "message": "You exceeded your current quota, please check your plan and billing details. For more information on this error, head to: https://ai.google.dev/gemini-api/docs/rate-limits. To monitor your current usage, head to: https://ai.dev/rate-limit. \n* Quota exceeded for metric: generativelanguage.googleapis.com/generate_content_free_tier_requests, limit: 20, model: gemini-3.5-flash\nPlease retry in 28.820787008s.",
    "status": "RESOURCE_EXHAUSTED",
    "details": [
      {
        "@type": "type.googleapis.com/google.rpc.Help",
        "links": [
          {
            "description": "Learn more about Gemini API quotas",
            "url": "https://ai.google.dev/gemini-api/docs/rate-limits"
          }
        ]
      },
      {
        "@type": "type.googleapis.com/google.rpc.QuotaFailure",
        "violations": [
          {
            "quotaMetric": "generativelanguage.googleapis.com/generate_content_free_tier_requests",
            "quotaId": "GenerateRequestsPerDayPerProjectPerModel-FreeTier",
            "quotaDimensions": {
              "location": "global",
              "model": "gemini-3.5-flash"
            },
            "quotaValue": "20"
          }
        ]
      },
      {
        "@type": "type.googleapis.com/google.rpc.RetryInfo",
        "retryDelay": "28s"
      }
    ]
  }
}

2026-05-20 20:18:31.412 +07:00 [INF] Executing OkObjectResult, writing value of type 'AuraCinema.Domain.Models.Chat.ChatResponse'.
2026-05-20 20:18:31.412 +07:00 [INF] Executed action AuraCinema.Web.Controllers.ChatbotController.ProcessMessage (AuraCinema.Web) in 160.8372ms
2026-05-20 20:18:31.413 +07:00 [INF] Executed endpoint 'AuraCinema.Web.Controllers.ChatbotController.ProcessMessage (AuraCinema.Web)'
2026-05-20 20:18:31.413 +07:00 [INF] Request finished HTTP/1.1 POST http://localhost:5231/api/chatbot/message - 200 null application/json; charset=utf-8 161.893ms
2026-05-20 20:18:33.208 +07:00 [INF] Request starting HTTP/1.1 POST http://localhost:5231/api/chatbot/message - application/json 1253
2026-05-20 20:18:33.209 +07:00 [INF] Executing endpoint 'AuraCinema.Web.Controllers.ChatbotController.ProcessMessage (AuraCinema.Web)'
2026-05-20 20:18:33.209 +07:00 [INF] Route matched with {action = "ProcessMessage", controller = "Chatbot", area = ""}. Executing controller action with signature System.Threading.Tasks.Task`1[Microsoft.AspNetCore.Mvc.IActionResult] ProcessMessage(AuraCinema.Domain.Models.Chat.ChatRequest) on controller AuraCinema.Web.Controllers.ChatbotController (AuraCinema.Web).
2026-05-20 20:18:33.211 +07:00 [INF] Start processing HTTP request POST https://generativelanguage.googleapis.com/v1beta/models/gemini-3.5-flash:generateContent?*
2026-05-20 20:18:33.211 +07:00 [INF] Sending HTTP request POST https://generativelanguage.googleapis.com/v1beta/models/gemini-3.5-flash:generateContent?*
2026-05-20 20:18:33.329 +07:00 [INF] Received HTTP response headers after 118.6213ms - 429
2026-05-20 20:18:33.330 +07:00 [INF] End processing HTTP request after 119.08ms - 429
2026-05-20 20:18:33.332 +07:00 [ERR] Gemini API error: "TooManyRequests" - {
  "error": {
    "code": 429,
    "message": "You exceeded your current quota, please check your plan and billing details. For more information on this error, head to: https://ai.google.dev/gemini-api/docs/rate-limits. To monitor your current usage, head to: https://ai.dev/rate-limit. \n* Quota exceeded for metric: generativelanguage.googleapis.com/generate_content_free_tier_requests, limit: 20, model: gemini-3.5-flash\nPlease retry in 26.89250988s.",
    "status": "RESOURCE_EXHAUSTED",
    "details": [
      {
        "@type": "type.googleapis.com/google.rpc.Help",
        "links": [
          {
            "description": "Learn more about Gemini API quotas",
            "url": "https://ai.google.dev/gemini-api/docs/rate-limits"
          }
        ]
      },
      {
        "@type": "type.googleapis.com/google.rpc.QuotaFailure",
        "violations": [
          {
            "quotaMetric": "generativelanguage.googleapis.com/generate_content_free_tier_requests",
            "quotaId": "GenerateRequestsPerDayPerProjectPerModel-FreeTier",
            "quotaDimensions": {
              "model": "gemini-3.5-flash",
              "location": "global"
            },
            "quotaValue": "20"
          }
        ]
      },
      {
        "@type": "type.googleapis.com/google.rpc.RetryInfo",
        "retryDelay": "26s"
      }
    ]
  }
}

2026-05-20 20:18:33.332 +07:00 [INF] Executing OkObjectResult, writing value of type 'AuraCinema.Domain.Models.Chat.ChatResponse'.
2026-05-20 20:18:33.332 +07:00 [INF] Executed action AuraCinema.Web.Controllers.ChatbotController.ProcessMessage (AuraCinema.Web) in 123.0013ms
2026-05-20 20:18:33.332 +07:00 [INF] Executed endpoint 'AuraCinema.Web.Controllers.ChatbotController.ProcessMessage (AuraCinema.Web)'
2026-05-20 20:18:33.332 +07:00 [INF] Request finished HTTP/1.1 POST http://localhost:5231/api/chatbot/message - 200 null application/json; charset=utf-8 124.2904ms
2026-05-20 20:18:34.071 +07:00 [INF] Request starting HTTP/1.1 POST http://localhost:5231/api/chatbot/message - application/json 1424
2026-05-20 20:18:34.071 +07:00 [INF] Executing endpoint 'AuraCinema.Web.Controllers.ChatbotController.ProcessMessage (AuraCinema.Web)'
2026-05-20 20:18:34.071 +07:00 [INF] Route matched with {action = "ProcessMessage", controller = "Chatbot", area = ""}. Executing controller action with signature System.Threading.Tasks.Task`1[Microsoft.AspNetCore.Mvc.IActionResult] ProcessMessage(AuraCinema.Domain.Models.Chat.ChatRequest) on controller AuraCinema.Web.Controllers.ChatbotController (AuraCinema.Web).
2026-05-20 20:18:34.072 +07:00 [INF] Start processing HTTP request POST https://generativelanguage.googleapis.com/v1beta/models/gemini-3.5-flash:generateContent?*
2026-05-20 20:18:34.072 +07:00 [INF] Sending HTTP request POST https://generativelanguage.googleapis.com/v1beta/models/gemini-3.5-flash:generateContent?*
2026-05-20 20:18:34.190 +07:00 [INF] Received HTTP response headers after 117.9019ms - 429
2026-05-20 20:18:34.190 +07:00 [INF] End processing HTTP request after 118.2768ms - 429
2026-05-20 20:18:34.195 +07:00 [ERR] Gemini API error: "TooManyRequests" - {
  "error": {
    "code": 429,
    "message": "You exceeded your current quota, please check your plan and billing details. For more information on this error, head to: https://ai.google.dev/gemini-api/docs/rate-limits. To monitor your current usage, head to: https://ai.dev/rate-limit. \n* Quota exceeded for metric: generativelanguage.googleapis.com/generate_content_free_tier_requests, limit: 20, model: gemini-3.5-flash\nPlease retry in 26.032471705s.",
    "status": "RESOURCE_EXHAUSTED",
    "details": [
      {
        "@type": "type.googleapis.com/google.rpc.Help",
        "links": [
          {
            "description": "Learn more about Gemini API quotas",
            "url": "https://ai.google.dev/gemini-api/docs/rate-limits"
          }
        ]
      },
      {
        "@type": "type.googleapis.com/google.rpc.QuotaFailure",
        "violations": [
          {
            "quotaMetric": "generativelanguage.googleapis.com/generate_content_free_tier_requests",
            "quotaId": "GenerateRequestsPerDayPerProjectPerModel-FreeTier",
            "quotaDimensions": {
              "location": "global",
              "model": "gemini-3.5-flash"
            },
            "quotaValue": "20"
          }
        ]
      },
      {
        "@type": "type.googleapis.com/google.rpc.RetryInfo",
        "retryDelay": "26s"
      }
    ]
  }
}

2026-05-20 20:18:34.195 +07:00 [INF] Executing OkObjectResult, writing value of type 'AuraCinema.Domain.Models.Chat.ChatResponse'.
2026-05-20 20:18:34.196 +07:00 [INF] Executed action AuraCinema.Web.Controllers.ChatbotController.ProcessMessage (AuraCinema.Web) in 124.6759ms
2026-05-20 20:18:34.196 +07:00 [INF] Executed endpoint 'AuraCinema.Web.Controllers.ChatbotController.ProcessMessage (AuraCinema.Web)'
2026-05-20 20:18:34.196 +07:00 [INF] Request finished HTTP/1.1 POST http://localhost:5231/api/chatbot/message - 200 null application/json; charset=utf-8 125.4493ms
2026-05-20 20:18:35.265 +07:00 [INF] Request starting HTTP/1.1 POST http://localhost:5231/api/chatbot/message - application/json 1587
2026-05-20 20:18:35.266 +07:00 [INF] Executing endpoint 'AuraCinema.Web.Controllers.ChatbotController.ProcessMessage (AuraCinema.Web)'
2026-05-20 20:18:35.266 +07:00 [INF] Route matched with {action = "ProcessMessage", controller = "Chatbot", area = ""}. Executing controller action with signature System.Threading.Tasks.Task`1[Microsoft.AspNetCore.Mvc.IActionResult] ProcessMessage(AuraCinema.Domain.Models.Chat.ChatRequest) on controller AuraCinema.Web.Controllers.ChatbotController (AuraCinema.Web).
2026-05-20 20:18:35.267 +07:00 [INF] Start processing HTTP request POST https://generativelanguage.googleapis.com/v1beta/models/gemini-3.5-flash:generateContent?*
2026-05-20 20:18:35.267 +07:00 [INF] Sending HTTP request POST https://generativelanguage.googleapis.com/v1beta/models/gemini-3.5-flash:generateContent?*
2026-05-20 20:18:35.419 +07:00 [INF] Received HTTP response headers after 151.9212ms - 429
2026-05-20 20:18:35.419 +07:00 [INF] End processing HTTP request after 152.2501ms - 429
2026-05-20 20:18:35.434 +07:00 [ERR] Gemini API error: "TooManyRequests" - {
  "error": {
    "code": 429,
    "message": "You exceeded your current quota, please check your plan and billing details. For more information on this error, head to: https://ai.google.dev/gemini-api/docs/rate-limits. To monitor your current usage, head to: https://ai.dev/rate-limit. \n* Quota exceeded for metric: generativelanguage.googleapis.com/generate_content_free_tier_requests, limit: 20, model: gemini-3.5-flash\nPlease retry in 24.809910926s.",
    "status": "RESOURCE_EXHAUSTED",
    "details": [
      {
        "@type": "type.googleapis.com/google.rpc.Help",
        "links": [
          {
            "description": "Learn more about Gemini API quotas",
            "url": "https://ai.google.dev/gemini-api/docs/rate-limits"
          }
        ]
      },
      {
        "@type": "type.googleapis.com/google.rpc.QuotaFailure",
        "violations": [
          {
            "quotaMetric": "generativelanguage.googleapis.com/generate_content_free_tier_requests",
            "quotaId": "GenerateRequestsPerDayPerProjectPerModel-FreeTier",
            "quotaDimensions": {
              "location": "global",
              "model": "gemini-3.5-flash"
            },
            "quotaValue": "20"
          }
        ]
      },
      {
        "@type": "type.googleapis.com/google.rpc.RetryInfo",
        "retryDelay": "24s"
      }
    ]
  }
}

2026-05-20 20:18:35.435 +07:00 [INF] Executing OkObjectResult, writing value of type 'AuraCinema.Domain.Models.Chat.ChatResponse'.
2026-05-20 20:18:35.435 +07:00 [INF] Executed action AuraCinema.Web.Controllers.ChatbotController.ProcessMessage (AuraCinema.Web) in 169.1314ms
2026-05-20 20:18:35.435 +07:00 [INF] Executed endpoint 'AuraCinema.Web.Controllers.ChatbotController.ProcessMessage (AuraCinema.Web)'
2026-05-20 20:18:35.435 +07:00 [INF] Request finished HTTP/1.1 POST http://localhost:5231/api/chatbot/message - 200 null application/json; charset=utf-8 169.93ms
2026-05-20 20:18:35.971 +07:00 [INF] Request starting HTTP/1.1 POST http://localhost:5231/api/chatbot/message - application/json 1750
2026-05-20 20:18:35.971 +07:00 [INF] Executing endpoint 'AuraCinema.Web.Controllers.ChatbotController.ProcessMessage (AuraCinema.Web)'
2026-05-20 20:18:35.971 +07:00 [INF] Route matched with {action = "ProcessMessage", controller = "Chatbot", area = ""}. Executing controller action with signature System.Threading.Tasks.Task`1[Microsoft.AspNetCore.Mvc.IActionResult] ProcessMessage(AuraCinema.Domain.Models.Chat.ChatRequest) on controller AuraCinema.Web.Controllers.ChatbotController (AuraCinema.Web).
2026-05-20 20:18:35.972 +07:00 [INF] Start processing HTTP request POST https://generativelanguage.googleapis.com/v1beta/models/gemini-3.5-flash:generateContent?*
2026-05-20 20:18:35.973 +07:00 [INF] Sending HTTP request POST https://generativelanguage.googleapis.com/v1beta/models/gemini-3.5-flash:generateContent?*
2026-05-20 20:18:36.096 +07:00 [INF] Received HTTP response headers after 123.6639ms - 429
2026-05-20 20:18:36.096 +07:00 [INF] End processing HTTP request after 124.0655ms - 429
2026-05-20 20:18:36.112 +07:00 [ERR] Gemini API error: "TooManyRequests" - {
  "error": {
    "code": 429,
    "message": "You exceeded your current quota, please check your plan and billing details. For more information on this error, head to: https://ai.google.dev/gemini-api/docs/rate-limits. To monitor your current usage, head to: https://ai.dev/rate-limit. \n* Quota exceeded for metric: generativelanguage.googleapis.com/generate_content_free_tier_requests, limit: 20, model: gemini-3.5-flash\nPlease retry in 24.128535888s.",
    "status": "RESOURCE_EXHAUSTED",
    "details": [
      {
        "@type": "type.googleapis.com/google.rpc.Help",
        "links": [
          {
            "description": "Learn more about Gemini API quotas",
            "url": "https://ai.google.dev/gemini-api/docs/rate-limits"
          }
        ]
      },
      {
        "@type": "type.googleapis.com/google.rpc.QuotaFailure",
        "violations": [
          {
            "quotaMetric": "generativelanguage.googleapis.com/generate_content_free_tier_requests",
            "quotaId": "GenerateRequestsPerDayPerProjectPerModel-FreeTier",
            "quotaDimensions": {
              "location": "global",
              "model": "gemini-3.5-flash"
            },
            "quotaValue": "20"
          }
        ]
      },
      {
        "@type": "type.googleapis.com/google.rpc.RetryInfo",
        "retryDelay": "24s"
      }
    ]
  }
}

2026-05-20 20:18:36.113 +07:00 [INF] Executing OkObjectResult, writing value of type 'AuraCinema.Domain.Models.Chat.ChatResponse'.
2026-05-20 20:18:36.113 +07:00 [INF] Executed action AuraCinema.Web.Controllers.ChatbotController.ProcessMessage (AuraCinema.Web) in 141.8058ms
2026-05-20 20:18:36.113 +07:00 [INF] Executed endpoint 'AuraCinema.Web.Controllers.ChatbotController.ProcessMessage (AuraCinema.Web)'
2026-05-20 20:18:36.113 +07:00 [INF] Request finished HTTP/1.1 POST http://localhost:5231/api/chatbot/message - 200 null application/json; charset=utf-8 142.8149ms
2026-05-20 20:19:03.621 +07:00 [INF] Executed DbCommand (1ms) [Parameters=[], CommandType='"Text"', CommandTimeout='30']
SELECT [o].[OrderID], [o].[FinalAmount], [o].[HoldExpiryTime], [o].[OrderCode], [o].[PayOSTransID], [o].[PromoID], [o].[QrCode], [o].[ShowtimeID], [o].[Status], [o].[TotalAmount], [o].[UserID]
FROM [Orders] AS [o]
WHERE [o].[Status] = N'Chờ thanh toán' AND [o].[HoldExpiryTime] <= GETDATE()
2026-05-20 20:19:03.622 +07:00 [INF] Executed DbCommand (0ms) [Parameters=[@__maxSellingDate_0='?' (DbType = DateTime2), @__now_1='?' (DbType = DateTime2)], CommandType='"Text"', CommandTimeout='30']
SELECT [s].[ShowtimeID], [s].[EndTime], [s].[MovieID], [s].[RoomID], [s].[ShowtimeCode], [s].[StartTime], [s].[Status]
FROM [Showtimes] AS [s]
WHERE [s].[Status] IN (N'Đã lên lịch', N'Sap chieu') AND CONVERT(date, [s].[StartTime]) <= @__maxSellingDate_0 AND [s].[StartTime] > @__now_1
2026-05-20 20:19:03.623 +07:00 [INF] Executed DbCommand (0ms) [Parameters=[@__now_0='?' (DbType = DateTime2)], CommandType='"Text"', CommandTimeout='30']
SELECT [s].[ShowtimeID], [s].[EndTime], [s].[MovieID], [s].[RoomID], [s].[ShowtimeCode], [s].[StartTime], [s].[Status]
FROM [Showtimes] AS [s]
WHERE [s].[Status] IN (N'Đã lên lịch', N'Đang mở bán', N'Sap chieu') AND [s].[StartTime] <= @__now_0 AND [s].[EndTime] > @__now_0
2026-05-20 20:19:03.623 +07:00 [INF] Executed DbCommand (0ms) [Parameters=[@__now_0='?' (DbType = DateTime2)], CommandType='"Text"', CommandTimeout='30']
SELECT [s].[ShowtimeID], [s].[EndTime], [s].[MovieID], [s].[RoomID], [s].[ShowtimeCode], [s].[StartTime], [s].[Status]
FROM [Showtimes] AS [s]
WHERE [s].[Status] IN (N'Đã lên lịch', N'Đang mở bán', N'Đang chiếu', N'Sap chieu', N'Dang dien ra') AND [s].[EndTime] <= @__now_0
2026-05-20 20:20:03.629 +07:00 [INF] Executed DbCommand (1ms) [Parameters=[], CommandType='"Text"', CommandTimeout='30']
SELECT [o].[OrderID], [o].[FinalAmount], [o].[HoldExpiryTime], [o].[OrderCode], [o].[PayOSTransID], [o].[PromoID], [o].[QrCode], [o].[ShowtimeID], [o].[Status], [o].[TotalAmount], [o].[UserID]
FROM [Orders] AS [o]
WHERE [o].[Status] = N'Chờ thanh toán' AND [o].[HoldExpiryTime] <= GETDATE()
2026-05-20 20:20:03.630 +07:00 [INF] Executed DbCommand (0ms) [Parameters=[@__maxSellingDate_0='?' (DbType = DateTime2), @__now_1='?' (DbType = DateTime2)], CommandType='"Text"', CommandTimeout='30']
SELECT [s].[ShowtimeID], [s].[EndTime], [s].[MovieID], [s].[RoomID], [s].[ShowtimeCode], [s].[StartTime], [s].[Status]
FROM [Showtimes] AS [s]
WHERE [s].[Status] IN (N'Đã lên lịch', N'Sap chieu') AND CONVERT(date, [s].[StartTime]) <= @__maxSellingDate_0 AND [s].[StartTime] > @__now_1
2026-05-20 20:20:03.631 +07:00 [INF] Executed DbCommand (0ms) [Parameters=[@__now_0='?' (DbType = DateTime2)], CommandType='"Text"', CommandTimeout='30']
SELECT [s].[ShowtimeID], [s].[EndTime], [s].[MovieID], [s].[RoomID], [s].[ShowtimeCode], [s].[StartTime], [s].[Status]
FROM [Showtimes] AS [s]
WHERE [s].[Status] IN (N'Đã lên lịch', N'Đang mở bán', N'Sap chieu') AND [s].[StartTime] <= @__now_0 AND [s].[EndTime] > @__now_0
2026-05-20 20:20:03.632 +07:00 [INF] Executed DbCommand (1ms) [Parameters=[@__now_0='?' (DbType = DateTime2)], CommandType='"Text"', CommandTimeout='30']
SELECT [s].[ShowtimeID], [s].[EndTime], [s].[MovieID], [s].[RoomID], [s].[ShowtimeCode], [s].[StartTime], [s].[Status]
FROM [Showtimes] AS [s]
WHERE [s].[Status] IN (N'Đã lên lịch', N'Đang mở bán', N'Đang chiếu', N'Sap chieu', N'Dang dien ra') AND [s].[EndTime] <= @__now_0
2026-05-20 20:20:35.141 +07:00 [INF] Request starting HTTP/1.1 GET http://localhost:5231/ - null null
2026-05-20 20:20:35.142 +07:00 [INF] Executing endpoint 'AuraCinema.Web.Controllers.HomeController.Index (AuraCinema.Web)'
2026-05-20 20:20:35.142 +07:00 [INF] Route matched with {action = "Index", controller = "Home", area = ""}. Executing controller action with signature System.Threading.Tasks.Task`1[Microsoft.AspNetCore.Mvc.IActionResult] Index() on controller AuraCinema.Web.Controllers.HomeController (AuraCinema.Web).
2026-05-20 20:20:35.145 +07:00 [INF] Executed DbCommand (1ms) [Parameters=[], CommandType='"Text"', CommandTimeout='30']
SELECT [m].[MovieID], [m].[Title], [m].[Genre], [m].[Poster], [m].[Duration], [m].[Status], [m].[ReleaseDate], [m].[Director]
FROM [Movies] AS [m]
WHERE [m].[Status] IN (N'Dang chieu', N'Sap chieu')
ORDER BY [m].[ReleaseDate] DESC
2026-05-20 20:20:35.148 +07:00 [INF] Executed DbCommand (1ms) [Parameters=[@__p_1='?' (DbType = Int32), @__userId_0='?' (DbType = Int32)], CommandType='"Text"', CommandTimeout='30']
SELECT [t].[OrderID], [t].[FinalAmount], [t].[HoldExpiryTime], [t].[OrderCode], [t].[PayOSTransID], [t].[PromoID], [t].[QrCode], [t].[ShowtimeID], [t].[Status], [t].[TotalAmount], [t].[UserID], [s].[ShowtimeID], [s].[EndTime], [s].[MovieID], [s].[RoomID], [s].[ShowtimeCode], [s].[StartTime], [s].[Status], [m].[MovieID], [m].[Actors], [m].[Director], [m].[Duration], [m].[Genre], [m].[MovieCode], [m].[Poster], [m].[ReleaseDate], [m].[Status], [m].[Title], [m].[Trailer], [r].[RoomID], [r].[Capacity], [r].[RoomCode], [r].[RoomName], [r].[Status], [t0].[OrderID], [t0].[SeatID], [t0].[Price], [t0].[Status], [t0].[SeatID0], [t0].[RoomID], [t0].[RowLabel], [t0].[SeatCode], [t0].[SeatNumber], [t0].[SeatType]
FROM (
    SELECT TOP(@__p_1) [o].[OrderID], [o].[FinalAmount], [o].[HoldExpiryTime], [o].[OrderCode], [o].[PayOSTransID], [o].[PromoID], [o].[QrCode], [o].[ShowtimeID], [o].[Status], [o].[TotalAmount], [o].[UserID]
    FROM [Orders] AS [o]
    WHERE [o].[UserID] = @__userId_0 AND [o].[Status] IN (N'Da thanh toan', N'Da su dung', N'Đã thanh toán', N'Đã sử dụng')
    ORDER BY [o].[OrderID] DESC
) AS [t]
INNER JOIN [Showtimes] AS [s] ON [t].[ShowtimeID] = [s].[ShowtimeID]
INNER JOIN [Movies] AS [m] ON [s].[MovieID] = [m].[MovieID]
INNER JOIN [Rooms] AS [r] ON [s].[RoomID] = [r].[RoomID]
LEFT JOIN (
    SELECT [o0].[OrderID], [o0].[SeatID], [o0].[Price], [o0].[Status], [s0].[SeatID] AS [SeatID0], [s0].[RoomID], [s0].[RowLabel], [s0].[SeatCode], [s0].[SeatNumber], [s0].[SeatType]
    FROM [OrderSeats] AS [o0]
    INNER JOIN [Seats] AS [s0] ON [o0].[SeatID] = [s0].[SeatID]
) AS [t0] ON [t].[OrderID] = [t0].[OrderID]
ORDER BY [t].[OrderID] DESC, [s].[ShowtimeID], [m].[MovieID], [r].[RoomID], [t0].[OrderID], [t0].[SeatID]
2026-05-20 20:20:35.149 +07:00 [INF] Executing ViewResult, running view Index.
2026-05-20 20:20:35.153 +07:00 [INF] Executed ViewResult - view Index executed in 4.094ms.
2026-05-20 20:20:35.154 +07:00 [INF] Executed action AuraCinema.Web.Controllers.HomeController.Index (AuraCinema.Web) in 11.1407ms
2026-05-20 20:20:35.154 +07:00 [INF] Executed endpoint 'AuraCinema.Web.Controllers.HomeController.Index (AuraCinema.Web)'
2026-05-20 20:20:35.154 +07:00 [INF] Request finished HTTP/1.1 GET http://localhost:5231/ - 200 null text/html; charset=utf-8 12.6794ms
2026-05-20 20:20:35.198 +07:00 [INF] Request starting HTTP/1.1 GET http://localhost:5231/css/chatbot.css?v=r2u6L0FAOMDC4s9aPw1MZX42JGlCVETX6XZ-jz-lAOo - null null
2026-05-20 20:20:35.199 +07:00 [INF] The file /css/chatbot.css was not modified
2026-05-20 20:20:35.199 +07:00 [INF] Request finished HTTP/1.1 GET http://localhost:5231/css/chatbot.css?v=r2u6L0FAOMDC4s9aPw1MZX42JGlCVETX6XZ-jz-lAOo - 304 null text/css 0.6496ms
2026-05-20 20:20:35.209 +07:00 [INF] Request starting HTTP/1.1 GET http://localhost:5231/js/chatbot.js?v=8SI7bVlT6PU6wvsevg8vnDYC-FsacmaWRIf4XPwosNE - null null
2026-05-20 20:20:35.210 +07:00 [INF] The file /js/chatbot.js was not modified
2026-05-20 20:20:35.211 +07:00 [INF] Request finished HTTP/1.1 GET http://localhost:5231/js/chatbot.js?v=8SI7bVlT6PU6wvsevg8vnDYC-FsacmaWRIf4XPwosNE - 304 null text/javascript 1.8003ms
2026-05-20 20:20:38.669 +07:00 [INF] Request starting HTTP/1.1 POST http://localhost:5231/api/chatbot/message - application/json 91
2026-05-20 20:20:38.669 +07:00 [INF] Executing endpoint 'AuraCinema.Web.Controllers.ChatbotController.ProcessMessage (AuraCinema.Web)'
2026-05-20 20:20:38.670 +07:00 [INF] Route matched with {action = "ProcessMessage", controller = "Chatbot", area = ""}. Executing controller action with signature System.Threading.Tasks.Task`1[Microsoft.AspNetCore.Mvc.IActionResult] ProcessMessage(AuraCinema.Domain.Models.Chat.ChatRequest) on controller AuraCinema.Web.Controllers.ChatbotController (AuraCinema.Web).
2026-05-20 20:20:38.671 +07:00 [INF] Start processing HTTP request POST https://generativelanguage.googleapis.com/v1beta/models/gemini-2.0-flash:generateContent?*
2026-05-20 20:20:38.671 +07:00 [INF] Sending HTTP request POST https://generativelanguage.googleapis.com/v1beta/models/gemini-2.0-flash:generateContent?*
2026-05-20 20:20:38.946 +07:00 [INF] Received HTTP response headers after 275.0866ms - 429
2026-05-20 20:20:38.946 +07:00 [INF] End processing HTTP request after 275.5264ms - 429
2026-05-20 20:20:38.960 +07:00 [ERR] Gemini API error: "TooManyRequests" - {
  "error": {
    "code": 429,
    "message": "You exceeded your current quota, please check your plan and billing details. For more information on this error, head to: https://ai.google.dev/gemini-api/docs/rate-limits. To monitor your current usage, head to: https://ai.dev/rate-limit. \n* Quota exceeded for metric: generativelanguage.googleapis.com/generate_content_free_tier_input_token_count, limit: 0, model: gemini-2.0-flash\n* Quota exceeded for metric: generativelanguage.googleapis.com/generate_content_free_tier_requests, limit: 0, model: gemini-2.0-flash\n* Quota exceeded for metric: generativelanguage.googleapis.com/generate_content_free_tier_requests, limit: 0, model: gemini-2.0-flash\nPlease retry in 21.28021322s.",
    "status": "RESOURCE_EXHAUSTED",
    "details": [
      {
        "@type": "type.googleapis.com/google.rpc.Help",
        "links": [
          {
            "description": "Learn more about Gemini API quotas",
            "url": "https://ai.google.dev/gemini-api/docs/rate-limits"
          }
        ]
      },
      {
        "@type": "type.googleapis.com/google.rpc.QuotaFailure",
        "violations": [
          {
            "quotaMetric": "generativelanguage.googleapis.com/generate_content_free_tier_input_token_count",
            "quotaId": "GenerateContentInputTokensPerModelPerMinute-FreeTier",
            "quotaDimensions": {
              "model": "gemini-2.0-flash",
              "location": "global"
            }
          },
          {
            "quotaMetric": "generativelanguage.googleapis.com/generate_content_free_tier_requests",
            "quotaId": "GenerateRequestsPerMinutePerProjectPerModel-FreeTier",
            "quotaDimensions": {
              "location": "global",
              "model": "gemini-2.0-flash"
            }
          },
          {
            "quotaMetric": "generativelanguage.googleapis.com/generate_content_free_tier_requests",
            "quotaId": "GenerateRequestsPerDayPerProjectPerModel-FreeTier",
            "quotaDimensions": {
              "location": "global",
              "model": "gemini-2.0-flash"
            }
          }
        ]
      },
      {
        "@type": "type.googleapis.com/google.rpc.RetryInfo",
        "retryDelay": "21s"
      }
    ]
  }
}

2026-05-20 20:20:38.961 +07:00 [INF] Executing OkObjectResult, writing value of type 'AuraCinema.Domain.Models.Chat.ChatResponse'.
2026-05-20 20:20:38.961 +07:00 [INF] Executed action AuraCinema.Web.Controllers.ChatbotController.ProcessMessage (AuraCinema.Web) in 291.6964ms
2026-05-20 20:20:38.961 +07:00 [INF] Executed endpoint 'AuraCinema.Web.Controllers.ChatbotController.ProcessMessage (AuraCinema.Web)'
2026-05-20 20:20:38.962 +07:00 [INF] Request finished HTTP/1.1 POST http://localhost:5231/api/chatbot/message - 200 null application/json; charset=utf-8 292.8299ms
2026-05-20 20:20:42.347 +07:00 [INF] Request starting HTTP/1.1 GET http://localhost:5231/ - null null
2026-05-20 20:20:42.347 +07:00 [INF] Executing endpoint 'AuraCinema.Web.Controllers.HomeController.Index (AuraCinema.Web)'
2026-05-20 20:20:42.347 +07:00 [INF] Route matched with {action = "Index", controller = "Home", area = ""}. Executing controller action with signature System.Threading.Tasks.Task`1[Microsoft.AspNetCore.Mvc.IActionResult] Index() on controller AuraCinema.Web.Controllers.HomeController (AuraCinema.Web).
2026-05-20 20:20:42.349 +07:00 [INF] Executed DbCommand (1ms) [Parameters=[], CommandType='"Text"', CommandTimeout='30']
SELECT [m].[MovieID], [m].[Title], [m].[Genre], [m].[Poster], [m].[Duration], [m].[Status], [m].[ReleaseDate], [m].[Director]
FROM [Movies] AS [m]
WHERE [m].[Status] IN (N'Dang chieu', N'Sap chieu')
ORDER BY [m].[ReleaseDate] DESC
2026-05-20 20:20:42.352 +07:00 [INF] Executed DbCommand (1ms) [Parameters=[@__p_1='?' (DbType = Int32), @__userId_0='?' (DbType = Int32)], CommandType='"Text"', CommandTimeout='30']
SELECT [t].[OrderID], [t].[FinalAmount], [t].[HoldExpiryTime], [t].[OrderCode], [t].[PayOSTransID], [t].[PromoID], [t].[QrCode], [t].[ShowtimeID], [t].[Status], [t].[TotalAmount], [t].[UserID], [s].[ShowtimeID], [s].[EndTime], [s].[MovieID], [s].[RoomID], [s].[ShowtimeCode], [s].[StartTime], [s].[Status], [m].[MovieID], [m].[Actors], [m].[Director], [m].[Duration], [m].[Genre], [m].[MovieCode], [m].[Poster], [m].[ReleaseDate], [m].[Status], [m].[Title], [m].[Trailer], [r].[RoomID], [r].[Capacity], [r].[RoomCode], [r].[RoomName], [r].[Status], [t0].[OrderID], [t0].[SeatID], [t0].[Price], [t0].[Status], [t0].[SeatID0], [t0].[RoomID], [t0].[RowLabel], [t0].[SeatCode], [t0].[SeatNumber], [t0].[SeatType]
FROM (
    SELECT TOP(@__p_1) [o].[OrderID], [o].[FinalAmount], [o].[HoldExpiryTime], [o].[OrderCode], [o].[PayOSTransID], [o].[PromoID], [o].[QrCode], [o].[ShowtimeID], [o].[Status], [o].[TotalAmount], [o].[UserID]
    FROM [Orders] AS [o]
    WHERE [o].[UserID] = @__userId_0 AND [o].[Status] IN (N'Da thanh toan', N'Da su dung', N'Đã thanh toán', N'Đã sử dụng')
    ORDER BY [o].[OrderID] DESC
) AS [t]
INNER JOIN [Showtimes] AS [s] ON [t].[ShowtimeID] = [s].[ShowtimeID]
INNER JOIN [Movies] AS [m] ON [s].[MovieID] = [m].[MovieID]
INNER JOIN [Rooms] AS [r] ON [s].[RoomID] = [r].[RoomID]
LEFT JOIN (
    SELECT [o0].[OrderID], [o0].[SeatID], [o0].[Price], [o0].[Status], [s0].[SeatID] AS [SeatID0], [s0].[RoomID], [s0].[RowLabel], [s0].[SeatCode], [s0].[SeatNumber], [s0].[SeatType]
    FROM [OrderSeats] AS [o0]
    INNER JOIN [Seats] AS [s0] ON [o0].[SeatID] = [s0].[SeatID]
) AS [t0] ON [t].[OrderID] = [t0].[OrderID]
ORDER BY [t].[OrderID] DESC, [s].[ShowtimeID], [m].[MovieID], [r].[RoomID], [t0].[OrderID], [t0].[SeatID]
2026-05-20 20:20:42.353 +07:00 [INF] Executing ViewResult, running view Index.
2026-05-20 20:20:42.354 +07:00 [INF] Executed ViewResult - view Index executed in 1.5669ms.
2026-05-20 20:20:42.354 +07:00 [INF] Executed action AuraCinema.Web.Controllers.HomeController.Index (AuraCinema.Web) in 7.238ms
2026-05-20 20:20:42.354 +07:00 [INF] Executed endpoint 'AuraCinema.Web.Controllers.HomeController.Index (AuraCinema.Web)'
2026-05-20 20:20:42.355 +07:00 [INF] Request finished HTTP/1.1 GET http://localhost:5231/ - 200 null text/html; charset=utf-8 8.0472ms
2026-05-20 20:20:46.089 +07:00 [INF] Request starting HTTP/1.1 POST http://localhost:5231/api/chatbot/message - application/json 101
2026-05-20 20:20:46.089 +07:00 [INF] Executing endpoint 'AuraCinema.Web.Controllers.ChatbotController.ProcessMessage (AuraCinema.Web)'
2026-05-20 20:20:46.089 +07:00 [INF] Route matched with {action = "ProcessMessage", controller = "Chatbot", area = ""}. Executing controller action with signature System.Threading.Tasks.Task`1[Microsoft.AspNetCore.Mvc.IActionResult] ProcessMessage(AuraCinema.Domain.Models.Chat.ChatRequest) on controller AuraCinema.Web.Controllers.ChatbotController (AuraCinema.Web).
2026-05-20 20:20:46.090 +07:00 [INF] Start processing HTTP request POST https://generativelanguage.googleapis.com/v1beta/models/gemini-2.0-flash:generateContent?*
2026-05-20 20:20:46.091 +07:00 [INF] Sending HTTP request POST https://generativelanguage.googleapis.com/v1beta/models/gemini-2.0-flash:generateContent?*
2026-05-20 20:20:46.228 +07:00 [INF] Received HTTP response headers after 137.2792ms - 429
2026-05-20 20:20:46.228 +07:00 [INF] End processing HTTP request after 137.6521ms - 429
2026-05-20 20:20:46.238 +07:00 [ERR] Gemini API error: "TooManyRequests" - {
  "error": {
    "code": 429,
    "message": "You exceeded your current quota, please check your plan and billing details. For more information on this error, head to: https://ai.google.dev/gemini-api/docs/rate-limits. To monitor your current usage, head to: https://ai.dev/rate-limit. \n* Quota exceeded for metric: generativelanguage.googleapis.com/generate_content_free_tier_requests, limit: 0, model: gemini-2.0-flash\n* Quota exceeded for metric: generativelanguage.googleapis.com/generate_content_free_tier_requests, limit: 0, model: gemini-2.0-flash\n* Quota exceeded for metric: generativelanguage.googleapis.com/generate_content_free_tier_input_token_count, limit: 0, model: gemini-2.0-flash\nPlease retry in 13.993024413s.",
    "status": "RESOURCE_EXHAUSTED",
    "details": [
      {
        "@type": "type.googleapis.com/google.rpc.Help",
        "links": [
          {
            "description": "Learn more about Gemini API quotas",
            "url": "https://ai.google.dev/gemini-api/docs/rate-limits"
          }
        ]
      },
      {
        "@type": "type.googleapis.com/google.rpc.QuotaFailure",
        "violations": [
          {
            "quotaMetric": "generativelanguage.googleapis.com/generate_content_free_tier_requests",
            "quotaId": "GenerateRequestsPerDayPerProjectPerModel-FreeTier",
            "quotaDimensions": {
              "location": "global",
              "model": "gemini-2.0-flash"
            }
          },
          {
            "quotaMetric": "generativelanguage.googleapis.com/generate_content_free_tier_requests",
            "quotaId": "GenerateRequestsPerMinutePerProjectPerModel-FreeTier",
            "quotaDimensions": {
              "model": "gemini-2.0-flash",
              "location": "global"
            }
          },
          {
            "quotaMetric": "generativelanguage.googleapis.com/generate_content_free_tier_input_token_count",
            "quotaId": "GenerateContentInputTokensPerModelPerMinute-FreeTier",
            "quotaDimensions": {
              "model": "gemini-2.0-flash",
              "location": "global"
            }
          }
        ]
      },
      {
        "@type": "type.googleapis.com/google.rpc.RetryInfo",
        "retryDelay": "13s"
      }
    ]
  }
}

2026-05-20 20:20:46.239 +07:00 [INF] Executing OkObjectResult, writing value of type 'AuraCinema.Domain.Models.Chat.ChatResponse'.
2026-05-20 20:20:46.239 +07:00 [INF] Executed action AuraCinema.Web.Controllers.ChatbotController.ProcessMessage (AuraCinema.Web) in 149.583ms
2026-05-20 20:20:46.239 +07:00 [INF] Executed endpoint 'AuraCinema.Web.Controllers.ChatbotController.ProcessMessage (AuraCinema.Web)'
2026-05-20 20:20:46.239 +07:00 [INF] Request finished HTTP/1.1 POST http://localhost:5231/api/chatbot/message - 200 null application/json; charset=utf-8 150.3885ms
2026-05-20 20:20:47.314 +07:00 [INF] Request starting HTTP/1.1 POST http://localhost:5231/api/chatbot/message - application/json 259
2026-05-20 20:20:47.314 +07:00 [INF] Executing endpoint 'AuraCinema.Web.Controllers.ChatbotController.ProcessMessage (AuraCinema.Web)'
2026-05-20 20:20:47.314 +07:00 [INF] Route matched with {action = "ProcessMessage", controller = "Chatbot", area = ""}. Executing controller action with signature System.Threading.Tasks.Task`1[Microsoft.AspNetCore.Mvc.IActionResult] ProcessMessage(AuraCinema.Domain.Models.Chat.ChatRequest) on controller AuraCinema.Web.Controllers.ChatbotController (AuraCinema.Web).
2026-05-20 20:20:47.315 +07:00 [INF] Start processing HTTP request POST https://generativelanguage.googleapis.com/v1beta/models/gemini-2.0-flash:generateContent?*
2026-05-20 20:20:47.315 +07:00 [INF] Sending HTTP request POST https://generativelanguage.googleapis.com/v1beta/models/gemini-2.0-flash:generateContent?*
2026-05-20 20:20:47.437 +07:00 [INF] Received HTTP response headers after 122.4276ms - 429
2026-05-20 20:20:47.438 +07:00 [INF] End processing HTTP request after 122.7628ms - 429
2026-05-20 20:20:47.452 +07:00 [ERR] Gemini API error: "TooManyRequests" - {
  "error": {
    "code": 429,
    "message": "You exceeded your current quota, please check your plan and billing details. For more information on this error, head to: https://ai.google.dev/gemini-api/docs/rate-limits. To monitor your current usage, head to: https://ai.dev/rate-limit. \n* Quota exceeded for metric: generativelanguage.googleapis.com/generate_content_free_tier_requests, limit: 0, model: gemini-2.0-flash\n* Quota exceeded for metric: generativelanguage.googleapis.com/generate_content_free_tier_requests, limit: 0, model: gemini-2.0-flash\n* Quota exceeded for metric: generativelanguage.googleapis.com/generate_content_free_tier_input_token_count, limit: 0, model: gemini-2.0-flash\nPlease retry in 12.778459252s.",
    "status": "RESOURCE_EXHAUSTED",
    "details": [
      {
        "@type": "type.googleapis.com/google.rpc.Help",
        "links": [
          {
            "description": "Learn more about Gemini API quotas",
            "url": "https://ai.google.dev/gemini-api/docs/rate-limits"
          }
        ]
      },
      {
        "@type": "type.googleapis.com/google.rpc.QuotaFailure",
        "violations": [
          {
            "quotaMetric": "generativelanguage.googleapis.com/generate_content_free_tier_requests",
            "quotaId": "GenerateRequestsPerDayPerProjectPerModel-FreeTier",
            "quotaDimensions": {
              "location": "global",
              "model": "gemini-2.0-flash"
            }
          },
          {
            "quotaMetric": "generativelanguage.googleapis.com/generate_content_free_tier_requests",
            "quotaId": "GenerateRequestsPerMinutePerProjectPerModel-FreeTier",
            "quotaDimensions": {
              "location": "global",
              "model": "gemini-2.0-flash"
            }
          },
          {
            "quotaMetric": "generativelanguage.googleapis.com/generate_content_free_tier_input_token_count",
            "quotaId": "GenerateContentInputTokensPerModelPerMinute-FreeTier",
            "quotaDimensions": {
              "location": "global",
              "model": "gemini-2.0-flash"
            }
          }
        ]
      },
      {
        "@type": "type.googleapis.com/google.rpc.RetryInfo",
        "retryDelay": "12s"
      }
    ]
  }
}

2026-05-20 20:20:47.452 +07:00 [INF] Executing OkObjectResult, writing value of type 'AuraCinema.Domain.Models.Chat.ChatResponse'.
2026-05-20 20:20:47.452 +07:00 [INF] Executed action AuraCinema.Web.Controllers.ChatbotController.ProcessMessage (AuraCinema.Web) in 138.0774ms
2026-05-20 20:20:47.452 +07:00 [INF] Executed endpoint 'AuraCinema.Web.Controllers.ChatbotController.ProcessMessage (AuraCinema.Web)'
2026-05-20 20:20:47.453 +07:00 [INF] Request finished HTTP/1.1 POST http://localhost:5231/api/chatbot/message - 200 null application/json; charset=utf-8 138.8625ms
2026-05-20 20:20:48.253 +07:00 [INF] Request starting HTTP/1.1 POST http://localhost:5231/api/chatbot/message - application/json 422
2026-05-20 20:20:48.253 +07:00 [INF] Executing endpoint 'AuraCinema.Web.Controllers.ChatbotController.ProcessMessage (AuraCinema.Web)'
2026-05-20 20:20:48.253 +07:00 [INF] Route matched with {action = "ProcessMessage", controller = "Chatbot", area = ""}. Executing controller action with signature System.Threading.Tasks.Task`1[Microsoft.AspNetCore.Mvc.IActionResult] ProcessMessage(AuraCinema.Domain.Models.Chat.ChatRequest) on controller AuraCinema.Web.Controllers.ChatbotController (AuraCinema.Web).
2026-05-20 20:20:48.254 +07:00 [INF] Start processing HTTP request POST https://generativelanguage.googleapis.com/v1beta/models/gemini-2.0-flash:generateContent?*
2026-05-20 20:20:48.255 +07:00 [INF] Sending HTTP request POST https://generativelanguage.googleapis.com/v1beta/models/gemini-2.0-flash:generateContent?*
2026-05-20 20:20:48.382 +07:00 [INF] Received HTTP response headers after 127.8386ms - 429
2026-05-20 20:20:48.383 +07:00 [INF] End processing HTTP request after 128.1744ms - 429
2026-05-20 20:20:48.401 +07:00 [ERR] Gemini API error: "TooManyRequests" - {
  "error": {
    "code": 429,
    "message": "You exceeded your current quota, please check your plan and billing details. For more information on this error, head to: https://ai.google.dev/gemini-api/docs/rate-limits. To monitor your current usage, head to: https://ai.dev/rate-limit. \n* Quota exceeded for metric: generativelanguage.googleapis.com/generate_content_free_tier_input_token_count, limit: 0, model: gemini-2.0-flash\n* Quota exceeded for metric: generativelanguage.googleapis.com/generate_content_free_tier_requests, limit: 0, model: gemini-2.0-flash\n* Quota exceeded for metric: generativelanguage.googleapis.com/generate_content_free_tier_requests, limit: 0, model: gemini-2.0-flash\nPlease retry in 11.844266137s.",
    "status": "RESOURCE_EXHAUSTED",
    "details": [
      {
        "@type": "type.googleapis.com/google.rpc.Help",
        "links": [
          {
            "description": "Learn more about Gemini API quotas",
            "url": "https://ai.google.dev/gemini-api/docs/rate-limits"
          }
        ]
      },
      {
        "@type": "type.googleapis.com/google.rpc.QuotaFailure",
        "violations": [
          {
            "quotaMetric": "generativelanguage.googleapis.com/generate_content_free_tier_input_token_count",
            "quotaId": "GenerateContentInputTokensPerModelPerMinute-FreeTier",
            "quotaDimensions": {
              "location": "global",
              "model": "gemini-2.0-flash"
            }
          },
          {
            "quotaMetric": "generativelanguage.googleapis.com/generate_content_free_tier_requests",
            "quotaId": "GenerateRequestsPerMinutePerProjectPerModel-FreeTier",
            "quotaDimensions": {
              "location": "global",
              "model": "gemini-2.0-flash"
            }
          },
          {
            "quotaMetric": "generativelanguage.googleapis.com/generate_content_free_tier_requests",
            "quotaId": "GenerateRequestsPerDayPerProjectPerModel-FreeTier",
            "quotaDimensions": {
              "location": "global",
              "model": "gemini-2.0-flash"
            }
          }
        ]
      },
      {
        "@type": "type.googleapis.com/google.rpc.RetryInfo",
        "retryDelay": "11s"
      }
    ]
  }
}

2026-05-20 20:20:48.402 +07:00 [INF] Executing OkObjectResult, writing value of type 'AuraCinema.Domain.Models.Chat.ChatResponse'.
2026-05-20 20:20:48.402 +07:00 [INF] Executed action AuraCinema.Web.Controllers.ChatbotController.ProcessMessage (AuraCinema.Web) in 148.6032ms
2026-05-20 20:20:48.402 +07:00 [INF] Executed endpoint 'AuraCinema.Web.Controllers.ChatbotController.ProcessMessage (AuraCinema.Web)'
2026-05-20 20:20:48.402 +07:00 [INF] Request finished HTTP/1.1 POST http://localhost:5231/api/chatbot/message - 200 null application/json; charset=utf-8 149.6898ms
2026-05-20 20:21:03.641 +07:00 [INF] Executed DbCommand (1ms) [Parameters=[], CommandType='"Text"', CommandTimeout='30']
SELECT [o].[OrderID], [o].[FinalAmount], [o].[HoldExpiryTime], [o].[OrderCode], [o].[PayOSTransID], [o].[PromoID], [o].[QrCode], [o].[ShowtimeID], [o].[Status], [o].[TotalAmount], [o].[UserID]
FROM [Orders] AS [o]
WHERE [o].[Status] = N'Chờ thanh toán' AND [o].[HoldExpiryTime] <= GETDATE()
2026-05-20 20:21:03.642 +07:00 [INF] Executed DbCommand (1ms) [Parameters=[@__maxSellingDate_0='?' (DbType = DateTime2), @__now_1='?' (DbType = DateTime2)], CommandType='"Text"', CommandTimeout='30']
SELECT [s].[ShowtimeID], [s].[EndTime], [s].[MovieID], [s].[RoomID], [s].[ShowtimeCode], [s].[StartTime], [s].[Status]
FROM [Showtimes] AS [s]
WHERE [s].[Status] IN (N'Đã lên lịch', N'Sap chieu') AND CONVERT(date, [s].[StartTime]) <= @__maxSellingDate_0 AND [s].[StartTime] > @__now_1
2026-05-20 20:21:03.643 +07:00 [INF] Executed DbCommand (0ms) [Parameters=[@__now_0='?' (DbType = DateTime2)], CommandType='"Text"', CommandTimeout='30']
SELECT [s].[ShowtimeID], [s].[EndTime], [s].[MovieID], [s].[RoomID], [s].[ShowtimeCode], [s].[StartTime], [s].[Status]
FROM [Showtimes] AS [s]
WHERE [s].[Status] IN (N'Đã lên lịch', N'Đang mở bán', N'Sap chieu') AND [s].[StartTime] <= @__now_0 AND [s].[EndTime] > @__now_0
2026-05-20 20:21:03.644 +07:00 [INF] Executed DbCommand (0ms) [Parameters=[@__now_0='?' (DbType = DateTime2)], CommandType='"Text"', CommandTimeout='30']
SELECT [s].[ShowtimeID], [s].[EndTime], [s].[MovieID], [s].[RoomID], [s].[ShowtimeCode], [s].[StartTime], [s].[Status]
FROM [Showtimes] AS [s]
WHERE [s].[Status] IN (N'Đã lên lịch', N'Đang mở bán', N'Đang chiếu', N'Sap chieu', N'Dang dien ra') AND [s].[EndTime] <= @__now_0
2026-05-20 20:22:03.649 +07:00 [INF] Executed DbCommand (1ms) [Parameters=[], CommandType='"Text"', CommandTimeout='30']
SELECT [o].[OrderID], [o].[FinalAmount], [o].[HoldExpiryTime], [o].[OrderCode], [o].[PayOSTransID], [o].[PromoID], [o].[QrCode], [o].[ShowtimeID], [o].[Status], [o].[TotalAmount], [o].[UserID]
FROM [Orders] AS [o]
WHERE [o].[Status] = N'Chờ thanh toán' AND [o].[HoldExpiryTime] <= GETDATE()
2026-05-20 20:22:03.651 +07:00 [INF] Executed DbCommand (1ms) [Parameters=[@__maxSellingDate_0='?' (DbType = DateTime2), @__now_1='?' (DbType = DateTime2)], CommandType='"Text"', CommandTimeout='30']
SELECT [s].[ShowtimeID], [s].[EndTime], [s].[MovieID], [s].[RoomID], [s].[ShowtimeCode], [s].[StartTime], [s].[Status]
FROM [Showtimes] AS [s]
WHERE [s].[Status] IN (N'Đã lên lịch', N'Sap chieu') AND CONVERT(date, [s].[StartTime]) <= @__maxSellingDate_0 AND [s].[StartTime] > @__now_1
2026-05-20 20:22:03.716 +07:00 [INF] Executed DbCommand (64ms) [Parameters=[@__now_0='?' (DbType = DateTime2)], CommandType='"Text"', CommandTimeout='30']
SELECT [s].[ShowtimeID], [s].[EndTime], [s].[MovieID], [s].[RoomID], [s].[ShowtimeCode], [s].[StartTime], [s].[Status]
FROM [Showtimes] AS [s]
WHERE [s].[Status] IN (N'Đã lên lịch', N'Đang mở bán', N'Sap chieu') AND [s].[StartTime] <= @__now_0 AND [s].[EndTime] > @__now_0
2026-05-20 20:22:03.746 +07:00 [INF] Executed DbCommand (29ms) [Parameters=[@__now_0='?' (DbType = DateTime2)], CommandType='"Text"', CommandTimeout='30']
SELECT [s].[ShowtimeID], [s].[EndTime], [s].[MovieID], [s].[RoomID], [s].[ShowtimeCode], [s].[StartTime], [s].[Status]
FROM [Showtimes] AS [s]
WHERE [s].[Status] IN (N'Đã lên lịch', N'Đang mở bán', N'Đang chiếu', N'Sap chieu', N'Dang dien ra') AND [s].[EndTime] <= @__now_0
2026-05-20 20:23:03.751 +07:00 [INF] Executed DbCommand (1ms) [Parameters=[], CommandType='"Text"', CommandTimeout='30']
SELECT [o].[OrderID], [o].[FinalAmount], [o].[HoldExpiryTime], [o].[OrderCode], [o].[PayOSTransID], [o].[PromoID], [o].[QrCode], [o].[ShowtimeID], [o].[Status], [o].[TotalAmount], [o].[UserID]
FROM [Orders] AS [o]
WHERE [o].[Status] = N'Chờ thanh toán' AND [o].[HoldExpiryTime] <= GETDATE()
2026-05-20 20:23:03.755 +07:00 [INF] Executed DbCommand (2ms) [Parameters=[@__maxSellingDate_0='?' (DbType = DateTime2), @__now_1='?' (DbType = DateTime2)], CommandType='"Text"', CommandTimeout='30']
SELECT [s].[ShowtimeID], [s].[EndTime], [s].[MovieID], [s].[RoomID], [s].[ShowtimeCode], [s].[StartTime], [s].[Status]
FROM [Showtimes] AS [s]
WHERE [s].[Status] IN (N'Đã lên lịch', N'Sap chieu') AND CONVERT(date, [s].[StartTime]) <= @__maxSellingDate_0 AND [s].[StartTime] > @__now_1
2026-05-20 20:23:03.756 +07:00 [INF] Executed DbCommand (1ms) [Parameters=[@__now_0='?' (DbType = DateTime2)], CommandType='"Text"', CommandTimeout='30']
SELECT [s].[ShowtimeID], [s].[EndTime], [s].[MovieID], [s].[RoomID], [s].[ShowtimeCode], [s].[StartTime], [s].[Status]
FROM [Showtimes] AS [s]
WHERE [s].[Status] IN (N'Đã lên lịch', N'Đang mở bán', N'Sap chieu') AND [s].[StartTime] <= @__now_0 AND [s].[EndTime] > @__now_0
2026-05-20 20:23:03.757 +07:00 [INF] Executed DbCommand (1ms) [Parameters=[@__now_0='?' (DbType = DateTime2)], CommandType='"Text"', CommandTimeout='30']
SELECT [s].[ShowtimeID], [s].[EndTime], [s].[MovieID], [s].[RoomID], [s].[ShowtimeCode], [s].[StartTime], [s].[Status]
FROM [Showtimes] AS [s]
WHERE [s].[Status] IN (N'Đã lên lịch', N'Đang mở bán', N'Đang chiếu', N'Sap chieu', N'Dang dien ra') AND [s].[EndTime] <= @__now_0
2026-05-20 20:23:57.709 +07:00 [INF] Request starting HTTP/1.1 GET http://localhost:5231/ - null null
2026-05-20 20:23:57.710 +07:00 [INF] Executing endpoint 'AuraCinema.Web.Controllers.HomeController.Index (AuraCinema.Web)'
2026-05-20 20:23:57.710 +07:00 [INF] Route matched with {action = "Index", controller = "Home", area = ""}. Executing controller action with signature System.Threading.Tasks.Task`1[Microsoft.AspNetCore.Mvc.IActionResult] Index() on controller AuraCinema.Web.Controllers.HomeController (AuraCinema.Web).
2026-05-20 20:23:57.713 +07:00 [INF] Executed DbCommand (1ms) [Parameters=[], CommandType='"Text"', CommandTimeout='30']
SELECT [m].[MovieID], [m].[Title], [m].[Genre], [m].[Poster], [m].[Duration], [m].[Status], [m].[ReleaseDate], [m].[Director]
FROM [Movies] AS [m]
WHERE [m].[Status] IN (N'Dang chieu', N'Sap chieu')
ORDER BY [m].[ReleaseDate] DESC
2026-05-20 20:23:57.718 +07:00 [INF] Executed DbCommand (2ms) [Parameters=[@__p_1='?' (DbType = Int32), @__userId_0='?' (DbType = Int32)], CommandType='"Text"', CommandTimeout='30']
SELECT [t].[OrderID], [t].[FinalAmount], [t].[HoldExpiryTime], [t].[OrderCode], [t].[PayOSTransID], [t].[PromoID], [t].[QrCode], [t].[ShowtimeID], [t].[Status], [t].[TotalAmount], [t].[UserID], [s].[ShowtimeID], [s].[EndTime], [s].[MovieID], [s].[RoomID], [s].[ShowtimeCode], [s].[StartTime], [s].[Status], [m].[MovieID], [m].[Actors], [m].[Director], [m].[Duration], [m].[Genre], [m].[MovieCode], [m].[Poster], [m].[ReleaseDate], [m].[Status], [m].[Title], [m].[Trailer], [r].[RoomID], [r].[Capacity], [r].[RoomCode], [r].[RoomName], [r].[Status], [t0].[OrderID], [t0].[SeatID], [t0].[Price], [t0].[Status], [t0].[SeatID0], [t0].[RoomID], [t0].[RowLabel], [t0].[SeatCode], [t0].[SeatNumber], [t0].[SeatType]
FROM (
    SELECT TOP(@__p_1) [o].[OrderID], [o].[FinalAmount], [o].[HoldExpiryTime], [o].[OrderCode], [o].[PayOSTransID], [o].[PromoID], [o].[QrCode], [o].[ShowtimeID], [o].[Status], [o].[TotalAmount], [o].[UserID]
    FROM [Orders] AS [o]
    WHERE [o].[UserID] = @__userId_0 AND [o].[Status] IN (N'Da thanh toan', N'Da su dung', N'Đã thanh toán', N'Đã sử dụng')
    ORDER BY [o].[OrderID] DESC
) AS [t]
INNER JOIN [Showtimes] AS [s] ON [t].[ShowtimeID] = [s].[ShowtimeID]
INNER JOIN [Movies] AS [m] ON [s].[MovieID] = [m].[MovieID]
INNER JOIN [Rooms] AS [r] ON [s].[RoomID] = [r].[RoomID]
LEFT JOIN (
    SELECT [o0].[OrderID], [o0].[SeatID], [o0].[Price], [o0].[Status], [s0].[SeatID] AS [SeatID0], [s0].[RoomID], [s0].[RowLabel], [s0].[SeatCode], [s0].[SeatNumber], [s0].[SeatType]
    FROM [OrderSeats] AS [o0]
    INNER JOIN [Seats] AS [s0] ON [o0].[SeatID] = [s0].[SeatID]
) AS [t0] ON [t].[OrderID] = [t0].[OrderID]
ORDER BY [t].[OrderID] DESC, [s].[ShowtimeID], [m].[MovieID], [r].[RoomID], [t0].[OrderID], [t0].[SeatID]
2026-05-20 20:23:57.721 +07:00 [INF] Executing ViewResult, running view Index.
2026-05-20 20:23:57.723 +07:00 [INF] Executed ViewResult - view Index executed in 2.3994ms.
2026-05-20 20:23:57.723 +07:00 [INF] Executed action AuraCinema.Web.Controllers.HomeController.Index (AuraCinema.Web) in 12.8229ms
2026-05-20 20:23:57.723 +07:00 [INF] Executed endpoint 'AuraCinema.Web.Controllers.HomeController.Index (AuraCinema.Web)'
2026-05-20 20:23:57.724 +07:00 [INF] Request finished HTTP/1.1 GET http://localhost:5231/ - 200 null text/html; charset=utf-8 14.699ms
2026-05-20 20:24:01.927 +07:00 [INF] Request starting HTTP/1.1 POST http://localhost:5231/api/chatbot/message - application/json 91
2026-05-20 20:24:01.928 +07:00 [INF] Executing endpoint 'AuraCinema.Web.Controllers.ChatbotController.ProcessMessage (AuraCinema.Web)'
2026-05-20 20:24:01.929 +07:00 [INF] Route matched with {action = "ProcessMessage", controller = "Chatbot", area = ""}. Executing controller action with signature System.Threading.Tasks.Task`1[Microsoft.AspNetCore.Mvc.IActionResult] ProcessMessage(AuraCinema.Domain.Models.Chat.ChatRequest) on controller AuraCinema.Web.Controllers.ChatbotController (AuraCinema.Web).
2026-05-20 20:24:01.934 +07:00 [INF] Start processing HTTP request POST https://generativelanguage.googleapis.com/v1beta/models/gemini-1.5-flash:generateContent?*
2026-05-20 20:24:01.934 +07:00 [INF] Sending HTTP request POST https://generativelanguage.googleapis.com/v1beta/models/gemini-1.5-flash:generateContent?*
2026-05-20 20:24:02.145 +07:00 [INF] Received HTTP response headers after 210.5612ms - 404
2026-05-20 20:24:02.145 +07:00 [INF] End processing HTTP request after 215.0696ms - 404
2026-05-20 20:24:02.154 +07:00 [ERR] Gemini API error: "NotFound" - {
  "error": {
    "code": 404,
    "message": "models/gemini-1.5-flash is not found for API version v1beta, or is not supported for generateContent. Call ModelService.ListModels to see the list of available models and their supported methods.",
    "status": "NOT_FOUND"
  }
}

2026-05-20 20:24:02.154 +07:00 [INF] Executing OkObjectResult, writing value of type 'AuraCinema.Domain.Models.Chat.ChatResponse'.
2026-05-20 20:24:02.154 +07:00 [INF] Executed action AuraCinema.Web.Controllers.ChatbotController.ProcessMessage (AuraCinema.Web) in 225.5573ms
2026-05-20 20:24:02.154 +07:00 [INF] Executed endpoint 'AuraCinema.Web.Controllers.ChatbotController.ProcessMessage (AuraCinema.Web)'
2026-05-20 20:24:02.154 +07:00 [INF] Request finished HTTP/1.1 POST http://localhost:5231/api/chatbot/message - 200 null application/json; charset=utf-8 226.9134ms
2026-05-20 20:24:03.762 +07:00 [INF] Executed DbCommand (1ms) [Parameters=[], CommandType='"Text"', CommandTimeout='30']
SELECT [o].[OrderID], [o].[FinalAmount], [o].[HoldExpiryTime], [o].[OrderCode], [o].[PayOSTransID], [o].[PromoID], [o].[QrCode], [o].[ShowtimeID], [o].[Status], [o].[TotalAmount], [o].[UserID]
FROM [Orders] AS [o]
WHERE [o].[Status] = N'Chờ thanh toán' AND [o].[HoldExpiryTime] <= GETDATE()
2026-05-20 20:24:03.764 +07:00 [INF] Executed DbCommand (1ms) [Parameters=[@__maxSellingDate_0='?' (DbType = DateTime2), @__now_1='?' (DbType = DateTime2)], CommandType='"Text"', CommandTimeout='30']
SELECT [s].[ShowtimeID], [s].[EndTime], [s].[MovieID], [s].[RoomID], [s].[ShowtimeCode], [s].[StartTime], [s].[Status]
FROM [Showtimes] AS [s]
WHERE [s].[Status] IN (N'Đã lên lịch', N'Sap chieu') AND CONVERT(date, [s].[StartTime]) <= @__maxSellingDate_0 AND [s].[StartTime] > @__now_1
2026-05-20 20:24:03.765 +07:00 [INF] Executed DbCommand (1ms) [Parameters=[@__now_0='?' (DbType = DateTime2)], CommandType='"Text"', CommandTimeout='30']
SELECT [s].[ShowtimeID], [s].[EndTime], [s].[MovieID], [s].[RoomID], [s].[ShowtimeCode], [s].[StartTime], [s].[Status]
FROM [Showtimes] AS [s]
WHERE [s].[Status] IN (N'Đã lên lịch', N'Đang mở bán', N'Sap chieu') AND [s].[StartTime] <= @__now_0 AND [s].[EndTime] > @__now_0
2026-05-20 20:24:03.766 +07:00 [INF] Executed DbCommand (0ms) [Parameters=[@__now_0='?' (DbType = DateTime2)], CommandType='"Text"', CommandTimeout='30']
SELECT [s].[ShowtimeID], [s].[EndTime], [s].[MovieID], [s].[RoomID], [s].[ShowtimeCode], [s].[StartTime], [s].[Status]
FROM [Showtimes] AS [s]
WHERE [s].[Status] IN (N'Đã lên lịch', N'Đang mở bán', N'Đang chiếu', N'Sap chieu', N'Dang dien ra') AND [s].[EndTime] <= @__now_0
2026-05-20 20:24:05.464 +07:00 [INF] Request starting HTTP/1.1 POST http://localhost:5231/api/chatbot/message - application/json 264
2026-05-20 20:24:05.464 +07:00 [INF] Executing endpoint 'AuraCinema.Web.Controllers.ChatbotController.ProcessMessage (AuraCinema.Web)'
2026-05-20 20:24:05.465 +07:00 [INF] Route matched with {action = "ProcessMessage", controller = "Chatbot", area = ""}. Executing controller action with signature System.Threading.Tasks.Task`1[Microsoft.AspNetCore.Mvc.IActionResult] ProcessMessage(AuraCinema.Domain.Models.Chat.ChatRequest) on controller AuraCinema.Web.Controllers.ChatbotController (AuraCinema.Web).
2026-05-20 20:24:05.466 +07:00 [INF] Start processing HTTP request POST https://generativelanguage.googleapis.com/v1beta/models/gemini-1.5-flash:generateContent?*
2026-05-20 20:24:05.466 +07:00 [INF] Sending HTTP request POST https://generativelanguage.googleapis.com/v1beta/models/gemini-1.5-flash:generateContent?*
2026-05-20 20:24:05.592 +07:00 [INF] Received HTTP response headers after 126.4867ms - 404
2026-05-20 20:24:05.592 +07:00 [INF] End processing HTTP request after 126.8912ms - 404
2026-05-20 20:24:05.607 +07:00 [ERR] Gemini API error: "NotFound" - {
  "error": {
    "code": 404,
    "message": "models/gemini-1.5-flash is not found for API version v1beta, or is not supported for generateContent. Call ModelService.ListModels to see the list of available models and their supported methods.",
    "status": "NOT_FOUND"
  }
}

2026-05-20 20:24:05.607 +07:00 [INF] Executing OkObjectResult, writing value of type 'AuraCinema.Domain.Models.Chat.ChatResponse'.
2026-05-20 20:24:05.608 +07:00 [INF] Executed action AuraCinema.Web.Controllers.ChatbotController.ProcessMessage (AuraCinema.Web) in 143.0042ms
2026-05-20 20:24:05.608 +07:00 [INF] Executed endpoint 'AuraCinema.Web.Controllers.ChatbotController.ProcessMessage (AuraCinema.Web)'
2026-05-20 20:24:05.608 +07:00 [INF] Request finished HTTP/1.1 POST http://localhost:5231/api/chatbot/message - 200 null application/json; charset=utf-8 144.0469ms
2026-05-20 20:24:06.376 +07:00 [INF] Request starting HTTP/1.1 POST http://localhost:5231/api/chatbot/message - application/json 432
2026-05-20 20:24:06.377 +07:00 [INF] Executing endpoint 'AuraCinema.Web.Controllers.ChatbotController.ProcessMessage (AuraCinema.Web)'
2026-05-20 20:24:06.377 +07:00 [INF] Route matched with {action = "ProcessMessage", controller = "Chatbot", area = ""}. Executing controller action with signature System.Threading.Tasks.Task`1[Microsoft.AspNetCore.Mvc.IActionResult] ProcessMessage(AuraCinema.Domain.Models.Chat.ChatRequest) on controller AuraCinema.Web.Controllers.ChatbotController (AuraCinema.Web).
2026-05-20 20:24:06.378 +07:00 [INF] Start processing HTTP request POST https://generativelanguage.googleapis.com/v1beta/models/gemini-1.5-flash:generateContent?*
2026-05-20 20:24:06.378 +07:00 [INF] Sending HTTP request POST https://generativelanguage.googleapis.com/v1beta/models/gemini-1.5-flash:generateContent?*
2026-05-20 20:24:06.489 +07:00 [INF] Received HTTP response headers after 110.9593ms - 404
2026-05-20 20:24:06.489 +07:00 [INF] End processing HTTP request after 111.3418ms - 404
2026-05-20 20:24:06.503 +07:00 [ERR] Gemini API error: "NotFound" - {
  "error": {
    "code": 404,
    "message": "models/gemini-1.5-flash is not found for API version v1beta, or is not supported for generateContent. Call ModelService.ListModels to see the list of available models and their supported methods.",
    "status": "NOT_FOUND"
  }
}

2026-05-20 20:24:06.504 +07:00 [INF] Executing OkObjectResult, writing value of type 'AuraCinema.Domain.Models.Chat.ChatResponse'.
2026-05-20 20:24:06.504 +07:00 [INF] Executed action AuraCinema.Web.Controllers.ChatbotController.ProcessMessage (AuraCinema.Web) in 127.1096ms
2026-05-20 20:24:06.504 +07:00 [INF] Executed endpoint 'AuraCinema.Web.Controllers.ChatbotController.ProcessMessage (AuraCinema.Web)'
2026-05-20 20:24:06.504 +07:00 [INF] Request finished HTTP/1.1 POST http://localhost:5231/api/chatbot/message - 200 null application/json; charset=utf-8 127.9172ms
2026-05-20 20:24:47.037 +07:00 [INF] Executed DbCommand (27ms) [Parameters=[], CommandType='"Text"', CommandTimeout='30']
SELECT 1
2026-05-20 20:24:47.125 +07:00 [INF] Executed DbCommand (23ms) [Parameters=[], CommandType='"Text"', CommandTimeout='30']
SELECT OBJECT_ID(N'[__EFMigrationsHistory]');
2026-05-20 20:24:47.128 +07:00 [INF] Executed DbCommand (1ms) [Parameters=[], CommandType='"Text"', CommandTimeout='30']
SELECT 1
2026-05-20 20:24:47.129 +07:00 [INF] Executed DbCommand (1ms) [Parameters=[], CommandType='"Text"', CommandTimeout='30']
SELECT OBJECT_ID(N'[__EFMigrationsHistory]');
2026-05-20 20:24:47.159 +07:00 [INF] Executed DbCommand (2ms) [Parameters=[], CommandType='"Text"', CommandTimeout='30']
SELECT [MigrationId], [ProductVersion]
FROM [__EFMigrationsHistory]
ORDER BY [MigrationId];
2026-05-20 20:24:47.184 +07:00 [INF] No migrations were applied. The database is already up to date.
2026-05-20 20:24:47.420 +07:00 [INF] Executed DbCommand (2ms) [Parameters=[], CommandType='"Text"', CommandTimeout='30']
SELECT CASE
    WHEN EXISTS (
        SELECT 1
        FROM [Users] AS [u]
        WHERE [u].[Email] = N'admin@auracinema.vn') THEN CAST(1 AS bit)
    ELSE CAST(0 AS bit)
END
2026-05-20 20:24:47.427 +07:00 [INF] Executed DbCommand (1ms) [Parameters=[], CommandType='"Text"', CommandTimeout='30']
SELECT CASE
    WHEN EXISTS (
        SELECT 1
        FROM [Users] AS [u]
        WHERE [u].[Email] = N'staff@auracinema.vn') THEN CAST(1 AS bit)
    ELSE CAST(0 AS bit)
END
2026-05-20 20:24:47.433 +07:00 [INF] Executed DbCommand (3ms) [Parameters=[], CommandType='"Text"', CommandTimeout='30']
SELECT CASE
    WHEN EXISTS (
        SELECT 1
        FROM [Users] AS [u]
        WHERE [u].[Email] = N'customer@gmail.com') THEN CAST(1 AS bit)
    ELSE CAST(0 AS bit)
END
2026-05-20 20:24:47.506 +07:00 [INF] Executed DbCommand (3ms) [Parameters=[], CommandType='"Text"', CommandTimeout='30']
SELECT [u].[UserID], [u].[Email], [u].[FullName], [u].[OtpCode], [u].[OtpExpiry], [u].[Password], [u].[Phone], [u].[Role], [u].[Status], [u].[UserCode]
FROM [Users] AS [u]
WHERE [u].[UserCode] LIKE N''
2026-05-20 20:24:47.513 +07:00 [INF] Executed DbCommand (2ms) [Parameters=[], CommandType='"Text"', CommandTimeout='30']
SELECT CASE
    WHEN EXISTS (
        SELECT 1
        FROM [Rooms] AS [r]) THEN CAST(1 AS bit)
    ELSE CAST(0 AS bit)
END
2026-05-20 20:24:47.521 +07:00 [INF] Executed DbCommand (2ms) [Parameters=[], CommandType='"Text"', CommandTimeout='30']
SELECT CASE
    WHEN EXISTS (
        SELECT 1
        FROM [PriceConfigs] AS [p]) THEN CAST(1 AS bit)
    ELSE CAST(0 AS bit)
END
2026-05-20 20:24:47.526 +07:00 [INF] Executed DbCommand (2ms) [Parameters=[], CommandType='"Text"', CommandTimeout='30']
SELECT CASE
    WHEN EXISTS (
        SELECT 1
        FROM [Movies] AS [m]) THEN CAST(1 AS bit)
    ELSE CAST(0 AS bit)
END
2026-05-20 20:24:47.536 +07:00 [INF] Executed DbCommand (3ms) [Parameters=[], CommandType='"Text"', CommandTimeout='30']
SELECT CASE
    WHEN EXISTS (
        SELECT 1
        FROM [Services] AS [s]) THEN CAST(1 AS bit)
    ELSE CAST(0 AS bit)
END
2026-05-20 20:24:47.542 +07:00 [INF] Executed DbCommand (2ms) [Parameters=[], CommandType='"Text"', CommandTimeout='30']
SELECT CASE
    WHEN EXISTS (
        SELECT 1
        FROM [Promotions] AS [p]) THEN CAST(1 AS bit)
    ELSE CAST(0 AS bit)
END
2026-05-20 20:24:47.548 +07:00 [INF] Executed DbCommand (3ms) [Parameters=[], CommandType='"Text"', CommandTimeout='30']
SELECT CASE
    WHEN EXISTS (
        SELECT 1
        FROM [Showtimes] AS [s]) THEN CAST(1 AS bit)
    ELSE CAST(0 AS bit)
END
2026-05-20 20:24:47.566 +07:00 [INF] Executed DbCommand (5ms) [Parameters=[], CommandType='"Text"', CommandTimeout='30']
SELECT CASE
    WHEN EXISTS (
        SELECT 1
        FROM [Orders] AS [o]
        WHERE [o].[Status] IN (N'Da thanh toan', N'Đã thanh toán')) THEN CAST(1 AS bit)
    ELSE CAST(0 AS bit)
END
2026-05-20 20:24:47.736 +07:00 [INF] User profile is available. Using 'C:\Users\lqhie\AppData\Local\ASP.NET\DataProtection-Keys' as key repository and Windows DPAPI to encrypt keys at rest.
2026-05-20 20:24:47.785 +07:00 [INF] Booking Cleanup Service is starting.
2026-05-20 20:24:47.826 +07:00 [INF] Executed DbCommand (4ms) [Parameters=[], CommandType='"Text"', CommandTimeout='30']
SELECT [o].[OrderID], [o].[FinalAmount], [o].[HoldExpiryTime], [o].[OrderCode], [o].[PayOSTransID], [o].[PromoID], [o].[QrCode], [o].[ShowtimeID], [o].[Status], [o].[TotalAmount], [o].[UserID]
FROM [Orders] AS [o]
WHERE [o].[Status] = N'Chờ thanh toán' AND [o].[HoldExpiryTime] <= GETDATE()
2026-05-20 20:24:47.881 +07:00 [INF] Now listening on: http://localhost:5231
2026-05-20 20:24:47.883 +07:00 [INF] Application started. Press Ctrl+C to shut down.
2026-05-20 20:24:47.884 +07:00 [INF] Hosting environment: Development
2026-05-20 20:24:47.884 +07:00 [INF] Content root path: D:\AURACINEMA\AuraCinema.Web
2026-05-20 20:24:47.949 +07:00 [INF] Executed DbCommand (20ms) [Parameters=[@__maxSellingDate_0='?' (DbType = DateTime2), @__now_1='?' (DbType = DateTime2)], CommandType='"Text"', CommandTimeout='30']
SELECT [s].[ShowtimeID], [s].[EndTime], [s].[MovieID], [s].[RoomID], [s].[ShowtimeCode], [s].[StartTime], [s].[Status]
FROM [Showtimes] AS [s]
WHERE [s].[Status] IN (N'Đã lên lịch', N'Sap chieu') AND CONVERT(date, [s].[StartTime]) <= @__maxSellingDate_0 AND [s].[StartTime] > @__now_1
2026-05-20 20:24:47.962 +07:00 [INF] Executed DbCommand (3ms) [Parameters=[@__now_0='?' (DbType = DateTime2)], CommandType='"Text"', CommandTimeout='30']
SELECT [s].[ShowtimeID], [s].[EndTime], [s].[MovieID], [s].[RoomID], [s].[ShowtimeCode], [s].[StartTime], [s].[Status]
FROM [Showtimes] AS [s]
WHERE [s].[Status] IN (N'Đã lên lịch', N'Đang mở bán', N'Sap chieu') AND [s].[StartTime] <= @__now_0 AND [s].[EndTime] > @__now_0
2026-05-20 20:24:47.972 +07:00 [INF] Executed DbCommand (3ms) [Parameters=[@__now_0='?' (DbType = DateTime2)], CommandType='"Text"', CommandTimeout='30']
SELECT [s].[ShowtimeID], [s].[EndTime], [s].[MovieID], [s].[RoomID], [s].[ShowtimeCode], [s].[StartTime], [s].[Status]
FROM [Showtimes] AS [s]
WHERE [s].[Status] IN (N'Đã lên lịch', N'Đang mở bán', N'Đang chiếu', N'Sap chieu', N'Dang dien ra') AND [s].[EndTime] <= @__now_0
2026-05-20 20:25:47.998 +07:00 [INF] Executed DbCommand (1ms) [Parameters=[], CommandType='"Text"', CommandTimeout='30']
SELECT [o].[OrderID], [o].[FinalAmount], [o].[HoldExpiryTime], [o].[OrderCode], [o].[PayOSTransID], [o].[PromoID], [o].[QrCode], [o].[ShowtimeID], [o].[Status], [o].[TotalAmount], [o].[UserID]
FROM [Orders] AS [o]
WHERE [o].[Status] = N'Chờ thanh toán' AND [o].[HoldExpiryTime] <= GETDATE()
2026-05-20 20:25:48.004 +07:00 [INF] Executed DbCommand (1ms) [Parameters=[@__maxSellingDate_0='?' (DbType = DateTime2), @__now_1='?' (DbType = DateTime2)], CommandType='"Text"', CommandTimeout='30']
SELECT [s].[ShowtimeID], [s].[EndTime], [s].[MovieID], [s].[RoomID], [s].[ShowtimeCode], [s].[StartTime], [s].[Status]
FROM [Showtimes] AS [s]
WHERE [s].[Status] IN (N'Đã lên lịch', N'Sap chieu') AND CONVERT(date, [s].[StartTime]) <= @__maxSellingDate_0 AND [s].[StartTime] > @__now_1
2026-05-20 20:25:48.005 +07:00 [INF] Executed DbCommand (1ms) [Parameters=[@__now_0='?' (DbType = DateTime2)], CommandType='"Text"', CommandTimeout='30']
SELECT [s].[ShowtimeID], [s].[EndTime], [s].[MovieID], [s].[RoomID], [s].[ShowtimeCode], [s].[StartTime], [s].[Status]
FROM [Showtimes] AS [s]
WHERE [s].[Status] IN (N'Đã lên lịch', N'Đang mở bán', N'Sap chieu') AND [s].[StartTime] <= @__now_0 AND [s].[EndTime] > @__now_0
2026-05-20 20:25:48.007 +07:00 [INF] Executed DbCommand (1ms) [Parameters=[@__now_0='?' (DbType = DateTime2)], CommandType='"Text"', CommandTimeout='30']
SELECT [s].[ShowtimeID], [s].[EndTime], [s].[MovieID], [s].[RoomID], [s].[ShowtimeCode], [s].[StartTime], [s].[Status]
FROM [Showtimes] AS [s]
WHERE [s].[Status] IN (N'Đã lên lịch', N'Đang mở bán', N'Đang chiếu', N'Sap chieu', N'Dang dien ra') AND [s].[EndTime] <= @__now_0
2026-05-20 20:26:48.023 +07:00 [INF] Executed DbCommand (1ms) [Parameters=[], CommandType='"Text"', CommandTimeout='30']
SELECT [o].[OrderID], [o].[FinalAmount], [o].[HoldExpiryTime], [o].[OrderCode], [o].[PayOSTransID], [o].[PromoID], [o].[QrCode], [o].[ShowtimeID], [o].[Status], [o].[TotalAmount], [o].[UserID]
FROM [Orders] AS [o]
WHERE [o].[Status] = N'Chờ thanh toán' AND [o].[HoldExpiryTime] <= GETDATE()
2026-05-20 20:26:48.027 +07:00 [INF] Executed DbCommand (1ms) [Parameters=[@__maxSellingDate_0='?' (DbType = DateTime2), @__now_1='?' (DbType = DateTime2)], CommandType='"Text"', CommandTimeout='30']
SELECT [s].[ShowtimeID], [s].[EndTime], [s].[MovieID], [s].[RoomID], [s].[ShowtimeCode], [s].[StartTime], [s].[Status]
FROM [Showtimes] AS [s]
WHERE [s].[Status] IN (N'Đã lên lịch', N'Sap chieu') AND CONVERT(date, [s].[StartTime]) <= @__maxSellingDate_0 AND [s].[StartTime] > @__now_1
2026-05-20 20:26:48.028 +07:00 [INF] Executed DbCommand (1ms) [Parameters=[@__now_0='?' (DbType = DateTime2)], CommandType='"Text"', CommandTimeout='30']
SELECT [s].[ShowtimeID], [s].[EndTime], [s].[MovieID], [s].[RoomID], [s].[ShowtimeCode], [s].[StartTime], [s].[Status]
FROM [Showtimes] AS [s]
WHERE [s].[Status] IN (N'Đã lên lịch', N'Đang mở bán', N'Sap chieu') AND [s].[StartTime] <= @__now_0 AND [s].[EndTime] > @__now_0
2026-05-20 20:26:48.031 +07:00 [INF] Executed DbCommand (1ms) [Parameters=[@__now_0='?' (DbType = DateTime2)], CommandType='"Text"', CommandTimeout='30']
SELECT [s].[ShowtimeID], [s].[EndTime], [s].[MovieID], [s].[RoomID], [s].[ShowtimeCode], [s].[StartTime], [s].[Status]
FROM [Showtimes] AS [s]
WHERE [s].[Status] IN (N'Đã lên lịch', N'Đang mở bán', N'Đang chiếu', N'Sap chieu', N'Dang dien ra') AND [s].[EndTime] <= @__now_0
2026-05-20 20:27:48.041 +07:00 [INF] Executed DbCommand (1ms) [Parameters=[], CommandType='"Text"', CommandTimeout='30']
SELECT [o].[OrderID], [o].[FinalAmount], [o].[HoldExpiryTime], [o].[OrderCode], [o].[PayOSTransID], [o].[PromoID], [o].[QrCode], [o].[ShowtimeID], [o].[Status], [o].[TotalAmount], [o].[UserID]
FROM [Orders] AS [o]
WHERE [o].[Status] = N'Chờ thanh toán' AND [o].[HoldExpiryTime] <= GETDATE()
2026-05-20 20:27:48.044 +07:00 [INF] Executed DbCommand (1ms) [Parameters=[@__maxSellingDate_0='?' (DbType = DateTime2), @__now_1='?' (DbType = DateTime2)], CommandType='"Text"', CommandTimeout='30']
SELECT [s].[ShowtimeID], [s].[EndTime], [s].[MovieID], [s].[RoomID], [s].[ShowtimeCode], [s].[StartTime], [s].[Status]
FROM [Showtimes] AS [s]
WHERE [s].[Status] IN (N'Đã lên lịch', N'Sap chieu') AND CONVERT(date, [s].[StartTime]) <= @__maxSellingDate_0 AND [s].[StartTime] > @__now_1
2026-05-20 20:27:48.045 +07:00 [INF] Executed DbCommand (1ms) [Parameters=[@__now_0='?' (DbType = DateTime2)], CommandType='"Text"', CommandTimeout='30']
SELECT [s].[ShowtimeID], [s].[EndTime], [s].[MovieID], [s].[RoomID], [s].[ShowtimeCode], [s].[StartTime], [s].[Status]
FROM [Showtimes] AS [s]
WHERE [s].[Status] IN (N'Đã lên lịch', N'Đang mở bán', N'Sap chieu') AND [s].[StartTime] <= @__now_0 AND [s].[EndTime] > @__now_0
2026-05-20 20:27:48.047 +07:00 [INF] Executed DbCommand (1ms) [Parameters=[@__now_0='?' (DbType = DateTime2)], CommandType='"Text"', CommandTimeout='30']
SELECT [s].[ShowtimeID], [s].[EndTime], [s].[MovieID], [s].[RoomID], [s].[ShowtimeCode], [s].[StartTime], [s].[Status]
FROM [Showtimes] AS [s]
WHERE [s].[Status] IN (N'Đã lên lịch', N'Đang mở bán', N'Đang chiếu', N'Sap chieu', N'Dang dien ra') AND [s].[EndTime] <= @__now_0
2026-05-20 20:28:48.051 +07:00 [INF] Executed DbCommand (1ms) [Parameters=[], CommandType='"Text"', CommandTimeout='30']
SELECT [o].[OrderID], [o].[FinalAmount], [o].[HoldExpiryTime], [o].[OrderCode], [o].[PayOSTransID], [o].[PromoID], [o].[QrCode], [o].[ShowtimeID], [o].[Status], [o].[TotalAmount], [o].[UserID]
FROM [Orders] AS [o]
WHERE [o].[Status] = N'Chờ thanh toán' AND [o].[HoldExpiryTime] <= GETDATE()
2026-05-20 20:28:48.055 +07:00 [INF] Executed DbCommand (1ms) [Parameters=[@__maxSellingDate_0='?' (DbType = DateTime2), @__now_1='?' (DbType = DateTime2)], CommandType='"Text"', CommandTimeout='30']
SELECT [s].[ShowtimeID], [s].[EndTime], [s].[MovieID], [s].[RoomID], [s].[ShowtimeCode], [s].[StartTime], [s].[Status]
FROM [Showtimes] AS [s]
WHERE [s].[Status] IN (N'Đã lên lịch', N'Sap chieu') AND CONVERT(date, [s].[StartTime]) <= @__maxSellingDate_0 AND [s].[StartTime] > @__now_1
2026-05-20 20:28:48.057 +07:00 [INF] Executed DbCommand (1ms) [Parameters=[@__now_0='?' (DbType = DateTime2)], CommandType='"Text"', CommandTimeout='30']
SELECT [s].[ShowtimeID], [s].[EndTime], [s].[MovieID], [s].[RoomID], [s].[ShowtimeCode], [s].[StartTime], [s].[Status]
FROM [Showtimes] AS [s]
WHERE [s].[Status] IN (N'Đã lên lịch', N'Đang mở bán', N'Sap chieu') AND [s].[StartTime] <= @__now_0 AND [s].[EndTime] > @__now_0
2026-05-20 20:28:48.059 +07:00 [INF] Executed DbCommand (1ms) [Parameters=[@__now_0='?' (DbType = DateTime2)], CommandType='"Text"', CommandTimeout='30']
SELECT [s].[ShowtimeID], [s].[EndTime], [s].[MovieID], [s].[RoomID], [s].[ShowtimeCode], [s].[StartTime], [s].[Status]
FROM [Showtimes] AS [s]
WHERE [s].[Status] IN (N'Đã lên lịch', N'Đang mở bán', N'Đang chiếu', N'Sap chieu', N'Dang dien ra') AND [s].[EndTime] <= @__now_0
2026-05-20 20:29:48.061 +07:00 [INF] Executed DbCommand (1ms) [Parameters=[], CommandType='"Text"', CommandTimeout='30']
SELECT [o].[OrderID], [o].[FinalAmount], [o].[HoldExpiryTime], [o].[OrderCode], [o].[PayOSTransID], [o].[PromoID], [o].[QrCode], [o].[ShowtimeID], [o].[Status], [o].[TotalAmount], [o].[UserID]
FROM [Orders] AS [o]
WHERE [o].[Status] = N'Chờ thanh toán' AND [o].[HoldExpiryTime] <= GETDATE()
2026-05-20 20:29:48.063 +07:00 [INF] Executed DbCommand (1ms) [Parameters=[@__maxSellingDate_0='?' (DbType = DateTime2), @__now_1='?' (DbType = DateTime2)], CommandType='"Text"', CommandTimeout='30']
SELECT [s].[ShowtimeID], [s].[EndTime], [s].[MovieID], [s].[RoomID], [s].[ShowtimeCode], [s].[StartTime], [s].[Status]
FROM [Showtimes] AS [s]
WHERE [s].[Status] IN (N'Đã lên lịch', N'Sap chieu') AND CONVERT(date, [s].[StartTime]) <= @__maxSellingDate_0 AND [s].[StartTime] > @__now_1
2026-05-20 20:29:48.064 +07:00 [INF] Executed DbCommand (1ms) [Parameters=[@__now_0='?' (DbType = DateTime2)], CommandType='"Text"', CommandTimeout='30']
SELECT [s].[ShowtimeID], [s].[EndTime], [s].[MovieID], [s].[RoomID], [s].[ShowtimeCode], [s].[StartTime], [s].[Status]
FROM [Showtimes] AS [s]
WHERE [s].[Status] IN (N'Đã lên lịch', N'Đang mở bán', N'Sap chieu') AND [s].[StartTime] <= @__now_0 AND [s].[EndTime] > @__now_0
2026-05-20 20:29:48.065 +07:00 [INF] Executed DbCommand (1ms) [Parameters=[@__now_0='?' (DbType = DateTime2)], CommandType='"Text"', CommandTimeout='30']
SELECT [s].[ShowtimeID], [s].[EndTime], [s].[MovieID], [s].[RoomID], [s].[ShowtimeCode], [s].[StartTime], [s].[Status]
FROM [Showtimes] AS [s]
WHERE [s].[Status] IN (N'Đã lên lịch', N'Đang mở bán', N'Đang chiếu', N'Sap chieu', N'Dang dien ra') AND [s].[EndTime] <= @__now_0
2026-05-20 20:30:48.079 +07:00 [INF] Executed DbCommand (1ms) [Parameters=[], CommandType='"Text"', CommandTimeout='30']
SELECT [o].[OrderID], [o].[FinalAmount], [o].[HoldExpiryTime], [o].[OrderCode], [o].[PayOSTransID], [o].[PromoID], [o].[QrCode], [o].[ShowtimeID], [o].[Status], [o].[TotalAmount], [o].[UserID]
FROM [Orders] AS [o]
WHERE [o].[Status] = N'Chờ thanh toán' AND [o].[HoldExpiryTime] <= GETDATE()
2026-05-20 20:30:48.082 +07:00 [INF] Executed DbCommand (1ms) [Parameters=[@__maxSellingDate_0='?' (DbType = DateTime2), @__now_1='?' (DbType = DateTime2)], CommandType='"Text"', CommandTimeout='30']
SELECT [s].[ShowtimeID], [s].[EndTime], [s].[MovieID], [s].[RoomID], [s].[ShowtimeCode], [s].[StartTime], [s].[Status]
FROM [Showtimes] AS [s]
WHERE [s].[Status] IN (N'Đã lên lịch', N'Sap chieu') AND CONVERT(date, [s].[StartTime]) <= @__maxSellingDate_0 AND [s].[StartTime] > @__now_1
2026-05-20 20:30:48.083 +07:00 [INF] Executed DbCommand (1ms) [Parameters=[@__now_0='?' (DbType = DateTime2)], CommandType='"Text"', CommandTimeout='30']
SELECT [s].[ShowtimeID], [s].[EndTime], [s].[MovieID], [s].[RoomID], [s].[ShowtimeCode], [s].[StartTime], [s].[Status]
FROM [Showtimes] AS [s]
WHERE [s].[Status] IN (N'Đã lên lịch', N'Đang mở bán', N'Sap chieu') AND [s].[StartTime] <= @__now_0 AND [s].[EndTime] > @__now_0
2026-05-20 20:30:48.084 +07:00 [INF] Executed DbCommand (1ms) [Parameters=[@__now_0='?' (DbType = DateTime2)], CommandType='"Text"', CommandTimeout='30']
SELECT [s].[ShowtimeID], [s].[EndTime], [s].[MovieID], [s].[RoomID], [s].[ShowtimeCode], [s].[StartTime], [s].[Status]
FROM [Showtimes] AS [s]
WHERE [s].[Status] IN (N'Đã lên lịch', N'Đang mở bán', N'Đang chiếu', N'Sap chieu', N'Dang dien ra') AND [s].[EndTime] <= @__now_0
2026-05-20 20:31:48.089 +07:00 [INF] Executed DbCommand (1ms) [Parameters=[], CommandType='"Text"', CommandTimeout='30']
SELECT [o].[OrderID], [o].[FinalAmount], [o].[HoldExpiryTime], [o].[OrderCode], [o].[PayOSTransID], [o].[PromoID], [o].[QrCode], [o].[ShowtimeID], [o].[Status], [o].[TotalAmount], [o].[UserID]
FROM [Orders] AS [o]
WHERE [o].[Status] = N'Chờ thanh toán' AND [o].[HoldExpiryTime] <= GETDATE()
2026-05-20 20:31:48.093 +07:00 [INF] Executed DbCommand (1ms) [Parameters=[@__maxSellingDate_0='?' (DbType = DateTime2), @__now_1='?' (DbType = DateTime2)], CommandType='"Text"', CommandTimeout='30']
SELECT [s].[ShowtimeID], [s].[EndTime], [s].[MovieID], [s].[RoomID], [s].[ShowtimeCode], [s].[StartTime], [s].[Status]
FROM [Showtimes] AS [s]
WHERE [s].[Status] IN (N'Đã lên lịch', N'Sap chieu') AND CONVERT(date, [s].[StartTime]) <= @__maxSellingDate_0 AND [s].[StartTime] > @__now_1
2026-05-20 20:31:48.095 +07:00 [INF] Executed DbCommand (1ms) [Parameters=[@__now_0='?' (DbType = DateTime2)], CommandType='"Text"', CommandTimeout='30']
SELECT [s].[ShowtimeID], [s].[EndTime], [s].[MovieID], [s].[RoomID], [s].[ShowtimeCode], [s].[StartTime], [s].[Status]
FROM [Showtimes] AS [s]
WHERE [s].[Status] IN (N'Đã lên lịch', N'Đang mở bán', N'Sap chieu') AND [s].[StartTime] <= @__now_0 AND [s].[EndTime] > @__now_0
2026-05-20 20:31:48.096 +07:00 [INF] Executed DbCommand (1ms) [Parameters=[@__now_0='?' (DbType = DateTime2)], CommandType='"Text"', CommandTimeout='30']
SELECT [s].[ShowtimeID], [s].[EndTime], [s].[MovieID], [s].[RoomID], [s].[ShowtimeCode], [s].[StartTime], [s].[Status]
FROM [Showtimes] AS [s]
WHERE [s].[Status] IN (N'Đã lên lịch', N'Đang mở bán', N'Đang chiếu', N'Sap chieu', N'Dang dien ra') AND [s].[EndTime] <= @__now_0
2026-05-20 20:32:48.103 +07:00 [INF] Executed DbCommand (1ms) [Parameters=[], CommandType='"Text"', CommandTimeout='30']
SELECT [o].[OrderID], [o].[FinalAmount], [o].[HoldExpiryTime], [o].[OrderCode], [o].[PayOSTransID], [o].[PromoID], [o].[QrCode], [o].[ShowtimeID], [o].[Status], [o].[TotalAmount], [o].[UserID]
FROM [Orders] AS [o]
WHERE [o].[Status] = N'Chờ thanh toán' AND [o].[HoldExpiryTime] <= GETDATE()
2026-05-20 20:32:48.106 +07:00 [INF] Executed DbCommand (2ms) [Parameters=[@__maxSellingDate_0='?' (DbType = DateTime2), @__now_1='?' (DbType = DateTime2)], CommandType='"Text"', CommandTimeout='30']
SELECT [s].[ShowtimeID], [s].[EndTime], [s].[MovieID], [s].[RoomID], [s].[ShowtimeCode], [s].[StartTime], [s].[Status]
FROM [Showtimes] AS [s]
WHERE [s].[Status] IN (N'Đã lên lịch', N'Sap chieu') AND CONVERT(date, [s].[StartTime]) <= @__maxSellingDate_0 AND [s].[StartTime] > @__now_1
2026-05-20 20:32:48.108 +07:00 [INF] Executed DbCommand (0ms) [Parameters=[@__now_0='?' (DbType = DateTime2)], CommandType='"Text"', CommandTimeout='30']
SELECT [s].[ShowtimeID], [s].[EndTime], [s].[MovieID], [s].[RoomID], [s].[ShowtimeCode], [s].[StartTime], [s].[Status]
FROM [Showtimes] AS [s]
WHERE [s].[Status] IN (N'Đã lên lịch', N'Đang mở bán', N'Sap chieu') AND [s].[StartTime] <= @__now_0 AND [s].[EndTime] > @__now_0
2026-05-20 20:32:48.109 +07:00 [INF] Executed DbCommand (0ms) [Parameters=[@__now_0='?' (DbType = DateTime2)], CommandType='"Text"', CommandTimeout='30']
SELECT [s].[ShowtimeID], [s].[EndTime], [s].[MovieID], [s].[RoomID], [s].[ShowtimeCode], [s].[StartTime], [s].[Status]
FROM [Showtimes] AS [s]
WHERE [s].[Status] IN (N'Đã lên lịch', N'Đang mở bán', N'Đang chiếu', N'Sap chieu', N'Dang dien ra') AND [s].[EndTime] <= @__now_0
2026-05-20 20:33:48.113 +07:00 [INF] Executed DbCommand (1ms) [Parameters=[], CommandType='"Text"', CommandTimeout='30']
SELECT [o].[OrderID], [o].[FinalAmount], [o].[HoldExpiryTime], [o].[OrderCode], [o].[PayOSTransID], [o].[PromoID], [o].[QrCode], [o].[ShowtimeID], [o].[Status], [o].[TotalAmount], [o].[UserID]
FROM [Orders] AS [o]
WHERE [o].[Status] = N'Chờ thanh toán' AND [o].[HoldExpiryTime] <= GETDATE()
2026-05-20 20:33:48.116 +07:00 [INF] Executed DbCommand (1ms) [Parameters=[@__maxSellingDate_0='?' (DbType = DateTime2), @__now_1='?' (DbType = DateTime2)], CommandType='"Text"', CommandTimeout='30']
SELECT [s].[ShowtimeID], [s].[EndTime], [s].[MovieID], [s].[RoomID], [s].[ShowtimeCode], [s].[StartTime], [s].[Status]
FROM [Showtimes] AS [s]
WHERE [s].[Status] IN (N'Đã lên lịch', N'Sap chieu') AND CONVERT(date, [s].[StartTime]) <= @__maxSellingDate_0 AND [s].[StartTime] > @__now_1
2026-05-20 20:33:48.118 +07:00 [INF] Executed DbCommand (1ms) [Parameters=[@__now_0='?' (DbType = DateTime2)], CommandType='"Text"', CommandTimeout='30']
SELECT [s].[ShowtimeID], [s].[EndTime], [s].[MovieID], [s].[RoomID], [s].[ShowtimeCode], [s].[StartTime], [s].[Status]
FROM [Showtimes] AS [s]
WHERE [s].[Status] IN (N'Đã lên lịch', N'Đang mở bán', N'Sap chieu') AND [s].[StartTime] <= @__now_0 AND [s].[EndTime] > @__now_0
2026-05-20 20:33:48.120 +07:00 [INF] Executed DbCommand (1ms) [Parameters=[@__now_0='?' (DbType = DateTime2)], CommandType='"Text"', CommandTimeout='30']
SELECT [s].[ShowtimeID], [s].[EndTime], [s].[MovieID], [s].[RoomID], [s].[ShowtimeCode], [s].[StartTime], [s].[Status]
FROM [Showtimes] AS [s]
WHERE [s].[Status] IN (N'Đã lên lịch', N'Đang mở bán', N'Đang chiếu', N'Sap chieu', N'Dang dien ra') AND [s].[EndTime] <= @__now_0
2026-05-20 20:34:48.124 +07:00 [INF] Executed DbCommand (1ms) [Parameters=[], CommandType='"Text"', CommandTimeout='30']
SELECT [o].[OrderID], [o].[FinalAmount], [o].[HoldExpiryTime], [o].[OrderCode], [o].[PayOSTransID], [o].[PromoID], [o].[QrCode], [o].[ShowtimeID], [o].[Status], [o].[TotalAmount], [o].[UserID]
FROM [Orders] AS [o]
WHERE [o].[Status] = N'Chờ thanh toán' AND [o].[HoldExpiryTime] <= GETDATE()
2026-05-20 20:34:48.126 +07:00 [INF] Executed DbCommand (1ms) [Parameters=[@__maxSellingDate_0='?' (DbType = DateTime2), @__now_1='?' (DbType = DateTime2)], CommandType='"Text"', CommandTimeout='30']
SELECT [s].[ShowtimeID], [s].[EndTime], [s].[MovieID], [s].[RoomID], [s].[ShowtimeCode], [s].[StartTime], [s].[Status]
FROM [Showtimes] AS [s]
WHERE [s].[Status] IN (N'Đã lên lịch', N'Sap chieu') AND CONVERT(date, [s].[StartTime]) <= @__maxSellingDate_0 AND [s].[StartTime] > @__now_1
2026-05-20 20:34:48.128 +07:00 [INF] Executed DbCommand (1ms) [Parameters=[@__now_0='?' (DbType = DateTime2)], CommandType='"Text"', CommandTimeout='30']
SELECT [s].[ShowtimeID], [s].[EndTime], [s].[MovieID], [s].[RoomID], [s].[ShowtimeCode], [s].[StartTime], [s].[Status]
FROM [Showtimes] AS [s]
WHERE [s].[Status] IN (N'Đã lên lịch', N'Đang mở bán', N'Sap chieu') AND [s].[StartTime] <= @__now_0 AND [s].[EndTime] > @__now_0
2026-05-20 20:34:48.128 +07:00 [INF] Executed DbCommand (0ms) [Parameters=[@__now_0='?' (DbType = DateTime2)], CommandType='"Text"', CommandTimeout='30']
SELECT [s].[ShowtimeID], [s].[EndTime], [s].[MovieID], [s].[RoomID], [s].[ShowtimeCode], [s].[StartTime], [s].[Status]
FROM [Showtimes] AS [s]
WHERE [s].[Status] IN (N'Đã lên lịch', N'Đang mở bán', N'Đang chiếu', N'Sap chieu', N'Dang dien ra') AND [s].[EndTime] <= @__now_0
2026-05-20 20:42:35.712 +07:00 [INF] Executed DbCommand (25ms) [Parameters=[], CommandType='"Text"', CommandTimeout='30']
SELECT 1
2026-05-20 20:42:35.799 +07:00 [INF] Executed DbCommand (22ms) [Parameters=[], CommandType='"Text"', CommandTimeout='30']
SELECT OBJECT_ID(N'[__EFMigrationsHistory]');
2026-05-20 20:42:35.803 +07:00 [INF] Executed DbCommand (2ms) [Parameters=[], CommandType='"Text"', CommandTimeout='30']
SELECT 1
2026-05-20 20:42:35.805 +07:00 [INF] Executed DbCommand (1ms) [Parameters=[], CommandType='"Text"', CommandTimeout='30']
SELECT OBJECT_ID(N'[__EFMigrationsHistory]');
2026-05-20 20:42:35.825 +07:00 [INF] Executed DbCommand (3ms) [Parameters=[], CommandType='"Text"', CommandTimeout='30']
SELECT [MigrationId], [ProductVersion]
FROM [__EFMigrationsHistory]
ORDER BY [MigrationId];
2026-05-20 20:42:35.844 +07:00 [INF] No migrations were applied. The database is already up to date.
2026-05-20 20:42:36.139 +07:00 [INF] Executed DbCommand (2ms) [Parameters=[], CommandType='"Text"', CommandTimeout='30']
SELECT CASE
    WHEN EXISTS (
        SELECT 1
        FROM [Users] AS [u]
        WHERE [u].[Email] = N'admin@auracinema.vn') THEN CAST(1 AS bit)
    ELSE CAST(0 AS bit)
END
2026-05-20 20:42:36.146 +07:00 [INF] Executed DbCommand (1ms) [Parameters=[], CommandType='"Text"', CommandTimeout='30']
SELECT CASE
    WHEN EXISTS (
        SELECT 1
        FROM [Users] AS [u]
        WHERE [u].[Email] = N'staff@auracinema.vn') THEN CAST(1 AS bit)
    ELSE CAST(0 AS bit)
END
2026-05-20 20:42:36.153 +07:00 [INF] Executed DbCommand (2ms) [Parameters=[], CommandType='"Text"', CommandTimeout='30']
SELECT CASE
    WHEN EXISTS (
        SELECT 1
        FROM [Users] AS [u]
        WHERE [u].[Email] = N'customer@gmail.com') THEN CAST(1 AS bit)
    ELSE CAST(0 AS bit)
END
2026-05-20 20:42:36.228 +07:00 [INF] Executed DbCommand (3ms) [Parameters=[], CommandType='"Text"', CommandTimeout='30']
SELECT [u].[UserID], [u].[Email], [u].[FullName], [u].[OtpCode], [u].[OtpExpiry], [u].[Password], [u].[Phone], [u].[Role], [u].[Status], [u].[UserCode]
FROM [Users] AS [u]
WHERE [u].[UserCode] LIKE N''
2026-05-20 20:42:36.237 +07:00 [INF] Executed DbCommand (2ms) [Parameters=[], CommandType='"Text"', CommandTimeout='30']
SELECT CASE
    WHEN EXISTS (
        SELECT 1
        FROM [Rooms] AS [r]) THEN CAST(1 AS bit)
    ELSE CAST(0 AS bit)
END
2026-05-20 20:42:36.242 +07:00 [INF] Executed DbCommand (3ms) [Parameters=[], CommandType='"Text"', CommandTimeout='30']
SELECT CASE
    WHEN EXISTS (
        SELECT 1
        FROM [PriceConfigs] AS [p]) THEN CAST(1 AS bit)
    ELSE CAST(0 AS bit)
END
2026-05-20 20:42:36.250 +07:00 [INF] Executed DbCommand (4ms) [Parameters=[], CommandType='"Text"', CommandTimeout='30']
SELECT CASE
    WHEN EXISTS (
        SELECT 1
        FROM [Movies] AS [m]) THEN CAST(1 AS bit)
    ELSE CAST(0 AS bit)
END
2026-05-20 20:42:36.256 +07:00 [INF] Executed DbCommand (3ms) [Parameters=[], CommandType='"Text"', CommandTimeout='30']
SELECT CASE
    WHEN EXISTS (
        SELECT 1
        FROM [Services] AS [s]) THEN CAST(1 AS bit)
    ELSE CAST(0 AS bit)
END
2026-05-20 20:42:36.263 +07:00 [INF] Executed DbCommand (2ms) [Parameters=[], CommandType='"Text"', CommandTimeout='30']
SELECT CASE
    WHEN EXISTS (
        SELECT 1
        FROM [Promotions] AS [p]) THEN CAST(1 AS bit)
    ELSE CAST(0 AS bit)
END
2026-05-20 20:42:36.270 +07:00 [INF] Executed DbCommand (2ms) [Parameters=[], CommandType='"Text"', CommandTimeout='30']
SELECT CASE
    WHEN EXISTS (
        SELECT 1
        FROM [Showtimes] AS [s]) THEN CAST(1 AS bit)
    ELSE CAST(0 AS bit)
END
2026-05-20 20:42:36.287 +07:00 [INF] Executed DbCommand (3ms) [Parameters=[], CommandType='"Text"', CommandTimeout='30']
SELECT CASE
    WHEN EXISTS (
        SELECT 1
        FROM [Orders] AS [o]
        WHERE [o].[Status] IN (N'Da thanh toan', N'Đã thanh toán')) THEN CAST(1 AS bit)
    ELSE CAST(0 AS bit)
END
2026-05-20 20:42:36.434 +07:00 [INF] User profile is available. Using 'C:\Users\lqhie\AppData\Local\ASP.NET\DataProtection-Keys' as key repository and Windows DPAPI to encrypt keys at rest.
2026-05-20 20:42:36.471 +07:00 [INF] Booking Cleanup Service is starting.
2026-05-20 20:42:36.504 +07:00 [INF] Executed DbCommand (3ms) [Parameters=[], CommandType='"Text"', CommandTimeout='30']
SELECT [o].[OrderID], [o].[FinalAmount], [o].[HoldExpiryTime], [o].[OrderCode], [o].[PayOSTransID], [o].[PromoID], [o].[QrCode], [o].[ShowtimeID], [o].[Status], [o].[TotalAmount], [o].[UserID]
FROM [Orders] AS [o]
WHERE [o].[Status] = N'Chờ thanh toán' AND [o].[HoldExpiryTime] <= GETDATE()
2026-05-20 20:42:36.543 +07:00 [INF] Now listening on: http://localhost:5231
2026-05-20 20:42:36.544 +07:00 [INF] Application started. Press Ctrl+C to shut down.
2026-05-20 20:42:36.544 +07:00 [INF] Hosting environment: Development
2026-05-20 20:42:36.544 +07:00 [INF] Content root path: D:\AURACINEMA\AuraCinema.Web
2026-05-20 20:42:36.605 +07:00 [INF] Executed DbCommand (16ms) [Parameters=[@__maxSellingDate_0='?' (DbType = DateTime2), @__now_1='?' (DbType = DateTime2)], CommandType='"Text"', CommandTimeout='30']
SELECT [s].[ShowtimeID], [s].[EndTime], [s].[MovieID], [s].[RoomID], [s].[ShowtimeCode], [s].[StartTime], [s].[Status]
FROM [Showtimes] AS [s]
WHERE [s].[Status] IN (N'Đã lên lịch', N'Sap chieu') AND CONVERT(date, [s].[StartTime]) <= @__maxSellingDate_0 AND [s].[StartTime] > @__now_1
2026-05-20 20:42:36.612 +07:00 [INF] Executed DbCommand (2ms) [Parameters=[@__now_0='?' (DbType = DateTime2)], CommandType='"Text"', CommandTimeout='30']
SELECT [s].[ShowtimeID], [s].[EndTime], [s].[MovieID], [s].[RoomID], [s].[ShowtimeCode], [s].[StartTime], [s].[Status]
FROM [Showtimes] AS [s]
WHERE [s].[Status] IN (N'Đã lên lịch', N'Đang mở bán', N'Sap chieu') AND [s].[StartTime] <= @__now_0 AND [s].[EndTime] > @__now_0
2026-05-20 20:42:36.619 +07:00 [INF] Executed DbCommand (2ms) [Parameters=[@__now_0='?' (DbType = DateTime2)], CommandType='"Text"', CommandTimeout='30']
SELECT [s].[ShowtimeID], [s].[EndTime], [s].[MovieID], [s].[RoomID], [s].[ShowtimeCode], [s].[StartTime], [s].[Status]
FROM [Showtimes] AS [s]
WHERE [s].[Status] IN (N'Đã lên lịch', N'Đang mở bán', N'Đang chiếu', N'Sap chieu', N'Dang dien ra') AND [s].[EndTime] <= @__now_0
2026-05-20 20:43:07.364 +07:00 [INF] Request starting HTTP/1.1 GET http://localhost:5231/ - null null
2026-05-20 20:43:07.368 +07:00 [WRN] Failed to determine the https port for redirect.
2026-05-20 20:43:07.433 +07:00 [INF] Executing endpoint 'AuraCinema.Web.Controllers.HomeController.Index (AuraCinema.Web)'
2026-05-20 20:43:07.463 +07:00 [INF] Route matched with {action = "Index", controller = "Home", area = ""}. Executing controller action with signature System.Threading.Tasks.Task`1[Microsoft.AspNetCore.Mvc.IActionResult] Index() on controller AuraCinema.Web.Controllers.HomeController (AuraCinema.Web).
2026-05-20 20:43:07.508 +07:00 [INF] Executed DbCommand (3ms) [Parameters=[], CommandType='"Text"', CommandTimeout='30']
SELECT [m].[MovieID], [m].[Title], [m].[Genre], [m].[Poster], [m].[Duration], [m].[Status], [m].[ReleaseDate], [m].[Director]
FROM [Movies] AS [m]
WHERE [m].[Status] IN (N'Dang chieu', N'Sap chieu')
ORDER BY [m].[ReleaseDate] DESC
2026-05-20 20:43:07.651 +07:00 [INF] Executed DbCommand (17ms) [Parameters=[@__p_1='?' (DbType = Int32), @__userId_0='?' (DbType = Int32)], CommandType='"Text"', CommandTimeout='30']
SELECT [t].[OrderID], [t].[FinalAmount], [t].[HoldExpiryTime], [t].[OrderCode], [t].[PayOSTransID], [t].[PromoID], [t].[QrCode], [t].[ShowtimeID], [t].[Status], [t].[TotalAmount], [t].[UserID], [s].[ShowtimeID], [s].[EndTime], [s].[MovieID], [s].[RoomID], [s].[ShowtimeCode], [s].[StartTime], [s].[Status], [m].[MovieID], [m].[Actors], [m].[Director], [m].[Duration], [m].[Genre], [m].[MovieCode], [m].[Poster], [m].[ReleaseDate], [m].[Status], [m].[Title], [m].[Trailer], [r].[RoomID], [r].[Capacity], [r].[RoomCode], [r].[RoomName], [r].[Status], [t0].[OrderID], [t0].[SeatID], [t0].[Price], [t0].[Status], [t0].[SeatID0], [t0].[RoomID], [t0].[RowLabel], [t0].[SeatCode], [t0].[SeatNumber], [t0].[SeatType]
FROM (
    SELECT TOP(@__p_1) [o].[OrderID], [o].[FinalAmount], [o].[HoldExpiryTime], [o].[OrderCode], [o].[PayOSTransID], [o].[PromoID], [o].[QrCode], [o].[ShowtimeID], [o].[Status], [o].[TotalAmount], [o].[UserID]
    FROM [Orders] AS [o]
    WHERE [o].[UserID] = @__userId_0 AND [o].[Status] IN (N'Da thanh toan', N'Da su dung', N'Đã thanh toán', N'Đã sử dụng')
    ORDER BY [o].[OrderID] DESC
) AS [t]
INNER JOIN [Showtimes] AS [s] ON [t].[ShowtimeID] = [s].[ShowtimeID]
INNER JOIN [Movies] AS [m] ON [s].[MovieID] = [m].[MovieID]
INNER JOIN [Rooms] AS [r] ON [s].[RoomID] = [r].[RoomID]
LEFT JOIN (
    SELECT [o0].[OrderID], [o0].[SeatID], [o0].[Price], [o0].[Status], [s0].[SeatID] AS [SeatID0], [s0].[RoomID], [s0].[RowLabel], [s0].[SeatCode], [s0].[SeatNumber], [s0].[SeatType]
    FROM [OrderSeats] AS [o0]
    INNER JOIN [Seats] AS [s0] ON [o0].[SeatID] = [s0].[SeatID]
) AS [t0] ON [t].[OrderID] = [t0].[OrderID]
ORDER BY [t].[OrderID] DESC, [s].[ShowtimeID], [m].[MovieID], [r].[RoomID], [t0].[OrderID], [t0].[SeatID]
2026-05-20 20:43:07.966 +07:00 [INF] Executing ViewResult, running view Index.
2026-05-20 20:43:08.148 +07:00 [INF] Executed ViewResult - view Index executed in 187.5519ms.
2026-05-20 20:43:08.156 +07:00 [INF] Executed action AuraCinema.Web.Controllers.HomeController.Index (AuraCinema.Web) in 691.6571ms
2026-05-20 20:43:08.157 +07:00 [INF] Executed endpoint 'AuraCinema.Web.Controllers.HomeController.Index (AuraCinema.Web)'
2026-05-20 20:43:08.166 +07:00 [INF] Request finished HTTP/1.1 GET http://localhost:5231/ - 200 null text/html; charset=utf-8 805.1246ms
2026-05-20 20:43:08.189 +07:00 [INF] Request starting HTTP/1.1 GET http://localhost:5231/css/chatbot.css?v=r2u6L0FAOMDC4s9aPw1MZX42JGlCVETX6XZ-jz-lAOo - null null
2026-05-20 20:43:08.198 +07:00 [INF] Request starting HTTP/1.1 GET http://localhost:5231/js/chatbot.js?v=8SI7bVlT6PU6wvsevg8vnDYC-FsacmaWRIf4XPwosNE - null null
2026-05-20 20:43:08.199 +07:00 [INF] The file /css/chatbot.css was not modified
2026-05-20 20:43:08.200 +07:00 [INF] The file /js/chatbot.js was not modified
2026-05-20 20:43:08.202 +07:00 [INF] Request finished HTTP/1.1 GET http://localhost:5231/js/chatbot.js?v=8SI7bVlT6PU6wvsevg8vnDYC-FsacmaWRIf4XPwosNE - 304 null text/javascript 3.2588ms
2026-05-20 20:43:08.202 +07:00 [INF] Request finished HTTP/1.1 GET http://localhost:5231/css/chatbot.css?v=r2u6L0FAOMDC4s9aPw1MZX42JGlCVETX6XZ-jz-lAOo - 304 null text/css 12.6722ms
2026-05-20 20:43:13.730 +07:00 [INF] Request starting HTTP/1.1 POST http://localhost:5231/api/chatbot/message - application/json 91
2026-05-20 20:43:13.735 +07:00 [INF] Executing endpoint 'AuraCinema.Web.Controllers.ChatbotController.ProcessMessage (AuraCinema.Web)'
2026-05-20 20:43:13.745 +07:00 [INF] Route matched with {action = "ProcessMessage", controller = "Chatbot", area = ""}. Executing controller action with signature System.Threading.Tasks.Task`1[Microsoft.AspNetCore.Mvc.IActionResult] ProcessMessage(AuraCinema.Domain.Models.Chat.ChatRequest) on controller AuraCinema.Web.Controllers.ChatbotController (AuraCinema.Web).
2026-05-20 20:43:13.922 +07:00 [INF] Start processing HTTP request POST https://api.groq.com/openai/v1/chat/completions
2026-05-20 20:43:13.927 +07:00 [INF] Sending HTTP request POST https://api.groq.com/openai/v1/chat/completions
2026-05-20 20:43:14.368 +07:00 [INF] Received HTTP response headers after 437.8261ms - 400
2026-05-20 20:43:14.371 +07:00 [INF] End processing HTTP request after 461.3357ms - 400
2026-05-20 20:43:14.375 +07:00 [ERR] AI API error: "BadRequest" - {"error":{"message":"The model `llama3-70b-8192` has been decommissioned and is no longer supported. Please refer to https://console.groq.com/docs/deprecations for a recommendation on which model to use instead.","type":"invalid_request_error","code":"model_decommissioned"}}

2026-05-20 20:43:14.381 +07:00 [INF] Executing OkObjectResult, writing value of type 'AuraCinema.Domain.Models.Chat.ChatResponse'.
2026-05-20 20:43:14.401 +07:00 [INF] Executed action AuraCinema.Web.Controllers.ChatbotController.ProcessMessage (AuraCinema.Web) in 655.7039ms
2026-05-20 20:43:14.402 +07:00 [INF] Executed endpoint 'AuraCinema.Web.Controllers.ChatbotController.ProcessMessage (AuraCinema.Web)'
2026-05-20 20:43:14.403 +07:00 [INF] Request finished HTTP/1.1 POST http://localhost:5231/api/chatbot/message - 200 null application/json; charset=utf-8 672.7305ms
2026-05-20 20:43:18.825 +07:00 [INF] Request starting HTTP/1.1 GET http://localhost:5231/ - null null
2026-05-20 20:43:18.829 +07:00 [INF] Executing endpoint 'AuraCinema.Web.Controllers.HomeController.Index (AuraCinema.Web)'
2026-05-20 20:43:18.829 +07:00 [INF] Route matched with {action = "Index", controller = "Home", area = ""}. Executing controller action with signature System.Threading.Tasks.Task`1[Microsoft.AspNetCore.Mvc.IActionResult] Index() on controller AuraCinema.Web.Controllers.HomeController (AuraCinema.Web).
2026-05-20 20:43:18.837 +07:00 [INF] Executed DbCommand (1ms) [Parameters=[], CommandType='"Text"', CommandTimeout='30']
SELECT [m].[MovieID], [m].[Title], [m].[Genre], [m].[Poster], [m].[Duration], [m].[Status], [m].[ReleaseDate], [m].[Director]
FROM [Movies] AS [m]
WHERE [m].[Status] IN (N'Dang chieu', N'Sap chieu')
ORDER BY [m].[ReleaseDate] DESC
2026-05-20 20:43:18.841 +07:00 [INF] Executed DbCommand (1ms) [Parameters=[@__p_1='?' (DbType = Int32), @__userId_0='?' (DbType = Int32)], CommandType='"Text"', CommandTimeout='30']
SELECT [t].[OrderID], [t].[FinalAmount], [t].[HoldExpiryTime], [t].[OrderCode], [t].[PayOSTransID], [t].[PromoID], [t].[QrCode], [t].[ShowtimeID], [t].[Status], [t].[TotalAmount], [t].[UserID], [s].[ShowtimeID], [s].[EndTime], [s].[MovieID], [s].[RoomID], [s].[ShowtimeCode], [s].[StartTime], [s].[Status], [m].[MovieID], [m].[Actors], [m].[Director], [m].[Duration], [m].[Genre], [m].[MovieCode], [m].[Poster], [m].[ReleaseDate], [m].[Status], [m].[Title], [m].[Trailer], [r].[RoomID], [r].[Capacity], [r].[RoomCode], [r].[RoomName], [r].[Status], [t0].[OrderID], [t0].[SeatID], [t0].[Price], [t0].[Status], [t0].[SeatID0], [t0].[RoomID], [t0].[RowLabel], [t0].[SeatCode], [t0].[SeatNumber], [t0].[SeatType]
FROM (
    SELECT TOP(@__p_1) [o].[OrderID], [o].[FinalAmount], [o].[HoldExpiryTime], [o].[OrderCode], [o].[PayOSTransID], [o].[PromoID], [o].[QrCode], [o].[ShowtimeID], [o].[Status], [o].[TotalAmount], [o].[UserID]
    FROM [Orders] AS [o]
    WHERE [o].[UserID] = @__userId_0 AND [o].[Status] IN (N'Da thanh toan', N'Da su dung', N'Đã thanh toán', N'Đã sử dụng')
    ORDER BY [o].[OrderID] DESC
) AS [t]
INNER JOIN [Showtimes] AS [s] ON [t].[ShowtimeID] = [s].[ShowtimeID]
INNER JOIN [Movies] AS [m] ON [s].[MovieID] = [m].[MovieID]
INNER JOIN [Rooms] AS [r] ON [s].[RoomID] = [r].[RoomID]
LEFT JOIN (
    SELECT [o0].[OrderID], [o0].[SeatID], [o0].[Price], [o0].[Status], [s0].[SeatID] AS [SeatID0], [s0].[RoomID], [s0].[RowLabel], [s0].[SeatCode], [s0].[SeatNumber], [s0].[SeatType]
    FROM [OrderSeats] AS [o0]
    INNER JOIN [Seats] AS [s0] ON [o0].[SeatID] = [s0].[SeatID]
) AS [t0] ON [t].[OrderID] = [t0].[OrderID]
ORDER BY [t].[OrderID] DESC, [s].[ShowtimeID], [m].[MovieID], [r].[RoomID], [t0].[OrderID], [t0].[SeatID]
2026-05-20 20:43:18.843 +07:00 [INF] Executing ViewResult, running view Index.
2026-05-20 20:43:18.853 +07:00 [INF] Executed ViewResult - view Index executed in 10.3114ms.
2026-05-20 20:43:18.853 +07:00 [INF] Executed action AuraCinema.Web.Controllers.HomeController.Index (AuraCinema.Web) in 23.8774ms
2026-05-20 20:43:18.853 +07:00 [INF] Executed endpoint 'AuraCinema.Web.Controllers.HomeController.Index (AuraCinema.Web)'
2026-05-20 20:43:18.854 +07:00 [INF] Request finished HTTP/1.1 GET http://localhost:5231/ - 200 null text/html; charset=utf-8 28.9996ms
2026-05-20 20:43:21.437 +07:00 [INF] Request starting HTTP/1.1 POST http://localhost:5231/api/chatbot/message - application/json 91
2026-05-20 20:43:21.440 +07:00 [INF] Executing endpoint 'AuraCinema.Web.Controllers.ChatbotController.ProcessMessage (AuraCinema.Web)'
2026-05-20 20:43:21.440 +07:00 [INF] Route matched with {action = "ProcessMessage", controller = "Chatbot", area = ""}. Executing controller action with signature System.Threading.Tasks.Task`1[Microsoft.AspNetCore.Mvc.IActionResult] ProcessMessage(AuraCinema.Domain.Models.Chat.ChatRequest) on controller AuraCinema.Web.Controllers.ChatbotController (AuraCinema.Web).
2026-05-20 20:43:21.443 +07:00 [INF] Start processing HTTP request POST https://api.groq.com/openai/v1/chat/completions
2026-05-20 20:43:21.444 +07:00 [INF] Sending HTTP request POST https://api.groq.com/openai/v1/chat/completions
2026-05-20 20:43:21.588 +07:00 [INF] Received HTTP response headers after 144.0887ms - 400
2026-05-20 20:43:21.588 +07:00 [INF] End processing HTTP request after 144.6852ms - 400
2026-05-20 20:43:21.589 +07:00 [ERR] AI API error: "BadRequest" - {"error":{"message":"The model `llama3-70b-8192` has been decommissioned and is no longer supported. Please refer to https://console.groq.com/docs/deprecations for a recommendation on which model to use instead.","type":"invalid_request_error","code":"model_decommissioned"}}

2026-05-20 20:43:21.589 +07:00 [INF] Executing OkObjectResult, writing value of type 'AuraCinema.Domain.Models.Chat.ChatResponse'.
2026-05-20 20:43:21.591 +07:00 [INF] Executed action AuraCinema.Web.Controllers.ChatbotController.ProcessMessage (AuraCinema.Web) in 150.4109ms
2026-05-20 20:43:21.591 +07:00 [INF] Executed endpoint 'AuraCinema.Web.Controllers.ChatbotController.ProcessMessage (AuraCinema.Web)'
2026-05-20 20:43:21.591 +07:00 [INF] Request finished HTTP/1.1 POST http://localhost:5231/api/chatbot/message - 200 null application/json; charset=utf-8 154.5885ms
2026-05-20 20:43:36.635 +07:00 [INF] Executed DbCommand (1ms) [Parameters=[], CommandType='"Text"', CommandTimeout='30']
SELECT [o].[OrderID], [o].[FinalAmount], [o].[HoldExpiryTime], [o].[OrderCode], [o].[PayOSTransID], [o].[PromoID], [o].[QrCode], [o].[ShowtimeID], [o].[Status], [o].[TotalAmount], [o].[UserID]
FROM [Orders] AS [o]
WHERE [o].[Status] = N'Chờ thanh toán' AND [o].[HoldExpiryTime] <= GETDATE()
2026-05-20 20:43:36.637 +07:00 [INF] Executed DbCommand (1ms) [Parameters=[@__maxSellingDate_0='?' (DbType = DateTime2), @__now_1='?' (DbType = DateTime2)], CommandType='"Text"', CommandTimeout='30']
SELECT [s].[ShowtimeID], [s].[EndTime], [s].[MovieID], [s].[RoomID], [s].[ShowtimeCode], [s].[StartTime], [s].[Status]
FROM [Showtimes] AS [s]
WHERE [s].[Status] IN (N'Đã lên lịch', N'Sap chieu') AND CONVERT(date, [s].[StartTime]) <= @__maxSellingDate_0 AND [s].[StartTime] > @__now_1
2026-05-20 20:43:36.638 +07:00 [INF] Executed DbCommand (1ms) [Parameters=[@__now_0='?' (DbType = DateTime2)], CommandType='"Text"', CommandTimeout='30']
SELECT [s].[ShowtimeID], [s].[EndTime], [s].[MovieID], [s].[RoomID], [s].[ShowtimeCode], [s].[StartTime], [s].[Status]
FROM [Showtimes] AS [s]
WHERE [s].[Status] IN (N'Đã lên lịch', N'Đang mở bán', N'Sap chieu') AND [s].[StartTime] <= @__now_0 AND [s].[EndTime] > @__now_0
2026-05-20 20:43:36.639 +07:00 [INF] Executed DbCommand (1ms) [Parameters=[@__now_0='?' (DbType = DateTime2)], CommandType='"Text"', CommandTimeout='30']
SELECT [s].[ShowtimeID], [s].[EndTime], [s].[MovieID], [s].[RoomID], [s].[ShowtimeCode], [s].[StartTime], [s].[Status]
FROM [Showtimes] AS [s]
WHERE [s].[Status] IN (N'Đã lên lịch', N'Đang mở bán', N'Đang chiếu', N'Sap chieu', N'Dang dien ra') AND [s].[EndTime] <= @__now_0
2026-05-20 20:44:30.700 +07:00 [INF] Request starting HTTP/1.1 GET http://localhost:5231/ - null null
2026-05-20 20:44:30.701 +07:00 [INF] Executing endpoint 'AuraCinema.Web.Controllers.HomeController.Index (AuraCinema.Web)'
2026-05-20 20:44:30.701 +07:00 [INF] Route matched with {action = "Index", controller = "Home", area = ""}. Executing controller action with signature System.Threading.Tasks.Task`1[Microsoft.AspNetCore.Mvc.IActionResult] Index() on controller AuraCinema.Web.Controllers.HomeController (AuraCinema.Web).
2026-05-20 20:44:30.704 +07:00 [INF] Executed DbCommand (1ms) [Parameters=[], CommandType='"Text"', CommandTimeout='30']
SELECT [m].[MovieID], [m].[Title], [m].[Genre], [m].[Poster], [m].[Duration], [m].[Status], [m].[ReleaseDate], [m].[Director]
FROM [Movies] AS [m]
WHERE [m].[Status] IN (N'Dang chieu', N'Sap chieu')
ORDER BY [m].[ReleaseDate] DESC
2026-05-20 20:44:30.707 +07:00 [INF] Executed DbCommand (1ms) [Parameters=[@__p_1='?' (DbType = Int32), @__userId_0='?' (DbType = Int32)], CommandType='"Text"', CommandTimeout='30']
SELECT [t].[OrderID], [t].[FinalAmount], [t].[HoldExpiryTime], [t].[OrderCode], [t].[PayOSTransID], [t].[PromoID], [t].[QrCode], [t].[ShowtimeID], [t].[Status], [t].[TotalAmount], [t].[UserID], [s].[ShowtimeID], [s].[EndTime], [s].[MovieID], [s].[RoomID], [s].[ShowtimeCode], [s].[StartTime], [s].[Status], [m].[MovieID], [m].[Actors], [m].[Director], [m].[Duration], [m].[Genre], [m].[MovieCode], [m].[Poster], [m].[ReleaseDate], [m].[Status], [m].[Title], [m].[Trailer], [r].[RoomID], [r].[Capacity], [r].[RoomCode], [r].[RoomName], [r].[Status], [t0].[OrderID], [t0].[SeatID], [t0].[Price], [t0].[Status], [t0].[SeatID0], [t0].[RoomID], [t0].[RowLabel], [t0].[SeatCode], [t0].[SeatNumber], [t0].[SeatType]
FROM (
    SELECT TOP(@__p_1) [o].[OrderID], [o].[FinalAmount], [o].[HoldExpiryTime], [o].[OrderCode], [o].[PayOSTransID], [o].[PromoID], [o].[QrCode], [o].[ShowtimeID], [o].[Status], [o].[TotalAmount], [o].[UserID]
    FROM [Orders] AS [o]
    WHERE [o].[UserID] = @__userId_0 AND [o].[Status] IN (N'Da thanh toan', N'Da su dung', N'Đã thanh toán', N'Đã sử dụng')
    ORDER BY [o].[OrderID] DESC
) AS [t]
INNER JOIN [Showtimes] AS [s] ON [t].[ShowtimeID] = [s].[ShowtimeID]
INNER JOIN [Movies] AS [m] ON [s].[MovieID] = [m].[MovieID]
INNER JOIN [Rooms] AS [r] ON [s].[RoomID] = [r].[RoomID]
LEFT JOIN (
    SELECT [o0].[OrderID], [o0].[SeatID], [o0].[Price], [o0].[Status], [s0].[SeatID] AS [SeatID0], [s0].[RoomID], [s0].[RowLabel], [s0].[SeatCode], [s0].[SeatNumber], [s0].[SeatType]
    FROM [OrderSeats] AS [o0]
    INNER JOIN [Seats] AS [s0] ON [o0].[SeatID] = [s0].[SeatID]
) AS [t0] ON [t].[OrderID] = [t0].[OrderID]
ORDER BY [t].[OrderID] DESC, [s].[ShowtimeID], [m].[MovieID], [r].[RoomID], [t0].[OrderID], [t0].[SeatID]
2026-05-20 20:44:30.708 +07:00 [INF] Executing ViewResult, running view Index.
2026-05-20 20:44:30.713 +07:00 [INF] Executed ViewResult - view Index executed in 4.2974ms.
2026-05-20 20:44:30.713 +07:00 [INF] Executed action AuraCinema.Web.Controllers.HomeController.Index (AuraCinema.Web) in 11.5456ms
2026-05-20 20:44:30.713 +07:00 [INF] Executed endpoint 'AuraCinema.Web.Controllers.HomeController.Index (AuraCinema.Web)'
2026-05-20 20:44:30.713 +07:00 [INF] Request finished HTTP/1.1 GET http://localhost:5231/ - 200 null text/html; charset=utf-8 12.9637ms
2026-05-20 20:44:32.067 +07:00 [INF] Request starting HTTP/1.1 GET http://localhost:5231/ - null null
2026-05-20 20:44:32.068 +07:00 [INF] Executing endpoint 'AuraCinema.Web.Controllers.HomeController.Index (AuraCinema.Web)'
2026-05-20 20:44:32.068 +07:00 [INF] Route matched with {action = "Index", controller = "Home", area = ""}. Executing controller action with signature System.Threading.Tasks.Task`1[Microsoft.AspNetCore.Mvc.IActionResult] Index() on controller AuraCinema.Web.Controllers.HomeController (AuraCinema.Web).
2026-05-20 20:44:32.086 +07:00 [INF] Executed DbCommand (13ms) [Parameters=[], CommandType='"Text"', CommandTimeout='30']
SELECT [m].[MovieID], [m].[Title], [m].[Genre], [m].[Poster], [m].[Duration], [m].[Status], [m].[ReleaseDate], [m].[Director]
FROM [Movies] AS [m]
WHERE [m].[Status] IN (N'Dang chieu', N'Sap chieu')
ORDER BY [m].[ReleaseDate] DESC
2026-05-20 20:44:32.092 +07:00 [INF] Executed DbCommand (1ms) [Parameters=[@__p_1='?' (DbType = Int32), @__userId_0='?' (DbType = Int32)], CommandType='"Text"', CommandTimeout='30']
SELECT [t].[OrderID], [t].[FinalAmount], [t].[HoldExpiryTime], [t].[OrderCode], [t].[PayOSTransID], [t].[PromoID], [t].[QrCode], [t].[ShowtimeID], [t].[Status], [t].[TotalAmount], [t].[UserID], [s].[ShowtimeID], [s].[EndTime], [s].[MovieID], [s].[RoomID], [s].[ShowtimeCode], [s].[StartTime], [s].[Status], [m].[MovieID], [m].[Actors], [m].[Director], [m].[Duration], [m].[Genre], [m].[MovieCode], [m].[Poster], [m].[ReleaseDate], [m].[Status], [m].[Title], [m].[Trailer], [r].[RoomID], [r].[Capacity], [r].[RoomCode], [r].[RoomName], [r].[Status], [t0].[OrderID], [t0].[SeatID], [t0].[Price], [t0].[Status], [t0].[SeatID0], [t0].[RoomID], [t0].[RowLabel], [t0].[SeatCode], [t0].[SeatNumber], [t0].[SeatType]
FROM (
    SELECT TOP(@__p_1) [o].[OrderID], [o].[FinalAmount], [o].[HoldExpiryTime], [o].[OrderCode], [o].[PayOSTransID], [o].[PromoID], [o].[QrCode], [o].[ShowtimeID], [o].[Status], [o].[TotalAmount], [o].[UserID]
    FROM [Orders] AS [o]
    WHERE [o].[UserID] = @__userId_0 AND [o].[Status] IN (N'Da thanh toan', N'Da su dung', N'Đã thanh toán', N'Đã sử dụng')
    ORDER BY [o].[OrderID] DESC
) AS [t]
INNER JOIN [Showtimes] AS [s] ON [t].[ShowtimeID] = [s].[ShowtimeID]
INNER JOIN [Movies] AS [m] ON [s].[MovieID] = [m].[MovieID]
INNER JOIN [Rooms] AS [r] ON [s].[RoomID] = [r].[RoomID]
LEFT JOIN (
    SELECT [o0].[OrderID], [o0].[SeatID], [o0].[Price], [o0].[Status], [s0].[SeatID] AS [SeatID0], [s0].[RoomID], [s0].[RowLabel], [s0].[SeatCode], [s0].[SeatNumber], [s0].[SeatType]
    FROM [OrderSeats] AS [o0]
    INNER JOIN [Seats] AS [s0] ON [o0].[SeatID] = [s0].[SeatID]
) AS [t0] ON [t].[OrderID] = [t0].[OrderID]
ORDER BY [t].[OrderID] DESC, [s].[ShowtimeID], [m].[MovieID], [r].[RoomID], [t0].[OrderID], [t0].[SeatID]
2026-05-20 20:44:32.093 +07:00 [INF] Executing ViewResult, running view Index.
2026-05-20 20:44:32.095 +07:00 [INF] Executed ViewResult - view Index executed in 1.9216ms.
2026-05-20 20:44:32.095 +07:00 [INF] Executed action AuraCinema.Web.Controllers.HomeController.Index (AuraCinema.Web) in 27.6674ms
2026-05-20 20:44:32.095 +07:00 [INF] Executed endpoint 'AuraCinema.Web.Controllers.HomeController.Index (AuraCinema.Web)'
2026-05-20 20:44:32.096 +07:00 [INF] Request finished HTTP/1.1 GET http://localhost:5231/ - 200 null text/html; charset=utf-8 28.5942ms
2026-05-20 20:44:35.460 +07:00 [INF] Request starting HTTP/1.1 POST http://localhost:5231/api/chatbot/message - application/json 91
2026-05-20 20:44:35.461 +07:00 [INF] Executing endpoint 'AuraCinema.Web.Controllers.ChatbotController.ProcessMessage (AuraCinema.Web)'
2026-05-20 20:44:35.461 +07:00 [INF] Route matched with {action = "ProcessMessage", controller = "Chatbot", area = ""}. Executing controller action with signature System.Threading.Tasks.Task`1[Microsoft.AspNetCore.Mvc.IActionResult] ProcessMessage(AuraCinema.Domain.Models.Chat.ChatRequest) on controller AuraCinema.Web.Controllers.ChatbotController (AuraCinema.Web).
2026-05-20 20:44:35.465 +07:00 [INF] Start processing HTTP request POST https://api.groq.com/openai/v1/chat/completions
2026-05-20 20:44:35.465 +07:00 [INF] Sending HTTP request POST https://api.groq.com/openai/v1/chat/completions
2026-05-20 20:44:35.705 +07:00 [INF] Received HTTP response headers after 239.9823ms - 400
2026-05-20 20:44:35.705 +07:00 [INF] End processing HTTP request after 240.5355ms - 400
2026-05-20 20:44:35.706 +07:00 [ERR] AI API error: "BadRequest" - {"error":{"message":"The model `llama3-70b-8192` has been decommissioned and is no longer supported. Please refer to https://console.groq.com/docs/deprecations for a recommendation on which model to use instead.","type":"invalid_request_error","code":"model_decommissioned"}}

2026-05-20 20:44:35.706 +07:00 [INF] Executing OkObjectResult, writing value of type 'AuraCinema.Domain.Models.Chat.ChatResponse'.
2026-05-20 20:44:35.707 +07:00 [INF] Executed action AuraCinema.Web.Controllers.ChatbotController.ProcessMessage (AuraCinema.Web) in 245.865ms
2026-05-20 20:44:35.707 +07:00 [INF] Executed endpoint 'AuraCinema.Web.Controllers.ChatbotController.ProcessMessage (AuraCinema.Web)'
2026-05-20 20:44:35.708 +07:00 [INF] Request finished HTTP/1.1 POST http://localhost:5231/api/chatbot/message - 200 null application/json; charset=utf-8 247.3519ms
2026-05-20 20:44:36.639 +07:00 [INF] Executed DbCommand (1ms) [Parameters=[], CommandType='"Text"', CommandTimeout='30']
SELECT [o].[OrderID], [o].[FinalAmount], [o].[HoldExpiryTime], [o].[OrderCode], [o].[PayOSTransID], [o].[PromoID], [o].[QrCode], [o].[ShowtimeID], [o].[Status], [o].[TotalAmount], [o].[UserID]
FROM [Orders] AS [o]
WHERE [o].[Status] = N'Chờ thanh toán' AND [o].[HoldExpiryTime] <= GETDATE()
2026-05-20 20:44:36.643 +07:00 [INF] Executed DbCommand (1ms) [Parameters=[@__maxSellingDate_0='?' (DbType = DateTime2), @__now_1='?' (DbType = DateTime2)], CommandType='"Text"', CommandTimeout='30']
SELECT [s].[ShowtimeID], [s].[EndTime], [s].[MovieID], [s].[RoomID], [s].[ShowtimeCode], [s].[StartTime], [s].[Status]
FROM [Showtimes] AS [s]
WHERE [s].[Status] IN (N'Đã lên lịch', N'Sap chieu') AND CONVERT(date, [s].[StartTime]) <= @__maxSellingDate_0 AND [s].[StartTime] > @__now_1
2026-05-20 20:44:36.644 +07:00 [INF] Executed DbCommand (1ms) [Parameters=[@__now_0='?' (DbType = DateTime2)], CommandType='"Text"', CommandTimeout='30']
SELECT [s].[ShowtimeID], [s].[EndTime], [s].[MovieID], [s].[RoomID], [s].[ShowtimeCode], [s].[StartTime], [s].[Status]
FROM [Showtimes] AS [s]
WHERE [s].[Status] IN (N'Đã lên lịch', N'Đang mở bán', N'Sap chieu') AND [s].[StartTime] <= @__now_0 AND [s].[EndTime] > @__now_0
2026-05-20 20:44:36.645 +07:00 [INF] Executed DbCommand (1ms) [Parameters=[@__now_0='?' (DbType = DateTime2)], CommandType='"Text"', CommandTimeout='30']
SELECT [s].[ShowtimeID], [s].[EndTime], [s].[MovieID], [s].[RoomID], [s].[ShowtimeCode], [s].[StartTime], [s].[Status]
FROM [Showtimes] AS [s]
WHERE [s].[Status] IN (N'Đã lên lịch', N'Đang mở bán', N'Đang chiếu', N'Sap chieu', N'Dang dien ra') AND [s].[EndTime] <= @__now_0
2026-05-20 20:44:53.796 +07:00 [INF] Request starting HTTP/1.1 GET http://localhost:5231/ - null null
2026-05-20 20:44:53.797 +07:00 [INF] Executing endpoint 'AuraCinema.Web.Controllers.HomeController.Index (AuraCinema.Web)'
2026-05-20 20:44:53.797 +07:00 [INF] Route matched with {action = "Index", controller = "Home", area = ""}. Executing controller action with signature System.Threading.Tasks.Task`1[Microsoft.AspNetCore.Mvc.IActionResult] Index() on controller AuraCinema.Web.Controllers.HomeController (AuraCinema.Web).
2026-05-20 20:44:53.800 +07:00 [INF] Executed DbCommand (1ms) [Parameters=[], CommandType='"Text"', CommandTimeout='30']
SELECT [m].[MovieID], [m].[Title], [m].[Genre], [m].[Poster], [m].[Duration], [m].[Status], [m].[ReleaseDate], [m].[Director]
FROM [Movies] AS [m]
WHERE [m].[Status] IN (N'Dang chieu', N'Sap chieu')
ORDER BY [m].[ReleaseDate] DESC
2026-05-20 20:44:53.802 +07:00 [INF] Executed DbCommand (1ms) [Parameters=[@__p_1='?' (DbType = Int32), @__userId_0='?' (DbType = Int32)], CommandType='"Text"', CommandTimeout='30']
SELECT [t].[OrderID], [t].[FinalAmount], [t].[HoldExpiryTime], [t].[OrderCode], [t].[PayOSTransID], [t].[PromoID], [t].[QrCode], [t].[ShowtimeID], [t].[Status], [t].[TotalAmount], [t].[UserID], [s].[ShowtimeID], [s].[EndTime], [s].[MovieID], [s].[RoomID], [s].[ShowtimeCode], [s].[StartTime], [s].[Status], [m].[MovieID], [m].[Actors], [m].[Director], [m].[Duration], [m].[Genre], [m].[MovieCode], [m].[Poster], [m].[ReleaseDate], [m].[Status], [m].[Title], [m].[Trailer], [r].[RoomID], [r].[Capacity], [r].[RoomCode], [r].[RoomName], [r].[Status], [t0].[OrderID], [t0].[SeatID], [t0].[Price], [t0].[Status], [t0].[SeatID0], [t0].[RoomID], [t0].[RowLabel], [t0].[SeatCode], [t0].[SeatNumber], [t0].[SeatType]
FROM (
    SELECT TOP(@__p_1) [o].[OrderID], [o].[FinalAmount], [o].[HoldExpiryTime], [o].[OrderCode], [o].[PayOSTransID], [o].[PromoID], [o].[QrCode], [o].[ShowtimeID], [o].[Status], [o].[TotalAmount], [o].[UserID]
    FROM [Orders] AS [o]
    WHERE [o].[UserID] = @__userId_0 AND [o].[Status] IN (N'Da thanh toan', N'Da su dung', N'Đã thanh toán', N'Đã sử dụng')
    ORDER BY [o].[OrderID] DESC
) AS [t]
INNER JOIN [Showtimes] AS [s] ON [t].[ShowtimeID] = [s].[ShowtimeID]
INNER JOIN [Movies] AS [m] ON [s].[MovieID] = [m].[MovieID]
INNER JOIN [Rooms] AS [r] ON [s].[RoomID] = [r].[RoomID]
LEFT JOIN (
    SELECT [o0].[OrderID], [o0].[SeatID], [o0].[Price], [o0].[Status], [s0].[SeatID] AS [SeatID0], [s0].[RoomID], [s0].[RowLabel], [s0].[SeatCode], [s0].[SeatNumber], [s0].[SeatType]
    FROM [OrderSeats] AS [o0]
    INNER JOIN [Seats] AS [s0] ON [o0].[SeatID] = [s0].[SeatID]
) AS [t0] ON [t].[OrderID] = [t0].[OrderID]
ORDER BY [t].[OrderID] DESC, [s].[ShowtimeID], [m].[MovieID], [r].[RoomID], [t0].[OrderID], [t0].[SeatID]
2026-05-20 20:44:53.805 +07:00 [INF] Executing ViewResult, running view Index.
2026-05-20 20:44:53.808 +07:00 [INF] Executed ViewResult - view Index executed in 3.0751ms.
2026-05-20 20:44:53.808 +07:00 [INF] Executed action AuraCinema.Web.Controllers.HomeController.Index (AuraCinema.Web) in 11.0453ms
2026-05-20 20:44:53.808 +07:00 [INF] Executed endpoint 'AuraCinema.Web.Controllers.HomeController.Index (AuraCinema.Web)'
2026-05-20 20:44:53.809 +07:00 [INF] Request finished HTTP/1.1 GET http://localhost:5231/ - 200 null text/html; charset=utf-8 12.3868ms
2026-05-20 20:44:58.818 +07:00 [INF] Request starting HTTP/1.1 POST http://localhost:5231/api/chatbot/message - application/json 91
2026-05-20 20:44:58.819 +07:00 [INF] Executing endpoint 'AuraCinema.Web.Controllers.ChatbotController.ProcessMessage (AuraCinema.Web)'
2026-05-20 20:44:58.819 +07:00 [INF] Route matched with {action = "ProcessMessage", controller = "Chatbot", area = ""}. Executing controller action with signature System.Threading.Tasks.Task`1[Microsoft.AspNetCore.Mvc.IActionResult] ProcessMessage(AuraCinema.Domain.Models.Chat.ChatRequest) on controller AuraCinema.Web.Controllers.ChatbotController (AuraCinema.Web).
2026-05-20 20:44:58.820 +07:00 [INF] Start processing HTTP request POST https://api.groq.com/openai/v1/chat/completions
2026-05-20 20:44:58.820 +07:00 [INF] Sending HTTP request POST https://api.groq.com/openai/v1/chat/completions
2026-05-20 20:44:58.968 +07:00 [INF] Received HTTP response headers after 147.6387ms - 400
2026-05-20 20:44:58.968 +07:00 [INF] End processing HTTP request after 148.1289ms - 400
2026-05-20 20:44:58.968 +07:00 [ERR] AI API error: "BadRequest" - {"error":{"message":"The model `llama3-70b-8192` has been decommissioned and is no longer supported. Please refer to https://console.groq.com/docs/deprecations for a recommendation on which model to use instead.","type":"invalid_request_error","code":"model_decommissioned"}}

2026-05-20 20:44:58.969 +07:00 [INF] Executing OkObjectResult, writing value of type 'AuraCinema.Domain.Models.Chat.ChatResponse'.
2026-05-20 20:44:58.969 +07:00 [INF] Executed action AuraCinema.Web.Controllers.ChatbotController.ProcessMessage (AuraCinema.Web) in 149.7816ms
2026-05-20 20:44:58.969 +07:00 [INF] Executed endpoint 'AuraCinema.Web.Controllers.ChatbotController.ProcessMessage (AuraCinema.Web)'
2026-05-20 20:44:58.969 +07:00 [INF] Request finished HTTP/1.1 POST http://localhost:5231/api/chatbot/message - 200 null application/json; charset=utf-8 151.1243ms
2026-05-20 20:45:06.555 +07:00 [INF] Request starting HTTP/1.1 POST http://localhost:5231/api/chatbot/message - application/json 264
2026-05-20 20:45:06.556 +07:00 [INF] Executing endpoint 'AuraCinema.Web.Controllers.ChatbotController.ProcessMessage (AuraCinema.Web)'
2026-05-20 20:45:06.556 +07:00 [INF] Route matched with {action = "ProcessMessage", controller = "Chatbot", area = ""}. Executing controller action with signature System.Threading.Tasks.Task`1[Microsoft.AspNetCore.Mvc.IActionResult] ProcessMessage(AuraCinema.Domain.Models.Chat.ChatRequest) on controller AuraCinema.Web.Controllers.ChatbotController (AuraCinema.Web).
2026-05-20 20:45:06.559 +07:00 [INF] Start processing HTTP request POST https://api.groq.com/openai/v1/chat/completions
2026-05-20 20:45:06.559 +07:00 [INF] Sending HTTP request POST https://api.groq.com/openai/v1/chat/completions
2026-05-20 20:45:06.707 +07:00 [INF] Received HTTP response headers after 147.8003ms - 400
2026-05-20 20:45:06.707 +07:00 [INF] End processing HTTP request after 148.3705ms - 400
2026-05-20 20:45:06.707 +07:00 [ERR] AI API error: "BadRequest" - {"error":{"message":"The model `llama3-70b-8192` has been decommissioned and is no longer supported. Please refer to https://console.groq.com/docs/deprecations for a recommendation on which model to use instead.","type":"invalid_request_error","code":"model_decommissioned"}}

2026-05-20 20:45:06.708 +07:00 [INF] Executing OkObjectResult, writing value of type 'AuraCinema.Domain.Models.Chat.ChatResponse'.
2026-05-20 20:45:06.708 +07:00 [INF] Executed action AuraCinema.Web.Controllers.ChatbotController.ProcessMessage (AuraCinema.Web) in 152.0887ms
2026-05-20 20:45:06.709 +07:00 [INF] Executed endpoint 'AuraCinema.Web.Controllers.ChatbotController.ProcessMessage (AuraCinema.Web)'
2026-05-20 20:45:06.709 +07:00 [INF] Request finished HTTP/1.1 POST http://localhost:5231/api/chatbot/message - 200 null application/json; charset=utf-8 153.8453ms
2026-05-20 20:45:36.660 +07:00 [INF] Executed DbCommand (1ms) [Parameters=[], CommandType='"Text"', CommandTimeout='30']
SELECT [o].[OrderID], [o].[FinalAmount], [o].[HoldExpiryTime], [o].[OrderCode], [o].[PayOSTransID], [o].[PromoID], [o].[QrCode], [o].[ShowtimeID], [o].[Status], [o].[TotalAmount], [o].[UserID]
FROM [Orders] AS [o]
WHERE [o].[Status] = N'Chờ thanh toán' AND [o].[HoldExpiryTime] <= GETDATE()
2026-05-20 20:45:36.662 +07:00 [INF] Executed DbCommand (1ms) [Parameters=[@__maxSellingDate_0='?' (DbType = DateTime2), @__now_1='?' (DbType = DateTime2)], CommandType='"Text"', CommandTimeout='30']
SELECT [s].[ShowtimeID], [s].[EndTime], [s].[MovieID], [s].[RoomID], [s].[ShowtimeCode], [s].[StartTime], [s].[Status]
FROM [Showtimes] AS [s]
WHERE [s].[Status] IN (N'Đã lên lịch', N'Sap chieu') AND CONVERT(date, [s].[StartTime]) <= @__maxSellingDate_0 AND [s].[StartTime] > @__now_1
2026-05-20 20:45:36.664 +07:00 [INF] Executed DbCommand (1ms) [Parameters=[@__now_0='?' (DbType = DateTime2)], CommandType='"Text"', CommandTimeout='30']
SELECT [s].[ShowtimeID], [s].[EndTime], [s].[MovieID], [s].[RoomID], [s].[ShowtimeCode], [s].[StartTime], [s].[Status]
FROM [Showtimes] AS [s]
WHERE [s].[Status] IN (N'Đã lên lịch', N'Đang mở bán', N'Sap chieu') AND [s].[StartTime] <= @__now_0 AND [s].[EndTime] > @__now_0
2026-05-20 20:45:36.665 +07:00 [INF] Executed DbCommand (1ms) [Parameters=[@__now_0='?' (DbType = DateTime2)], CommandType='"Text"', CommandTimeout='30']
SELECT [s].[ShowtimeID], [s].[EndTime], [s].[MovieID], [s].[RoomID], [s].[ShowtimeCode], [s].[StartTime], [s].[Status]
FROM [Showtimes] AS [s]
WHERE [s].[Status] IN (N'Đã lên lịch', N'Đang mở bán', N'Đang chiếu', N'Sap chieu', N'Dang dien ra') AND [s].[EndTime] <= @__now_0
2026-05-20 20:46:36.681 +07:00 [INF] Executed DbCommand (1ms) [Parameters=[], CommandType='"Text"', CommandTimeout='30']
SELECT [o].[OrderID], [o].[FinalAmount], [o].[HoldExpiryTime], [o].[OrderCode], [o].[PayOSTransID], [o].[PromoID], [o].[QrCode], [o].[ShowtimeID], [o].[Status], [o].[TotalAmount], [o].[UserID]
FROM [Orders] AS [o]
WHERE [o].[Status] = N'Chờ thanh toán' AND [o].[HoldExpiryTime] <= GETDATE()
2026-05-20 20:46:36.683 +07:00 [INF] Executed DbCommand (1ms) [Parameters=[@__maxSellingDate_0='?' (DbType = DateTime2), @__now_1='?' (DbType = DateTime2)], CommandType='"Text"', CommandTimeout='30']
SELECT [s].[ShowtimeID], [s].[EndTime], [s].[MovieID], [s].[RoomID], [s].[ShowtimeCode], [s].[StartTime], [s].[Status]
FROM [Showtimes] AS [s]
WHERE [s].[Status] IN (N'Đã lên lịch', N'Sap chieu') AND CONVERT(date, [s].[StartTime]) <= @__maxSellingDate_0 AND [s].[StartTime] > @__now_1
2026-05-20 20:46:36.685 +07:00 [INF] Executed DbCommand (1ms) [Parameters=[@__now_0='?' (DbType = DateTime2)], CommandType='"Text"', CommandTimeout='30']
SELECT [s].[ShowtimeID], [s].[EndTime], [s].[MovieID], [s].[RoomID], [s].[ShowtimeCode], [s].[StartTime], [s].[Status]
FROM [Showtimes] AS [s]
WHERE [s].[Status] IN (N'Đã lên lịch', N'Đang mở bán', N'Sap chieu') AND [s].[StartTime] <= @__now_0 AND [s].[EndTime] > @__now_0
2026-05-20 20:46:36.686 +07:00 [INF] Executed DbCommand (1ms) [Parameters=[@__now_0='?' (DbType = DateTime2)], CommandType='"Text"', CommandTimeout='30']
SELECT [s].[ShowtimeID], [s].[EndTime], [s].[MovieID], [s].[RoomID], [s].[ShowtimeCode], [s].[StartTime], [s].[Status]
FROM [Showtimes] AS [s]
WHERE [s].[Status] IN (N'Đã lên lịch', N'Đang mở bán', N'Đang chiếu', N'Sap chieu', N'Dang dien ra') AND [s].[EndTime] <= @__now_0
2026-05-20 20:47:15.817 +07:00 [INF] Request starting HTTP/1.1 GET http://localhost:5231/ - null null
2026-05-20 20:47:15.818 +07:00 [INF] Executing endpoint 'AuraCinema.Web.Controllers.HomeController.Index (AuraCinema.Web)'
2026-05-20 20:47:15.818 +07:00 [INF] Route matched with {action = "Index", controller = "Home", area = ""}. Executing controller action with signature System.Threading.Tasks.Task`1[Microsoft.AspNetCore.Mvc.IActionResult] Index() on controller AuraCinema.Web.Controllers.HomeController (AuraCinema.Web).
2026-05-20 20:47:15.822 +07:00 [INF] Executed DbCommand (2ms) [Parameters=[], CommandType='"Text"', CommandTimeout='30']
SELECT [m].[MovieID], [m].[Title], [m].[Genre], [m].[Poster], [m].[Duration], [m].[Status], [m].[ReleaseDate], [m].[Director]
FROM [Movies] AS [m]
WHERE [m].[Status] IN (N'Dang chieu', N'Sap chieu')
ORDER BY [m].[ReleaseDate] DESC
2026-05-20 20:47:15.825 +07:00 [INF] Executed DbCommand (1ms) [Parameters=[@__p_1='?' (DbType = Int32), @__userId_0='?' (DbType = Int32)], CommandType='"Text"', CommandTimeout='30']
SELECT [t].[OrderID], [t].[FinalAmount], [t].[HoldExpiryTime], [t].[OrderCode], [t].[PayOSTransID], [t].[PromoID], [t].[QrCode], [t].[ShowtimeID], [t].[Status], [t].[TotalAmount], [t].[UserID], [s].[ShowtimeID], [s].[EndTime], [s].[MovieID], [s].[RoomID], [s].[ShowtimeCode], [s].[StartTime], [s].[Status], [m].[MovieID], [m].[Actors], [m].[Director], [m].[Duration], [m].[Genre], [m].[MovieCode], [m].[Poster], [m].[ReleaseDate], [m].[Status], [m].[Title], [m].[Trailer], [r].[RoomID], [r].[Capacity], [r].[RoomCode], [r].[RoomName], [r].[Status], [t0].[OrderID], [t0].[SeatID], [t0].[Price], [t0].[Status], [t0].[SeatID0], [t0].[RoomID], [t0].[RowLabel], [t0].[SeatCode], [t0].[SeatNumber], [t0].[SeatType]
FROM (
    SELECT TOP(@__p_1) [o].[OrderID], [o].[FinalAmount], [o].[HoldExpiryTime], [o].[OrderCode], [o].[PayOSTransID], [o].[PromoID], [o].[QrCode], [o].[ShowtimeID], [o].[Status], [o].[TotalAmount], [o].[UserID]
    FROM [Orders] AS [o]
    WHERE [o].[UserID] = @__userId_0 AND [o].[Status] IN (N'Da thanh toan', N'Da su dung', N'Đã thanh toán', N'Đã sử dụng')
    ORDER BY [o].[OrderID] DESC
) AS [t]
INNER JOIN [Showtimes] AS [s] ON [t].[ShowtimeID] = [s].[ShowtimeID]
INNER JOIN [Movies] AS [m] ON [s].[MovieID] = [m].[MovieID]
INNER JOIN [Rooms] AS [r] ON [s].[RoomID] = [r].[RoomID]
LEFT JOIN (
    SELECT [o0].[OrderID], [o0].[SeatID], [o0].[Price], [o0].[Status], [s0].[SeatID] AS [SeatID0], [s0].[RoomID], [s0].[RowLabel], [s0].[SeatCode], [s0].[SeatNumber], [s0].[SeatType]
    FROM [OrderSeats] AS [o0]
    INNER JOIN [Seats] AS [s0] ON [o0].[SeatID] = [s0].[SeatID]
) AS [t0] ON [t].[OrderID] = [t0].[OrderID]
ORDER BY [t].[OrderID] DESC, [s].[ShowtimeID], [m].[MovieID], [r].[RoomID], [t0].[OrderID], [t0].[SeatID]
2026-05-20 20:47:15.827 +07:00 [INF] Executing ViewResult, running view Index.
2026-05-20 20:47:15.832 +07:00 [INF] Executed ViewResult - view Index executed in 5.699ms.
2026-05-20 20:47:15.833 +07:00 [INF] Executed action AuraCinema.Web.Controllers.HomeController.Index (AuraCinema.Web) in 14.2002ms
2026-05-20 20:47:15.833 +07:00 [INF] Executed endpoint 'AuraCinema.Web.Controllers.HomeController.Index (AuraCinema.Web)'
2026-05-20 20:47:15.833 +07:00 [INF] Request finished HTTP/1.1 GET http://localhost:5231/ - 200 null text/html; charset=utf-8 15.8944ms
2026-05-20 20:47:19.169 +07:00 [INF] Request starting HTTP/1.1 POST http://localhost:5231/api/chatbot/message - application/json 91
2026-05-20 20:47:19.169 +07:00 [INF] Executing endpoint 'AuraCinema.Web.Controllers.ChatbotController.ProcessMessage (AuraCinema.Web)'
2026-05-20 20:47:19.170 +07:00 [INF] Route matched with {action = "ProcessMessage", controller = "Chatbot", area = ""}. Executing controller action with signature System.Threading.Tasks.Task`1[Microsoft.AspNetCore.Mvc.IActionResult] ProcessMessage(AuraCinema.Domain.Models.Chat.ChatRequest) on controller AuraCinema.Web.Controllers.ChatbotController (AuraCinema.Web).
2026-05-20 20:47:19.172 +07:00 [INF] Start processing HTTP request POST https://api.groq.com/openai/v1/chat/completions
2026-05-20 20:47:19.172 +07:00 [INF] Sending HTTP request POST https://api.groq.com/openai/v1/chat/completions
2026-05-20 20:47:19.705 +07:00 [INF] Received HTTP response headers after 533.0506ms - 400
2026-05-20 20:47:19.705 +07:00 [INF] End processing HTTP request after 533.5321ms - 400
2026-05-20 20:47:19.705 +07:00 [ERR] AI API error: "BadRequest" - {"error":{"message":"Failed to call a function. Please adjust your prompt. See 'failed_generation' for more details.","type":"invalid_request_error","code":"tool_use_failed","failed_generation":"\u003cfunction=search_movies {\"query\": \"\", \"status\": \"Dang chieu\"} \u003c/function\u003e"}}

2026-05-20 20:47:19.705 +07:00 [INF] Executing OkObjectResult, writing value of type 'AuraCinema.Domain.Models.Chat.ChatResponse'.
2026-05-20 20:47:19.706 +07:00 [INF] Executed action AuraCinema.Web.Controllers.ChatbotController.ProcessMessage (AuraCinema.Web) in 536.0984ms
2026-05-20 20:47:19.706 +07:00 [INF] Executed endpoint 'AuraCinema.Web.Controllers.ChatbotController.ProcessMessage (AuraCinema.Web)'
2026-05-20 20:47:19.706 +07:00 [INF] Request finished HTTP/1.1 POST http://localhost:5231/api/chatbot/message - 200 null application/json; charset=utf-8 537.198ms
2026-05-20 20:47:29.262 +07:00 [INF] Request starting HTTP/1.1 POST http://localhost:5231/api/chatbot/message - application/json 254
2026-05-20 20:47:29.263 +07:00 [INF] Executing endpoint 'AuraCinema.Web.Controllers.ChatbotController.ProcessMessage (AuraCinema.Web)'
2026-05-20 20:47:29.263 +07:00 [INF] Route matched with {action = "ProcessMessage", controller = "Chatbot", area = ""}. Executing controller action with signature System.Threading.Tasks.Task`1[Microsoft.AspNetCore.Mvc.IActionResult] ProcessMessage(AuraCinema.Domain.Models.Chat.ChatRequest) on controller AuraCinema.Web.Controllers.ChatbotController (AuraCinema.Web).
2026-05-20 20:47:29.264 +07:00 [INF] Start processing HTTP request POST https://api.groq.com/openai/v1/chat/completions
2026-05-20 20:47:29.265 +07:00 [INF] Sending HTTP request POST https://api.groq.com/openai/v1/chat/completions
2026-05-20 20:47:29.710 +07:00 [INF] Received HTTP response headers after 445.1157ms - 400
2026-05-20 20:47:29.710 +07:00 [INF] End processing HTTP request after 445.7272ms - 400
2026-05-20 20:47:29.710 +07:00 [ERR] AI API error: "BadRequest" - {"error":{"message":"Failed to call a function. Please adjust your prompt. See 'failed_generation' for more details.","type":"invalid_request_error","code":"tool_use_failed","failed_generation":"\u003cfunction=search_movies {\"query\": \"\", \"status\": \"Dang chieu\"}\u003c/function\u003e"}}

2026-05-20 20:47:29.711 +07:00 [INF] Executing OkObjectResult, writing value of type 'AuraCinema.Domain.Models.Chat.ChatResponse'.
2026-05-20 20:47:29.711 +07:00 [INF] Executed action AuraCinema.Web.Controllers.ChatbotController.ProcessMessage (AuraCinema.Web) in 447.5588ms
2026-05-20 20:47:29.711 +07:00 [INF] Executed endpoint 'AuraCinema.Web.Controllers.ChatbotController.ProcessMessage (AuraCinema.Web)'
2026-05-20 20:47:29.711 +07:00 [INF] Request finished HTTP/1.1 POST http://localhost:5231/api/chatbot/message - 200 null application/json; charset=utf-8 448.8234ms
2026-05-20 20:47:36.692 +07:00 [INF] Executed DbCommand (1ms) [Parameters=[], CommandType='"Text"', CommandTimeout='30']
SELECT [o].[OrderID], [o].[FinalAmount], [o].[HoldExpiryTime], [o].[OrderCode], [o].[PayOSTransID], [o].[PromoID], [o].[QrCode], [o].[ShowtimeID], [o].[Status], [o].[TotalAmount], [o].[UserID]
FROM [Orders] AS [o]
WHERE [o].[Status] = N'Chờ thanh toán' AND [o].[HoldExpiryTime] <= GETDATE()
2026-05-20 20:47:36.695 +07:00 [INF] Executed DbCommand (1ms) [Parameters=[@__maxSellingDate_0='?' (DbType = DateTime2), @__now_1='?' (DbType = DateTime2)], CommandType='"Text"', CommandTimeout='30']
SELECT [s].[ShowtimeID], [s].[EndTime], [s].[MovieID], [s].[RoomID], [s].[ShowtimeCode], [s].[StartTime], [s].[Status]
FROM [Showtimes] AS [s]
WHERE [s].[Status] IN (N'Đã lên lịch', N'Sap chieu') AND CONVERT(date, [s].[StartTime]) <= @__maxSellingDate_0 AND [s].[StartTime] > @__now_1
2026-05-20 20:47:36.698 +07:00 [INF] Executed DbCommand (1ms) [Parameters=[@__now_0='?' (DbType = DateTime2)], CommandType='"Text"', CommandTimeout='30']
SELECT [s].[ShowtimeID], [s].[EndTime], [s].[MovieID], [s].[RoomID], [s].[ShowtimeCode], [s].[StartTime], [s].[Status]
FROM [Showtimes] AS [s]
WHERE [s].[Status] IN (N'Đã lên lịch', N'Đang mở bán', N'Sap chieu') AND [s].[StartTime] <= @__now_0 AND [s].[EndTime] > @__now_0
2026-05-20 20:47:36.699 +07:00 [INF] Executed DbCommand (1ms) [Parameters=[@__now_0='?' (DbType = DateTime2)], CommandType='"Text"', CommandTimeout='30']
SELECT [s].[ShowtimeID], [s].[EndTime], [s].[MovieID], [s].[RoomID], [s].[ShowtimeCode], [s].[StartTime], [s].[Status]
FROM [Showtimes] AS [s]
WHERE [s].[Status] IN (N'Đã lên lịch', N'Đang mở bán', N'Đang chiếu', N'Sap chieu', N'Dang dien ra') AND [s].[EndTime] <= @__now_0
2026-05-20 20:47:37.332 +07:00 [INF] Request starting HTTP/1.1 POST http://localhost:5231/api/chatbot/message - application/json 389
2026-05-20 20:47:37.332 +07:00 [INF] Executing endpoint 'AuraCinema.Web.Controllers.ChatbotController.ProcessMessage (AuraCinema.Web)'
2026-05-20 20:47:37.332 +07:00 [INF] Route matched with {action = "ProcessMessage", controller = "Chatbot", area = ""}. Executing controller action with signature System.Threading.Tasks.Task`1[Microsoft.AspNetCore.Mvc.IActionResult] ProcessMessage(AuraCinema.Domain.Models.Chat.ChatRequest) on controller AuraCinema.Web.Controllers.ChatbotController (AuraCinema.Web).
2026-05-20 20:47:37.335 +07:00 [INF] Start processing HTTP request POST https://api.groq.com/openai/v1/chat/completions
2026-05-20 20:47:37.335 +07:00 [INF] Sending HTTP request POST https://api.groq.com/openai/v1/chat/completions
2026-05-20 20:47:37.952 +07:00 [INF] Received HTTP response headers after 617.2496ms - 400
2026-05-20 20:47:37.952 +07:00 [INF] End processing HTTP request after 617.6597ms - 400
2026-05-20 20:47:37.955 +07:00 [ERR] AI API error: "BadRequest" - {"error":{"message":"Failed to call a function. Please adjust your prompt. See 'failed_generation' for more details.","type":"invalid_request_error","code":"tool_use_failed","failed_generation":"\u003cfunction=search_movies {\"query\": \"phim\", \"status\": \"Dang chieu\"}\u003c/function\u003e"}}

2026-05-20 20:47:37.956 +07:00 [INF] Executing OkObjectResult, writing value of type 'AuraCinema.Domain.Models.Chat.ChatResponse'.
2026-05-20 20:47:37.956 +07:00 [INF] Executed action AuraCinema.Web.Controllers.ChatbotController.ProcessMessage (AuraCinema.Web) in 623.6557ms
2026-05-20 20:47:37.956 +07:00 [INF] Executed endpoint 'AuraCinema.Web.Controllers.ChatbotController.ProcessMessage (AuraCinema.Web)'
2026-05-20 20:47:37.956 +07:00 [INF] Request finished HTTP/1.1 POST http://localhost:5231/api/chatbot/message - 200 null application/json; charset=utf-8 624.7606ms
2026-05-20 20:48:36.714 +07:00 [INF] Executed DbCommand (2ms) [Parameters=[], CommandType='"Text"', CommandTimeout='30']
SELECT [o].[OrderID], [o].[FinalAmount], [o].[HoldExpiryTime], [o].[OrderCode], [o].[PayOSTransID], [o].[PromoID], [o].[QrCode], [o].[ShowtimeID], [o].[Status], [o].[TotalAmount], [o].[UserID]
FROM [Orders] AS [o]
WHERE [o].[Status] = N'Chờ thanh toán' AND [o].[HoldExpiryTime] <= GETDATE()
2026-05-20 20:48:36.717 +07:00 [INF] Executed DbCommand (1ms) [Parameters=[@__maxSellingDate_0='?' (DbType = DateTime2), @__now_1='?' (DbType = DateTime2)], CommandType='"Text"', CommandTimeout='30']
SELECT [s].[ShowtimeID], [s].[EndTime], [s].[MovieID], [s].[RoomID], [s].[ShowtimeCode], [s].[StartTime], [s].[Status]
FROM [Showtimes] AS [s]
WHERE [s].[Status] IN (N'Đã lên lịch', N'Sap chieu') AND CONVERT(date, [s].[StartTime]) <= @__maxSellingDate_0 AND [s].[StartTime] > @__now_1
2026-05-20 20:48:36.718 +07:00 [INF] Executed DbCommand (1ms) [Parameters=[@__now_0='?' (DbType = DateTime2)], CommandType='"Text"', CommandTimeout='30']
SELECT [s].[ShowtimeID], [s].[EndTime], [s].[MovieID], [s].[RoomID], [s].[ShowtimeCode], [s].[StartTime], [s].[Status]
FROM [Showtimes] AS [s]
WHERE [s].[Status] IN (N'Đã lên lịch', N'Đang mở bán', N'Sap chieu') AND [s].[StartTime] <= @__now_0 AND [s].[EndTime] > @__now_0
2026-05-20 20:48:36.719 +07:00 [INF] Executed DbCommand (0ms) [Parameters=[@__now_0='?' (DbType = DateTime2)], CommandType='"Text"', CommandTimeout='30']
SELECT [s].[ShowtimeID], [s].[EndTime], [s].[MovieID], [s].[RoomID], [s].[ShowtimeCode], [s].[StartTime], [s].[Status]
FROM [Showtimes] AS [s]
WHERE [s].[Status] IN (N'Đã lên lịch', N'Đang mở bán', N'Đang chiếu', N'Sap chieu', N'Dang dien ra') AND [s].[EndTime] <= @__now_0
