2026-05-25 15:00:03.335 +07:00 [INF] Executed DbCommand (68ms) [Parameters=[], CommandType='"Text"', CommandTimeout='30']
SELECT 1
2026-05-25 15:00:03.525 +07:00 [INF] Executed DbCommand (55ms) [Parameters=[], CommandType='"Text"', CommandTimeout='30']
SELECT OBJECT_ID(N'[__EFMigrationsHistory]');
2026-05-25 15:00:03.531 +07:00 [INF] Executed DbCommand (2ms) [Parameters=[], CommandType='"Text"', CommandTimeout='30']
SELECT 1
2026-05-25 15:00:03.534 +07:00 [INF] Executed DbCommand (1ms) [Parameters=[], CommandType='"Text"', CommandTimeout='30']
SELECT OBJECT_ID(N'[__EFMigrationsHistory]');
2026-05-25 15:00:03.576 +07:00 [INF] Executed DbCommand (8ms) [Parameters=[], CommandType='"Text"', CommandTimeout='30']
SELECT [MigrationId], [ProductVersion]
FROM [__EFMigrationsHistory]
ORDER BY [MigrationId];
2026-05-25 15:00:03.623 +07:00 [INF] No migrations were applied. The database is already up to date.
2026-05-25 15:00:04.170 +07:00 [INF] Executed DbCommand (5ms) [Parameters=[], CommandType='"Text"', CommandTimeout='30']
SELECT CASE
    WHEN EXISTS (
        SELECT 1
        FROM [Users] AS [u]
        WHERE [u].[Email] = N'admin@auracinema.vn') THEN CAST(1 AS bit)
    ELSE CAST(0 AS bit)
END
2026-05-25 15:00:04.187 +07:00 [INF] Executed DbCommand (2ms) [Parameters=[], CommandType='"Text"', CommandTimeout='30']
SELECT CASE
    WHEN EXISTS (
        SELECT 1
        FROM [Users] AS [u]
        WHERE [u].[Email] = N'staff@auracinema.vn') THEN CAST(1 AS bit)
    ELSE CAST(0 AS bit)
END
2026-05-25 15:00:04.193 +07:00 [INF] Executed DbCommand (2ms) [Parameters=[], CommandType='"Text"', CommandTimeout='30']
SELECT CASE
    WHEN EXISTS (
        SELECT 1
        FROM [Users] AS [u]
        WHERE [u].[Email] = N'customer@gmail.com') THEN CAST(1 AS bit)
    ELSE CAST(0 AS bit)
END
2026-05-25 15:00:04.292 +07:00 [INF] Executed DbCommand (4ms) [Parameters=[], CommandType='"Text"', CommandTimeout='30']
SELECT [u].[UserID], [u].[Email], [u].[FullName], [u].[OtpCode], [u].[OtpExpiry], [u].[Password], [u].[Phone], [u].[Role], [u].[Status], [u].[UserCode]
FROM [Users] AS [u]
WHERE [u].[UserCode] LIKE N''
2026-05-25 15:00:04.305 +07:00 [INF] Executed DbCommand (4ms) [Parameters=[], CommandType='"Text"', CommandTimeout='30']
SELECT CASE
    WHEN EXISTS (
        SELECT 1
        FROM [Rooms] AS [r]) THEN CAST(1 AS bit)
    ELSE CAST(0 AS bit)
END
2026-05-25 15:00:04.316 +07:00 [INF] Executed DbCommand (3ms) [Parameters=[], CommandType='"Text"', CommandTimeout='30']
SELECT CASE
    WHEN EXISTS (
        SELECT 1
        FROM [PriceConfigs] AS [p]) THEN CAST(1 AS bit)
    ELSE CAST(0 AS bit)
END
2026-05-25 15:00:04.326 +07:00 [INF] Executed DbCommand (6ms) [Parameters=[], CommandType='"Text"', CommandTimeout='30']
SELECT CASE
    WHEN EXISTS (
        SELECT 1
        FROM [Movies] AS [m]) THEN CAST(1 AS bit)
    ELSE CAST(0 AS bit)
END
2026-05-25 15:00:04.334 +07:00 [INF] Executed DbCommand (3ms) [Parameters=[], CommandType='"Text"', CommandTimeout='30']
SELECT CASE
    WHEN EXISTS (
        SELECT 1
        FROM [Services] AS [s]) THEN CAST(1 AS bit)
    ELSE CAST(0 AS bit)
END
2026-05-25 15:00:04.340 +07:00 [INF] Executed DbCommand (2ms) [Parameters=[], CommandType='"Text"', CommandTimeout='30']
SELECT CASE
    WHEN EXISTS (
        SELECT 1
        FROM [Promotions] AS [p]) THEN CAST(1 AS bit)
    ELSE CAST(0 AS bit)
END
2026-05-25 15:00:04.351 +07:00 [INF] Executed DbCommand (4ms) [Parameters=[], CommandType='"Text"', CommandTimeout='30']
SELECT CASE
    WHEN EXISTS (
        SELECT 1
        FROM [Showtimes] AS [s]) THEN CAST(1 AS bit)
    ELSE CAST(0 AS bit)
END
2026-05-25 15:00:04.379 +07:00 [INF] Executed DbCommand (4ms) [Parameters=[], CommandType='"Text"', CommandTimeout='30']
SELECT CASE
    WHEN EXISTS (
        SELECT 1
        FROM [Orders] AS [o]
        WHERE [o].[Status] IN (N'Da thanh toan', N'Đã thanh toán')) THEN CAST(1 AS bit)
    ELSE CAST(0 AS bit)
END
2026-05-25 15:00:04.932 +07:00 [INF] User profile is available. Using 'C:\Users\lqhie\AppData\Local\ASP.NET\DataProtection-Keys' as key repository and Windows DPAPI to encrypt keys at rest.
2026-05-25 15:00:05.001 +07:00 [INF] Booking Cleanup Service is starting.
2026-05-25 15:00:05.053 +07:00 [INF] Executed DbCommand (4ms) [Parameters=[], CommandType='"Text"', CommandTimeout='30']
SELECT [o].[OrderID], [o].[CheckInTime], [o].[FinalAmount], [o].[HoldExpiryTime], [o].[OrderCode], [o].[PayOSTransID], [o].[PromoID], [o].[QrCode], [o].[ShowtimeID], [o].[Status], [o].[TotalAmount], [o].[UserID]
FROM [Orders] AS [o]
WHERE [o].[Status] = N'Chờ thanh toán' AND [o].[HoldExpiryTime] <= GETDATE()
2026-05-25 15:00:05.144 +07:00 [INF] Now listening on: http://localhost:5231
2026-05-25 15:00:05.145 +07:00 [INF] Application started. Press Ctrl+C to shut down.
2026-05-25 15:00:05.145 +07:00 [INF] Hosting environment: Development
2026-05-25 15:00:05.146 +07:00 [INF] Content root path: D:\AURACINEMA\AuraCinema.Web
2026-05-25 15:00:05.302 +07:00 [INF] Executed DbCommand (116ms) [Parameters=[@__maxSellingDate_0='?' (DbType = DateTime2), @__now_1='?' (DbType = DateTime2)], CommandType='"Text"', CommandTimeout='30']
SELECT [s].[ShowtimeID], [s].[EndTime], [s].[MovieID], [s].[RoomID], [s].[ShowtimeCode], [s].[StartTime], [s].[Status]
FROM [Showtimes] AS [s]
WHERE [s].[Status] IN (N'Đã lên lịch', N'Sap chieu') AND CONVERT(date, [s].[StartTime]) <= @__maxSellingDate_0 AND [s].[StartTime] > @__now_1
2026-05-25 15:00:05.441 +07:00 [INF] Executed DbCommand (4ms) [Parameters=[@__now_0='?' (DbType = DateTime2)], CommandType='"Text"', CommandTimeout='30']
SELECT [s].[ShowtimeID], [s].[EndTime], [s].[MovieID], [s].[RoomID], [s].[ShowtimeCode], [s].[StartTime], [s].[Status]
FROM [Showtimes] AS [s]
WHERE [s].[Status] IN (N'Đã lên lịch', N'Đang mở bán', N'Sap chieu') AND [s].[StartTime] <= @__now_0 AND [s].[EndTime] > @__now_0
2026-05-25 15:00:05.452 +07:00 [INF] Executed DbCommand (4ms) [Parameters=[@__now_0='?' (DbType = DateTime2)], CommandType='"Text"', CommandTimeout='30']
SELECT [s].[ShowtimeID], [s].[EndTime], [s].[MovieID], [s].[RoomID], [s].[ShowtimeCode], [s].[StartTime], [s].[Status]
FROM [Showtimes] AS [s]
WHERE [s].[Status] IN (N'Đã lên lịch', N'Đang mở bán', N'Đang chiếu', N'Sap chieu', N'Dang dien ra') AND [s].[EndTime] <= @__now_0
2026-05-25 15:00:05.453 +07:00 [INF] Updated showtime status: 2 → Đang mở bán, 0 → Đang chiếu, 2 → Đã kết thúc.
2026-05-25 15:00:05.584 +07:00 [INF] Executed DbCommand (11ms) [Parameters=[@p1='?' (DbType = Int32), @p0='?' (Size = 4000), @p3='?' (DbType = Int32), @p2='?' (Size = 4000), @p5='?' (DbType = Int32), @p4='?' (Size = 4000), @p7='?' (DbType = Int32), @p6='?' (Size = 4000)], CommandType='"Text"', CommandTimeout='30']
SET NOCOUNT ON;
UPDATE [Showtimes] SET [Status] = @p0
OUTPUT 1
WHERE [ShowtimeID] = @p1;
UPDATE [Showtimes] SET [Status] = @p2
OUTPUT 1
WHERE [ShowtimeID] = @p3;
UPDATE [Showtimes] SET [Status] = @p4
OUTPUT 1
WHERE [ShowtimeID] = @p5;
UPDATE [Showtimes] SET [Status] = @p6
OUTPUT 1
WHERE [ShowtimeID] = @p7;
2026-05-25 15:00:05.642 +07:00 [INF] Executed DbCommand (4ms) [Parameters=[@__today_0='?' (DbType = Date)], CommandType='"Text"', CommandTimeout='30']
SELECT [m].[MovieID], [m].[Actors], [m].[Description], [m].[Director], [m].[Duration], [m].[Genre], [m].[MovieCode], [m].[Poster], [m].[ReleaseDate], [m].[Status], [m].[Title], [m].[Trailer]
FROM [Movies] AS [m]
WHERE [m].[Status] = N'Sap chieu' AND [m].[ReleaseDate] <= @__today_0
2026-05-25 15:00:48.370 +07:00 [INF] Request starting HTTP/1.1 GET http://localhost:5231/ - null null
2026-05-25 15:00:48.372 +07:00 [WRN] Failed to determine the https port for redirect.
2026-05-25 15:00:48.418 +07:00 [INF] Executing endpoint 'AuraCinema.Web.Controllers.HomeController.Index (AuraCinema.Web)'
2026-05-25 15:00:48.451 +07:00 [INF] Route matched with {action = "Index", controller = "Home", area = ""}. Executing controller action with signature System.Threading.Tasks.Task`1[Microsoft.AspNetCore.Mvc.IActionResult] Index() on controller AuraCinema.Web.Controllers.HomeController (AuraCinema.Web).
2026-05-25 15:00:48.504 +07:00 [INF] Executed DbCommand (3ms) [Parameters=[], CommandType='"Text"', CommandTimeout='30']
SELECT [m].[MovieID], [m].[Title], [m].[Genre], [m].[Poster], [m].[Duration], [m].[Status], [m].[ReleaseDate], [m].[Director]
FROM [Movies] AS [m]
WHERE [m].[Status] IN (N'Dang chieu', N'Sap chieu')
ORDER BY [m].[ReleaseDate] DESC
2026-05-25 15:00:48.526 +07:00 [INF] Executing ViewResult, running view Index.
2026-05-25 15:00:48.829 +07:00 [INF] Executed ViewResult - view Index executed in 304.2079ms.
2026-05-25 15:00:48.837 +07:00 [INF] Executed action AuraCinema.Web.Controllers.HomeController.Index (AuraCinema.Web) in 384.3568ms
2026-05-25 15:00:48.839 +07:00 [INF] Executed endpoint 'AuraCinema.Web.Controllers.HomeController.Index (AuraCinema.Web)'
2026-05-25 15:00:48.849 +07:00 [INF] Request finished HTTP/1.1 GET http://localhost:5231/ - 200 null text/html; charset=utf-8 480.0836ms
2026-05-25 15:00:48.885 +07:00 [INF] Request starting HTTP/1.1 GET http://localhost:5231/css/site.css?v=wrQ1MeiVPg32MAFeAWGszcMS6avuWDFaL-8-z0i5gfo - null null
2026-05-25 15:00:48.888 +07:00 [INF] Request starting HTTP/1.1 GET http://localhost:5231/js/toast.js?v=OY_RDi1zubGPJvmnQfgWMS8dVaDq86DolKeRhvUgnoI - null null
2026-05-25 15:00:48.892 +07:00 [INF] Request starting HTTP/1.1 GET http://localhost:5231/css/chat-widget.css - null null
2026-05-25 15:00:48.893 +07:00 [INF] Request starting HTTP/1.1 GET http://localhost:5231/js/site.js?v=BT5GhsMUSx2o4e2RIUFHoeFaxCDdCu2dT7NlF8pnyfA - null null
2026-05-25 15:00:48.894 +07:00 [INF] Request starting HTTP/1.1 GET http://localhost:5231/css/toast.css?v=Z4M7toPnjAbe_VdKSDqAbfaxhALLty-Fepv8g6yx290 - null null
2026-05-25 15:00:48.895 +07:00 [INF] The file /css/site.css was not modified
2026-05-25 15:00:48.895 +07:00 [INF] The file /js/toast.js was not modified
2026-05-25 15:00:48.895 +07:00 [INF] The file /css/chat-widget.css was not modified
2026-05-25 15:00:48.895 +07:00 [INF] The file /js/site.js was not modified
2026-05-25 15:00:48.895 +07:00 [INF] The file /css/toast.css was not modified
2026-05-25 15:00:48.896 +07:00 [INF] Request finished HTTP/1.1 GET http://localhost:5231/css/chat-widget.css - 304 null text/css 4.2504ms
2026-05-25 15:00:48.896 +07:00 [INF] Request finished HTTP/1.1 GET http://localhost:5231/js/site.js?v=BT5GhsMUSx2o4e2RIUFHoeFaxCDdCu2dT7NlF8pnyfA - 304 null text/javascript 3.5521ms
2026-05-25 15:00:48.896 +07:00 [INF] Request finished HTTP/1.1 GET http://localhost:5231/css/site.css?v=wrQ1MeiVPg32MAFeAWGszcMS6avuWDFaL-8-z0i5gfo - 304 null text/css 11.0042ms
2026-05-25 15:00:48.896 +07:00 [INF] Request finished HTTP/1.1 GET http://localhost:5231/js/toast.js?v=OY_RDi1zubGPJvmnQfgWMS8dVaDq86DolKeRhvUgnoI - 304 null text/javascript 8.6066ms
2026-05-25 15:00:48.896 +07:00 [INF] Request finished HTTP/1.1 GET http://localhost:5231/css/toast.css?v=Z4M7toPnjAbe_VdKSDqAbfaxhALLty-Fepv8g6yx290 - 304 null text/css 1.3623ms
2026-05-25 15:00:48.897 +07:00 [INF] Request starting HTTP/1.1 GET http://localhost:5231/js/chat-widget.js - null null
2026-05-25 15:00:48.897 +07:00 [INF] The file /js/chat-widget.js was not modified
2026-05-25 15:00:48.897 +07:00 [INF] Request finished HTTP/1.1 GET http://localhost:5231/js/chat-widget.js - 304 null text/javascript 0.6525ms
2026-05-25 15:01:05.660 +07:00 [INF] Executed DbCommand (2ms) [Parameters=[], CommandType='"Text"', CommandTimeout='30']
SELECT [o].[OrderID], [o].[CheckInTime], [o].[FinalAmount], [o].[HoldExpiryTime], [o].[OrderCode], [o].[PayOSTransID], [o].[PromoID], [o].[QrCode], [o].[ShowtimeID], [o].[Status], [o].[TotalAmount], [o].[UserID]
FROM [Orders] AS [o]
WHERE [o].[Status] = N'Chờ thanh toán' AND [o].[HoldExpiryTime] <= GETDATE()
2026-05-25 15:01:05.663 +07:00 [INF] Executed DbCommand (1ms) [Parameters=[@__maxSellingDate_0='?' (DbType = DateTime2), @__now_1='?' (DbType = DateTime2)], CommandType='"Text"', CommandTimeout='30']
SELECT [s].[ShowtimeID], [s].[EndTime], [s].[MovieID], [s].[RoomID], [s].[ShowtimeCode], [s].[StartTime], [s].[Status]
FROM [Showtimes] AS [s]
WHERE [s].[Status] IN (N'Đã lên lịch', N'Sap chieu') AND CONVERT(date, [s].[StartTime]) <= @__maxSellingDate_0 AND [s].[StartTime] > @__now_1
2026-05-25 15:01:05.666 +07:00 [INF] Executed DbCommand (1ms) [Parameters=[@__now_0='?' (DbType = DateTime2)], CommandType='"Text"', CommandTimeout='30']
SELECT [s].[ShowtimeID], [s].[EndTime], [s].[MovieID], [s].[RoomID], [s].[ShowtimeCode], [s].[StartTime], [s].[Status]
FROM [Showtimes] AS [s]
WHERE [s].[Status] IN (N'Đã lên lịch', N'Đang mở bán', N'Sap chieu') AND [s].[StartTime] <= @__now_0 AND [s].[EndTime] > @__now_0
2026-05-25 15:01:05.667 +07:00 [INF] Executed DbCommand (1ms) [Parameters=[@__now_0='?' (DbType = DateTime2)], CommandType='"Text"', CommandTimeout='30']
SELECT [s].[ShowtimeID], [s].[EndTime], [s].[MovieID], [s].[RoomID], [s].[ShowtimeCode], [s].[StartTime], [s].[Status]
FROM [Showtimes] AS [s]
WHERE [s].[Status] IN (N'Đã lên lịch', N'Đang mở bán', N'Đang chiếu', N'Sap chieu', N'Dang dien ra') AND [s].[EndTime] <= @__now_0
2026-05-25 15:01:05.670 +07:00 [INF] Executed DbCommand (1ms) [Parameters=[@__today_0='?' (DbType = Date)], CommandType='"Text"', CommandTimeout='30']
SELECT [m].[MovieID], [m].[Actors], [m].[Description], [m].[Director], [m].[Duration], [m].[Genre], [m].[MovieCode], [m].[Poster], [m].[ReleaseDate], [m].[Status], [m].[Title], [m].[Trailer]
FROM [Movies] AS [m]
WHERE [m].[Status] = N'Sap chieu' AND [m].[ReleaseDate] <= @__today_0
2026-05-25 15:01:13.457 +07:00 [INF] Request starting HTTP/1.1 GET http://localhost:5231/Movies/Details/1 - null null
2026-05-25 15:01:13.463 +07:00 [INF] Executing endpoint 'AuraCinema.Web.Controllers.MoviesController.Details (AuraCinema.Web)'
2026-05-25 15:01:13.473 +07:00 [INF] Route matched with {action = "Details", controller = "Movies", area = ""}. Executing controller action with signature System.Threading.Tasks.Task`1[Microsoft.AspNetCore.Mvc.IActionResult] Details(Int32) on controller AuraCinema.Web.Controllers.MoviesController (AuraCinema.Web).
2026-05-25 15:01:13.523 +07:00 [INF] Executed DbCommand (2ms) [Parameters=[@__p_0='?' (DbType = Int32)], CommandType='"Text"', CommandTimeout='30']
SELECT TOP(1) [m].[MovieID], [m].[Actors], [m].[Description], [m].[Director], [m].[Duration], [m].[Genre], [m].[MovieCode], [m].[Poster], [m].[ReleaseDate], [m].[Status], [m].[Title], [m].[Trailer]
FROM [Movies] AS [m]
WHERE [m].[MovieID] = @__p_0
2026-05-25 15:01:13.637 +07:00 [INF] Executed DbCommand (9ms) [Parameters=[@__id_0='?' (DbType = Int32), @__now_1='?' (DbType = DateTime2), @__maxDate_2='?' (DbType = DateTime2)], CommandType='"Text"', CommandTimeout='30']
SELECT [s].[ShowtimeID], [s].[EndTime], [s].[MovieID], [s].[RoomID], [s].[ShowtimeCode], [s].[StartTime], [s].[Status], [r].[RoomID], [r].[Capacity], [r].[RoomCode], [r].[RoomName], [r].[Status]
FROM [Showtimes] AS [s]
INNER JOIN [Rooms] AS [r] ON [s].[RoomID] = [r].[RoomID]
WHERE [s].[MovieID] = @__id_0 AND [s].[Status] = N'Đang mở bán' AND [s].[StartTime] >= @__now_1 AND [s].[StartTime] < @__maxDate_2
ORDER BY [s].[StartTime]
2026-05-25 15:01:13.841 +07:00 [INF] Executed DbCommand (50ms) [Parameters=[@__showtimeIds_0='?' (Size = 4000)], CommandType='"Text"', CommandTimeout='30']
SELECT [o1].[ShowtimeID], COUNT(*) AS [Sold]
FROM [Orders] AS [o]
INNER JOIN [OrderSeats] AS [o0] ON [o].[OrderID] = [o0].[OrderID]
INNER JOIN [Orders] AS [o1] ON [o0].[OrderID] = [o1].[OrderID]
WHERE [o].[ShowtimeID] IN (
    SELECT [s].[value]
    FROM OPENJSON(@__showtimeIds_0) WITH ([value] int '$') AS [s]
) AND ([o].[Status] = N'Đã thanh toán' OR ([o].[Status] = N'Chờ thanh toán' AND [o].[HoldExpiryTime] > GETDATE()))
GROUP BY [o1].[ShowtimeID]
2026-05-25 15:01:13.868 +07:00 [INF] Executing ViewResult, running view Details.
2026-05-25 15:01:13.891 +07:00 [INF] Executed ViewResult - view Details executed in 25.2354ms.
2026-05-25 15:01:13.892 +07:00 [INF] Executed action AuraCinema.Web.Controllers.MoviesController.Details (AuraCinema.Web) in 418.4532ms
2026-05-25 15:01:13.892 +07:00 [INF] Executed endpoint 'AuraCinema.Web.Controllers.MoviesController.Details (AuraCinema.Web)'
2026-05-25 15:01:13.893 +07:00 [INF] Request finished HTTP/1.1 GET http://localhost:5231/Movies/Details/1 - 200 null text/html; charset=utf-8 435.1791ms
2026-05-25 15:01:16.344 +07:00 [INF] Request starting HTTP/1.1 GET http://localhost:5231/Booking/SelectSeats?showtimeId=8073 - null null
2026-05-25 15:01:16.356 +07:00 [INF] Authorization failed. These requirements were not met:
DenyAnonymousAuthorizationRequirement: Requires an authenticated user.
2026-05-25 15:01:16.362 +07:00 [INF] AuthenticationScheme: Cookies was challenged.
2026-05-25 15:01:16.362 +07:00 [INF] Request finished HTTP/1.1 GET http://localhost:5231/Booking/SelectSeats?showtimeId=8073 - 302 0 null 18.3391ms
2026-05-25 15:01:16.366 +07:00 [INF] Request starting HTTP/1.1 GET http://localhost:5231/Account/Login?ReturnUrl=%2FBooking%2FSelectSeats%3FshowtimeId%3D8073 - null null
2026-05-25 15:01:16.367 +07:00 [INF] Executing endpoint 'AuraCinema.Web.Controllers.AccountController.Login (AuraCinema.Web)'
2026-05-25 15:01:16.369 +07:00 [INF] Route matched with {action = "Login", controller = "Account", area = ""}. Executing controller action with signature Microsoft.AspNetCore.Mvc.IActionResult Login(System.String) on controller AuraCinema.Web.Controllers.AccountController (AuraCinema.Web).
2026-05-25 15:01:16.377 +07:00 [INF] Executing ViewResult, running view Login.
2026-05-25 15:01:16.436 +07:00 [INF] Executed ViewResult - view Login executed in 60.0777ms.
2026-05-25 15:01:16.437 +07:00 [INF] Executed action AuraCinema.Web.Controllers.AccountController.Login (AuraCinema.Web) in 67.699ms
2026-05-25 15:01:16.437 +07:00 [INF] Executed endpoint 'AuraCinema.Web.Controllers.AccountController.Login (AuraCinema.Web)'
2026-05-25 15:01:16.437 +07:00 [INF] Request finished HTTP/1.1 GET http://localhost:5231/Account/Login?ReturnUrl=%2FBooking%2FSelectSeats%3FshowtimeId%3D8073 - 200 null text/html; charset=utf-8 70.5911ms
2026-05-25 15:01:17.674 +07:00 [INF] Request starting HTTP/1.1 POST http://localhost:5231/Account/Login - application/x-www-form-urlencoded 288
2026-05-25 15:01:17.677 +07:00 [INF] Executing endpoint 'AuraCinema.Web.Controllers.AccountController.Login (AuraCinema.Web)'
2026-05-25 15:01:17.685 +07:00 [INF] Route matched with {action = "Login", controller = "Account", area = ""}. Executing controller action with signature System.Threading.Tasks.Task`1[Microsoft.AspNetCore.Mvc.IActionResult] Login(AuraCinema.Web.ViewModels.Account.LoginViewModel) on controller AuraCinema.Web.Controllers.AccountController (AuraCinema.Web).
2026-05-25 15:01:17.737 +07:00 [INF] Executed DbCommand (3ms) [Parameters=[@__Trim_0='?' (Size = 100)], CommandType='"Text"', CommandTimeout='30']
SELECT TOP(1) [u].[UserID], [u].[Email], [u].[FullName], [u].[OtpCode], [u].[OtpExpiry], [u].[Password], [u].[Phone], [u].[Role], [u].[Status], [u].[UserCode]
FROM [Users] AS [u]
WHERE [u].[Email] = @__Trim_0
2026-05-25 15:01:18.219 +07:00 [INF] AuthenticationScheme: Cookies signed in.
2026-05-25 15:01:18.219 +07:00 [INF] Executing RedirectResult, redirecting to /Booking/SelectSeats?showtimeId=8073.
2026-05-25 15:01:18.220 +07:00 [INF] Executed action AuraCinema.Web.Controllers.AccountController.Login (AuraCinema.Web) in 534.3414ms
2026-05-25 15:01:18.220 +07:00 [INF] Executed endpoint 'AuraCinema.Web.Controllers.AccountController.Login (AuraCinema.Web)'
2026-05-25 15:01:18.220 +07:00 [INF] Request finished HTTP/1.1 POST http://localhost:5231/Account/Login - 302 0 null 545.954ms
2026-05-25 15:01:18.224 +07:00 [INF] Request starting HTTP/1.1 GET http://localhost:5231/Booking/SelectSeats?showtimeId=8073 - null null
2026-05-25 15:01:18.233 +07:00 [INF] Executing endpoint 'AuraCinema.Web.Controllers.BookingController.SelectSeats (AuraCinema.Web)'
2026-05-25 15:01:18.241 +07:00 [INF] Route matched with {action = "SelectSeats", controller = "Booking", area = ""}. Executing controller action with signature System.Threading.Tasks.Task`1[Microsoft.AspNetCore.Mvc.IActionResult] SelectSeats(Int32) on controller AuraCinema.Web.Controllers.BookingController (AuraCinema.Web).
2026-05-25 15:01:18.269 +07:00 [INF] Executed DbCommand (3ms) [Parameters=[@__showtimeId_0='?' (DbType = Int32)], CommandType='"Text"', CommandTimeout='30']
SELECT TOP(1) [s].[ShowtimeID], [s].[EndTime], [s].[MovieID], [s].[RoomID], [s].[ShowtimeCode], [s].[StartTime], [s].[Status], [m].[MovieID], [m].[Actors], [m].[Description], [m].[Director], [m].[Duration], [m].[Genre], [m].[MovieCode], [m].[Poster], [m].[ReleaseDate], [m].[Status], [m].[Title], [m].[Trailer], [r].[RoomID], [r].[Capacity], [r].[RoomCode], [r].[RoomName], [r].[Status]
FROM [Showtimes] AS [s]
INNER JOIN [Movies] AS [m] ON [s].[MovieID] = [m].[MovieID]
INNER JOIN [Rooms] AS [r] ON [s].[RoomID] = [r].[RoomID]
WHERE [s].[ShowtimeID] = @__showtimeId_0
2026-05-25 15:01:18.284 +07:00 [INF] Executed DbCommand (6ms) [Parameters=[@__showtime_RoomID_0='?' (DbType = Int32)], CommandType='"Text"', CommandTimeout='30']
SELECT [s].[SeatID], [s].[RoomID], [s].[RowLabel], [s].[SeatCode], [s].[SeatNumber], [s].[SeatType]
FROM [Seats] AS [s]
WHERE [s].[RoomID] = @__showtime_RoomID_0
ORDER BY [s].[RowLabel], [s].[SeatNumber]
2026-05-25 15:01:18.319 +07:00 [INF] Executed DbCommand (6ms) [Parameters=[@__showtimeId_0='?' (DbType = Int32)], CommandType='"Text"', CommandTimeout='30']
SELECT [o].[OrderID], [o].[SeatID], [o].[Price], [o].[Status], [o0].[OrderID], [o0].[CheckInTime], [o0].[FinalAmount], [o0].[HoldExpiryTime], [o0].[OrderCode], [o0].[PayOSTransID], [o0].[PromoID], [o0].[QrCode], [o0].[ShowtimeID], [o0].[Status], [o0].[TotalAmount], [o0].[UserID]
FROM [OrderSeats] AS [o]
INNER JOIN [Orders] AS [o0] ON [o].[OrderID] = [o0].[OrderID]
WHERE [o0].[ShowtimeID] = @__showtimeId_0 AND ([o0].[Status] = N'Đã thanh toán' OR ([o0].[Status] = N'Chờ thanh toán' AND [o0].[HoldExpiryTime] > GETDATE()))
2026-05-25 15:01:18.341 +07:00 [INF] Executed DbCommand (2ms) [Parameters=[], CommandType='"Text"', CommandTimeout='30']
SELECT [p].[ConfigID], [p].[ConfigCode], [p].[ConfigName], [p].[ConfigType], [p].[EffectiveDate], [p].[SurchargeAmount]
FROM [PriceConfigs] AS [p]
2026-05-25 15:01:18.366 +07:00 [INF] Executing ViewResult, running view SelectSeats.
2026-05-25 15:01:18.386 +07:00 [INF] Executed ViewResult - view SelectSeats executed in 20.9208ms.
2026-05-25 15:01:18.387 +07:00 [INF] Executed action AuraCinema.Web.Controllers.BookingController.SelectSeats (AuraCinema.Web) in 145.2248ms
2026-05-25 15:01:18.387 +07:00 [INF] Executed endpoint 'AuraCinema.Web.Controllers.BookingController.SelectSeats (AuraCinema.Web)'
2026-05-25 15:01:18.387 +07:00 [INF] Request finished HTTP/1.1 GET http://localhost:5231/Booking/SelectSeats?showtimeId=8073 - 200 null text/html; charset=utf-8 162.5881ms
2026-05-25 15:01:26.473 +07:00 [INF] Request starting HTTP/1.1 GET http://localhost:5231/Account/Login?ReturnUrl=%2FBooking%2FSelectSeats%3FshowtimeId%3D8073 - null null
2026-05-25 15:01:26.474 +07:00 [INF] Executing endpoint 'AuraCinema.Web.Controllers.AccountController.Login (AuraCinema.Web)'
2026-05-25 15:01:26.474 +07:00 [INF] Route matched with {action = "Login", controller = "Account", area = ""}. Executing controller action with signature Microsoft.AspNetCore.Mvc.IActionResult Login(System.String) on controller AuraCinema.Web.Controllers.AccountController (AuraCinema.Web).
2026-05-25 15:01:26.479 +07:00 [INF] Executing RedirectResult, redirecting to /.
2026-05-25 15:01:26.479 +07:00 [INF] Executed action AuraCinema.Web.Controllers.AccountController.Login (AuraCinema.Web) in 5.0937ms
2026-05-25 15:01:26.479 +07:00 [INF] Executed endpoint 'AuraCinema.Web.Controllers.AccountController.Login (AuraCinema.Web)'
2026-05-25 15:01:26.480 +07:00 [INF] Request finished HTTP/1.1 GET http://localhost:5231/Account/Login?ReturnUrl=%2FBooking%2FSelectSeats%3FshowtimeId%3D8073 - 302 0 null 6.8438ms
2026-05-25 15:01:27.843 +07:00 [INF] Request starting HTTP/1.1 GET http://localhost:5231/Movies/Details/4 - null null
2026-05-25 15:01:27.844 +07:00 [INF] Executing endpoint 'AuraCinema.Web.Controllers.MoviesController.Details (AuraCinema.Web)'
2026-05-25 15:01:27.845 +07:00 [INF] Route matched with {action = "Details", controller = "Movies", area = ""}. Executing controller action with signature System.Threading.Tasks.Task`1[Microsoft.AspNetCore.Mvc.IActionResult] Details(Int32) on controller AuraCinema.Web.Controllers.MoviesController (AuraCinema.Web).
2026-05-25 15:01:27.848 +07:00 [INF] Executed DbCommand (1ms) [Parameters=[@__p_0='?' (DbType = Int32)], CommandType='"Text"', CommandTimeout='30']
SELECT TOP(1) [m].[MovieID], [m].[Actors], [m].[Description], [m].[Director], [m].[Duration], [m].[Genre], [m].[MovieCode], [m].[Poster], [m].[ReleaseDate], [m].[Status], [m].[Title], [m].[Trailer]
FROM [Movies] AS [m]
WHERE [m].[MovieID] = @__p_0
2026-05-25 15:01:27.850 +07:00 [INF] Executed DbCommand (1ms) [Parameters=[@__id_0='?' (DbType = Int32), @__now_1='?' (DbType = DateTime2), @__maxDate_2='?' (DbType = DateTime2)], CommandType='"Text"', CommandTimeout='30']
SELECT [s].[ShowtimeID], [s].[EndTime], [s].[MovieID], [s].[RoomID], [s].[ShowtimeCode], [s].[StartTime], [s].[Status], [r].[RoomID], [r].[Capacity], [r].[RoomCode], [r].[RoomName], [r].[Status]
FROM [Showtimes] AS [s]
INNER JOIN [Rooms] AS [r] ON [s].[RoomID] = [r].[RoomID]
WHERE [s].[MovieID] = @__id_0 AND [s].[Status] = N'Đang mở bán' AND [s].[StartTime] >= @__now_1 AND [s].[StartTime] < @__maxDate_2
ORDER BY [s].[StartTime]
2026-05-25 15:01:27.852 +07:00 [INF] Executed DbCommand (1ms) [Parameters=[@__showtimeIds_0='?' (Size = 4000)], CommandType='"Text"', CommandTimeout='30']
SELECT [o1].[ShowtimeID], COUNT(*) AS [Sold]
FROM [Orders] AS [o]
INNER JOIN [OrderSeats] AS [o0] ON [o].[OrderID] = [o0].[OrderID]
INNER JOIN [Orders] AS [o1] ON [o0].[OrderID] = [o1].[OrderID]
WHERE [o].[ShowtimeID] IN (
    SELECT [s].[value]
    FROM OPENJSON(@__showtimeIds_0) WITH ([value] int '$') AS [s]
) AND ([o].[Status] = N'Đã thanh toán' OR ([o].[Status] = N'Chờ thanh toán' AND [o].[HoldExpiryTime] > GETDATE()))
GROUP BY [o1].[ShowtimeID]
2026-05-25 15:01:27.853 +07:00 [INF] Executing ViewResult, running view Details.
2026-05-25 15:01:27.855 +07:00 [INF] Executed ViewResult - view Details executed in 2.4252ms.
2026-05-25 15:01:27.855 +07:00 [INF] Executed action AuraCinema.Web.Controllers.MoviesController.Details (AuraCinema.Web) in 10.5766ms
2026-05-25 15:01:27.855 +07:00 [INF] Executed endpoint 'AuraCinema.Web.Controllers.MoviesController.Details (AuraCinema.Web)'
2026-05-25 15:01:27.855 +07:00 [INF] Request finished HTTP/1.1 GET http://localhost:5231/Movies/Details/4 - 200 null text/html; charset=utf-8 12.4379ms
2026-05-25 15:01:30.054 +07:00 [INF] Request starting HTTP/1.1 GET http://localhost:5231/Movies/Details/1 - null null
2026-05-25 15:01:30.055 +07:00 [INF] Executing endpoint 'AuraCinema.Web.Controllers.MoviesController.Details (AuraCinema.Web)'
2026-05-25 15:01:30.055 +07:00 [INF] Route matched with {action = "Details", controller = "Movies", area = ""}. Executing controller action with signature System.Threading.Tasks.Task`1[Microsoft.AspNetCore.Mvc.IActionResult] Details(Int32) on controller AuraCinema.Web.Controllers.MoviesController (AuraCinema.Web).
2026-05-25 15:01:30.058 +07:00 [INF] Executed DbCommand (1ms) [Parameters=[@__p_0='?' (DbType = Int32)], CommandType='"Text"', CommandTimeout='30']
SELECT TOP(1) [m].[MovieID], [m].[Actors], [m].[Description], [m].[Director], [m].[Duration], [m].[Genre], [m].[MovieCode], [m].[Poster], [m].[ReleaseDate], [m].[Status], [m].[Title], [m].[Trailer]
FROM [Movies] AS [m]
WHERE [m].[MovieID] = @__p_0
2026-05-25 15:01:30.060 +07:00 [INF] Executed DbCommand (1ms) [Parameters=[@__id_0='?' (DbType = Int32), @__now_1='?' (DbType = DateTime2), @__maxDate_2='?' (DbType = DateTime2)], CommandType='"Text"', CommandTimeout='30']
SELECT [s].[ShowtimeID], [s].[EndTime], [s].[MovieID], [s].[RoomID], [s].[ShowtimeCode], [s].[StartTime], [s].[Status], [r].[RoomID], [r].[Capacity], [r].[RoomCode], [r].[RoomName], [r].[Status]
FROM [Showtimes] AS [s]
INNER JOIN [Rooms] AS [r] ON [s].[RoomID] = [r].[RoomID]
WHERE [s].[MovieID] = @__id_0 AND [s].[Status] = N'Đang mở bán' AND [s].[StartTime] >= @__now_1 AND [s].[StartTime] < @__maxDate_2
ORDER BY [s].[StartTime]
2026-05-25 15:01:30.063 +07:00 [INF] Executed DbCommand (1ms) [Parameters=[@__showtimeIds_0='?' (Size = 4000)], CommandType='"Text"', CommandTimeout='30']
SELECT [o1].[ShowtimeID], COUNT(*) AS [Sold]
FROM [Orders] AS [o]
INNER JOIN [OrderSeats] AS [o0] ON [o].[OrderID] = [o0].[OrderID]
INNER JOIN [Orders] AS [o1] ON [o0].[OrderID] = [o1].[OrderID]
WHERE [o].[ShowtimeID] IN (
    SELECT [s].[value]
    FROM OPENJSON(@__showtimeIds_0) WITH ([value] int '$') AS [s]
) AND ([o].[Status] = N'Đã thanh toán' OR ([o].[Status] = N'Chờ thanh toán' AND [o].[HoldExpiryTime] > GETDATE()))
GROUP BY [o1].[ShowtimeID]
2026-05-25 15:01:30.064 +07:00 [INF] Executing ViewResult, running view Details.
2026-05-25 15:01:30.067 +07:00 [INF] Executed ViewResult - view Details executed in 3.1493ms.
2026-05-25 15:01:30.067 +07:00 [INF] Executed action AuraCinema.Web.Controllers.MoviesController.Details (AuraCinema.Web) in 12.4136ms
2026-05-25 15:01:30.068 +07:00 [INF] Executed endpoint 'AuraCinema.Web.Controllers.MoviesController.Details (AuraCinema.Web)'
2026-05-25 15:01:30.068 +07:00 [INF] Request finished HTTP/1.1 GET http://localhost:5231/Movies/Details/1 - 200 null text/html; charset=utf-8 13.4379ms
2026-05-25 15:01:33.243 +07:00 [INF] Request starting HTTP/1.1 GET http://localhost:5231/Booking/SelectSeats?showtimeId=8095 - null null
2026-05-25 15:01:33.246 +07:00 [INF] Executing endpoint 'AuraCinema.Web.Controllers.BookingController.SelectSeats (AuraCinema.Web)'
2026-05-25 15:01:33.246 +07:00 [INF] Route matched with {action = "SelectSeats", controller = "Booking", area = ""}. Executing controller action with signature System.Threading.Tasks.Task`1[Microsoft.AspNetCore.Mvc.IActionResult] SelectSeats(Int32) on controller AuraCinema.Web.Controllers.BookingController (AuraCinema.Web).
2026-05-25 15:01:33.249 +07:00 [INF] Executed DbCommand (1ms) [Parameters=[@__showtimeId_0='?' (DbType = Int32)], CommandType='"Text"', CommandTimeout='30']
SELECT TOP(1) [s].[ShowtimeID], [s].[EndTime], [s].[MovieID], [s].[RoomID], [s].[ShowtimeCode], [s].[StartTime], [s].[Status], [m].[MovieID], [m].[Actors], [m].[Description], [m].[Director], [m].[Duration], [m].[Genre], [m].[MovieCode], [m].[Poster], [m].[ReleaseDate], [m].[Status], [m].[Title], [m].[Trailer], [r].[RoomID], [r].[Capacity], [r].[RoomCode], [r].[RoomName], [r].[Status]
FROM [Showtimes] AS [s]
INNER JOIN [Movies] AS [m] ON [s].[MovieID] = [m].[MovieID]
INNER JOIN [Rooms] AS [r] ON [s].[RoomID] = [r].[RoomID]
WHERE [s].[ShowtimeID] = @__showtimeId_0
2026-05-25 15:01:33.252 +07:00 [INF] Executed DbCommand (1ms) [Parameters=[@__showtime_RoomID_0='?' (DbType = Int32)], CommandType='"Text"', CommandTimeout='30']
SELECT [s].[SeatID], [s].[RoomID], [s].[RowLabel], [s].[SeatCode], [s].[SeatNumber], [s].[SeatType]
FROM [Seats] AS [s]
WHERE [s].[RoomID] = @__showtime_RoomID_0
ORDER BY [s].[RowLabel], [s].[SeatNumber]
2026-05-25 15:01:33.256 +07:00 [INF] Executed DbCommand (1ms) [Parameters=[@__showtimeId_0='?' (DbType = Int32)], CommandType='"Text"', CommandTimeout='30']
SELECT [o].[OrderID], [o].[SeatID], [o].[Price], [o].[Status], [o0].[OrderID], [o0].[CheckInTime], [o0].[FinalAmount], [o0].[HoldExpiryTime], [o0].[OrderCode], [o0].[PayOSTransID], [o0].[PromoID], [o0].[QrCode], [o0].[ShowtimeID], [o0].[Status], [o0].[TotalAmount], [o0].[UserID]
FROM [OrderSeats] AS [o]
INNER JOIN [Orders] AS [o0] ON [o].[OrderID] = [o0].[OrderID]
WHERE [o0].[ShowtimeID] = @__showtimeId_0 AND ([o0].[Status] = N'Đã thanh toán' OR ([o0].[Status] = N'Chờ thanh toán' AND [o0].[HoldExpiryTime] > GETDATE()))
2026-05-25 15:01:33.258 +07:00 [INF] Executed DbCommand (1ms) [Parameters=[], CommandType='"Text"', CommandTimeout='30']
SELECT [p].[ConfigID], [p].[ConfigCode], [p].[ConfigName], [p].[ConfigType], [p].[EffectiveDate], [p].[SurchargeAmount]
FROM [PriceConfigs] AS [p]
2026-05-25 15:01:33.259 +07:00 [INF] Executing ViewResult, running view SelectSeats.
2026-05-25 15:01:33.261 +07:00 [INF] Executed ViewResult - view SelectSeats executed in 3.0193ms.
2026-05-25 15:01:33.262 +07:00 [INF] Executed action AuraCinema.Web.Controllers.BookingController.SelectSeats (AuraCinema.Web) in 15.0783ms
2026-05-25 15:01:33.262 +07:00 [INF] Executed endpoint 'AuraCinema.Web.Controllers.BookingController.SelectSeats (AuraCinema.Web)'
2026-05-25 15:01:33.262 +07:00 [INF] Request finished HTTP/1.1 GET http://localhost:5231/Booking/SelectSeats?showtimeId=8095 - 200 null text/html; charset=utf-8 18.5013ms
2026-05-25 15:02:05.690 +07:00 [INF] Executed DbCommand (1ms) [Parameters=[], CommandType='"Text"', CommandTimeout='30']
SELECT [o].[OrderID], [o].[CheckInTime], [o].[FinalAmount], [o].[HoldExpiryTime], [o].[OrderCode], [o].[PayOSTransID], [o].[PromoID], [o].[QrCode], [o].[ShowtimeID], [o].[Status], [o].[TotalAmount], [o].[UserID]
FROM [Orders] AS [o]
WHERE [o].[Status] = N'Chờ thanh toán' AND [o].[HoldExpiryTime] <= GETDATE()
2026-05-25 15:02:05.693 +07:00 [INF] Executed DbCommand (1ms) [Parameters=[@__maxSellingDate_0='?' (DbType = DateTime2), @__now_1='?' (DbType = DateTime2)], CommandType='"Text"', CommandTimeout='30']
SELECT [s].[ShowtimeID], [s].[EndTime], [s].[MovieID], [s].[RoomID], [s].[ShowtimeCode], [s].[StartTime], [s].[Status]
FROM [Showtimes] AS [s]
WHERE [s].[Status] IN (N'Đã lên lịch', N'Sap chieu') AND CONVERT(date, [s].[StartTime]) <= @__maxSellingDate_0 AND [s].[StartTime] > @__now_1
2026-05-25 15:02:05.694 +07:00 [INF] Executed DbCommand (1ms) [Parameters=[@__now_0='?' (DbType = DateTime2)], CommandType='"Text"', CommandTimeout='30']
SELECT [s].[ShowtimeID], [s].[EndTime], [s].[MovieID], [s].[RoomID], [s].[ShowtimeCode], [s].[StartTime], [s].[Status]
FROM [Showtimes] AS [s]
WHERE [s].[Status] IN (N'Đã lên lịch', N'Đang mở bán', N'Sap chieu') AND [s].[StartTime] <= @__now_0 AND [s].[EndTime] > @__now_0
2026-05-25 15:02:05.695 +07:00 [INF] Executed DbCommand (1ms) [Parameters=[@__now_0='?' (DbType = DateTime2)], CommandType='"Text"', CommandTimeout='30']
SELECT [s].[ShowtimeID], [s].[EndTime], [s].[MovieID], [s].[RoomID], [s].[ShowtimeCode], [s].[StartTime], [s].[Status]
FROM [Showtimes] AS [s]
WHERE [s].[Status] IN (N'Đã lên lịch', N'Đang mở bán', N'Đang chiếu', N'Sap chieu', N'Dang dien ra') AND [s].[EndTime] <= @__now_0
2026-05-25 15:02:05.697 +07:00 [INF] Executed DbCommand (1ms) [Parameters=[@__today_0='?' (DbType = Date)], CommandType='"Text"', CommandTimeout='30']
SELECT [m].[MovieID], [m].[Actors], [m].[Description], [m].[Director], [m].[Duration], [m].[Genre], [m].[MovieCode], [m].[Poster], [m].[ReleaseDate], [m].[Status], [m].[Title], [m].[Trailer]
FROM [Movies] AS [m]
WHERE [m].[Status] = N'Sap chieu' AND [m].[ReleaseDate] <= @__today_0
2026-05-25 15:02:11.011 +07:00 [INF] Request starting HTTP/1.1 POST http://localhost:5231/Account/Logout - application/x-www-form-urlencoded 225
2026-05-25 15:02:11.011 +07:00 [INF] Executing endpoint 'AuraCinema.Web.Controllers.AccountController.Logout (AuraCinema.Web)'
2026-05-25 15:02:11.018 +07:00 [INF] Route matched with {action = "Logout", controller = "Account", area = ""}. Executing controller action with signature System.Threading.Tasks.Task`1[Microsoft.AspNetCore.Mvc.IActionResult] Logout() on controller AuraCinema.Web.Controllers.AccountController (AuraCinema.Web).
2026-05-25 15:02:11.021 +07:00 [INF] AuthenticationScheme: Cookies signed out.
2026-05-25 15:02:11.021 +07:00 [INF] Executing RedirectResult, redirecting to /.
2026-05-25 15:02:11.023 +07:00 [INF] Executed action AuraCinema.Web.Controllers.AccountController.Logout (AuraCinema.Web) in 5.0841ms
2026-05-25 15:02:11.023 +07:00 [INF] Executed endpoint 'AuraCinema.Web.Controllers.AccountController.Logout (AuraCinema.Web)'
2026-05-25 15:02:11.023 +07:00 [INF] Request finished HTTP/1.1 POST http://localhost:5231/Account/Logout - 302 0 null 12.4234ms
2026-05-25 15:02:11.029 +07:00 [INF] Request starting HTTP/1.1 GET http://localhost:5231/ - null null
2026-05-25 15:02:11.029 +07:00 [INF] Executing endpoint 'AuraCinema.Web.Controllers.HomeController.Index (AuraCinema.Web)'
2026-05-25 15:02:11.030 +07:00 [INF] Route matched with {action = "Index", controller = "Home", area = ""}. Executing controller action with signature System.Threading.Tasks.Task`1[Microsoft.AspNetCore.Mvc.IActionResult] Index() on controller AuraCinema.Web.Controllers.HomeController (AuraCinema.Web).
2026-05-25 15:02:11.034 +07:00 [INF] Executed DbCommand (2ms) [Parameters=[], CommandType='"Text"', CommandTimeout='30']
SELECT [m].[MovieID], [m].[Title], [m].[Genre], [m].[Poster], [m].[Duration], [m].[Status], [m].[ReleaseDate], [m].[Director]
FROM [Movies] AS [m]
WHERE [m].[Status] IN (N'Dang chieu', N'Sap chieu')
ORDER BY [m].[ReleaseDate] DESC
2026-05-25 15:02:11.035 +07:00 [INF] Executing ViewResult, running view Index.
2026-05-25 15:02:11.040 +07:00 [INF] Executed ViewResult - view Index executed in 4.6419ms.
2026-05-25 15:02:11.040 +07:00 [INF] Executed action AuraCinema.Web.Controllers.HomeController.Index (AuraCinema.Web) in 9.9975ms
2026-05-25 15:02:11.040 +07:00 [INF] Executed endpoint 'AuraCinema.Web.Controllers.HomeController.Index (AuraCinema.Web)'
2026-05-25 15:02:11.040 +07:00 [INF] Request finished HTTP/1.1 GET http://localhost:5231/ - 200 null text/html; charset=utf-8 11.3806ms
2026-05-25 15:02:13.044 +07:00 [INF] Request starting HTTP/1.1 GET http://localhost:5231/Movies/Details/1 - null null
2026-05-25 15:02:13.045 +07:00 [INF] Executing endpoint 'AuraCinema.Web.Controllers.MoviesController.Details (AuraCinema.Web)'
2026-05-25 15:02:13.045 +07:00 [INF] Route matched with {action = "Details", controller = "Movies", area = ""}. Executing controller action with signature System.Threading.Tasks.Task`1[Microsoft.AspNetCore.Mvc.IActionResult] Details(Int32) on controller AuraCinema.Web.Controllers.MoviesController (AuraCinema.Web).
2026-05-25 15:02:13.049 +07:00 [INF] Executed DbCommand (1ms) [Parameters=[@__p_0='?' (DbType = Int32)], CommandType='"Text"', CommandTimeout='30']
SELECT TOP(1) [m].[MovieID], [m].[Actors], [m].[Description], [m].[Director], [m].[Duration], [m].[Genre], [m].[MovieCode], [m].[Poster], [m].[ReleaseDate], [m].[Status], [m].[Title], [m].[Trailer]
FROM [Movies] AS [m]
WHERE [m].[MovieID] = @__p_0
2026-05-25 15:02:13.051 +07:00 [INF] Executed DbCommand (1ms) [Parameters=[@__id_0='?' (DbType = Int32), @__now_1='?' (DbType = DateTime2), @__maxDate_2='?' (DbType = DateTime2)], CommandType='"Text"', CommandTimeout='30']
SELECT [s].[ShowtimeID], [s].[EndTime], [s].[MovieID], [s].[RoomID], [s].[ShowtimeCode], [s].[StartTime], [s].[Status], [r].[RoomID], [r].[Capacity], [r].[RoomCode], [r].[RoomName], [r].[Status]
FROM [Showtimes] AS [s]
INNER JOIN [Rooms] AS [r] ON [s].[RoomID] = [r].[RoomID]
WHERE [s].[MovieID] = @__id_0 AND [s].[Status] = N'Đang mở bán' AND [s].[StartTime] >= @__now_1 AND [s].[StartTime] < @__maxDate_2
ORDER BY [s].[StartTime]
2026-05-25 15:02:13.054 +07:00 [INF] Executed DbCommand (1ms) [Parameters=[@__showtimeIds_0='?' (Size = 4000)], CommandType='"Text"', CommandTimeout='30']
SELECT [o1].[ShowtimeID], COUNT(*) AS [Sold]
FROM [Orders] AS [o]
INNER JOIN [OrderSeats] AS [o0] ON [o].[OrderID] = [o0].[OrderID]
INNER JOIN [Orders] AS [o1] ON [o0].[OrderID] = [o1].[OrderID]
WHERE [o].[ShowtimeID] IN (
    SELECT [s].[value]
    FROM OPENJSON(@__showtimeIds_0) WITH ([value] int '$') AS [s]
) AND ([o].[Status] = N'Đã thanh toán' OR ([o].[Status] = N'Chờ thanh toán' AND [o].[HoldExpiryTime] > GETDATE()))
GROUP BY [o1].[ShowtimeID]
2026-05-25 15:02:13.054 +07:00 [INF] Executing ViewResult, running view Details.
2026-05-25 15:02:13.055 +07:00 [INF] Executed ViewResult - view Details executed in 1.345ms.
2026-05-25 15:02:13.056 +07:00 [INF] Executed action AuraCinema.Web.Controllers.MoviesController.Details (AuraCinema.Web) in 10.6967ms
2026-05-25 15:02:13.056 +07:00 [INF] Executed endpoint 'AuraCinema.Web.Controllers.MoviesController.Details (AuraCinema.Web)'
2026-05-25 15:02:13.056 +07:00 [INF] Request finished HTTP/1.1 GET http://localhost:5231/Movies/Details/1 - 200 null text/html; charset=utf-8 11.5965ms
2026-05-25 15:02:14.453 +07:00 [INF] Request starting HTTP/1.1 GET http://localhost:5231/Booking/SelectSeats?showtimeId=8073 - null null
2026-05-25 15:02:14.454 +07:00 [INF] Authorization failed. These requirements were not met:
DenyAnonymousAuthorizationRequirement: Requires an authenticated user.
2026-05-25 15:02:14.454 +07:00 [INF] AuthenticationScheme: Cookies was challenged.
2026-05-25 15:02:14.454 +07:00 [INF] Request finished HTTP/1.1 GET http://localhost:5231/Booking/SelectSeats?showtimeId=8073 - 302 0 null 1.2456ms
2026-05-25 15:02:14.462 +07:00 [INF] Request starting HTTP/1.1 GET http://localhost:5231/Account/Login?ReturnUrl=%2FBooking%2FSelectSeats%3FshowtimeId%3D8073 - null null
2026-05-25 15:02:14.463 +07:00 [INF] Executing endpoint 'AuraCinema.Web.Controllers.AccountController.Login (AuraCinema.Web)'
2026-05-25 15:02:14.463 +07:00 [INF] Route matched with {action = "Login", controller = "Account", area = ""}. Executing controller action with signature Microsoft.AspNetCore.Mvc.IActionResult Login(System.String) on controller AuraCinema.Web.Controllers.AccountController (AuraCinema.Web).
2026-05-25 15:02:14.466 +07:00 [INF] Executing ViewResult, running view Login.
2026-05-25 15:02:14.471 +07:00 [INF] Executed ViewResult - view Login executed in 6.3825ms.
2026-05-25 15:02:14.471 +07:00 [INF] Executed action AuraCinema.Web.Controllers.AccountController.Login (AuraCinema.Web) in 7.3199ms
2026-05-25 15:02:14.471 +07:00 [INF] Executed endpoint 'AuraCinema.Web.Controllers.AccountController.Login (AuraCinema.Web)'
2026-05-25 15:02:14.471 +07:00 [INF] Request finished HTTP/1.1 GET http://localhost:5231/Account/Login?ReturnUrl=%2FBooking%2FSelectSeats%3FshowtimeId%3D8073 - 200 null text/html; charset=utf-8 9.8467ms
2026-05-25 15:02:22.775 +07:00 [INF] Request starting HTTP/1.1 POST http://localhost:5231/Account/Login - application/x-www-form-urlencoded 288
2026-05-25 15:02:22.775 +07:00 [INF] Executing endpoint 'AuraCinema.Web.Controllers.AccountController.Login (AuraCinema.Web)'
2026-05-25 15:02:22.776 +07:00 [INF] Route matched with {action = "Login", controller = "Account", area = ""}. Executing controller action with signature System.Threading.Tasks.Task`1[Microsoft.AspNetCore.Mvc.IActionResult] Login(AuraCinema.Web.ViewModels.Account.LoginViewModel) on controller AuraCinema.Web.Controllers.AccountController (AuraCinema.Web).
2026-05-25 15:02:22.779 +07:00 [INF] Executed DbCommand (1ms) [Parameters=[@__Trim_0='?' (Size = 100)], CommandType='"Text"', CommandTimeout='30']
SELECT TOP(1) [u].[UserID], [u].[Email], [u].[FullName], [u].[OtpCode], [u].[OtpExpiry], [u].[Password], [u].[Phone], [u].[Role], [u].[Status], [u].[UserCode]
FROM [Users] AS [u]
WHERE [u].[Email] = @__Trim_0
2026-05-25 15:02:22.994 +07:00 [INF] AuthenticationScheme: Cookies signed in.
2026-05-25 15:02:22.995 +07:00 [INF] Executing RedirectResult, redirecting to /Booking/SelectSeats?showtimeId=8073.
2026-05-25 15:02:22.995 +07:00 [INF] Executed action AuraCinema.Web.Controllers.AccountController.Login (AuraCinema.Web) in 219.7728ms
2026-05-25 15:02:22.996 +07:00 [INF] Executed endpoint 'AuraCinema.Web.Controllers.AccountController.Login (AuraCinema.Web)'
2026-05-25 15:02:22.996 +07:00 [INF] Request finished HTTP/1.1 POST http://localhost:5231/Account/Login - 302 0 null 220.6499ms
2026-05-25 15:02:23.003 +07:00 [INF] Request starting HTTP/1.1 GET http://localhost:5231/Booking/SelectSeats?showtimeId=8073 - null null
2026-05-25 15:02:23.003 +07:00 [INF] Executing endpoint 'AuraCinema.Web.Controllers.BookingController.SelectSeats (AuraCinema.Web)'
2026-05-25 15:02:23.003 +07:00 [INF] Route matched with {action = "SelectSeats", controller = "Booking", area = ""}. Executing controller action with signature System.Threading.Tasks.Task`1[Microsoft.AspNetCore.Mvc.IActionResult] SelectSeats(Int32) on controller AuraCinema.Web.Controllers.BookingController (AuraCinema.Web).
2026-05-25 15:02:23.008 +07:00 [INF] Executed DbCommand (1ms) [Parameters=[@__showtimeId_0='?' (DbType = Int32)], CommandType='"Text"', CommandTimeout='30']
SELECT TOP(1) [s].[ShowtimeID], [s].[EndTime], [s].[MovieID], [s].[RoomID], [s].[ShowtimeCode], [s].[StartTime], [s].[Status], [m].[MovieID], [m].[Actors], [m].[Description], [m].[Director], [m].[Duration], [m].[Genre], [m].[MovieCode], [m].[Poster], [m].[ReleaseDate], [m].[Status], [m].[Title], [m].[Trailer], [r].[RoomID], [r].[Capacity], [r].[RoomCode], [r].[RoomName], [r].[Status]
FROM [Showtimes] AS [s]
INNER JOIN [Movies] AS [m] ON [s].[MovieID] = [m].[MovieID]
INNER JOIN [Rooms] AS [r] ON [s].[RoomID] = [r].[RoomID]
WHERE [s].[ShowtimeID] = @__showtimeId_0
2026-05-25 15:02:23.010 +07:00 [INF] Executed DbCommand (1ms) [Parameters=[@__showtime_RoomID_0='?' (DbType = Int32)], CommandType='"Text"', CommandTimeout='30']
SELECT [s].[SeatID], [s].[RoomID], [s].[RowLabel], [s].[SeatCode], [s].[SeatNumber], [s].[SeatType]
FROM [Seats] AS [s]
WHERE [s].[RoomID] = @__showtime_RoomID_0
ORDER BY [s].[RowLabel], [s].[SeatNumber]
2026-05-25 15:02:23.013 +07:00 [INF] Executed DbCommand (1ms) [Parameters=[@__showtimeId_0='?' (DbType = Int32)], CommandType='"Text"', CommandTimeout='30']
SELECT [o].[OrderID], [o].[SeatID], [o].[Price], [o].[Status], [o0].[OrderID], [o0].[CheckInTime], [o0].[FinalAmount], [o0].[HoldExpiryTime], [o0].[OrderCode], [o0].[PayOSTransID], [o0].[PromoID], [o0].[QrCode], [o0].[ShowtimeID], [o0].[Status], [o0].[TotalAmount], [o0].[UserID]
FROM [OrderSeats] AS [o]
INNER JOIN [Orders] AS [o0] ON [o].[OrderID] = [o0].[OrderID]
WHERE [o0].[ShowtimeID] = @__showtimeId_0 AND ([o0].[Status] = N'Đã thanh toán' OR ([o0].[Status] = N'Chờ thanh toán' AND [o0].[HoldExpiryTime] > GETDATE()))
2026-05-25 15:02:23.015 +07:00 [INF] Executed DbCommand (1ms) [Parameters=[], CommandType='"Text"', CommandTimeout='30']
SELECT [p].[ConfigID], [p].[ConfigCode], [p].[ConfigName], [p].[ConfigType], [p].[EffectiveDate], [p].[SurchargeAmount]
FROM [PriceConfigs] AS [p]
2026-05-25 15:02:23.015 +07:00 [INF] Executing ViewResult, running view SelectSeats.
2026-05-25 15:02:23.018 +07:00 [INF] Executed ViewResult - view SelectSeats executed in 2.8992ms.
2026-05-25 15:02:23.018 +07:00 [INF] Executed action AuraCinema.Web.Controllers.BookingController.SelectSeats (AuraCinema.Web) in 15.0611ms
2026-05-25 15:02:23.019 +07:00 [INF] Executed endpoint 'AuraCinema.Web.Controllers.BookingController.SelectSeats (AuraCinema.Web)'
2026-05-25 15:02:23.019 +07:00 [INF] Request finished HTTP/1.1 GET http://localhost:5231/Booking/SelectSeats?showtimeId=8073 - 200 null text/html; charset=utf-8 16.1858ms
2026-05-25 15:03:05.708 +07:00 [INF] Executed DbCommand (1ms) [Parameters=[], CommandType='"Text"', CommandTimeout='30']
SELECT [o].[OrderID], [o].[CheckInTime], [o].[FinalAmount], [o].[HoldExpiryTime], [o].[OrderCode], [o].[PayOSTransID], [o].[PromoID], [o].[QrCode], [o].[ShowtimeID], [o].[Status], [o].[TotalAmount], [o].[UserID]
FROM [Orders] AS [o]
WHERE [o].[Status] = N'Chờ thanh toán' AND [o].[HoldExpiryTime] <= GETDATE()
2026-05-25 15:03:05.710 +07:00 [INF] Executed DbCommand (1ms) [Parameters=[@__maxSellingDate_0='?' (DbType = DateTime2), @__now_1='?' (DbType = DateTime2)], CommandType='"Text"', CommandTimeout='30']
SELECT [s].[ShowtimeID], [s].[EndTime], [s].[MovieID], [s].[RoomID], [s].[ShowtimeCode], [s].[StartTime], [s].[Status]
FROM [Showtimes] AS [s]
WHERE [s].[Status] IN (N'Đã lên lịch', N'Sap chieu') AND CONVERT(date, [s].[StartTime]) <= @__maxSellingDate_0 AND [s].[StartTime] > @__now_1
2026-05-25 15:03:05.711 +07:00 [INF] Executed DbCommand (1ms) [Parameters=[@__now_0='?' (DbType = DateTime2)], CommandType='"Text"', CommandTimeout='30']
SELECT [s].[ShowtimeID], [s].[EndTime], [s].[MovieID], [s].[RoomID], [s].[ShowtimeCode], [s].[StartTime], [s].[Status]
FROM [Showtimes] AS [s]
WHERE [s].[Status] IN (N'Đã lên lịch', N'Đang mở bán', N'Sap chieu') AND [s].[StartTime] <= @__now_0 AND [s].[EndTime] > @__now_0
2026-05-25 15:03:05.712 +07:00 [INF] Executed DbCommand (1ms) [Parameters=[@__now_0='?' (DbType = DateTime2)], CommandType='"Text"', CommandTimeout='30']
SELECT [s].[ShowtimeID], [s].[EndTime], [s].[MovieID], [s].[RoomID], [s].[ShowtimeCode], [s].[StartTime], [s].[Status]
FROM [Showtimes] AS [s]
WHERE [s].[Status] IN (N'Đã lên lịch', N'Đang mở bán', N'Đang chiếu', N'Sap chieu', N'Dang dien ra') AND [s].[EndTime] <= @__now_0
2026-05-25 15:03:05.714 +07:00 [INF] Executed DbCommand (1ms) [Parameters=[@__today_0='?' (DbType = Date)], CommandType='"Text"', CommandTimeout='30']
SELECT [m].[MovieID], [m].[Actors], [m].[Description], [m].[Director], [m].[Duration], [m].[Genre], [m].[MovieCode], [m].[Poster], [m].[ReleaseDate], [m].[Status], [m].[Title], [m].[Trailer]
FROM [Movies] AS [m]
WHERE [m].[Status] = N'Sap chieu' AND [m].[ReleaseDate] <= @__today_0
2026-05-25 15:04:05.739 +07:00 [INF] Executed DbCommand (1ms) [Parameters=[], CommandType='"Text"', CommandTimeout='30']
SELECT [o].[OrderID], [o].[CheckInTime], [o].[FinalAmount], [o].[HoldExpiryTime], [o].[OrderCode], [o].[PayOSTransID], [o].[PromoID], [o].[QrCode], [o].[ShowtimeID], [o].[Status], [o].[TotalAmount], [o].[UserID]
FROM [Orders] AS [o]
WHERE [o].[Status] = N'Chờ thanh toán' AND [o].[HoldExpiryTime] <= GETDATE()
2026-05-25 15:04:05.742 +07:00 [INF] Executed DbCommand (1ms) [Parameters=[@__maxSellingDate_0='?' (DbType = DateTime2), @__now_1='?' (DbType = DateTime2)], CommandType='"Text"', CommandTimeout='30']
SELECT [s].[ShowtimeID], [s].[EndTime], [s].[MovieID], [s].[RoomID], [s].[ShowtimeCode], [s].[StartTime], [s].[Status]
FROM [Showtimes] AS [s]
WHERE [s].[Status] IN (N'Đã lên lịch', N'Sap chieu') AND CONVERT(date, [s].[StartTime]) <= @__maxSellingDate_0 AND [s].[StartTime] > @__now_1
2026-05-25 15:04:05.743 +07:00 [INF] Executed DbCommand (1ms) [Parameters=[@__now_0='?' (DbType = DateTime2)], CommandType='"Text"', CommandTimeout='30']
SELECT [s].[ShowtimeID], [s].[EndTime], [s].[MovieID], [s].[RoomID], [s].[ShowtimeCode], [s].[StartTime], [s].[Status]
FROM [Showtimes] AS [s]
WHERE [s].[Status] IN (N'Đã lên lịch', N'Đang mở bán', N'Sap chieu') AND [s].[StartTime] <= @__now_0 AND [s].[EndTime] > @__now_0
2026-05-25 15:04:05.744 +07:00 [INF] Executed DbCommand (1ms) [Parameters=[@__now_0='?' (DbType = DateTime2)], CommandType='"Text"', CommandTimeout='30']
SELECT [s].[ShowtimeID], [s].[EndTime], [s].[MovieID], [s].[RoomID], [s].[ShowtimeCode], [s].[StartTime], [s].[Status]
FROM [Showtimes] AS [s]
WHERE [s].[Status] IN (N'Đã lên lịch', N'Đang mở bán', N'Đang chiếu', N'Sap chieu', N'Dang dien ra') AND [s].[EndTime] <= @__now_0
2026-05-25 15:04:05.745 +07:00 [INF] Executed DbCommand (0ms) [Parameters=[@__today_0='?' (DbType = Date)], CommandType='"Text"', CommandTimeout='30']
SELECT [m].[MovieID], [m].[Actors], [m].[Description], [m].[Director], [m].[Duration], [m].[Genre], [m].[MovieCode], [m].[Poster], [m].[ReleaseDate], [m].[Status], [m].[Title], [m].[Trailer]
FROM [Movies] AS [m]
WHERE [m].[Status] = N'Sap chieu' AND [m].[ReleaseDate] <= @__today_0
2026-05-25 15:05:05.771 +07:00 [INF] Executed DbCommand (1ms) [Parameters=[], CommandType='"Text"', CommandTimeout='30']
SELECT [o].[OrderID], [o].[CheckInTime], [o].[FinalAmount], [o].[HoldExpiryTime], [o].[OrderCode], [o].[PayOSTransID], [o].[PromoID], [o].[QrCode], [o].[ShowtimeID], [o].[Status], [o].[TotalAmount], [o].[UserID]
FROM [Orders] AS [o]
WHERE [o].[Status] = N'Chờ thanh toán' AND [o].[HoldExpiryTime] <= GETDATE()
2026-05-25 15:05:05.775 +07:00 [INF] Executed DbCommand (1ms) [Parameters=[@__maxSellingDate_0='?' (DbType = DateTime2), @__now_1='?' (DbType = DateTime2)], CommandType='"Text"', CommandTimeout='30']
SELECT [s].[ShowtimeID], [s].[EndTime], [s].[MovieID], [s].[RoomID], [s].[ShowtimeCode], [s].[StartTime], [s].[Status]
FROM [Showtimes] AS [s]
WHERE [s].[Status] IN (N'Đã lên lịch', N'Sap chieu') AND CONVERT(date, [s].[StartTime]) <= @__maxSellingDate_0 AND [s].[StartTime] > @__now_1
2026-05-25 15:05:05.776 +07:00 [INF] Executed DbCommand (1ms) [Parameters=[@__now_0='?' (DbType = DateTime2)], CommandType='"Text"', CommandTimeout='30']
SELECT [s].[ShowtimeID], [s].[EndTime], [s].[MovieID], [s].[RoomID], [s].[ShowtimeCode], [s].[StartTime], [s].[Status]
FROM [Showtimes] AS [s]
WHERE [s].[Status] IN (N'Đã lên lịch', N'Đang mở bán', N'Sap chieu') AND [s].[StartTime] <= @__now_0 AND [s].[EndTime] > @__now_0
2026-05-25 15:05:05.777 +07:00 [INF] Executed DbCommand (1ms) [Parameters=[@__now_0='?' (DbType = DateTime2)], CommandType='"Text"', CommandTimeout='30']
SELECT [s].[ShowtimeID], [s].[EndTime], [s].[MovieID], [s].[RoomID], [s].[ShowtimeCode], [s].[StartTime], [s].[Status]
FROM [Showtimes] AS [s]
WHERE [s].[Status] IN (N'Đã lên lịch', N'Đang mở bán', N'Đang chiếu', N'Sap chieu', N'Dang dien ra') AND [s].[EndTime] <= @__now_0
2026-05-25 15:05:05.780 +07:00 [INF] Executed DbCommand (1ms) [Parameters=[@__today_0='?' (DbType = Date)], CommandType='"Text"', CommandTimeout='30']
SELECT [m].[MovieID], [m].[Actors], [m].[Description], [m].[Director], [m].[Duration], [m].[Genre], [m].[MovieCode], [m].[Poster], [m].[ReleaseDate], [m].[Status], [m].[Title], [m].[Trailer]
FROM [Movies] AS [m]
WHERE [m].[Status] = N'Sap chieu' AND [m].[ReleaseDate] <= @__today_0
2026-05-25 15:06:05.797 +07:00 [INF] Executed DbCommand (1ms) [Parameters=[], CommandType='"Text"', CommandTimeout='30']
SELECT [o].[OrderID], [o].[CheckInTime], [o].[FinalAmount], [o].[HoldExpiryTime], [o].[OrderCode], [o].[PayOSTransID], [o].[PromoID], [o].[QrCode], [o].[ShowtimeID], [o].[Status], [o].[TotalAmount], [o].[UserID]
FROM [Orders] AS [o]
WHERE [o].[Status] = N'Chờ thanh toán' AND [o].[HoldExpiryTime] <= GETDATE()
2026-05-25 15:06:05.800 +07:00 [INF] Executed DbCommand (1ms) [Parameters=[@__maxSellingDate_0='?' (DbType = DateTime2), @__now_1='?' (DbType = DateTime2)], CommandType='"Text"', CommandTimeout='30']
SELECT [s].[ShowtimeID], [s].[EndTime], [s].[MovieID], [s].[RoomID], [s].[ShowtimeCode], [s].[StartTime], [s].[Status]
FROM [Showtimes] AS [s]
WHERE [s].[Status] IN (N'Đã lên lịch', N'Sap chieu') AND CONVERT(date, [s].[StartTime]) <= @__maxSellingDate_0 AND [s].[StartTime] > @__now_1
2026-05-25 15:06:05.802 +07:00 [INF] Executed DbCommand (1ms) [Parameters=[@__now_0='?' (DbType = DateTime2)], CommandType='"Text"', CommandTimeout='30']
SELECT [s].[ShowtimeID], [s].[EndTime], [s].[MovieID], [s].[RoomID], [s].[ShowtimeCode], [s].[StartTime], [s].[Status]
FROM [Showtimes] AS [s]
WHERE [s].[Status] IN (N'Đã lên lịch', N'Đang mở bán', N'Sap chieu') AND [s].[StartTime] <= @__now_0 AND [s].[EndTime] > @__now_0
2026-05-25 15:06:05.803 +07:00 [INF] Executed DbCommand (1ms) [Parameters=[@__now_0='?' (DbType = DateTime2)], CommandType='"Text"', CommandTimeout='30']
SELECT [s].[ShowtimeID], [s].[EndTime], [s].[MovieID], [s].[RoomID], [s].[ShowtimeCode], [s].[StartTime], [s].[Status]
FROM [Showtimes] AS [s]
WHERE [s].[Status] IN (N'Đã lên lịch', N'Đang mở bán', N'Đang chiếu', N'Sap chieu', N'Dang dien ra') AND [s].[EndTime] <= @__now_0
2026-05-25 15:06:05.805 +07:00 [INF] Executed DbCommand (1ms) [Parameters=[@__today_0='?' (DbType = Date)], CommandType='"Text"', CommandTimeout='30']
SELECT [m].[MovieID], [m].[Actors], [m].[Description], [m].[Director], [m].[Duration], [m].[Genre], [m].[MovieCode], [m].[Poster], [m].[ReleaseDate], [m].[Status], [m].[Title], [m].[Trailer]
FROM [Movies] AS [m]
WHERE [m].[Status] = N'Sap chieu' AND [m].[ReleaseDate] <= @__today_0
2026-05-25 15:07:05.818 +07:00 [INF] Executed DbCommand (1ms) [Parameters=[], CommandType='"Text"', CommandTimeout='30']
SELECT [o].[OrderID], [o].[CheckInTime], [o].[FinalAmount], [o].[HoldExpiryTime], [o].[OrderCode], [o].[PayOSTransID], [o].[PromoID], [o].[QrCode], [o].[ShowtimeID], [o].[Status], [o].[TotalAmount], [o].[UserID]
FROM [Orders] AS [o]
WHERE [o].[Status] = N'Chờ thanh toán' AND [o].[HoldExpiryTime] <= GETDATE()
2026-05-25 15:07:05.819 +07:00 [INF] Executed DbCommand (1ms) [Parameters=[@__maxSellingDate_0='?' (DbType = DateTime2), @__now_1='?' (DbType = DateTime2)], CommandType='"Text"', CommandTimeout='30']
SELECT [s].[ShowtimeID], [s].[EndTime], [s].[MovieID], [s].[RoomID], [s].[ShowtimeCode], [s].[StartTime], [s].[Status]
FROM [Showtimes] AS [s]
WHERE [s].[Status] IN (N'Đã lên lịch', N'Sap chieu') AND CONVERT(date, [s].[StartTime]) <= @__maxSellingDate_0 AND [s].[StartTime] > @__now_1
2026-05-25 15:07:05.821 +07:00 [INF] Executed DbCommand (1ms) [Parameters=[@__now_0='?' (DbType = DateTime2)], CommandType='"Text"', CommandTimeout='30']
SELECT [s].[ShowtimeID], [s].[EndTime], [s].[MovieID], [s].[RoomID], [s].[ShowtimeCode], [s].[StartTime], [s].[Status]
FROM [Showtimes] AS [s]
WHERE [s].[Status] IN (N'Đã lên lịch', N'Đang mở bán', N'Sap chieu') AND [s].[StartTime] <= @__now_0 AND [s].[EndTime] > @__now_0
2026-05-25 15:07:05.823 +07:00 [INF] Executed DbCommand (2ms) [Parameters=[@__now_0='?' (DbType = DateTime2)], CommandType='"Text"', CommandTimeout='30']
SELECT [s].[ShowtimeID], [s].[EndTime], [s].[MovieID], [s].[RoomID], [s].[ShowtimeCode], [s].[StartTime], [s].[Status]
FROM [Showtimes] AS [s]
WHERE [s].[Status] IN (N'Đã lên lịch', N'Đang mở bán', N'Đang chiếu', N'Sap chieu', N'Dang dien ra') AND [s].[EndTime] <= @__now_0
2026-05-25 15:07:05.825 +07:00 [INF] Executed DbCommand (1ms) [Parameters=[@__today_0='?' (DbType = Date)], CommandType='"Text"', CommandTimeout='30']
SELECT [m].[MovieID], [m].[Actors], [m].[Description], [m].[Director], [m].[Duration], [m].[Genre], [m].[MovieCode], [m].[Poster], [m].[ReleaseDate], [m].[Status], [m].[Title], [m].[Trailer]
FROM [Movies] AS [m]
WHERE [m].[Status] = N'Sap chieu' AND [m].[ReleaseDate] <= @__today_0
2026-05-25 15:08:05.833 +07:00 [INF] Executed DbCommand (1ms) [Parameters=[], CommandType='"Text"', CommandTimeout='30']
SELECT [o].[OrderID], [o].[CheckInTime], [o].[FinalAmount], [o].[HoldExpiryTime], [o].[OrderCode], [o].[PayOSTransID], [o].[PromoID], [o].[QrCode], [o].[ShowtimeID], [o].[Status], [o].[TotalAmount], [o].[UserID]
FROM [Orders] AS [o]
WHERE [o].[Status] = N'Chờ thanh toán' AND [o].[HoldExpiryTime] <= GETDATE()
2026-05-25 15:08:05.835 +07:00 [INF] Executed DbCommand (1ms) [Parameters=[@__maxSellingDate_0='?' (DbType = DateTime2), @__now_1='?' (DbType = DateTime2)], CommandType='"Text"', CommandTimeout='30']
SELECT [s].[ShowtimeID], [s].[EndTime], [s].[MovieID], [s].[RoomID], [s].[ShowtimeCode], [s].[StartTime], [s].[Status]
FROM [Showtimes] AS [s]
WHERE [s].[Status] IN (N'Đã lên lịch', N'Sap chieu') AND CONVERT(date, [s].[StartTime]) <= @__maxSellingDate_0 AND [s].[StartTime] > @__now_1
2026-05-25 15:08:05.836 +07:00 [INF] Executed DbCommand (0ms) [Parameters=[@__now_0='?' (DbType = DateTime2)], CommandType='"Text"', CommandTimeout='30']
SELECT [s].[ShowtimeID], [s].[EndTime], [s].[MovieID], [s].[RoomID], [s].[ShowtimeCode], [s].[StartTime], [s].[Status]
FROM [Showtimes] AS [s]
WHERE [s].[Status] IN (N'Đã lên lịch', N'Đang mở bán', N'Sap chieu') AND [s].[StartTime] <= @__now_0 AND [s].[EndTime] > @__now_0
2026-05-25 15:08:05.837 +07:00 [INF] Executed DbCommand (1ms) [Parameters=[@__now_0='?' (DbType = DateTime2)], CommandType='"Text"', CommandTimeout='30']
SELECT [s].[ShowtimeID], [s].[EndTime], [s].[MovieID], [s].[RoomID], [s].[ShowtimeCode], [s].[StartTime], [s].[Status]
FROM [Showtimes] AS [s]
WHERE [s].[Status] IN (N'Đã lên lịch', N'Đang mở bán', N'Đang chiếu', N'Sap chieu', N'Dang dien ra') AND [s].[EndTime] <= @__now_0
2026-05-25 15:08:05.840 +07:00 [INF] Executed DbCommand (1ms) [Parameters=[@__today_0='?' (DbType = Date)], CommandType='"Text"', CommandTimeout='30']
SELECT [m].[MovieID], [m].[Actors], [m].[Description], [m].[Director], [m].[Duration], [m].[Genre], [m].[MovieCode], [m].[Poster], [m].[ReleaseDate], [m].[Status], [m].[Title], [m].[Trailer]
FROM [Movies] AS [m]
WHERE [m].[Status] = N'Sap chieu' AND [m].[ReleaseDate] <= @__today_0
2026-05-25 15:08:57.352 +07:00 [INF] Request starting HTTP/1.1 GET http://localhost:5231/Booking/AddServices?showtimeId=8073&seatIds=327 - null null
2026-05-25 15:08:57.354 +07:00 [INF] Executing endpoint 'AuraCinema.Web.Controllers.BookingController.AddServices (AuraCinema.Web)'
2026-05-25 15:08:57.362 +07:00 [INF] Route matched with {action = "AddServices", controller = "Booking", area = ""}. Executing controller action with signature System.Threading.Tasks.Task`1[Microsoft.AspNetCore.Mvc.IActionResult] AddServices(Int32, System.String) on controller AuraCinema.Web.Controllers.BookingController (AuraCinema.Web).
2026-05-25 15:08:57.390 +07:00 [INF] Executed DbCommand (2ms) [Parameters=[@__showtimeId_0='?' (DbType = Int32)], CommandType='"Text"', CommandTimeout='30']
SELECT TOP(1) [s].[ShowtimeID], [s].[EndTime], [s].[MovieID], [s].[RoomID], [s].[ShowtimeCode], [s].[StartTime], [s].[Status], [m].[MovieID], [m].[Actors], [m].[Description], [m].[Director], [m].[Duration], [m].[Genre], [m].[MovieCode], [m].[Poster], [m].[ReleaseDate], [m].[Status], [m].[Title], [m].[Trailer]
FROM [Showtimes] AS [s]
INNER JOIN [Movies] AS [m] ON [s].[MovieID] = [m].[MovieID]
WHERE [s].[ShowtimeID] = @__showtimeId_0
2026-05-25 15:08:57.402 +07:00 [INF] Executed DbCommand (6ms) [Parameters=[@__ids_0='?' (Size = 4000)], CommandType='"Text"', CommandTimeout='30']
SELECT [s].[SeatID], [s].[RoomID], [s].[RowLabel], [s].[SeatCode], [s].[SeatNumber], [s].[SeatType]
FROM [Seats] AS [s]
WHERE [s].[SeatID] IN (
    SELECT [i].[value]
    FROM OPENJSON(@__ids_0) WITH ([value] int '$') AS [i]
)
2026-05-25 15:08:57.409 +07:00 [INF] Executed DbCommand (1ms) [Parameters=[], CommandType='"Text"', CommandTimeout='30']
SELECT [s].[ServiceID], [s].[Image], [s].[Price], [s].[ServiceCode], [s].[ServiceName], [s].[Status]
FROM [Services] AS [s]
WHERE [s].[Status] = N'Hoat dong'
2026-05-25 15:08:57.424 +07:00 [INF] Executing ViewResult, running view AddServices.
2026-05-25 15:08:57.451 +07:00 [INF] Executed ViewResult - view AddServices executed in 27.1005ms.
2026-05-25 15:08:57.451 +07:00 [INF] Executed action AuraCinema.Web.Controllers.BookingController.AddServices (AuraCinema.Web) in 88.3301ms
2026-05-25 15:08:57.451 +07:00 [INF] Executed endpoint 'AuraCinema.Web.Controllers.BookingController.AddServices (AuraCinema.Web)'
2026-05-25 15:08:57.451 +07:00 [INF] Request finished HTTP/1.1 GET http://localhost:5231/Booking/AddServices?showtimeId=8073&seatIds=327 - 200 null text/html; charset=utf-8 98.9309ms
2026-05-25 15:08:57.493 +07:00 [INF] Request starting HTTP/1.1 GET http://localhost:5231/uploads/services/cf8348ec-a68d-45c5-aa81-6ef5be1ecc6b_69ef60b5b7556_1777295542.png - null null
2026-05-25 15:08:57.493 +07:00 [INF] The file /uploads/services/cf8348ec-a68d-45c5-aa81-6ef5be1ecc6b_69ef60b5b7556_1777295542.png was not modified
2026-05-25 15:08:57.493 +07:00 [INF] Request finished HTTP/1.1 GET http://localhost:5231/uploads/services/cf8348ec-a68d-45c5-aa81-6ef5be1ecc6b_69ef60b5b7556_1777295542.png - 304 null image/png 0.6526ms
2026-05-25 15:08:57.496 +07:00 [INF] Request starting HTTP/1.1 GET http://localhost:5231/uploads/services/59a52eda-0c1c-4d37-80c1-5f8387057f49_69f39a72611a4_1777572466.png - null null
2026-05-25 15:08:57.496 +07:00 [INF] The file /uploads/services/59a52eda-0c1c-4d37-80c1-5f8387057f49_69f39a72611a4_1777572466.png was not modified
2026-05-25 15:08:57.496 +07:00 [INF] Request finished HTTP/1.1 GET http://localhost:5231/uploads/services/59a52eda-0c1c-4d37-80c1-5f8387057f49_69f39a72611a4_1777572466.png - 304 null image/png 0.538ms
2026-05-25 15:08:57.499 +07:00 [INF] Request starting HTTP/1.1 GET http://localhost:5231/uploads/services/338348c1-4b86-44f7-84a2-08b669cdbd75_69f39cce45180_1777573070.png - null null
2026-05-25 15:08:57.500 +07:00 [INF] Request starting HTTP/1.1 GET http://localhost:5231/uploads/services/c75a5a28-b796-4eeb-8e34-97aa8d835125_69f39baf74edf_1777572783.png - null null
2026-05-25 15:08:57.500 +07:00 [INF] The file /uploads/services/338348c1-4b86-44f7-84a2-08b669cdbd75_69f39cce45180_1777573070.png was not modified
2026-05-25 15:08:57.500 +07:00 [INF] The file /uploads/services/c75a5a28-b796-4eeb-8e34-97aa8d835125_69f39baf74edf_1777572783.png was not modified
2026-05-25 15:08:57.500 +07:00 [INF] Request finished HTTP/1.1 GET http://localhost:5231/uploads/services/338348c1-4b86-44f7-84a2-08b669cdbd75_69f39cce45180_1777573070.png - 304 null image/png 0.4994ms
2026-05-25 15:08:57.500 +07:00 [INF] Request finished HTTP/1.1 GET http://localhost:5231/uploads/services/c75a5a28-b796-4eeb-8e34-97aa8d835125_69f39baf74edf_1777572783.png - 304 null image/png 0.4363ms
2026-05-25 15:09:05.858 +07:00 [INF] Executed DbCommand (1ms) [Parameters=[], CommandType='"Text"', CommandTimeout='30']
SELECT [o].[OrderID], [o].[CheckInTime], [o].[FinalAmount], [o].[HoldExpiryTime], [o].[OrderCode], [o].[PayOSTransID], [o].[PromoID], [o].[QrCode], [o].[ShowtimeID], [o].[Status], [o].[TotalAmount], [o].[UserID]
FROM [Orders] AS [o]
WHERE [o].[Status] = N'Chờ thanh toán' AND [o].[HoldExpiryTime] <= GETDATE()
2026-05-25 15:09:05.861 +07:00 [INF] Executed DbCommand (1ms) [Parameters=[@__maxSellingDate_0='?' (DbType = DateTime2), @__now_1='?' (DbType = DateTime2)], CommandType='"Text"', CommandTimeout='30']
SELECT [s].[ShowtimeID], [s].[EndTime], [s].[MovieID], [s].[RoomID], [s].[ShowtimeCode], [s].[StartTime], [s].[Status]
FROM [Showtimes] AS [s]
WHERE [s].[Status] IN (N'Đã lên lịch', N'Sap chieu') AND CONVERT(date, [s].[StartTime]) <= @__maxSellingDate_0 AND [s].[StartTime] > @__now_1
2026-05-25 15:09:05.863 +07:00 [INF] Executed DbCommand (1ms) [Parameters=[@__now_0='?' (DbType = DateTime2)], CommandType='"Text"', CommandTimeout='30']
SELECT [s].[ShowtimeID], [s].[EndTime], [s].[MovieID], [s].[RoomID], [s].[ShowtimeCode], [s].[StartTime], [s].[Status]
FROM [Showtimes] AS [s]
WHERE [s].[Status] IN (N'Đã lên lịch', N'Đang mở bán', N'Sap chieu') AND [s].[StartTime] <= @__now_0 AND [s].[EndTime] > @__now_0
2026-05-25 15:09:05.864 +07:00 [INF] Executed DbCommand (1ms) [Parameters=[@__now_0='?' (DbType = DateTime2)], CommandType='"Text"', CommandTimeout='30']
SELECT [s].[ShowtimeID], [s].[EndTime], [s].[MovieID], [s].[RoomID], [s].[ShowtimeCode], [s].[StartTime], [s].[Status]
FROM [Showtimes] AS [s]
WHERE [s].[Status] IN (N'Đã lên lịch', N'Đang mở bán', N'Đang chiếu', N'Sap chieu', N'Dang dien ra') AND [s].[EndTime] <= @__now_0
2026-05-25 15:09:05.866 +07:00 [INF] Executed DbCommand (1ms) [Parameters=[@__today_0='?' (DbType = Date)], CommandType='"Text"', CommandTimeout='30']
SELECT [m].[MovieID], [m].[Actors], [m].[Description], [m].[Director], [m].[Duration], [m].[Genre], [m].[MovieCode], [m].[Poster], [m].[ReleaseDate], [m].[Status], [m].[Title], [m].[Trailer]
FROM [Movies] AS [m]
WHERE [m].[Status] = N'Sap chieu' AND [m].[ReleaseDate] <= @__today_0
2026-05-25 15:10:05.887 +07:00 [INF] Executed DbCommand (1ms) [Parameters=[], CommandType='"Text"', CommandTimeout='30']
SELECT [o].[OrderID], [o].[CheckInTime], [o].[FinalAmount], [o].[HoldExpiryTime], [o].[OrderCode], [o].[PayOSTransID], [o].[PromoID], [o].[QrCode], [o].[ShowtimeID], [o].[Status], [o].[TotalAmount], [o].[UserID]
FROM [Orders] AS [o]
WHERE [o].[Status] = N'Chờ thanh toán' AND [o].[HoldExpiryTime] <= GETDATE()
2026-05-25 15:10:05.890 +07:00 [INF] Executed DbCommand (1ms) [Parameters=[@__maxSellingDate_0='?' (DbType = DateTime2), @__now_1='?' (DbType = DateTime2)], CommandType='"Text"', CommandTimeout='30']
SELECT [s].[ShowtimeID], [s].[EndTime], [s].[MovieID], [s].[RoomID], [s].[ShowtimeCode], [s].[StartTime], [s].[Status]
FROM [Showtimes] AS [s]
WHERE [s].[Status] IN (N'Đã lên lịch', N'Sap chieu') AND CONVERT(date, [s].[StartTime]) <= @__maxSellingDate_0 AND [s].[StartTime] > @__now_1
2026-05-25 15:10:05.891 +07:00 [INF] Executed DbCommand (1ms) [Parameters=[@__now_0='?' (DbType = DateTime2)], CommandType='"Text"', CommandTimeout='30']
SELECT [s].[ShowtimeID], [s].[EndTime], [s].[MovieID], [s].[RoomID], [s].[ShowtimeCode], [s].[StartTime], [s].[Status]
FROM [Showtimes] AS [s]
WHERE [s].[Status] IN (N'Đã lên lịch', N'Đang mở bán', N'Sap chieu') AND [s].[StartTime] <= @__now_0 AND [s].[EndTime] > @__now_0
2026-05-25 15:10:05.893 +07:00 [INF] Executed DbCommand (1ms) [Parameters=[@__now_0='?' (DbType = DateTime2)], CommandType='"Text"', CommandTimeout='30']
SELECT [s].[ShowtimeID], [s].[EndTime], [s].[MovieID], [s].[RoomID], [s].[ShowtimeCode], [s].[StartTime], [s].[Status]
FROM [Showtimes] AS [s]
WHERE [s].[Status] IN (N'Đã lên lịch', N'Đang mở bán', N'Đang chiếu', N'Sap chieu', N'Dang dien ra') AND [s].[EndTime] <= @__now_0
2026-05-25 15:10:05.895 +07:00 [INF] Executed DbCommand (1ms) [Parameters=[@__today_0='?' (DbType = Date)], CommandType='"Text"', CommandTimeout='30']
SELECT [m].[MovieID], [m].[Actors], [m].[Description], [m].[Director], [m].[Duration], [m].[Genre], [m].[MovieCode], [m].[Poster], [m].[ReleaseDate], [m].[Status], [m].[Title], [m].[Trailer]
FROM [Movies] AS [m]
WHERE [m].[Status] = N'Sap chieu' AND [m].[ReleaseDate] <= @__today_0
2026-05-25 15:10:58.846 +07:00 [INF] Request starting HTTP/1.1 POST http://localhost:5231/Booking/ConfirmBooking - application/json 49
2026-05-25 15:10:58.846 +07:00 [INF] Executing endpoint 'AuraCinema.Web.Controllers.BookingController.ConfirmBooking (AuraCinema.Web)'
2026-05-25 15:10:58.853 +07:00 [INF] Route matched with {action = "ConfirmBooking", controller = "Booking", area = ""}. Executing controller action with signature System.Threading.Tasks.Task`1[Microsoft.AspNetCore.Mvc.IActionResult] ConfirmBooking(AuraCinema.Web.ViewModels.Booking.ConfirmBookingRequest) on controller AuraCinema.Web.Controllers.BookingController (AuraCinema.Web).
2026-05-25 15:10:58.889 +07:00 [INF] Executed DbCommand (1ms) [Parameters=[@__showtimeId_0='?' (DbType = Int32)], CommandType='"Text"', CommandTimeout='30']
SELECT TOP(1) [s].[ShowtimeID], [s].[EndTime], [s].[MovieID], [s].[RoomID], [s].[ShowtimeCode], [s].[StartTime], [s].[Status], [m].[MovieID], [m].[Actors], [m].[Description], [m].[Director], [m].[Duration], [m].[Genre], [m].[MovieCode], [m].[Poster], [m].[ReleaseDate], [m].[Status], [m].[Title], [m].[Trailer], [r].[RoomID], [r].[Capacity], [r].[RoomCode], [r].[RoomName], [r].[Status]
FROM [Showtimes] AS [s]
INNER JOIN [Movies] AS [m] ON [s].[MovieID] = [m].[MovieID]
INNER JOIN [Rooms] AS [r] ON [s].[RoomID] = [r].[RoomID]
WHERE [s].[ShowtimeID] = @__showtimeId_0
2026-05-25 15:10:58.891 +07:00 [INF] Executed DbCommand (1ms) [Parameters=[@__showtime_RoomID_0='?' (DbType = Int32)], CommandType='"Text"', CommandTimeout='30']
SELECT [s].[SeatID], [s].[RoomID], [s].[RowLabel], [s].[SeatCode], [s].[SeatNumber], [s].[SeatType]
FROM [Seats] AS [s]
WHERE [s].[RoomID] = @__showtime_RoomID_0
ORDER BY [s].[RowLabel], [s].[SeatNumber]
2026-05-25 15:10:58.893 +07:00 [INF] Executed DbCommand (1ms) [Parameters=[@__showtimeId_0='?' (DbType = Int32)], CommandType='"Text"', CommandTimeout='30']
SELECT [o].[OrderID], [o].[SeatID], [o].[Price], [o].[Status], [o0].[OrderID], [o0].[CheckInTime], [o0].[FinalAmount], [o0].[HoldExpiryTime], [o0].[OrderCode], [o0].[PayOSTransID], [o0].[PromoID], [o0].[QrCode], [o0].[ShowtimeID], [o0].[Status], [o0].[TotalAmount], [o0].[UserID]
FROM [OrderSeats] AS [o]
INNER JOIN [Orders] AS [o0] ON [o].[OrderID] = [o0].[OrderID]
WHERE [o0].[ShowtimeID] = @__showtimeId_0 AND ([o0].[Status] = N'Đã thanh toán' OR ([o0].[Status] = N'Chờ thanh toán' AND [o0].[HoldExpiryTime] > GETDATE()))
2026-05-25 15:10:58.905 +07:00 [INF] Executed DbCommand (4ms) [Parameters=[@__seatIds_0='?' (Size = 4000)], CommandType='"Text"', CommandTimeout='30']
SELECT [s].[SeatID], [s].[RoomID], [s].[RowLabel], [s].[SeatCode], [s].[SeatNumber], [s].[SeatType]
FROM [Seats] AS [s]
WHERE [s].[SeatID] IN (
    SELECT [s0].[value]
    FROM OPENJSON(@__seatIds_0) WITH ([value] int '$') AS [s0]
)
2026-05-25 15:10:58.914 +07:00 [INF] Executed DbCommand (3ms) [Parameters=[@__svcIds_0='?' (Size = 4000)], CommandType='"Text"', CommandTimeout='30']
SELECT [s].[ServiceID], [s].[Image], [s].[Price], [s].[ServiceCode], [s].[ServiceName], [s].[Status]
FROM [Services] AS [s]
WHERE [s].[ServiceID] IN (
    SELECT [s0].[value]
    FROM OPENJSON(@__svcIds_0) WITH ([value] int '$') AS [s0]
)
2026-05-25 15:10:58.914 +07:00 [INF] Executed DbCommand (0ms) [Parameters=[], CommandType='"Text"', CommandTimeout='30']
SELECT [p].[ConfigID], [p].[ConfigCode], [p].[ConfigName], [p].[ConfigType], [p].[EffectiveDate], [p].[SurchargeAmount]
FROM [PriceConfigs] AS [p]
2026-05-25 15:10:59.024 +07:00 [WRN] Savepoints are disabled because Multiple Active Result Sets (MARS) is enabled. If 'SaveChanges' fails, then the transaction cannot be automatically rolled back to a known clean state. Instead, the transaction should be rolled back by the application before retrying 'SaveChanges'. See https://go.microsoft.com/fwlink/?linkid=2149338 for more information and examples. To identify the code which triggers this warning, call 'ConfigureWarnings(w => w.Throw(SqlServerEventId.SavepointsDisabledBecauseOfMARS))'.
2026-05-25 15:10:59.030 +07:00 [INF] Executed DbCommand (6ms) [Parameters=[@p0='?' (DbType = DateTime2), @p1='?' (DbType = Int32), @p2='?' (DbType = DateTime2), @p3='?' (Size = 4000), @p4='?' (Size = 4000), @p5='?' (DbType = Int32), @p6='?' (Size = 4000), @p7='?' (DbType = Int32), @p8='?' (Size = 50), @p9='?' (DbType = Int32), @p10='?' (DbType = Int32)], CommandType='"Text"', CommandTimeout='30']
SET IMPLICIT_TRANSACTIONS OFF;
SET NOCOUNT ON;
INSERT INTO [Orders] ([CheckInTime], [FinalAmount], [HoldExpiryTime], [OrderCode], [PayOSTransID], [PromoID], [QrCode], [ShowtimeID], [Status], [TotalAmount], [UserID])
OUTPUT INSERTED.[OrderID]
VALUES (@p0, @p1, @p2, @p3, @p4, @p5, @p6, @p7, @p8, @p9, @p10);
2026-05-25 15:10:59.060 +07:00 [INF] Executed DbCommand (1ms) [Parameters=[@__seatIds_0='?' (Size = 4000)], CommandType='"Text"', CommandTimeout='30']
SELECT [s].[SeatID], [s].[RoomID], [s].[RowLabel], [s].[SeatCode], [s].[SeatNumber], [s].[SeatType]
FROM [Seats] AS [s]
WHERE [s].[SeatID] IN (
    SELECT [s0].[value]
    FROM OPENJSON(@__seatIds_0) WITH ([value] int '$') AS [s0]
)
2026-05-25 15:10:59.061 +07:00 [INF] Executed DbCommand (0ms) [Parameters=[], CommandType='"Text"', CommandTimeout='30']
SELECT [p].[ConfigID], [p].[ConfigCode], [p].[ConfigName], [p].[ConfigType], [p].[EffectiveDate], [p].[SurchargeAmount]
FROM [PriceConfigs] AS [p]
2026-05-25 15:10:59.088 +07:00 [INF] Executed DbCommand (1ms) [Parameters=[@__svcIds_0='?' (Size = 4000)], CommandType='"Text"', CommandTimeout='30']
SELECT [s].[ServiceID], [s].[Image], [s].[Price], [s].[ServiceCode], [s].[ServiceName], [s].[Status]
FROM [Services] AS [s]
WHERE [s].[ServiceID] IN (
    SELECT [s0].[value]
    FROM OPENJSON(@__svcIds_0) WITH ([value] int '$') AS [s0]
)
2026-05-25 15:10:59.094 +07:00 [WRN] Savepoints are disabled because Multiple Active Result Sets (MARS) is enabled. If 'SaveChanges' fails, then the transaction cannot be automatically rolled back to a known clean state. Instead, the transaction should be rolled back by the application before retrying 'SaveChanges'. See https://go.microsoft.com/fwlink/?linkid=2149338 for more information and examples. To identify the code which triggers this warning, call 'ConfigureWarnings(w => w.Throw(SqlServerEventId.SavepointsDisabledBecauseOfMARS))'.
2026-05-25 15:10:59.096 +07:00 [INF] Executed DbCommand (2ms) [Parameters=[@p0='?' (DbType = Int32), @p1='?' (DbType = Int32), @p2='?' (DbType = Int32), @p3='?' (Size = 20)], CommandType='"Text"', CommandTimeout='30']
SET IMPLICIT_TRANSACTIONS OFF;
SET NOCOUNT ON;
INSERT INTO [OrderSeats] ([OrderID], [SeatID], [Price], [Status])
VALUES (@p0, @p1, @p2, @p3);
2026-05-25 15:10:59.104 +07:00 [INF] Executing OkObjectResult, writing value of type '<>f__AnonymousType13`2[[System.Boolean, System.Private.CoreLib, Version=9.0.0.0, Culture=neutral, PublicKeyToken=7cec85d7bea7798e],[System.String, System.Private.CoreLib, Version=9.0.0.0, Culture=neutral, PublicKeyToken=7cec85d7bea7798e]]'.
2026-05-25 15:10:59.114 +07:00 [INF] Executed action AuraCinema.Web.Controllers.BookingController.ConfirmBooking (AuraCinema.Web) in 260.6929ms
2026-05-25 15:10:59.114 +07:00 [INF] Executed endpoint 'AuraCinema.Web.Controllers.BookingController.ConfirmBooking (AuraCinema.Web)'
2026-05-25 15:10:59.114 +07:00 [INF] Request finished HTTP/1.1 POST http://localhost:5231/Booking/ConfirmBooking - 200 null application/json; charset=utf-8 268.5935ms
2026-05-25 15:10:59.128 +07:00 [INF] Request starting HTTP/1.1 GET http://localhost:5231/Booking/Checkout?orderId=15052 - null null
2026-05-25 15:10:59.129 +07:00 [INF] Executing endpoint 'AuraCinema.Web.Controllers.BookingController.Checkout (AuraCinema.Web)'
2026-05-25 15:10:59.136 +07:00 [INF] Route matched with {action = "Checkout", controller = "Booking", area = ""}. Executing controller action with signature System.Threading.Tasks.Task`1[Microsoft.AspNetCore.Mvc.IActionResult] Checkout(Int32, System.Nullable`1[System.Int32]) on controller AuraCinema.Web.Controllers.BookingController (AuraCinema.Web).
2026-05-25 15:10:59.204 +07:00 [WRN] Compiling a query which loads related collections for more than one collection navigation, either via 'Include' or through projection, but no 'QuerySplittingBehavior' has been configured. By default, Entity Framework will use 'QuerySplittingBehavior.SingleQuery', which can potentially result in slow query performance. See https://go.microsoft.com/fwlink/?linkid=2134277 for more information. To identify the query that's triggering this warning call 'ConfigureWarnings(w => w.Throw(RelationalEventId.MultipleCollectionIncludeWarning))'.
2026-05-25 15:10:59.233 +07:00 [INF] Executed DbCommand (16ms) [Parameters=[@__id_0='?' (DbType = Int32)], CommandType='"Text"', CommandTimeout='30']
SELECT [t].[OrderID], [t].[CheckInTime], [t].[FinalAmount], [t].[HoldExpiryTime], [t].[OrderCode], [t].[PayOSTransID], [t].[PromoID], [t].[QrCode], [t].[ShowtimeID], [t].[Status], [t].[TotalAmount], [t].[UserID], [t].[UserID0], [t].[Email], [t].[FullName], [t].[OtpCode], [t].[OtpExpiry], [t].[Password], [t].[Phone], [t].[Role], [t].[Status0], [t].[UserCode], [t].[ShowtimeID0], [t].[EndTime], [t].[MovieID], [t].[RoomID], [t].[ShowtimeCode], [t].[StartTime], [t].[Status1], [t].[MovieID0], [t].[Actors], [t].[Description], [t].[Director], [t].[Duration], [t].[Genre], [t].[MovieCode], [t].[Poster], [t].[ReleaseDate], [t].[Status2], [t].[Title], [t].[Trailer], [t].[RoomID0], [t].[Capacity], [t].[RoomCode], [t].[RoomName], [t].[Status3], [t].[PromoID0], [t].[Condition], [t].[DiscountValue], [t].[EndDate], [t].[MinAmount], [t].[PromoCode], [t].[StartDate], [t].[Status4], [t].[Title0], [t0].[OrderID], [t0].[SeatID], [t0].[Price], [t0].[Status], [t0].[SeatID0], [t0].[RoomID], [t0].[RowLabel], [t0].[SeatCode], [t0].[SeatNumber], [t0].[SeatType], [t1].[OrderID], [t1].[ServiceID], [t1].[Price], [t1].[Quantity], [t1].[ServiceID0], [t1].[Image], [t1].[Price0], [t1].[ServiceCode], [t1].[ServiceName], [t1].[Status]
FROM (
    SELECT TOP(1) [o].[OrderID], [o].[CheckInTime], [o].[FinalAmount], [o].[HoldExpiryTime], [o].[OrderCode], [o].[PayOSTransID], [o].[PromoID], [o].[QrCode], [o].[ShowtimeID], [o].[Status], [o].[TotalAmount], [o].[UserID], [u].[UserID] AS [UserID0], [u].[Email], [u].[FullName], [u].[OtpCode], [u].[OtpExpiry], [u].[Password], [u].[Phone], [u].[Role], [u].[Status] AS [Status0], [u].[UserCode], [s].[ShowtimeID] AS [ShowtimeID0], [s].[EndTime], [s].[MovieID], [s].[RoomID], [s].[ShowtimeCode], [s].[StartTime], [s].[Status] AS [Status1], [m].[MovieID] AS [MovieID0], [m].[Actors], [m].[Description], [m].[Director], [m].[Duration], [m].[Genre], [m].[MovieCode], [m].[Poster], [m].[ReleaseDate], [m].[Status] AS [Status2], [m].[Title], [m].[Trailer], [r].[RoomID] AS [RoomID0], [r].[Capacity], [r].[RoomCode], [r].[RoomName], [r].[Status] AS [Status3], [p].[PromoID] AS [PromoID0], [p].[Condition], [p].[DiscountValue], [p].[EndDate], [p].[MinAmount], [p].[PromoCode], [p].[StartDate], [p].[Status] AS [Status4], [p].[Title] AS [Title0]
    FROM [Orders] AS [o]
    INNER JOIN [Users] AS [u] ON [o].[UserID] = [u].[UserID]
    INNER JOIN [Showtimes] AS [s] ON [o].[ShowtimeID] = [s].[ShowtimeID]
    INNER JOIN [Movies] AS [m] ON [s].[MovieID] = [m].[MovieID]
    INNER JOIN [Rooms] AS [r] ON [s].[RoomID] = [r].[RoomID]
    LEFT JOIN [Promotions] AS [p] ON [o].[PromoID] = [p].[PromoID]
    WHERE [o].[OrderID] = @__id_0
) AS [t]
LEFT JOIN (
    SELECT [o0].[OrderID], [o0].[SeatID], [o0].[Price], [o0].[Status], [s0].[SeatID] AS [SeatID0], [s0].[RoomID], [s0].[RowLabel], [s0].[SeatCode], [s0].[SeatNumber], [s0].[SeatType]
    FROM [OrderSeats] AS [o0]
    INNER JOIN [Seats] AS [s0] ON [o0].[SeatID] = [s0].[SeatID]
) AS [t0] ON [t].[OrderID] = [t0].[OrderID]
LEFT JOIN (
    SELECT [o1].[OrderID], [o1].[ServiceID], [o1].[Price], [o1].[Quantity], [s1].[ServiceID] AS [ServiceID0], [s1].[Image], [s1].[Price] AS [Price0], [s1].[ServiceCode], [s1].[ServiceName], [s1].[Status]
    FROM [OrderServices] AS [o1]
    INNER JOIN [Services] AS [s1] ON [o1].[ServiceID] = [s1].[ServiceID]
) AS [t1] ON [t].[OrderID] = [t1].[OrderID]
ORDER BY [t].[OrderID], [t].[UserID0], [t].[ShowtimeID0], [t].[MovieID0], [t].[RoomID0], [t].[PromoID0], [t0].[OrderID], [t0].[SeatID], [t0].[SeatID0], [t1].[OrderID], [t1].[ServiceID]
2026-05-25 15:10:59.274 +07:00 [INF] Executed DbCommand (10ms) [Parameters=[@__totalAmount_0='?' (DbType = Int32)], CommandType='"Text"', CommandTimeout='30']
SELECT [p].[PromoID], [p].[Condition], [p].[DiscountValue], [p].[EndDate], [p].[MinAmount], [p].[PromoCode], [p].[StartDate], [p].[Status], [p].[Title]
FROM [Promotions] AS [p]
WHERE [p].[Status] = N'Hoat dong' AND [p].[StartDate] <= GETDATE() AND [p].[EndDate] >= GETDATE() AND [p].[MinAmount] <= @__totalAmount_0
ORDER BY [p].[DiscountValue] DESC
2026-05-25 15:10:59.294 +07:00 [INF] Executing ViewResult, running view Checkout.
2026-05-25 15:10:59.358 +07:00 [INF] Executed ViewResult - view Checkout executed in 64.7392ms.
2026-05-25 15:10:59.358 +07:00 [INF] Executed action AuraCinema.Web.Controllers.BookingController.Checkout (AuraCinema.Web) in 221.8424ms
2026-05-25 15:10:59.358 +07:00 [INF] Executed endpoint 'AuraCinema.Web.Controllers.BookingController.Checkout (AuraCinema.Web)'
2026-05-25 15:10:59.358 +07:00 [INF] Request finished HTTP/1.1 GET http://localhost:5231/Booking/Checkout?orderId=15052 - 200 null text/html; charset=utf-8 229.9272ms
2026-05-25 15:11:05.917 +07:00 [INF] Executed DbCommand (1ms) [Parameters=[], CommandType='"Text"', CommandTimeout='30']
SELECT [o].[OrderID], [o].[CheckInTime], [o].[FinalAmount], [o].[HoldExpiryTime], [o].[OrderCode], [o].[PayOSTransID], [o].[PromoID], [o].[QrCode], [o].[ShowtimeID], [o].[Status], [o].[TotalAmount], [o].[UserID]
FROM [Orders] AS [o]
WHERE [o].[Status] = N'Chờ thanh toán' AND [o].[HoldExpiryTime] <= GETDATE()
2026-05-25 15:11:05.919 +07:00 [INF] Executed DbCommand (1ms) [Parameters=[@__maxSellingDate_0='?' (DbType = DateTime2), @__now_1='?' (DbType = DateTime2)], CommandType='"Text"', CommandTimeout='30']
SELECT [s].[ShowtimeID], [s].[EndTime], [s].[MovieID], [s].[RoomID], [s].[ShowtimeCode], [s].[StartTime], [s].[Status]
FROM [Showtimes] AS [s]
WHERE [s].[Status] IN (N'Đã lên lịch', N'Sap chieu') AND CONVERT(date, [s].[StartTime]) <= @__maxSellingDate_0 AND [s].[StartTime] > @__now_1
2026-05-25 15:11:05.920 +07:00 [INF] Executed DbCommand (1ms) [Parameters=[@__now_0='?' (DbType = DateTime2)], CommandType='"Text"', CommandTimeout='30']
SELECT [s].[ShowtimeID], [s].[EndTime], [s].[MovieID], [s].[RoomID], [s].[ShowtimeCode], [s].[StartTime], [s].[Status]
FROM [Showtimes] AS [s]
WHERE [s].[Status] IN (N'Đã lên lịch', N'Đang mở bán', N'Sap chieu') AND [s].[StartTime] <= @__now_0 AND [s].[EndTime] > @__now_0
2026-05-25 15:11:05.921 +07:00 [INF] Executed DbCommand (1ms) [Parameters=[@__now_0='?' (DbType = DateTime2)], CommandType='"Text"', CommandTimeout='30']
SELECT [s].[ShowtimeID], [s].[EndTime], [s].[MovieID], [s].[RoomID], [s].[ShowtimeCode], [s].[StartTime], [s].[Status]
FROM [Showtimes] AS [s]
WHERE [s].[Status] IN (N'Đã lên lịch', N'Đang mở bán', N'Đang chiếu', N'Sap chieu', N'Dang dien ra') AND [s].[EndTime] <= @__now_0
2026-05-25 15:11:05.923 +07:00 [INF] Executed DbCommand (1ms) [Parameters=[@__today_0='?' (DbType = Date)], CommandType='"Text"', CommandTimeout='30']
SELECT [m].[MovieID], [m].[Actors], [m].[Description], [m].[Director], [m].[Duration], [m].[Genre], [m].[MovieCode], [m].[Poster], [m].[ReleaseDate], [m].[Status], [m].[Title], [m].[Trailer]
FROM [Movies] AS [m]
WHERE [m].[Status] = N'Sap chieu' AND [m].[ReleaseDate] <= @__today_0
2026-05-25 15:11:07.206 +07:00 [INF] Request starting HTTP/1.1 GET http://localhost:5231/ - null null
2026-05-25 15:11:07.206 +07:00 [INF] Executing endpoint 'AuraCinema.Web.Controllers.HomeController.Index (AuraCinema.Web)'
2026-05-25 15:11:07.206 +07:00 [INF] Route matched with {action = "Index", controller = "Home", area = ""}. Executing controller action with signature System.Threading.Tasks.Task`1[Microsoft.AspNetCore.Mvc.IActionResult] Index() on controller AuraCinema.Web.Controllers.HomeController (AuraCinema.Web).
2026-05-25 15:11:07.209 +07:00 [INF] Executed DbCommand (1ms) [Parameters=[], CommandType='"Text"', CommandTimeout='30']
SELECT [m].[MovieID], [m].[Title], [m].[Genre], [m].[Poster], [m].[Duration], [m].[Status], [m].[ReleaseDate], [m].[Director]
FROM [Movies] AS [m]
WHERE [m].[Status] IN (N'Dang chieu', N'Sap chieu')
ORDER BY [m].[ReleaseDate] DESC
2026-05-25 15:11:07.245 +07:00 [INF] Executed DbCommand (10ms) [Parameters=[@__p_1='?' (DbType = Int32), @__userId_0='?' (DbType = Int32)], CommandType='"Text"', CommandTimeout='30']
SELECT [t].[OrderID], [t].[CheckInTime], [t].[FinalAmount], [t].[HoldExpiryTime], [t].[OrderCode], [t].[PayOSTransID], [t].[PromoID], [t].[QrCode], [t].[ShowtimeID], [t].[Status], [t].[TotalAmount], [t].[UserID], [s].[ShowtimeID], [s].[EndTime], [s].[MovieID], [s].[RoomID], [s].[ShowtimeCode], [s].[StartTime], [s].[Status], [m].[MovieID], [m].[Actors], [m].[Description], [m].[Director], [m].[Duration], [m].[Genre], [m].[MovieCode], [m].[Poster], [m].[ReleaseDate], [m].[Status], [m].[Title], [m].[Trailer], [r].[RoomID], [r].[Capacity], [r].[RoomCode], [r].[RoomName], [r].[Status], [t0].[OrderID], [t0].[SeatID], [t0].[Price], [t0].[Status], [t0].[SeatID0], [t0].[RoomID], [t0].[RowLabel], [t0].[SeatCode], [t0].[SeatNumber], [t0].[SeatType]
FROM (
    SELECT TOP(@__p_1) [o].[OrderID], [o].[CheckInTime], [o].[FinalAmount], [o].[HoldExpiryTime], [o].[OrderCode], [o].[PayOSTransID], [o].[PromoID], [o].[QrCode], [o].[ShowtimeID], [o].[Status], [o].[TotalAmount], [o].[UserID]
    FROM [Orders] AS [o]
    WHERE [o].[UserID] = @__userId_0 AND [o].[Status] IN (N'Da thanh toan', N'Da su dung', N'Đã thanh toán', N'Đã sử dụng')
    ORDER BY [o].[OrderID] DESC
) AS [t]
INNER JOIN [Showtimes] AS [s] ON [t].[ShowtimeID] = [s].[ShowtimeID]
INNER JOIN [Movies] AS [m] ON [s].[MovieID] = [m].[MovieID]
INNER JOIN [Rooms] AS [r] ON [s].[RoomID] = [r].[RoomID]
LEFT JOIN (
    SELECT [o0].[OrderID], [o0].[SeatID], [o0].[Price], [o0].[Status], [s0].[SeatID] AS [SeatID0], [s0].[RoomID], [s0].[RowLabel], [s0].[SeatCode], [s0].[SeatNumber], [s0].[SeatType]
    FROM [OrderSeats] AS [o0]
    INNER JOIN [Seats] AS [s0] ON [o0].[SeatID] = [s0].[SeatID]
) AS [t0] ON [t].[OrderID] = [t0].[OrderID]
ORDER BY [t].[OrderID] DESC, [s].[ShowtimeID], [m].[MovieID], [r].[RoomID], [t0].[OrderID], [t0].[SeatID]
2026-05-25 15:11:07.249 +07:00 [INF] Executing ViewResult, running view Index.
2026-05-25 15:11:07.253 +07:00 [INF] Executed ViewResult - view Index executed in 4.1426ms.
2026-05-25 15:11:07.253 +07:00 [INF] Executed action AuraCinema.Web.Controllers.HomeController.Index (AuraCinema.Web) in 46.2616ms
2026-05-25 15:11:07.253 +07:00 [INF] Executed endpoint 'AuraCinema.Web.Controllers.HomeController.Index (AuraCinema.Web)'
2026-05-25 15:11:07.253 +07:00 [INF] Request finished HTTP/1.1 GET http://localhost:5231/ - 200 null text/html; charset=utf-8 47.3156ms
2026-05-25 15:11:09.738 +07:00 [INF] Request starting HTTP/1.1 GET http://localhost:5231/Movies/Details/1 - null null
2026-05-25 15:11:09.739 +07:00 [INF] Executing endpoint 'AuraCinema.Web.Controllers.MoviesController.Details (AuraCinema.Web)'
2026-05-25 15:11:09.739 +07:00 [INF] Route matched with {action = "Details", controller = "Movies", area = ""}. Executing controller action with signature System.Threading.Tasks.Task`1[Microsoft.AspNetCore.Mvc.IActionResult] Details(Int32) on controller AuraCinema.Web.Controllers.MoviesController (AuraCinema.Web).
2026-05-25 15:11:09.742 +07:00 [INF] Executed DbCommand (1ms) [Parameters=[@__p_0='?' (DbType = Int32)], CommandType='"Text"', CommandTimeout='30']
SELECT TOP(1) [m].[MovieID], [m].[Actors], [m].[Description], [m].[Director], [m].[Duration], [m].[Genre], [m].[MovieCode], [m].[Poster], [m].[ReleaseDate], [m].[Status], [m].[Title], [m].[Trailer]
FROM [Movies] AS [m]
WHERE [m].[MovieID] = @__p_0
2026-05-25 15:11:09.743 +07:00 [INF] Executed DbCommand (1ms) [Parameters=[@__id_0='?' (DbType = Int32), @__now_1='?' (DbType = DateTime2), @__maxDate_2='?' (DbType = DateTime2)], CommandType='"Text"', CommandTimeout='30']
SELECT [s].[ShowtimeID], [s].[EndTime], [s].[MovieID], [s].[RoomID], [s].[ShowtimeCode], [s].[StartTime], [s].[Status], [r].[RoomID], [r].[Capacity], [r].[RoomCode], [r].[RoomName], [r].[Status]
FROM [Showtimes] AS [s]
INNER JOIN [Rooms] AS [r] ON [s].[RoomID] = [r].[RoomID]
WHERE [s].[MovieID] = @__id_0 AND [s].[Status] = N'Đang mở bán' AND [s].[StartTime] >= @__now_1 AND [s].[StartTime] < @__maxDate_2
ORDER BY [s].[StartTime]
2026-05-25 15:11:09.746 +07:00 [INF] Executed DbCommand (1ms) [Parameters=[@__showtimeIds_0='?' (Size = 4000)], CommandType='"Text"', CommandTimeout='30']
SELECT [o1].[ShowtimeID], COUNT(*) AS [Sold]
FROM [Orders] AS [o]
INNER JOIN [OrderSeats] AS [o0] ON [o].[OrderID] = [o0].[OrderID]
INNER JOIN [Orders] AS [o1] ON [o0].[OrderID] = [o1].[OrderID]
WHERE [o].[ShowtimeID] IN (
    SELECT [s].[value]
    FROM OPENJSON(@__showtimeIds_0) WITH ([value] int '$') AS [s]
) AND ([o].[Status] = N'Đã thanh toán' OR ([o].[Status] = N'Chờ thanh toán' AND [o].[HoldExpiryTime] > GETDATE()))
GROUP BY [o1].[ShowtimeID]
2026-05-25 15:11:09.748 +07:00 [INF] Executing ViewResult, running view Details.
2026-05-25 15:11:09.750 +07:00 [INF] Executed ViewResult - view Details executed in 2.0596ms.
2026-05-25 15:11:09.750 +07:00 [INF] Executed action AuraCinema.Web.Controllers.MoviesController.Details (AuraCinema.Web) in 10.688ms
2026-05-25 15:11:09.750 +07:00 [INF] Executed endpoint 'AuraCinema.Web.Controllers.MoviesController.Details (AuraCinema.Web)'
2026-05-25 15:11:09.750 +07:00 [INF] Request finished HTTP/1.1 GET http://localhost:5231/Movies/Details/1 - 200 null text/html; charset=utf-8 11.7801ms
2026-05-25 15:11:17.890 +07:00 [INF] Request starting HTTP/1.1 GET http://localhost:5231/Booking/SelectSeats?showtimeId=8095 - null null
2026-05-25 15:11:17.890 +07:00 [INF] Executing endpoint 'AuraCinema.Web.Controllers.BookingController.SelectSeats (AuraCinema.Web)'
2026-05-25 15:11:17.891 +07:00 [INF] Route matched with {action = "SelectSeats", controller = "Booking", area = ""}. Executing controller action with signature System.Threading.Tasks.Task`1[Microsoft.AspNetCore.Mvc.IActionResult] SelectSeats(Int32) on controller AuraCinema.Web.Controllers.BookingController (AuraCinema.Web).
2026-05-25 15:11:17.893 +07:00 [INF] Executed DbCommand (1ms) [Parameters=[@__showtimeId_0='?' (DbType = Int32)], CommandType='"Text"', CommandTimeout='30']
SELECT TOP(1) [s].[ShowtimeID], [s].[EndTime], [s].[MovieID], [s].[RoomID], [s].[ShowtimeCode], [s].[StartTime], [s].[Status], [m].[MovieID], [m].[Actors], [m].[Description], [m].[Director], [m].[Duration], [m].[Genre], [m].[MovieCode], [m].[Poster], [m].[ReleaseDate], [m].[Status], [m].[Title], [m].[Trailer], [r].[RoomID], [r].[Capacity], [r].[RoomCode], [r].[RoomName], [r].[Status]
FROM [Showtimes] AS [s]
INNER JOIN [Movies] AS [m] ON [s].[MovieID] = [m].[MovieID]
INNER JOIN [Rooms] AS [r] ON [s].[RoomID] = [r].[RoomID]
WHERE [s].[ShowtimeID] = @__showtimeId_0
2026-05-25 15:11:17.898 +07:00 [INF] Executed DbCommand (5ms) [Parameters=[@__showtime_RoomID_0='?' (DbType = Int32)], CommandType='"Text"', CommandTimeout='30']
SELECT [s].[SeatID], [s].[RoomID], [s].[RowLabel], [s].[SeatCode], [s].[SeatNumber], [s].[SeatType]
FROM [Seats] AS [s]
WHERE [s].[RoomID] = @__showtime_RoomID_0
ORDER BY [s].[RowLabel], [s].[SeatNumber]
2026-05-25 15:11:17.900 +07:00 [INF] Executed DbCommand (1ms) [Parameters=[@__showtimeId_0='?' (DbType = Int32)], CommandType='"Text"', CommandTimeout='30']
SELECT [o].[OrderID], [o].[SeatID], [o].[Price], [o].[Status], [o0].[OrderID], [o0].[CheckInTime], [o0].[FinalAmount], [o0].[HoldExpiryTime], [o0].[OrderCode], [o0].[PayOSTransID], [o0].[PromoID], [o0].[QrCode], [o0].[ShowtimeID], [o0].[Status], [o0].[TotalAmount], [o0].[UserID]
FROM [OrderSeats] AS [o]
INNER JOIN [Orders] AS [o0] ON [o].[OrderID] = [o0].[OrderID]
WHERE [o0].[ShowtimeID] = @__showtimeId_0 AND ([o0].[Status] = N'Đã thanh toán' OR ([o0].[Status] = N'Chờ thanh toán' AND [o0].[HoldExpiryTime] > GETDATE()))
2026-05-25 15:11:17.901 +07:00 [INF] Executed DbCommand (0ms) [Parameters=[], CommandType='"Text"', CommandTimeout='30']
SELECT [p].[ConfigID], [p].[ConfigCode], [p].[ConfigName], [p].[ConfigType], [p].[EffectiveDate], [p].[SurchargeAmount]
FROM [PriceConfigs] AS [p]
2026-05-25 15:11:17.902 +07:00 [INF] Executing ViewResult, running view SelectSeats.
2026-05-25 15:11:17.903 +07:00 [INF] Executed ViewResult - view SelectSeats executed in 1.4351ms.
2026-05-25 15:11:17.903 +07:00 [INF] Executed action AuraCinema.Web.Controllers.BookingController.SelectSeats (AuraCinema.Web) in 12.4809ms
2026-05-25 15:11:17.903 +07:00 [INF] Executed endpoint 'AuraCinema.Web.Controllers.BookingController.SelectSeats (AuraCinema.Web)'
2026-05-25 15:11:17.903 +07:00 [INF] Request finished HTTP/1.1 GET http://localhost:5231/Booking/SelectSeats?showtimeId=8095 - 200 null text/html; charset=utf-8 13.6181ms
2026-05-25 15:11:33.507 +07:00 [INF] Request starting HTTP/1.1 GET http://localhost:5231/MyTickets - null null
2026-05-25 15:11:33.510 +07:00 [INF] Executing endpoint 'AuraCinema.Web.Controllers.MyTicketsController.Index (AuraCinema.Web)'
2026-05-25 15:11:33.515 +07:00 [INF] Route matched with {action = "Index", controller = "MyTickets", area = ""}. Executing controller action with signature System.Threading.Tasks.Task`1[Microsoft.AspNetCore.Mvc.IActionResult] Index() on controller AuraCinema.Web.Controllers.MyTicketsController (AuraCinema.Web).
2026-05-25 15:11:33.547 +07:00 [INF] Executed DbCommand (14ms) [Parameters=[@__userId_0='?' (DbType = Int32)], CommandType='"Text"', CommandTimeout='30']
SELECT [o].[OrderID], [o].[CheckInTime], [o].[FinalAmount], [o].[HoldExpiryTime], [o].[OrderCode], [o].[PayOSTransID], [o].[PromoID], [o].[QrCode], [o].[ShowtimeID], [o].[Status], [o].[TotalAmount], [o].[UserID], [s].[ShowtimeID], [s].[EndTime], [s].[MovieID], [s].[RoomID], [s].[ShowtimeCode], [s].[StartTime], [s].[Status], [m].[MovieID], [m].[Actors], [m].[Description], [m].[Director], [m].[Duration], [m].[Genre], [m].[MovieCode], [m].[Poster], [m].[ReleaseDate], [m].[Status], [m].[Title], [m].[Trailer], [r].[RoomID], [r].[Capacity], [r].[RoomCode], [r].[RoomName], [r].[Status], [t].[OrderID], [t].[SeatID], [t].[Price], [t].[Status], [t].[SeatID0], [t].[RoomID], [t].[RowLabel], [t].[SeatCode], [t].[SeatNumber], [t].[SeatType]
FROM [Orders] AS [o]
INNER JOIN [Showtimes] AS [s] ON [o].[ShowtimeID] = [s].[ShowtimeID]
INNER JOIN [Movies] AS [m] ON [s].[MovieID] = [m].[MovieID]
INNER JOIN [Rooms] AS [r] ON [s].[RoomID] = [r].[RoomID]
LEFT JOIN (
    SELECT [o0].[OrderID], [o0].[SeatID], [o0].[Price], [o0].[Status], [s0].[SeatID] AS [SeatID0], [s0].[RoomID], [s0].[RowLabel], [s0].[SeatCode], [s0].[SeatNumber], [s0].[SeatType]
    FROM [OrderSeats] AS [o0]
    INNER JOIN [Seats] AS [s0] ON [o0].[SeatID] = [s0].[SeatID]
) AS [t] ON [o].[OrderID] = [t].[OrderID]
WHERE [o].[UserID] = @__userId_0
ORDER BY [o].[OrderID] DESC, [s].[ShowtimeID], [m].[MovieID], [r].[RoomID], [t].[OrderID], [t].[SeatID]
2026-05-25 15:11:33.552 +07:00 [INF] Executing ViewResult, running view Index.
2026-05-25 15:11:33.557 +07:00 [INF] Executed ViewResult - view Index executed in 4.6479ms.
2026-05-25 15:11:33.557 +07:00 [INF] Executed action AuraCinema.Web.Controllers.MyTicketsController.Index (AuraCinema.Web) in 41.9762ms
2026-05-25 15:11:33.557 +07:00 [INF] Executed endpoint 'AuraCinema.Web.Controllers.MyTicketsController.Index (AuraCinema.Web)'
2026-05-25 15:11:33.557 +07:00 [INF] Request finished HTTP/1.1 GET http://localhost:5231/MyTickets - 200 null text/html; charset=utf-8 50.0627ms
2026-05-25 15:11:36.954 +07:00 [INF] Request starting HTTP/1.1 GET http://localhost:5231/MyTickets/Detail/15052 - null null
2026-05-25 15:11:36.954 +07:00 [INF] Executing endpoint 'AuraCinema.Web.Controllers.MyTicketsController.Detail (AuraCinema.Web)'
2026-05-25 15:11:36.959 +07:00 [INF] Route matched with {action = "Detail", controller = "MyTickets", area = ""}. Executing controller action with signature System.Threading.Tasks.Task`1[Microsoft.AspNetCore.Mvc.IActionResult] Detail(Int32) on controller AuraCinema.Web.Controllers.MyTicketsController (AuraCinema.Web).
2026-05-25 15:11:37.799 +07:00 [WRN] Compiling a query which loads related collections for more than one collection navigation, either via 'Include' or through projection, but no 'QuerySplittingBehavior' has been configured. By default, Entity Framework will use 'QuerySplittingBehavior.SingleQuery', which can potentially result in slow query performance. See https://go.microsoft.com/fwlink/?linkid=2134277 for more information. To identify the query that's triggering this warning call 'ConfigureWarnings(w => w.Throw(RelationalEventId.MultipleCollectionIncludeWarning))'.
2026-05-25 15:11:37.823 +07:00 [INF] Executed DbCommand (12ms) [Parameters=[@__id_0='?' (DbType = Int32), @__userId_1='?' (DbType = Int32)], CommandType='"Text"', CommandTimeout='30']
SELECT [t].[OrderID], [t].[CheckInTime], [t].[FinalAmount], [t].[HoldExpiryTime], [t].[OrderCode], [t].[PayOSTransID], [t].[PromoID], [t].[QrCode], [t].[ShowtimeID], [t].[Status], [t].[TotalAmount], [t].[UserID], [t].[ShowtimeID0], [t].[EndTime], [t].[MovieID], [t].[RoomID], [t].[ShowtimeCode], [t].[StartTime], [t].[Status0], [t].[MovieID0], [t].[Actors], [t].[Description], [t].[Director], [t].[Duration], [t].[Genre], [t].[MovieCode], [t].[Poster], [t].[ReleaseDate], [t].[Status1], [t].[Title], [t].[Trailer], [t].[RoomID0], [t].[Capacity], [t].[RoomCode], [t].[RoomName], [t].[Status2], [t].[PromoID0], [t0].[OrderID], [t0].[SeatID], [t0].[Price], [t0].[Status], [t0].[SeatID0], [t0].[RoomID], [t0].[RowLabel], [t0].[SeatCode], [t0].[SeatNumber], [t0].[SeatType], [t1].[OrderID], [t1].[ServiceID], [t1].[Price], [t1].[Quantity], [t1].[ServiceID0], [t1].[Image], [t1].[Price0], [t1].[ServiceCode], [t1].[ServiceName], [t1].[Status], [t].[Condition], [t].[DiscountValue], [t].[EndDate], [t].[MinAmount], [t].[PromoCode], [t].[StartDate], [t].[Status3], [t].[Title0]
FROM (
    SELECT TOP(1) [o].[OrderID], [o].[CheckInTime], [o].[FinalAmount], [o].[HoldExpiryTime], [o].[OrderCode], [o].[PayOSTransID], [o].[PromoID], [o].[QrCode], [o].[ShowtimeID], [o].[Status], [o].[TotalAmount], [o].[UserID], [s].[ShowtimeID] AS [ShowtimeID0], [s].[EndTime], [s].[MovieID], [s].[RoomID], [s].[ShowtimeCode], [s].[StartTime], [s].[Status] AS [Status0], [m].[MovieID] AS [MovieID0], [m].[Actors], [m].[Description], [m].[Director], [m].[Duration], [m].[Genre], [m].[MovieCode], [m].[Poster], [m].[ReleaseDate], [m].[Status] AS [Status1], [m].[Title], [m].[Trailer], [r].[RoomID] AS [RoomID0], [r].[Capacity], [r].[RoomCode], [r].[RoomName], [r].[Status] AS [Status2], [p].[PromoID] AS [PromoID0], [p].[Condition], [p].[DiscountValue], [p].[EndDate], [p].[MinAmount], [p].[PromoCode], [p].[StartDate], [p].[Status] AS [Status3], [p].[Title] AS [Title0]
    FROM [Orders] AS [o]
    INNER JOIN [Showtimes] AS [s] ON [o].[ShowtimeID] = [s].[ShowtimeID]
    INNER JOIN [Movies] AS [m] ON [s].[MovieID] = [m].[MovieID]
    INNER JOIN [Rooms] AS [r] ON [s].[RoomID] = [r].[RoomID]
    LEFT JOIN [Promotions] AS [p] ON [o].[PromoID] = [p].[PromoID]
    WHERE [o].[OrderID] = @__id_0 AND [o].[UserID] = @__userId_1
) AS [t]
LEFT JOIN (
    SELECT [o0].[OrderID], [o0].[SeatID], [o0].[Price], [o0].[Status], [s0].[SeatID] AS [SeatID0], [s0].[RoomID], [s0].[RowLabel], [s0].[SeatCode], [s0].[SeatNumber], [s0].[SeatType]
    FROM [OrderSeats] AS [o0]
    INNER JOIN [Seats] AS [s0] ON [o0].[SeatID] = [s0].[SeatID]
) AS [t0] ON [t].[OrderID] = [t0].[OrderID]
LEFT JOIN (
    SELECT [o1].[OrderID], [o1].[ServiceID], [o1].[Price], [o1].[Quantity], [s1].[ServiceID] AS [ServiceID0], [s1].[Image], [s1].[Price] AS [Price0], [s1].[ServiceCode], [s1].[ServiceName], [s1].[Status]
    FROM [OrderServices] AS [o1]
    INNER JOIN [Services] AS [s1] ON [o1].[ServiceID] = [s1].[ServiceID]
) AS [t1] ON [t].[OrderID] = [t1].[OrderID]
ORDER BY [t].[OrderID], [t].[ShowtimeID0], [t].[MovieID0], [t].[RoomID0], [t].[PromoID0], [t0].[OrderID], [t0].[SeatID], [t0].[SeatID0], [t1].[OrderID], [t1].[ServiceID]
2026-05-25 15:11:37.826 +07:00 [INF] Executing ViewResult, running view Detail.
2026-05-25 15:11:37.833 +07:00 [INF] Executed ViewResult - view Detail executed in 7.7789ms.
2026-05-25 15:11:37.833 +07:00 [INF] Executed action AuraCinema.Web.Controllers.MyTicketsController.Detail (AuraCinema.Web) in 873.9816ms
2026-05-25 15:11:37.833 +07:00 [INF] Executed endpoint 'AuraCinema.Web.Controllers.MyTicketsController.Detail (AuraCinema.Web)'
2026-05-25 15:11:37.833 +07:00 [INF] Request finished HTTP/1.1 GET http://localhost:5231/MyTickets/Detail/15052 - 200 null text/html; charset=utf-8 879.1015ms
2026-05-25 15:12:03.128 +07:00 [INF] Request starting HTTP/1.1 GET http://localhost:5231/MyTickets - null null
2026-05-25 15:12:03.129 +07:00 [INF] Authorization failed. These requirements were not met:
DenyAnonymousAuthorizationRequirement: Requires an authenticated user.
2026-05-25 15:12:03.129 +07:00 [INF] AuthenticationScheme: Cookies was challenged.
2026-05-25 15:12:03.129 +07:00 [INF] Request finished HTTP/1.1 GET http://localhost:5231/MyTickets - 302 0 null 1.1291ms
2026-05-25 15:12:03.138 +07:00 [INF] Request starting HTTP/1.1 GET http://localhost:5231/Account/Login?ReturnUrl=%2FMyTickets - null null
2026-05-25 15:12:03.139 +07:00 [INF] Executing endpoint 'AuraCinema.Web.Controllers.AccountController.Login (AuraCinema.Web)'
2026-05-25 15:12:03.140 +07:00 [INF] Route matched with {action = "Login", controller = "Account", area = ""}. Executing controller action with signature Microsoft.AspNetCore.Mvc.IActionResult Login(System.String) on controller AuraCinema.Web.Controllers.AccountController (AuraCinema.Web).
2026-05-25 15:12:03.142 +07:00 [INF] Executing ViewResult, running view Login.
2026-05-25 15:12:03.147 +07:00 [INF] Executed ViewResult - view Login executed in 5.2705ms.
2026-05-25 15:12:03.147 +07:00 [INF] Executed action AuraCinema.Web.Controllers.AccountController.Login (AuraCinema.Web) in 6.8435ms
2026-05-25 15:12:03.147 +07:00 [INF] Executed endpoint 'AuraCinema.Web.Controllers.AccountController.Login (AuraCinema.Web)'
2026-05-25 15:12:03.147 +07:00 [INF] Request finished HTTP/1.1 GET http://localhost:5231/Account/Login?ReturnUrl=%2FMyTickets - 200 null text/html; charset=utf-8 8.8003ms
2026-05-25 15:12:03.251 +07:00 [INF] Request starting HTTP/1.1 GET http://localhost:5231/css/site.css?v=wrQ1MeiVPg32MAFeAWGszcMS6avuWDFaL-8-z0i5gfo - null null
2026-05-25 15:12:03.252 +07:00 [INF] The file /css/site.css was not modified
2026-05-25 15:12:03.252 +07:00 [INF] Request finished HTTP/1.1 GET http://localhost:5231/css/site.css?v=wrQ1MeiVPg32MAFeAWGszcMS6avuWDFaL-8-z0i5gfo - 304 null text/css 1.073ms
2026-05-25 15:12:03.274 +07:00 [INF] Request starting HTTP/1.1 GET http://localhost:5231/css/chat-widget.css - null null
2026-05-25 15:12:03.275 +07:00 [INF] The file /css/chat-widget.css was not modified
2026-05-25 15:12:03.275 +07:00 [INF] Request finished HTTP/1.1 GET http://localhost:5231/css/chat-widget.css - 304 null text/css 0.7992ms
2026-05-25 15:12:03.275 +07:00 [INF] Request starting HTTP/1.1 GET http://localhost:5231/js/chat-widget.js - null null
2026-05-25 15:12:03.276 +07:00 [INF] The file /js/chat-widget.js was not modified
2026-05-25 15:12:03.276 +07:00 [INF] Request finished HTTP/1.1 GET http://localhost:5231/js/chat-widget.js - 304 null text/javascript 0.2204ms
2026-05-25 15:12:05.772 +07:00 [INF] Request starting HTTP/1.1 POST http://localhost:5231/Account/Login - application/x-www-form-urlencoded 249
2026-05-25 15:12:05.773 +07:00 [INF] Executing endpoint 'AuraCinema.Web.Controllers.AccountController.Login (AuraCinema.Web)'
2026-05-25 15:12:05.773 +07:00 [INF] Route matched with {action = "Login", controller = "Account", area = ""}. Executing controller action with signature System.Threading.Tasks.Task`1[Microsoft.AspNetCore.Mvc.IActionResult] Login(AuraCinema.Web.ViewModels.Account.LoginViewModel) on controller AuraCinema.Web.Controllers.AccountController (AuraCinema.Web).
2026-05-25 15:12:05.775 +07:00 [INF] Executed DbCommand (1ms) [Parameters=[@__Trim_0='?' (Size = 100)], CommandType='"Text"', CommandTimeout='30']
SELECT TOP(1) [u].[UserID], [u].[Email], [u].[FullName], [u].[OtpCode], [u].[OtpExpiry], [u].[Password], [u].[Phone], [u].[Role], [u].[Status], [u].[UserCode]
FROM [Users] AS [u]
WHERE [u].[Email] = @__Trim_0
2026-05-25 15:12:05.942 +07:00 [INF] Executed DbCommand (1ms) [Parameters=[], CommandType='"Text"', CommandTimeout='30']
SELECT [o].[OrderID], [o].[CheckInTime], [o].[FinalAmount], [o].[HoldExpiryTime], [o].[OrderCode], [o].[PayOSTransID], [o].[PromoID], [o].[QrCode], [o].[ShowtimeID], [o].[Status], [o].[TotalAmount], [o].[UserID]
FROM [Orders] AS [o]
WHERE [o].[Status] = N'Chờ thanh toán' AND [o].[HoldExpiryTime] <= GETDATE()
2026-05-25 15:12:05.942 +07:00 [INF] Cleaning up 1 expired orders.
2026-05-25 15:12:05.946 +07:00 [INF] Executed DbCommand (3ms) [Parameters=[@p1='?' (DbType = Int32), @p0='?' (Size = 50)], CommandType='"Text"', CommandTimeout='30']
SET IMPLICIT_TRANSACTIONS OFF;
SET NOCOUNT ON;
UPDATE [Orders] SET [Status] = @p0
OUTPUT 1
WHERE [OrderID] = @p1;
2026-05-25 15:12:05.948 +07:00 [INF] Executed DbCommand (1ms) [Parameters=[@__maxSellingDate_0='?' (DbType = DateTime2), @__now_1='?' (DbType = DateTime2)], CommandType='"Text"', CommandTimeout='30']
SELECT [s].[ShowtimeID], [s].[EndTime], [s].[MovieID], [s].[RoomID], [s].[ShowtimeCode], [s].[StartTime], [s].[Status]
FROM [Showtimes] AS [s]
WHERE [s].[Status] IN (N'Đã lên lịch', N'Sap chieu') AND CONVERT(date, [s].[StartTime]) <= @__maxSellingDate_0 AND [s].[StartTime] > @__now_1
2026-05-25 15:12:05.951 +07:00 [INF] Executed DbCommand (2ms) [Parameters=[@__now_0='?' (DbType = DateTime2)], CommandType='"Text"', CommandTimeout='30']
SELECT [s].[ShowtimeID], [s].[EndTime], [s].[MovieID], [s].[RoomID], [s].[ShowtimeCode], [s].[StartTime], [s].[Status]
FROM [Showtimes] AS [s]
WHERE [s].[Status] IN (N'Đã lên lịch', N'Đang mở bán', N'Sap chieu') AND [s].[StartTime] <= @__now_0 AND [s].[EndTime] > @__now_0
2026-05-25 15:12:05.953 +07:00 [INF] Executed DbCommand (1ms) [Parameters=[@__now_0='?' (DbType = DateTime2)], CommandType='"Text"', CommandTimeout='30']
SELECT [s].[ShowtimeID], [s].[EndTime], [s].[MovieID], [s].[RoomID], [s].[ShowtimeCode], [s].[StartTime], [s].[Status]
FROM [Showtimes] AS [s]
WHERE [s].[Status] IN (N'Đã lên lịch', N'Đang mở bán', N'Đang chiếu', N'Sap chieu', N'Dang dien ra') AND [s].[EndTime] <= @__now_0
2026-05-25 15:12:05.955 +07:00 [INF] Executed DbCommand (1ms) [Parameters=[@__today_0='?' (DbType = Date)], CommandType='"Text"', CommandTimeout='30']
SELECT [m].[MovieID], [m].[Actors], [m].[Description], [m].[Director], [m].[Duration], [m].[Genre], [m].[MovieCode], [m].[Poster], [m].[ReleaseDate], [m].[Status], [m].[Title], [m].[Trailer]
FROM [Movies] AS [m]
WHERE [m].[Status] = N'Sap chieu' AND [m].[ReleaseDate] <= @__today_0
2026-05-25 15:12:06.155 +07:00 [INF] AuthenticationScheme: Cookies signed in.
2026-05-25 15:12:06.155 +07:00 [INF] Executing RedirectResult, redirecting to /MyTickets.
2026-05-25 15:12:06.155 +07:00 [INF] Executed action AuraCinema.Web.Controllers.AccountController.Login (AuraCinema.Web) in 382.3605ms
2026-05-25 15:12:06.155 +07:00 [INF] Executed endpoint 'AuraCinema.Web.Controllers.AccountController.Login (AuraCinema.Web)'
2026-05-25 15:12:06.156 +07:00 [INF] Request finished HTTP/1.1 POST http://localhost:5231/Account/Login - 302 0 null 383.2755ms
2026-05-25 15:12:06.162 +07:00 [INF] Request starting HTTP/1.1 GET http://localhost:5231/MyTickets - null null
2026-05-25 15:12:06.162 +07:00 [INF] Executing endpoint 'AuraCinema.Web.Controllers.MyTicketsController.Index (AuraCinema.Web)'
2026-05-25 15:12:06.163 +07:00 [INF] Route matched with {action = "Index", controller = "MyTickets", area = ""}. Executing controller action with signature System.Threading.Tasks.Task`1[Microsoft.AspNetCore.Mvc.IActionResult] Index() on controller AuraCinema.Web.Controllers.MyTicketsController (AuraCinema.Web).
2026-05-25 15:12:06.165 +07:00 [INF] Executed DbCommand (1ms) [Parameters=[@__userId_0='?' (DbType = Int32)], CommandType='"Text"', CommandTimeout='30']
SELECT [o].[OrderID], [o].[CheckInTime], [o].[FinalAmount], [o].[HoldExpiryTime], [o].[OrderCode], [o].[PayOSTransID], [o].[PromoID], [o].[QrCode], [o].[ShowtimeID], [o].[Status], [o].[TotalAmount], [o].[UserID], [s].[ShowtimeID], [s].[EndTime], [s].[MovieID], [s].[RoomID], [s].[ShowtimeCode], [s].[StartTime], [s].[Status], [m].[MovieID], [m].[Actors], [m].[Description], [m].[Director], [m].[Duration], [m].[Genre], [m].[MovieCode], [m].[Poster], [m].[ReleaseDate], [m].[Status], [m].[Title], [m].[Trailer], [r].[RoomID], [r].[Capacity], [r].[RoomCode], [r].[RoomName], [r].[Status], [t].[OrderID], [t].[SeatID], [t].[Price], [t].[Status], [t].[SeatID0], [t].[RoomID], [t].[RowLabel], [t].[SeatCode], [t].[SeatNumber], [t].[SeatType]
FROM [Orders] AS [o]
INNER JOIN [Showtimes] AS [s] ON [o].[ShowtimeID] = [s].[ShowtimeID]
INNER JOIN [Movies] AS [m] ON [s].[MovieID] = [m].[MovieID]
INNER JOIN [Rooms] AS [r] ON [s].[RoomID] = [r].[RoomID]
LEFT JOIN (
    SELECT [o0].[OrderID], [o0].[SeatID], [o0].[Price], [o0].[Status], [s0].[SeatID] AS [SeatID0], [s0].[RoomID], [s0].[RowLabel], [s0].[SeatCode], [s0].[SeatNumber], [s0].[SeatType]
    FROM [OrderSeats] AS [o0]
    INNER JOIN [Seats] AS [s0] ON [o0].[SeatID] = [s0].[SeatID]
) AS [t] ON [o].[OrderID] = [t].[OrderID]
WHERE [o].[UserID] = @__userId_0
ORDER BY [o].[OrderID] DESC, [s].[ShowtimeID], [m].[MovieID], [r].[RoomID], [t].[OrderID], [t].[SeatID]
2026-05-25 15:12:06.169 +07:00 [INF] Executing ViewResult, running view Index.
2026-05-25 15:12:06.172 +07:00 [INF] Executed ViewResult - view Index executed in 2.8673ms.
2026-05-25 15:12:06.172 +07:00 [INF] Executed action AuraCinema.Web.Controllers.MyTicketsController.Index (AuraCinema.Web) in 9.26ms
2026-05-25 15:12:06.172 +07:00 [INF] Executed endpoint 'AuraCinema.Web.Controllers.MyTicketsController.Index (AuraCinema.Web)'
2026-05-25 15:12:06.172 +07:00 [INF] Request finished HTTP/1.1 GET http://localhost:5231/MyTickets - 200 null text/html; charset=utf-8 10.216ms
2026-05-25 15:12:08.589 +07:00 [INF] Request starting HTTP/1.1 GET http://localhost:5231/ - null null
2026-05-25 15:12:08.590 +07:00 [INF] Executing endpoint 'AuraCinema.Web.Controllers.HomeController.Index (AuraCinema.Web)'
2026-05-25 15:12:08.590 +07:00 [INF] Route matched with {action = "Index", controller = "Home", area = ""}. Executing controller action with signature System.Threading.Tasks.Task`1[Microsoft.AspNetCore.Mvc.IActionResult] Index() on controller AuraCinema.Web.Controllers.HomeController (AuraCinema.Web).
2026-05-25 15:12:08.592 +07:00 [INF] Executed DbCommand (1ms) [Parameters=[], CommandType='"Text"', CommandTimeout='30']
SELECT [m].[MovieID], [m].[Title], [m].[Genre], [m].[Poster], [m].[Duration], [m].[Status], [m].[ReleaseDate], [m].[Director]
FROM [Movies] AS [m]
WHERE [m].[Status] IN (N'Dang chieu', N'Sap chieu')
ORDER BY [m].[ReleaseDate] DESC
2026-05-25 15:12:08.594 +07:00 [INF] Executed DbCommand (1ms) [Parameters=[@__p_1='?' (DbType = Int32), @__userId_0='?' (DbType = Int32)], CommandType='"Text"', CommandTimeout='30']
SELECT [t].[OrderID], [t].[CheckInTime], [t].[FinalAmount], [t].[HoldExpiryTime], [t].[OrderCode], [t].[PayOSTransID], [t].[PromoID], [t].[QrCode], [t].[ShowtimeID], [t].[Status], [t].[TotalAmount], [t].[UserID], [s].[ShowtimeID], [s].[EndTime], [s].[MovieID], [s].[RoomID], [s].[ShowtimeCode], [s].[StartTime], [s].[Status], [m].[MovieID], [m].[Actors], [m].[Description], [m].[Director], [m].[Duration], [m].[Genre], [m].[MovieCode], [m].[Poster], [m].[ReleaseDate], [m].[Status], [m].[Title], [m].[Trailer], [r].[RoomID], [r].[Capacity], [r].[RoomCode], [r].[RoomName], [r].[Status], [t0].[OrderID], [t0].[SeatID], [t0].[Price], [t0].[Status], [t0].[SeatID0], [t0].[RoomID], [t0].[RowLabel], [t0].[SeatCode], [t0].[SeatNumber], [t0].[SeatType]
FROM (
    SELECT TOP(@__p_1) [o].[OrderID], [o].[CheckInTime], [o].[FinalAmount], [o].[HoldExpiryTime], [o].[OrderCode], [o].[PayOSTransID], [o].[PromoID], [o].[QrCode], [o].[ShowtimeID], [o].[Status], [o].[TotalAmount], [o].[UserID]
    FROM [Orders] AS [o]
    WHERE [o].[UserID] = @__userId_0 AND [o].[Status] IN (N'Da thanh toan', N'Da su dung', N'Đã thanh toán', N'Đã sử dụng')
    ORDER BY [o].[OrderID] DESC
) AS [t]
INNER JOIN [Showtimes] AS [s] ON [t].[ShowtimeID] = [s].[ShowtimeID]
INNER JOIN [Movies] AS [m] ON [s].[MovieID] = [m].[MovieID]
INNER JOIN [Rooms] AS [r] ON [s].[RoomID] = [r].[RoomID]
LEFT JOIN (
    SELECT [o0].[OrderID], [o0].[SeatID], [o0].[Price], [o0].[Status], [s0].[SeatID] AS [SeatID0], [s0].[RoomID], [s0].[RowLabel], [s0].[SeatCode], [s0].[SeatNumber], [s0].[SeatType]
    FROM [OrderSeats] AS [o0]
    INNER JOIN [Seats] AS [s0] ON [o0].[SeatID] = [s0].[SeatID]
) AS [t0] ON [t].[OrderID] = [t0].[OrderID]
ORDER BY [t].[OrderID] DESC, [s].[ShowtimeID], [m].[MovieID], [r].[RoomID], [t0].[OrderID], [t0].[SeatID]
2026-05-25 15:12:08.595 +07:00 [INF] Executing ViewResult, running view Index.
2026-05-25 15:12:08.597 +07:00 [INF] Executed ViewResult - view Index executed in 1.883ms.
2026-05-25 15:12:08.597 +07:00 [INF] Executed action AuraCinema.Web.Controllers.HomeController.Index (AuraCinema.Web) in 7.3471ms
2026-05-25 15:12:08.598 +07:00 [INF] Executed endpoint 'AuraCinema.Web.Controllers.HomeController.Index (AuraCinema.Web)'
2026-05-25 15:12:08.598 +07:00 [INF] Request finished HTTP/1.1 GET http://localhost:5231/ - 200 null text/html; charset=utf-8 9.0015ms
2026-05-25 15:12:11.128 +07:00 [INF] Request starting HTTP/1.1 GET http://localhost:5231/Movies/Details/1 - null null
2026-05-25 15:12:11.129 +07:00 [INF] Executing endpoint 'AuraCinema.Web.Controllers.MoviesController.Details (AuraCinema.Web)'
2026-05-25 15:12:11.129 +07:00 [INF] Route matched with {action = "Details", controller = "Movies", area = ""}. Executing controller action with signature System.Threading.Tasks.Task`1[Microsoft.AspNetCore.Mvc.IActionResult] Details(Int32) on controller AuraCinema.Web.Controllers.MoviesController (AuraCinema.Web).
2026-05-25 15:12:11.134 +07:00 [INF] Executed DbCommand (3ms) [Parameters=[@__p_0='?' (DbType = Int32)], CommandType='"Text"', CommandTimeout='30']
SELECT TOP(1) [m].[MovieID], [m].[Actors], [m].[Description], [m].[Director], [m].[Duration], [m].[Genre], [m].[MovieCode], [m].[Poster], [m].[ReleaseDate], [m].[Status], [m].[Title], [m].[Trailer]
FROM [Movies] AS [m]
WHERE [m].[MovieID] = @__p_0
2026-05-25 15:12:11.137 +07:00 [INF] Executed DbCommand (1ms) [Parameters=[@__id_0='?' (DbType = Int32), @__now_1='?' (DbType = DateTime2), @__maxDate_2='?' (DbType = DateTime2)], CommandType='"Text"', CommandTimeout='30']
SELECT [s].[ShowtimeID], [s].[EndTime], [s].[MovieID], [s].[RoomID], [s].[ShowtimeCode], [s].[StartTime], [s].[Status], [r].[RoomID], [r].[Capacity], [r].[RoomCode], [r].[RoomName], [r].[Status]
FROM [Showtimes] AS [s]
INNER JOIN [Rooms] AS [r] ON [s].[RoomID] = [r].[RoomID]
WHERE [s].[MovieID] = @__id_0 AND [s].[Status] = N'Đang mở bán' AND [s].[StartTime] >= @__now_1 AND [s].[StartTime] < @__maxDate_2
ORDER BY [s].[StartTime]
2026-05-25 15:12:11.138 +07:00 [INF] Executed DbCommand (1ms) [Parameters=[@__showtimeIds_0='?' (Size = 4000)], CommandType='"Text"', CommandTimeout='30']
SELECT [o1].[ShowtimeID], COUNT(*) AS [Sold]
FROM [Orders] AS [o]
INNER JOIN [OrderSeats] AS [o0] ON [o].[OrderID] = [o0].[OrderID]
INNER JOIN [Orders] AS [o1] ON [o0].[OrderID] = [o1].[OrderID]
WHERE [o].[ShowtimeID] IN (
    SELECT [s].[value]
    FROM OPENJSON(@__showtimeIds_0) WITH ([value] int '$') AS [s]
) AND ([o].[Status] = N'Đã thanh toán' OR ([o].[Status] = N'Chờ thanh toán' AND [o].[HoldExpiryTime] > GETDATE()))
GROUP BY [o1].[ShowtimeID]
2026-05-25 15:12:11.139 +07:00 [INF] Executing ViewResult, running view Details.
2026-05-25 15:12:11.140 +07:00 [INF] Executed ViewResult - view Details executed in 1.3916ms.
2026-05-25 15:12:11.140 +07:00 [INF] Executed action AuraCinema.Web.Controllers.MoviesController.Details (AuraCinema.Web) in 10.8974ms
2026-05-25 15:12:11.140 +07:00 [INF] Executed endpoint 'AuraCinema.Web.Controllers.MoviesController.Details (AuraCinema.Web)'
2026-05-25 15:12:11.141 +07:00 [INF] Request finished HTTP/1.1 GET http://localhost:5231/Movies/Details/1 - 200 null text/html; charset=utf-8 12.4827ms
2026-05-25 15:12:15.653 +07:00 [INF] Request starting HTTP/1.1 GET http://localhost:5231/Booking/SelectSeats?showtimeId=8095 - null null
2026-05-25 15:12:15.654 +07:00 [INF] Executing endpoint 'AuraCinema.Web.Controllers.BookingController.SelectSeats (AuraCinema.Web)'
2026-05-25 15:12:15.654 +07:00 [INF] Route matched with {action = "SelectSeats", controller = "Booking", area = ""}. Executing controller action with signature System.Threading.Tasks.Task`1[Microsoft.AspNetCore.Mvc.IActionResult] SelectSeats(Int32) on controller AuraCinema.Web.Controllers.BookingController (AuraCinema.Web).
2026-05-25 15:12:15.656 +07:00 [INF] Executed DbCommand (1ms) [Parameters=[@__showtimeId_0='?' (DbType = Int32)], CommandType='"Text"', CommandTimeout='30']
SELECT TOP(1) [s].[ShowtimeID], [s].[EndTime], [s].[MovieID], [s].[RoomID], [s].[ShowtimeCode], [s].[StartTime], [s].[Status], [m].[MovieID], [m].[Actors], [m].[Description], [m].[Director], [m].[Duration], [m].[Genre], [m].[MovieCode], [m].[Poster], [m].[ReleaseDate], [m].[Status], [m].[Title], [m].[Trailer], [r].[RoomID], [r].[Capacity], [r].[RoomCode], [r].[RoomName], [r].[Status]
FROM [Showtimes] AS [s]
INNER JOIN [Movies] AS [m] ON [s].[MovieID] = [m].[MovieID]
INNER JOIN [Rooms] AS [r] ON [s].[RoomID] = [r].[RoomID]
WHERE [s].[ShowtimeID] = @__showtimeId_0
2026-05-25 15:12:15.657 +07:00 [INF] Executed DbCommand (1ms) [Parameters=[@__showtime_RoomID_0='?' (DbType = Int32)], CommandType='"Text"', CommandTimeout='30']
SELECT [s].[SeatID], [s].[RoomID], [s].[RowLabel], [s].[SeatCode], [s].[SeatNumber], [s].[SeatType]
FROM [Seats] AS [s]
WHERE [s].[RoomID] = @__showtime_RoomID_0
ORDER BY [s].[RowLabel], [s].[SeatNumber]
2026-05-25 15:12:15.659 +07:00 [INF] Executed DbCommand (0ms) [Parameters=[@__showtimeId_0='?' (DbType = Int32)], CommandType='"Text"', CommandTimeout='30']
SELECT [o].[OrderID], [o].[SeatID], [o].[Price], [o].[Status], [o0].[OrderID], [o0].[CheckInTime], [o0].[FinalAmount], [o0].[HoldExpiryTime], [o0].[OrderCode], [o0].[PayOSTransID], [o0].[PromoID], [o0].[QrCode], [o0].[ShowtimeID], [o0].[Status], [o0].[TotalAmount], [o0].[UserID]
FROM [OrderSeats] AS [o]
INNER JOIN [Orders] AS [o0] ON [o].[OrderID] = [o0].[OrderID]
WHERE [o0].[ShowtimeID] = @__showtimeId_0 AND ([o0].[Status] = N'Đã thanh toán' OR ([o0].[Status] = N'Chờ thanh toán' AND [o0].[HoldExpiryTime] > GETDATE()))
2026-05-25 15:12:15.659 +07:00 [INF] Executed DbCommand (0ms) [Parameters=[], CommandType='"Text"', CommandTimeout='30']
SELECT [p].[ConfigID], [p].[ConfigCode], [p].[ConfigName], [p].[ConfigType], [p].[EffectiveDate], [p].[SurchargeAmount]
FROM [PriceConfigs] AS [p]
2026-05-25 15:12:15.660 +07:00 [INF] Executing ViewResult, running view SelectSeats.
2026-05-25 15:12:15.661 +07:00 [INF] Executed ViewResult - view SelectSeats executed in 1.702ms.
2026-05-25 15:12:15.662 +07:00 [INF] Executed action AuraCinema.Web.Controllers.BookingController.SelectSeats (AuraCinema.Web) in 7.6812ms
2026-05-25 15:12:15.662 +07:00 [INF] Executed endpoint 'AuraCinema.Web.Controllers.BookingController.SelectSeats (AuraCinema.Web)'
2026-05-25 15:12:15.662 +07:00 [INF] Request finished HTTP/1.1 GET http://localhost:5231/Booking/SelectSeats?showtimeId=8095 - 200 null text/html; charset=utf-8 9.1933ms
2026-05-25 15:12:19.253 +07:00 [INF] Request starting HTTP/1.1 GET http://localhost:5231/Booking/SelectSeats?showtimeId=8073 - null null
2026-05-25 15:12:19.253 +07:00 [INF] Executing endpoint 'AuraCinema.Web.Controllers.BookingController.SelectSeats (AuraCinema.Web)'
2026-05-25 15:12:19.254 +07:00 [INF] Route matched with {action = "SelectSeats", controller = "Booking", area = ""}. Executing controller action with signature System.Threading.Tasks.Task`1[Microsoft.AspNetCore.Mvc.IActionResult] SelectSeats(Int32) on controller AuraCinema.Web.Controllers.BookingController (AuraCinema.Web).
2026-05-25 15:12:19.256 +07:00 [INF] Executed DbCommand (1ms) [Parameters=[@__showtimeId_0='?' (DbType = Int32)], CommandType='"Text"', CommandTimeout='30']
SELECT TOP(1) [s].[ShowtimeID], [s].[EndTime], [s].[MovieID], [s].[RoomID], [s].[ShowtimeCode], [s].[StartTime], [s].[Status], [m].[MovieID], [m].[Actors], [m].[Description], [m].[Director], [m].[Duration], [m].[Genre], [m].[MovieCode], [m].[Poster], [m].[ReleaseDate], [m].[Status], [m].[Title], [m].[Trailer], [r].[RoomID], [r].[Capacity], [r].[RoomCode], [r].[RoomName], [r].[Status]
FROM [Showtimes] AS [s]
INNER JOIN [Movies] AS [m] ON [s].[MovieID] = [m].[MovieID]
INNER JOIN [Rooms] AS [r] ON [s].[RoomID] = [r].[RoomID]
WHERE [s].[ShowtimeID] = @__showtimeId_0
2026-05-25 15:12:19.257 +07:00 [INF] Executed DbCommand (1ms) [Parameters=[@__showtime_RoomID_0='?' (DbType = Int32)], CommandType='"Text"', CommandTimeout='30']
SELECT [s].[SeatID], [s].[RoomID], [s].[RowLabel], [s].[SeatCode], [s].[SeatNumber], [s].[SeatType]
FROM [Seats] AS [s]
WHERE [s].[RoomID] = @__showtime_RoomID_0
ORDER BY [s].[RowLabel], [s].[SeatNumber]
2026-05-25 15:12:19.258 +07:00 [INF] Executed DbCommand (0ms) [Parameters=[@__showtimeId_0='?' (DbType = Int32)], CommandType='"Text"', CommandTimeout='30']
SELECT [o].[OrderID], [o].[SeatID], [o].[Price], [o].[Status], [o0].[OrderID], [o0].[CheckInTime], [o0].[FinalAmount], [o0].[HoldExpiryTime], [o0].[OrderCode], [o0].[PayOSTransID], [o0].[PromoID], [o0].[QrCode], [o0].[ShowtimeID], [o0].[Status], [o0].[TotalAmount], [o0].[UserID]
FROM [OrderSeats] AS [o]
INNER JOIN [Orders] AS [o0] ON [o].[OrderID] = [o0].[OrderID]
WHERE [o0].[ShowtimeID] = @__showtimeId_0 AND ([o0].[Status] = N'Đã thanh toán' OR ([o0].[Status] = N'Chờ thanh toán' AND [o0].[HoldExpiryTime] > GETDATE()))
2026-05-25 15:12:19.259 +07:00 [INF] Executed DbCommand (0ms) [Parameters=[], CommandType='"Text"', CommandTimeout='30']
SELECT [p].[ConfigID], [p].[ConfigCode], [p].[ConfigName], [p].[ConfigType], [p].[EffectiveDate], [p].[SurchargeAmount]
FROM [PriceConfigs] AS [p]
2026-05-25 15:12:19.259 +07:00 [INF] Executing ViewResult, running view SelectSeats.
2026-05-25 15:12:19.261 +07:00 [INF] Executed ViewResult - view SelectSeats executed in 1.2847ms.
2026-05-25 15:12:19.261 +07:00 [INF] Executed action AuraCinema.Web.Controllers.BookingController.SelectSeats (AuraCinema.Web) in 7.2019ms
2026-05-25 15:12:19.261 +07:00 [INF] Executed endpoint 'AuraCinema.Web.Controllers.BookingController.SelectSeats (AuraCinema.Web)'
2026-05-25 15:12:19.261 +07:00 [INF] Request finished HTTP/1.1 GET http://localhost:5231/Booking/SelectSeats?showtimeId=8073 - 200 null text/html; charset=utf-8 8.221ms
2026-05-25 15:12:21.647 +07:00 [INF] Request starting HTTP/1.1 GET http://localhost:5231/MyTickets/Detail/15052 - null null
2026-05-25 15:12:21.649 +07:00 [INF] Executing endpoint 'AuraCinema.Web.Controllers.MyTicketsController.Detail (AuraCinema.Web)'
2026-05-25 15:12:21.649 +07:00 [INF] Route matched with {action = "Detail", controller = "MyTickets", area = ""}. Executing controller action with signature System.Threading.Tasks.Task`1[Microsoft.AspNetCore.Mvc.IActionResult] Detail(Int32) on controller AuraCinema.Web.Controllers.MyTicketsController (AuraCinema.Web).
2026-05-25 15:12:21.653 +07:00 [INF] Executed DbCommand (1ms) [Parameters=[@__id_0='?' (DbType = Int32), @__userId_1='?' (DbType = Int32)], CommandType='"Text"', CommandTimeout='30']
SELECT [t].[OrderID], [t].[CheckInTime], [t].[FinalAmount], [t].[HoldExpiryTime], [t].[OrderCode], [t].[PayOSTransID], [t].[PromoID], [t].[QrCode], [t].[ShowtimeID], [t].[Status], [t].[TotalAmount], [t].[UserID], [t].[ShowtimeID0], [t].[EndTime], [t].[MovieID], [t].[RoomID], [t].[ShowtimeCode], [t].[StartTime], [t].[Status0], [t].[MovieID0], [t].[Actors], [t].[Description], [t].[Director], [t].[Duration], [t].[Genre], [t].[MovieCode], [t].[Poster], [t].[ReleaseDate], [t].[Status1], [t].[Title], [t].[Trailer], [t].[RoomID0], [t].[Capacity], [t].[RoomCode], [t].[RoomName], [t].[Status2], [t].[PromoID0], [t0].[OrderID], [t0].[SeatID], [t0].[Price], [t0].[Status], [t0].[SeatID0], [t0].[RoomID], [t0].[RowLabel], [t0].[SeatCode], [t0].[SeatNumber], [t0].[SeatType], [t1].[OrderID], [t1].[ServiceID], [t1].[Price], [t1].[Quantity], [t1].[ServiceID0], [t1].[Image], [t1].[Price0], [t1].[ServiceCode], [t1].[ServiceName], [t1].[Status], [t].[Condition], [t].[DiscountValue], [t].[EndDate], [t].[MinAmount], [t].[PromoCode], [t].[StartDate], [t].[Status3], [t].[Title0]
FROM (
    SELECT TOP(1) [o].[OrderID], [o].[CheckInTime], [o].[FinalAmount], [o].[HoldExpiryTime], [o].[OrderCode], [o].[PayOSTransID], [o].[PromoID], [o].[QrCode], [o].[ShowtimeID], [o].[Status], [o].[TotalAmount], [o].[UserID], [s].[ShowtimeID] AS [ShowtimeID0], [s].[EndTime], [s].[MovieID], [s].[RoomID], [s].[ShowtimeCode], [s].[StartTime], [s].[Status] AS [Status0], [m].[MovieID] AS [MovieID0], [m].[Actors], [m].[Description], [m].[Director], [m].[Duration], [m].[Genre], [m].[MovieCode], [m].[Poster], [m].[ReleaseDate], [m].[Status] AS [Status1], [m].[Title], [m].[Trailer], [r].[RoomID] AS [RoomID0], [r].[Capacity], [r].[RoomCode], [r].[RoomName], [r].[Status] AS [Status2], [p].[PromoID] AS [PromoID0], [p].[Condition], [p].[DiscountValue], [p].[EndDate], [p].[MinAmount], [p].[PromoCode], [p].[StartDate], [p].[Status] AS [Status3], [p].[Title] AS [Title0]
    FROM [Orders] AS [o]
    INNER JOIN [Showtimes] AS [s] ON [o].[ShowtimeID] = [s].[ShowtimeID]
    INNER JOIN [Movies] AS [m] ON [s].[MovieID] = [m].[MovieID]
    INNER JOIN [Rooms] AS [r] ON [s].[RoomID] = [r].[RoomID]
    LEFT JOIN [Promotions] AS [p] ON [o].[PromoID] = [p].[PromoID]
    WHERE [o].[OrderID] = @__id_0 AND [o].[UserID] = @__userId_1
) AS [t]
LEFT JOIN (
    SELECT [o0].[OrderID], [o0].[SeatID], [o0].[Price], [o0].[Status], [s0].[SeatID] AS [SeatID0], [s0].[RoomID], [s0].[RowLabel], [s0].[SeatCode], [s0].[SeatNumber], [s0].[SeatType]
    FROM [OrderSeats] AS [o0]
    INNER JOIN [Seats] AS [s0] ON [o0].[SeatID] = [s0].[SeatID]
) AS [t0] ON [t].[OrderID] = [t0].[OrderID]
LEFT JOIN (
    SELECT [o1].[OrderID], [o1].[ServiceID], [o1].[Price], [o1].[Quantity], [s1].[ServiceID] AS [ServiceID0], [s1].[Image], [s1].[Price] AS [Price0], [s1].[ServiceCode], [s1].[ServiceName], [s1].[Status]
    FROM [OrderServices] AS [o1]
    INNER JOIN [Services] AS [s1] ON [o1].[ServiceID] = [s1].[ServiceID]
) AS [t1] ON [t].[OrderID] = [t1].[OrderID]
ORDER BY [t].[OrderID], [t].[ShowtimeID0], [t].[MovieID0], [t].[RoomID0], [t].[PromoID0], [t0].[OrderID], [t0].[SeatID], [t0].[SeatID0], [t1].[OrderID], [t1].[ServiceID]
2026-05-25 15:12:21.653 +07:00 [INF] Executing ViewResult, running view Detail.
2026-05-25 15:12:21.695 +07:00 [INF] Executed ViewResult - view Detail executed in 41.5969ms.
2026-05-25 15:12:21.695 +07:00 [INF] Executed action AuraCinema.Web.Controllers.MyTicketsController.Detail (AuraCinema.Web) in 46.3136ms
2026-05-25 15:12:21.695 +07:00 [INF] Executed endpoint 'AuraCinema.Web.Controllers.MyTicketsController.Detail (AuraCinema.Web)'
2026-05-25 15:12:21.695 +07:00 [INF] Request finished HTTP/1.1 GET http://localhost:5231/MyTickets/Detail/15052 - 200 null text/html; charset=utf-8 48.2379ms
2026-05-25 15:12:23.759 +07:00 [INF] Request starting HTTP/1.1 GET http://localhost:5231/ - null null
2026-05-25 15:12:23.760 +07:00 [INF] Executing endpoint 'AuraCinema.Web.Controllers.HomeController.Index (AuraCinema.Web)'
2026-05-25 15:12:23.760 +07:00 [INF] Route matched with {action = "Index", controller = "Home", area = ""}. Executing controller action with signature System.Threading.Tasks.Task`1[Microsoft.AspNetCore.Mvc.IActionResult] Index() on controller AuraCinema.Web.Controllers.HomeController (AuraCinema.Web).
2026-05-25 15:12:23.763 +07:00 [INF] Executed DbCommand (1ms) [Parameters=[], CommandType='"Text"', CommandTimeout='30']
SELECT [m].[MovieID], [m].[Title], [m].[Genre], [m].[Poster], [m].[Duration], [m].[Status], [m].[ReleaseDate], [m].[Director]
FROM [Movies] AS [m]
WHERE [m].[Status] IN (N'Dang chieu', N'Sap chieu')
ORDER BY [m].[ReleaseDate] DESC
2026-05-25 15:12:23.766 +07:00 [INF] Executed DbCommand (1ms) [Parameters=[@__p_1='?' (DbType = Int32), @__userId_0='?' (DbType = Int32)], CommandType='"Text"', CommandTimeout='30']
SELECT [t].[OrderID], [t].[CheckInTime], [t].[FinalAmount], [t].[HoldExpiryTime], [t].[OrderCode], [t].[PayOSTransID], [t].[PromoID], [t].[QrCode], [t].[ShowtimeID], [t].[Status], [t].[TotalAmount], [t].[UserID], [s].[ShowtimeID], [s].[EndTime], [s].[MovieID], [s].[RoomID], [s].[ShowtimeCode], [s].[StartTime], [s].[Status], [m].[MovieID], [m].[Actors], [m].[Description], [m].[Director], [m].[Duration], [m].[Genre], [m].[MovieCode], [m].[Poster], [m].[ReleaseDate], [m].[Status], [m].[Title], [m].[Trailer], [r].[RoomID], [r].[Capacity], [r].[RoomCode], [r].[RoomName], [r].[Status], [t0].[OrderID], [t0].[SeatID], [t0].[Price], [t0].[Status], [t0].[SeatID0], [t0].[RoomID], [t0].[RowLabel], [t0].[SeatCode], [t0].[SeatNumber], [t0].[SeatType]
FROM (
    SELECT TOP(@__p_1) [o].[OrderID], [o].[CheckInTime], [o].[FinalAmount], [o].[HoldExpiryTime], [o].[OrderCode], [o].[PayOSTransID], [o].[PromoID], [o].[QrCode], [o].[ShowtimeID], [o].[Status], [o].[TotalAmount], [o].[UserID]
    FROM [Orders] AS [o]
    WHERE [o].[UserID] = @__userId_0 AND [o].[Status] IN (N'Da thanh toan', N'Da su dung', N'Đã thanh toán', N'Đã sử dụng')
    ORDER BY [o].[OrderID] DESC
) AS [t]
INNER JOIN [Showtimes] AS [s] ON [t].[ShowtimeID] = [s].[ShowtimeID]
INNER JOIN [Movies] AS [m] ON [s].[MovieID] = [m].[MovieID]
INNER JOIN [Rooms] AS [r] ON [s].[RoomID] = [r].[RoomID]
LEFT JOIN (
    SELECT [o0].[OrderID], [o0].[SeatID], [o0].[Price], [o0].[Status], [s0].[SeatID] AS [SeatID0], [s0].[RoomID], [s0].[RowLabel], [s0].[SeatCode], [s0].[SeatNumber], [s0].[SeatType]
    FROM [OrderSeats] AS [o0]
    INNER JOIN [Seats] AS [s0] ON [o0].[SeatID] = [s0].[SeatID]
) AS [t0] ON [t].[OrderID] = [t0].[OrderID]
ORDER BY [t].[OrderID] DESC, [s].[ShowtimeID], [m].[MovieID], [r].[RoomID], [t0].[OrderID], [t0].[SeatID]
2026-05-25 15:12:23.766 +07:00 [INF] Executing ViewResult, running view Index.
2026-05-25 15:12:23.768 +07:00 [INF] Executed ViewResult - view Index executed in 1.6246ms.
2026-05-25 15:12:23.768 +07:00 [INF] Executed action AuraCinema.Web.Controllers.HomeController.Index (AuraCinema.Web) in 7.8875ms
2026-05-25 15:12:23.768 +07:00 [INF] Executed endpoint 'AuraCinema.Web.Controllers.HomeController.Index (AuraCinema.Web)'
2026-05-25 15:12:23.768 +07:00 [INF] Request finished HTTP/1.1 GET http://localhost:5231/ - 200 null text/html; charset=utf-8 8.9779ms
2026-05-25 15:12:27.319 +07:00 [INF] Request starting HTTP/1.1 GET http://localhost:5231/Movies/Details/1 - null null
2026-05-25 15:12:27.319 +07:00 [INF] Executing endpoint 'AuraCinema.Web.Controllers.MoviesController.Details (AuraCinema.Web)'
2026-05-25 15:12:27.319 +07:00 [INF] Route matched with {action = "Details", controller = "Movies", area = ""}. Executing controller action with signature System.Threading.Tasks.Task`1[Microsoft.AspNetCore.Mvc.IActionResult] Details(Int32) on controller AuraCinema.Web.Controllers.MoviesController (AuraCinema.Web).
2026-05-25 15:12:27.322 +07:00 [INF] Executed DbCommand (1ms) [Parameters=[@__p_0='?' (DbType = Int32)], CommandType='"Text"', CommandTimeout='30']
SELECT TOP(1) [m].[MovieID], [m].[Actors], [m].[Description], [m].[Director], [m].[Duration], [m].[Genre], [m].[MovieCode], [m].[Poster], [m].[ReleaseDate], [m].[Status], [m].[Title], [m].[Trailer]
FROM [Movies] AS [m]
WHERE [m].[MovieID] = @__p_0
2026-05-25 15:12:27.323 +07:00 [INF] Executed DbCommand (1ms) [Parameters=[@__id_0='?' (DbType = Int32), @__now_1='?' (DbType = DateTime2), @__maxDate_2='?' (DbType = DateTime2)], CommandType='"Text"', CommandTimeout='30']
SELECT [s].[ShowtimeID], [s].[EndTime], [s].[MovieID], [s].[RoomID], [s].[ShowtimeCode], [s].[StartTime], [s].[Status], [r].[RoomID], [r].[Capacity], [r].[RoomCode], [r].[RoomName], [r].[Status]
FROM [Showtimes] AS [s]
INNER JOIN [Rooms] AS [r] ON [s].[RoomID] = [r].[RoomID]
WHERE [s].[MovieID] = @__id_0 AND [s].[Status] = N'Đang mở bán' AND [s].[StartTime] >= @__now_1 AND [s].[StartTime] < @__maxDate_2
ORDER BY [s].[StartTime]
2026-05-25 15:12:27.325 +07:00 [INF] Executed DbCommand (1ms) [Parameters=[@__showtimeIds_0='?' (Size = 4000)], CommandType='"Text"', CommandTimeout='30']
SELECT [o1].[ShowtimeID], COUNT(*) AS [Sold]
FROM [Orders] AS [o]
INNER JOIN [OrderSeats] AS [o0] ON [o].[OrderID] = [o0].[OrderID]
INNER JOIN [Orders] AS [o1] ON [o0].[OrderID] = [o1].[OrderID]
WHERE [o].[ShowtimeID] IN (
    SELECT [s].[value]
    FROM OPENJSON(@__showtimeIds_0) WITH ([value] int '$') AS [s]
) AND ([o].[Status] = N'Đã thanh toán' OR ([o].[Status] = N'Chờ thanh toán' AND [o].[HoldExpiryTime] > GETDATE()))
GROUP BY [o1].[ShowtimeID]
2026-05-25 15:12:27.325 +07:00 [INF] Executing ViewResult, running view Details.
2026-05-25 15:12:27.327 +07:00 [INF] Executed ViewResult - view Details executed in 1.1446ms.
2026-05-25 15:12:27.327 +07:00 [INF] Executed action AuraCinema.Web.Controllers.MoviesController.Details (AuraCinema.Web) in 7.1034ms
2026-05-25 15:12:27.327 +07:00 [INF] Executed endpoint 'AuraCinema.Web.Controllers.MoviesController.Details (AuraCinema.Web)'
2026-05-25 15:12:27.327 +07:00 [INF] Request finished HTTP/1.1 GET http://localhost:5231/Movies/Details/1 - 200 null text/html; charset=utf-8 8.2868ms
2026-05-25 15:12:40.413 +07:00 [INF] Request starting HTTP/1.1 GET http://localhost:5231/Booking/SelectSeats?showtimeId=8095 - null null
2026-05-25 15:12:40.414 +07:00 [INF] Executing endpoint 'AuraCinema.Web.Controllers.BookingController.SelectSeats (AuraCinema.Web)'
2026-05-25 15:12:40.414 +07:00 [INF] Route matched with {action = "SelectSeats", controller = "Booking", area = ""}. Executing controller action with signature System.Threading.Tasks.Task`1[Microsoft.AspNetCore.Mvc.IActionResult] SelectSeats(Int32) on controller AuraCinema.Web.Controllers.BookingController (AuraCinema.Web).
2026-05-25 15:12:40.416 +07:00 [INF] Executed DbCommand (1ms) [Parameters=[@__showtimeId_0='?' (DbType = Int32)], CommandType='"Text"', CommandTimeout='30']
SELECT TOP(1) [s].[ShowtimeID], [s].[EndTime], [s].[MovieID], [s].[RoomID], [s].[ShowtimeCode], [s].[StartTime], [s].[Status], [m].[MovieID], [m].[Actors], [m].[Description], [m].[Director], [m].[Duration], [m].[Genre], [m].[MovieCode], [m].[Poster], [m].[ReleaseDate], [m].[Status], [m].[Title], [m].[Trailer], [r].[RoomID], [r].[Capacity], [r].[RoomCode], [r].[RoomName], [r].[Status]
FROM [Showtimes] AS [s]
INNER JOIN [Movies] AS [m] ON [s].[MovieID] = [m].[MovieID]
INNER JOIN [Rooms] AS [r] ON [s].[RoomID] = [r].[RoomID]
WHERE [s].[ShowtimeID] = @__showtimeId_0
2026-05-25 15:12:40.417 +07:00 [INF] Executed DbCommand (1ms) [Parameters=[@__showtime_RoomID_0='?' (DbType = Int32)], CommandType='"Text"', CommandTimeout='30']
SELECT [s].[SeatID], [s].[RoomID], [s].[RowLabel], [s].[SeatCode], [s].[SeatNumber], [s].[SeatType]
FROM [Seats] AS [s]
WHERE [s].[RoomID] = @__showtime_RoomID_0
ORDER BY [s].[RowLabel], [s].[SeatNumber]
2026-05-25 15:12:40.419 +07:00 [INF] Executed DbCommand (1ms) [Parameters=[@__showtimeId_0='?' (DbType = Int32)], CommandType='"Text"', CommandTimeout='30']
SELECT [o].[OrderID], [o].[SeatID], [o].[Price], [o].[Status], [o0].[OrderID], [o0].[CheckInTime], [o0].[FinalAmount], [o0].[HoldExpiryTime], [o0].[OrderCode], [o0].[PayOSTransID], [o0].[PromoID], [o0].[QrCode], [o0].[ShowtimeID], [o0].[Status], [o0].[TotalAmount], [o0].[UserID]
FROM [OrderSeats] AS [o]
INNER JOIN [Orders] AS [o0] ON [o].[OrderID] = [o0].[OrderID]
WHERE [o0].[ShowtimeID] = @__showtimeId_0 AND ([o0].[Status] = N'Đã thanh toán' OR ([o0].[Status] = N'Chờ thanh toán' AND [o0].[HoldExpiryTime] > GETDATE()))
2026-05-25 15:12:40.419 +07:00 [INF] Executed DbCommand (0ms) [Parameters=[], CommandType='"Text"', CommandTimeout='30']
SELECT [p].[ConfigID], [p].[ConfigCode], [p].[ConfigName], [p].[ConfigType], [p].[EffectiveDate], [p].[SurchargeAmount]
FROM [PriceConfigs] AS [p]
2026-05-25 15:12:40.420 +07:00 [INF] Executing ViewResult, running view SelectSeats.
2026-05-25 15:12:40.421 +07:00 [INF] Executed ViewResult - view SelectSeats executed in 1.1576ms.
2026-05-25 15:12:40.421 +07:00 [INF] Executed action AuraCinema.Web.Controllers.BookingController.SelectSeats (AuraCinema.Web) in 7.2146ms
2026-05-25 15:12:40.421 +07:00 [INF] Executed endpoint 'AuraCinema.Web.Controllers.BookingController.SelectSeats (AuraCinema.Web)'
2026-05-25 15:12:40.421 +07:00 [INF] Request finished HTTP/1.1 GET http://localhost:5231/Booking/SelectSeats?showtimeId=8095 - 200 null text/html; charset=utf-8 8.0557ms
2026-05-25 15:12:41.887 +07:00 [INF] Request starting HTTP/1.1 GET http://localhost:5231/Booking/SelectSeats?showtimeId=8095 - null null
2026-05-25 15:12:41.888 +07:00 [INF] Executing endpoint 'AuraCinema.Web.Controllers.BookingController.SelectSeats (AuraCinema.Web)'
2026-05-25 15:12:41.888 +07:00 [INF] Route matched with {action = "SelectSeats", controller = "Booking", area = ""}. Executing controller action with signature System.Threading.Tasks.Task`1[Microsoft.AspNetCore.Mvc.IActionResult] SelectSeats(Int32) on controller AuraCinema.Web.Controllers.BookingController (AuraCinema.Web).
2026-05-25 15:12:41.891 +07:00 [INF] Executed DbCommand (1ms) [Parameters=[@__showtimeId_0='?' (DbType = Int32)], CommandType='"Text"', CommandTimeout='30']
SELECT TOP(1) [s].[ShowtimeID], [s].[EndTime], [s].[MovieID], [s].[RoomID], [s].[ShowtimeCode], [s].[StartTime], [s].[Status], [m].[MovieID], [m].[Actors], [m].[Description], [m].[Director], [m].[Duration], [m].[Genre], [m].[MovieCode], [m].[Poster], [m].[ReleaseDate], [m].[Status], [m].[Title], [m].[Trailer], [r].[RoomID], [r].[Capacity], [r].[RoomCode], [r].[RoomName], [r].[Status]
FROM [Showtimes] AS [s]
INNER JOIN [Movies] AS [m] ON [s].[MovieID] = [m].[MovieID]
INNER JOIN [Rooms] AS [r] ON [s].[RoomID] = [r].[RoomID]
WHERE [s].[ShowtimeID] = @__showtimeId_0
2026-05-25 15:12:41.893 +07:00 [INF] Executed DbCommand (1ms) [Parameters=[@__showtime_RoomID_0='?' (DbType = Int32)], CommandType='"Text"', CommandTimeout='30']
SELECT [s].[SeatID], [s].[RoomID], [s].[RowLabel], [s].[SeatCode], [s].[SeatNumber], [s].[SeatType]
FROM [Seats] AS [s]
WHERE [s].[RoomID] = @__showtime_RoomID_0
ORDER BY [s].[RowLabel], [s].[SeatNumber]
2026-05-25 15:12:41.895 +07:00 [INF] Executed DbCommand (1ms) [Parameters=[@__showtimeId_0='?' (DbType = Int32)], CommandType='"Text"', CommandTimeout='30']
SELECT [o].[OrderID], [o].[SeatID], [o].[Price], [o].[Status], [o0].[OrderID], [o0].[CheckInTime], [o0].[FinalAmount], [o0].[HoldExpiryTime], [o0].[OrderCode], [o0].[PayOSTransID], [o0].[PromoID], [o0].[QrCode], [o0].[ShowtimeID], [o0].[Status], [o0].[TotalAmount], [o0].[UserID]
FROM [OrderSeats] AS [o]
INNER JOIN [Orders] AS [o0] ON [o].[OrderID] = [o0].[OrderID]
WHERE [o0].[ShowtimeID] = @__showtimeId_0 AND ([o0].[Status] = N'Đã thanh toán' OR ([o0].[Status] = N'Chờ thanh toán' AND [o0].[HoldExpiryTime] > GETDATE()))
2026-05-25 15:12:41.896 +07:00 [INF] Executed DbCommand (1ms) [Parameters=[], CommandType='"Text"', CommandTimeout='30']
SELECT [p].[ConfigID], [p].[ConfigCode], [p].[ConfigName], [p].[ConfigType], [p].[EffectiveDate], [p].[SurchargeAmount]
FROM [PriceConfigs] AS [p]
2026-05-25 15:12:41.897 +07:00 [INF] Executing ViewResult, running view SelectSeats.
2026-05-25 15:12:41.898 +07:00 [INF] Executed ViewResult - view SelectSeats executed in 1.2729ms.
2026-05-25 15:12:41.898 +07:00 [INF] Executed action AuraCinema.Web.Controllers.BookingController.SelectSeats (AuraCinema.Web) in 10.0639ms
2026-05-25 15:12:41.898 +07:00 [INF] Executed endpoint 'AuraCinema.Web.Controllers.BookingController.SelectSeats (AuraCinema.Web)'
2026-05-25 15:12:41.898 +07:00 [INF] Request finished HTTP/1.1 GET http://localhost:5231/Booking/SelectSeats?showtimeId=8095 - 200 null text/html; charset=utf-8 10.9475ms
2026-05-25 15:12:50.169 +07:00 [INF] Request starting HTTP/1.1 GET http://localhost:5231/Booking/AddServices?showtimeId=8095&seatIds=326 - null null
2026-05-25 15:12:50.170 +07:00 [INF] Executing endpoint 'AuraCinema.Web.Controllers.BookingController.AddServices (AuraCinema.Web)'
2026-05-25 15:12:50.170 +07:00 [INF] Route matched with {action = "AddServices", controller = "Booking", area = ""}. Executing controller action with signature System.Threading.Tasks.Task`1[Microsoft.AspNetCore.Mvc.IActionResult] AddServices(Int32, System.String) on controller AuraCinema.Web.Controllers.BookingController (AuraCinema.Web).
2026-05-25 15:12:50.174 +07:00 [INF] Executed DbCommand (1ms) [Parameters=[@__showtimeId_0='?' (DbType = Int32)], CommandType='"Text"', CommandTimeout='30']
SELECT TOP(1) [s].[ShowtimeID], [s].[EndTime], [s].[MovieID], [s].[RoomID], [s].[ShowtimeCode], [s].[StartTime], [s].[Status], [m].[MovieID], [m].[Actors], [m].[Description], [m].[Director], [m].[Duration], [m].[Genre], [m].[MovieCode], [m].[Poster], [m].[ReleaseDate], [m].[Status], [m].[Title], [m].[Trailer]
FROM [Showtimes] AS [s]
INNER JOIN [Movies] AS [m] ON [s].[MovieID] = [m].[MovieID]
WHERE [s].[ShowtimeID] = @__showtimeId_0
2026-05-25 15:12:50.175 +07:00 [INF] Executed DbCommand (1ms) [Parameters=[@__ids_0='?' (Size = 4000)], CommandType='"Text"', CommandTimeout='30']
SELECT [s].[SeatID], [s].[RoomID], [s].[RowLabel], [s].[SeatCode], [s].[SeatNumber], [s].[SeatType]
FROM [Seats] AS [s]
WHERE [s].[SeatID] IN (
    SELECT [i].[value]
    FROM OPENJSON(@__ids_0) WITH ([value] int '$') AS [i]
)
2026-05-25 15:12:50.176 +07:00 [INF] Executed DbCommand (1ms) [Parameters=[], CommandType='"Text"', CommandTimeout='30']
SELECT [s].[ServiceID], [s].[Image], [s].[Price], [s].[ServiceCode], [s].[ServiceName], [s].[Status]
FROM [Services] AS [s]
WHERE [s].[Status] = N'Hoat dong'
2026-05-25 15:12:50.177 +07:00 [INF] Executing ViewResult, running view AddServices.
2026-05-25 15:12:50.179 +07:00 [INF] Executed ViewResult - view AddServices executed in 2.3373ms.
2026-05-25 15:12:50.179 +07:00 [INF] Executed action AuraCinema.Web.Controllers.BookingController.AddServices (AuraCinema.Web) in 9.2981ms
2026-05-25 15:12:50.179 +07:00 [INF] Executed endpoint 'AuraCinema.Web.Controllers.BookingController.AddServices (AuraCinema.Web)'
2026-05-25 15:12:50.179 +07:00 [INF] Request finished HTTP/1.1 GET http://localhost:5231/Booking/AddServices?showtimeId=8095&seatIds=326 - 200 null text/html; charset=utf-8 10.377ms
2026-05-25 15:12:52.003 +07:00 [INF] Request starting HTTP/1.1 GET http://localhost:5231/Booking/AddServices?showtimeId=8095&seatIds=326 - null null
2026-05-25 15:12:52.004 +07:00 [INF] Executing endpoint 'AuraCinema.Web.Controllers.BookingController.AddServices (AuraCinema.Web)'
2026-05-25 15:12:52.004 +07:00 [INF] Route matched with {action = "AddServices", controller = "Booking", area = ""}. Executing controller action with signature System.Threading.Tasks.Task`1[Microsoft.AspNetCore.Mvc.IActionResult] AddServices(Int32, System.String) on controller AuraCinema.Web.Controllers.BookingController (AuraCinema.Web).
2026-05-25 15:12:52.019 +07:00 [INF] Executed DbCommand (13ms) [Parameters=[@__showtimeId_0='?' (DbType = Int32)], CommandType='"Text"', CommandTimeout='30']
SELECT TOP(1) [s].[ShowtimeID], [s].[EndTime], [s].[MovieID], [s].[RoomID], [s].[ShowtimeCode], [s].[StartTime], [s].[Status], [m].[MovieID], [m].[Actors], [m].[Description], [m].[Director], [m].[Duration], [m].[Genre], [m].[MovieCode], [m].[Poster], [m].[ReleaseDate], [m].[Status], [m].[Title], [m].[Trailer]
FROM [Showtimes] AS [s]
INNER JOIN [Movies] AS [m] ON [s].[MovieID] = [m].[MovieID]
WHERE [s].[ShowtimeID] = @__showtimeId_0
2026-05-25 15:12:52.041 +07:00 [INF] Executed DbCommand (22ms) [Parameters=[@__ids_0='?' (Size = 4000)], CommandType='"Text"', CommandTimeout='30']
SELECT [s].[SeatID], [s].[RoomID], [s].[RowLabel], [s].[SeatCode], [s].[SeatNumber], [s].[SeatType]
FROM [Seats] AS [s]
WHERE [s].[SeatID] IN (
    SELECT [i].[value]
    FROM OPENJSON(@__ids_0) WITH ([value] int '$') AS [i]
)
2026-05-25 15:12:52.098 +07:00 [INF] Executed DbCommand (56ms) [Parameters=[], CommandType='"Text"', CommandTimeout='30']
SELECT [s].[ServiceID], [s].[Image], [s].[Price], [s].[ServiceCode], [s].[ServiceName], [s].[Status]
FROM [Services] AS [s]
WHERE [s].[Status] = N'Hoat dong'
2026-05-25 15:12:52.098 +07:00 [INF] Executing ViewResult, running view AddServices.
2026-05-25 15:12:52.101 +07:00 [INF] Executed ViewResult - view AddServices executed in 2.4537ms.
2026-05-25 15:12:52.101 +07:00 [INF] Executed action AuraCinema.Web.Controllers.BookingController.AddServices (AuraCinema.Web) in 96.4648ms
2026-05-25 15:12:52.101 +07:00 [INF] Executed endpoint 'AuraCinema.Web.Controllers.BookingController.AddServices (AuraCinema.Web)'
2026-05-25 15:12:52.101 +07:00 [INF] Request finished HTTP/1.1 GET http://localhost:5231/Booking/AddServices?showtimeId=8095&seatIds=326 - 200 null text/html; charset=utf-8 97.6196ms
2026-05-25 15:12:52.153 +07:00 [INF] Request starting HTTP/1.1 GET http://localhost:5231/uploads/services/59a52eda-0c1c-4d37-80c1-5f8387057f49_69f39a72611a4_1777572466.png - null null
2026-05-25 15:12:52.164 +07:00 [INF] Request starting HTTP/1.1 GET http://localhost:5231/uploads/services/cf8348ec-a68d-45c5-aa81-6ef5be1ecc6b_69ef60b5b7556_1777295542.png - null null
2026-05-25 15:12:52.377 +07:00 [INF] Request starting HTTP/1.1 GET http://localhost:5231/uploads/services/338348c1-4b86-44f7-84a2-08b669cdbd75_69f39cce45180_1777573070.png - null null
2026-05-25 15:12:52.377 +07:00 [INF] Request starting HTTP/1.1 GET http://localhost:5231/uploads/services/c75a5a28-b796-4eeb-8e34-97aa8d835125_69f39baf74edf_1777572783.png - null null
2026-05-25 15:12:52.394 +07:00 [INF] Sending file. Request path: '/uploads/services/cf8348ec-a68d-45c5-aa81-6ef5be1ecc6b_69ef60b5b7556_1777295542.png'. Physical path: 'D:\AURACINEMA\AuraCinema.Web\wwwroot\uploads\services\cf8348ec-a68d-45c5-aa81-6ef5be1ecc6b_69ef60b5b7556_1777295542.png'
2026-05-25 15:12:52.394 +07:00 [INF] Request finished HTTP/1.1 GET http://localhost:5231/uploads/services/cf8348ec-a68d-45c5-aa81-6ef5be1ecc6b_69ef60b5b7556_1777295542.png - 200 117320 image/png 229.5519ms
2026-05-25 15:12:52.401 +07:00 [INF] Sending file. Request path: '/uploads/services/59a52eda-0c1c-4d37-80c1-5f8387057f49_69f39a72611a4_1777572466.png'. Physical path: 'D:\AURACINEMA\AuraCinema.Web\wwwroot\uploads\services\59a52eda-0c1c-4d37-80c1-5f8387057f49_69f39a72611a4_1777572466.png'
2026-05-25 15:12:52.401 +07:00 [INF] Request finished HTTP/1.1 GET http://localhost:5231/uploads/services/59a52eda-0c1c-4d37-80c1-5f8387057f49_69f39a72611a4_1777572466.png - 200 85614 image/png 247.7476ms
2026-05-25 15:12:52.402 +07:00 [INF] Sending file. Request path: '/uploads/services/338348c1-4b86-44f7-84a2-08b669cdbd75_69f39cce45180_1777573070.png'. Physical path: 'D:\AURACINEMA\AuraCinema.Web\wwwroot\uploads\services\338348c1-4b86-44f7-84a2-08b669cdbd75_69f39cce45180_1777573070.png'
2026-05-25 15:12:52.402 +07:00 [INF] Request finished HTTP/1.1 GET http://localhost:5231/uploads/services/338348c1-4b86-44f7-84a2-08b669cdbd75_69f39cce45180_1777573070.png - 200 73611 image/png 25.5967ms
2026-05-25 15:12:52.450 +07:00 [INF] Sending file. Request path: '/uploads/services/c75a5a28-b796-4eeb-8e34-97aa8d835125_69f39baf74edf_1777572783.png'. Physical path: 'D:\AURACINEMA\AuraCinema.Web\wwwroot\uploads\services\c75a5a28-b796-4eeb-8e34-97aa8d835125_69f39baf74edf_1777572783.png'
2026-05-25 15:12:52.450 +07:00 [INF] Request finished HTTP/1.1 GET http://localhost:5231/uploads/services/c75a5a28-b796-4eeb-8e34-97aa8d835125_69f39baf74edf_1777572783.png - 200 69825 image/png 73.1066ms
2026-05-25 15:12:55.798 +07:00 [INF] Request starting HTTP/1.1 POST http://localhost:5231/Booking/ConfirmBooking - application/json 49
2026-05-25 15:12:55.799 +07:00 [INF] Executing endpoint 'AuraCinema.Web.Controllers.BookingController.ConfirmBooking (AuraCinema.Web)'
2026-05-25 15:12:55.799 +07:00 [INF] Route matched with {action = "ConfirmBooking", controller = "Booking", area = ""}. Executing controller action with signature System.Threading.Tasks.Task`1[Microsoft.AspNetCore.Mvc.IActionResult] ConfirmBooking(AuraCinema.Web.ViewModels.Booking.ConfirmBookingRequest) on controller AuraCinema.Web.Controllers.BookingController (AuraCinema.Web).
2026-05-25 15:12:55.810 +07:00 [INF] Executed DbCommand (0ms) [Parameters=[@__showtimeId_0='?' (DbType = Int32)], CommandType='"Text"', CommandTimeout='30']
SELECT TOP(1) [s].[ShowtimeID], [s].[EndTime], [s].[MovieID], [s].[RoomID], [s].[ShowtimeCode], [s].[StartTime], [s].[Status], [m].[MovieID], [m].[Actors], [m].[Description], [m].[Director], [m].[Duration], [m].[Genre], [m].[MovieCode], [m].[Poster], [m].[ReleaseDate], [m].[Status], [m].[Title], [m].[Trailer], [r].[RoomID], [r].[Capacity], [r].[RoomCode], [r].[RoomName], [r].[Status]
FROM [Showtimes] AS [s]
INNER JOIN [Movies] AS [m] ON [s].[MovieID] = [m].[MovieID]
INNER JOIN [Rooms] AS [r] ON [s].[RoomID] = [r].[RoomID]
WHERE [s].[ShowtimeID] = @__showtimeId_0
2026-05-25 15:12:55.812 +07:00 [INF] Executed DbCommand (1ms) [Parameters=[@__showtime_RoomID_0='?' (DbType = Int32)], CommandType='"Text"', CommandTimeout='30']
SELECT [s].[SeatID], [s].[RoomID], [s].[RowLabel], [s].[SeatCode], [s].[SeatNumber], [s].[SeatType]
FROM [Seats] AS [s]
WHERE [s].[RoomID] = @__showtime_RoomID_0
ORDER BY [s].[RowLabel], [s].[SeatNumber]
2026-05-25 15:12:55.813 +07:00 [INF] Executed DbCommand (1ms) [Parameters=[@__showtimeId_0='?' (DbType = Int32)], CommandType='"Text"', CommandTimeout='30']
SELECT [o].[OrderID], [o].[SeatID], [o].[Price], [o].[Status], [o0].[OrderID], [o0].[CheckInTime], [o0].[FinalAmount], [o0].[HoldExpiryTime], [o0].[OrderCode], [o0].[PayOSTransID], [o0].[PromoID], [o0].[QrCode], [o0].[ShowtimeID], [o0].[Status], [o0].[TotalAmount], [o0].[UserID]
FROM [OrderSeats] AS [o]
INNER JOIN [Orders] AS [o0] ON [o].[OrderID] = [o0].[OrderID]
WHERE [o0].[ShowtimeID] = @__showtimeId_0 AND ([o0].[Status] = N'Đã thanh toán' OR ([o0].[Status] = N'Chờ thanh toán' AND [o0].[HoldExpiryTime] > GETDATE()))
2026-05-25 15:12:55.814 +07:00 [INF] Executed DbCommand (0ms) [Parameters=[@__seatIds_0='?' (Size = 4000)], CommandType='"Text"', CommandTimeout='30']
SELECT [s].[SeatID], [s].[RoomID], [s].[RowLabel], [s].[SeatCode], [s].[SeatNumber], [s].[SeatType]
FROM [Seats] AS [s]
WHERE [s].[SeatID] IN (
    SELECT [s0].[value]
    FROM OPENJSON(@__seatIds_0) WITH ([value] int '$') AS [s0]
)
2026-05-25 15:12:55.815 +07:00 [INF] Executed DbCommand (0ms) [Parameters=[@__svcIds_0='?' (Size = 4000)], CommandType='"Text"', CommandTimeout='30']
SELECT [s].[ServiceID], [s].[Image], [s].[Price], [s].[ServiceCode], [s].[ServiceName], [s].[Status]
FROM [Services] AS [s]
WHERE [s].[ServiceID] IN (
    SELECT [s0].[value]
    FROM OPENJSON(@__svcIds_0) WITH ([value] int '$') AS [s0]
)
2026-05-25 15:12:55.816 +07:00 [INF] Executed DbCommand (0ms) [Parameters=[], CommandType='"Text"', CommandTimeout='30']
SELECT [p].[ConfigID], [p].[ConfigCode], [p].[ConfigName], [p].[ConfigType], [p].[EffectiveDate], [p].[SurchargeAmount]
FROM [PriceConfigs] AS [p]
2026-05-25 15:12:55.818 +07:00 [WRN] Savepoints are disabled because Multiple Active Result Sets (MARS) is enabled. If 'SaveChanges' fails, then the transaction cannot be automatically rolled back to a known clean state. Instead, the transaction should be rolled back by the application before retrying 'SaveChanges'. See https://go.microsoft.com/fwlink/?linkid=2149338 for more information and examples. To identify the code which triggers this warning, call 'ConfigureWarnings(w => w.Throw(SqlServerEventId.SavepointsDisabledBecauseOfMARS))'.
2026-05-25 15:12:55.819 +07:00 [INF] Executed DbCommand (1ms) [Parameters=[@p0='?' (DbType = DateTime2), @p1='?' (DbType = Int32), @p2='?' (DbType = DateTime2), @p3='?' (Size = 4000), @p4='?' (Size = 4000), @p5='?' (DbType = Int32), @p6='?' (Size = 4000), @p7='?' (DbType = Int32), @p8='?' (Size = 50), @p9='?' (DbType = Int32), @p10='?' (DbType = Int32)], CommandType='"Text"', CommandTimeout='30']
SET IMPLICIT_TRANSACTIONS OFF;
SET NOCOUNT ON;
INSERT INTO [Orders] ([CheckInTime], [FinalAmount], [HoldExpiryTime], [OrderCode], [PayOSTransID], [PromoID], [QrCode], [ShowtimeID], [Status], [TotalAmount], [UserID])
OUTPUT INSERTED.[OrderID]
VALUES (@p0, @p1, @p2, @p3, @p4, @p5, @p6, @p7, @p8, @p9, @p10);
2026-05-25 15:12:55.820 +07:00 [INF] Executed DbCommand (1ms) [Parameters=[@__seatIds_0='?' (Size = 4000)], CommandType='"Text"', CommandTimeout='30']
SELECT [s].[SeatID], [s].[RoomID], [s].[RowLabel], [s].[SeatCode], [s].[SeatNumber], [s].[SeatType]
FROM [Seats] AS [s]
WHERE [s].[SeatID] IN (
    SELECT [s0].[value]
    FROM OPENJSON(@__seatIds_0) WITH ([value] int '$') AS [s0]
)
2026-05-25 15:12:55.821 +07:00 [INF] Executed DbCommand (0ms) [Parameters=[], CommandType='"Text"', CommandTimeout='30']
SELECT [p].[ConfigID], [p].[ConfigCode], [p].[ConfigName], [p].[ConfigType], [p].[EffectiveDate], [p].[SurchargeAmount]
FROM [PriceConfigs] AS [p]
2026-05-25 15:12:55.823 +07:00 [INF] Executed DbCommand (0ms) [Parameters=[@__svcIds_0='?' (Size = 4000)], CommandType='"Text"', CommandTimeout='30']
SELECT [s].[ServiceID], [s].[Image], [s].[Price], [s].[ServiceCode], [s].[ServiceName], [s].[Status]
FROM [Services] AS [s]
WHERE [s].[ServiceID] IN (
    SELECT [s0].[value]
    FROM OPENJSON(@__svcIds_0) WITH ([value] int '$') AS [s0]
)
2026-05-25 15:12:55.824 +07:00 [WRN] Savepoints are disabled because Multiple Active Result Sets (MARS) is enabled. If 'SaveChanges' fails, then the transaction cannot be automatically rolled back to a known clean state. Instead, the transaction should be rolled back by the application before retrying 'SaveChanges'. See https://go.microsoft.com/fwlink/?linkid=2149338 for more information and examples. To identify the code which triggers this warning, call 'ConfigureWarnings(w => w.Throw(SqlServerEventId.SavepointsDisabledBecauseOfMARS))'.
2026-05-25 15:12:55.825 +07:00 [INF] Executed DbCommand (1ms) [Parameters=[@p0='?' (DbType = Int32), @p1='?' (DbType = Int32), @p2='?' (DbType = Int32), @p3='?' (Size = 20)], CommandType='"Text"', CommandTimeout='30']
SET IMPLICIT_TRANSACTIONS OFF;
SET NOCOUNT ON;
INSERT INTO [OrderSeats] ([OrderID], [SeatID], [Price], [Status])
VALUES (@p0, @p1, @p2, @p3);
2026-05-25 15:12:55.826 +07:00 [INF] Executing OkObjectResult, writing value of type '<>f__AnonymousType13`2[[System.Boolean, System.Private.CoreLib, Version=9.0.0.0, Culture=neutral, PublicKeyToken=7cec85d7bea7798e],[System.String, System.Private.CoreLib, Version=9.0.0.0, Culture=neutral, PublicKeyToken=7cec85d7bea7798e]]'.
2026-05-25 15:12:55.827 +07:00 [INF] Executed action AuraCinema.Web.Controllers.BookingController.ConfirmBooking (AuraCinema.Web) in 27.9766ms
2026-05-25 15:12:55.827 +07:00 [INF] Executed endpoint 'AuraCinema.Web.Controllers.BookingController.ConfirmBooking (AuraCinema.Web)'
2026-05-25 15:12:55.827 +07:00 [INF] Request finished HTTP/1.1 POST http://localhost:5231/Booking/ConfirmBooking - 200 null application/json; charset=utf-8 28.917ms
2026-05-25 15:12:55.840 +07:00 [INF] Request starting HTTP/1.1 GET http://localhost:5231/Booking/Checkout?orderId=15053 - null null
2026-05-25 15:12:55.842 +07:00 [INF] Executing endpoint 'AuraCinema.Web.Controllers.BookingController.Checkout (AuraCinema.Web)'
2026-05-25 15:12:55.842 +07:00 [INF] Route matched with {action = "Checkout", controller = "Booking", area = ""}. Executing controller action with signature System.Threading.Tasks.Task`1[Microsoft.AspNetCore.Mvc.IActionResult] Checkout(Int32, System.Nullable`1[System.Int32]) on controller AuraCinema.Web.Controllers.BookingController (AuraCinema.Web).
2026-05-25 15:12:55.845 +07:00 [INF] Executed DbCommand (1ms) [Parameters=[@__id_0='?' (DbType = Int32)], CommandType='"Text"', CommandTimeout='30']
SELECT [t].[OrderID], [t].[CheckInTime], [t].[FinalAmount], [t].[HoldExpiryTime], [t].[OrderCode], [t].[PayOSTransID], [t].[PromoID], [t].[QrCode], [t].[ShowtimeID], [t].[Status], [t].[TotalAmount], [t].[UserID], [t].[UserID0], [t].[Email], [t].[FullName], [t].[OtpCode], [t].[OtpExpiry], [t].[Password], [t].[Phone], [t].[Role], [t].[Status0], [t].[UserCode], [t].[ShowtimeID0], [t].[EndTime], [t].[MovieID], [t].[RoomID], [t].[ShowtimeCode], [t].[StartTime], [t].[Status1], [t].[MovieID0], [t].[Actors], [t].[Description], [t].[Director], [t].[Duration], [t].[Genre], [t].[MovieCode], [t].[Poster], [t].[ReleaseDate], [t].[Status2], [t].[Title], [t].[Trailer], [t].[RoomID0], [t].[Capacity], [t].[RoomCode], [t].[RoomName], [t].[Status3], [t].[PromoID0], [t].[Condition], [t].[DiscountValue], [t].[EndDate], [t].[MinAmount], [t].[PromoCode], [t].[StartDate], [t].[Status4], [t].[Title0], [t0].[OrderID], [t0].[SeatID], [t0].[Price], [t0].[Status], [t0].[SeatID0], [t0].[RoomID], [t0].[RowLabel], [t0].[SeatCode], [t0].[SeatNumber], [t0].[SeatType], [t1].[OrderID], [t1].[ServiceID], [t1].[Price], [t1].[Quantity], [t1].[ServiceID0], [t1].[Image], [t1].[Price0], [t1].[ServiceCode], [t1].[ServiceName], [t1].[Status]
FROM (
    SELECT TOP(1) [o].[OrderID], [o].[CheckInTime], [o].[FinalAmount], [o].[HoldExpiryTime], [o].[OrderCode], [o].[PayOSTransID], [o].[PromoID], [o].[QrCode], [o].[ShowtimeID], [o].[Status], [o].[TotalAmount], [o].[UserID], [u].[UserID] AS [UserID0], [u].[Email], [u].[FullName], [u].[OtpCode], [u].[OtpExpiry], [u].[Password], [u].[Phone], [u].[Role], [u].[Status] AS [Status0], [u].[UserCode], [s].[ShowtimeID] AS [ShowtimeID0], [s].[EndTime], [s].[MovieID], [s].[RoomID], [s].[ShowtimeCode], [s].[StartTime], [s].[Status] AS [Status1], [m].[MovieID] AS [MovieID0], [m].[Actors], [m].[Description], [m].[Director], [m].[Duration], [m].[Genre], [m].[MovieCode], [m].[Poster], [m].[ReleaseDate], [m].[Status] AS [Status2], [m].[Title], [m].[Trailer], [r].[RoomID] AS [RoomID0], [r].[Capacity], [r].[RoomCode], [r].[RoomName], [r].[Status] AS [Status3], [p].[PromoID] AS [PromoID0], [p].[Condition], [p].[DiscountValue], [p].[EndDate], [p].[MinAmount], [p].[PromoCode], [p].[StartDate], [p].[Status] AS [Status4], [p].[Title] AS [Title0]
    FROM [Orders] AS [o]
    INNER JOIN [Users] AS [u] ON [o].[UserID] = [u].[UserID]
    INNER JOIN [Showtimes] AS [s] ON [o].[ShowtimeID] = [s].[ShowtimeID]
    INNER JOIN [Movies] AS [m] ON [s].[MovieID] = [m].[MovieID]
    INNER JOIN [Rooms] AS [r] ON [s].[RoomID] = [r].[RoomID]
    LEFT JOIN [Promotions] AS [p] ON [o].[PromoID] = [p].[PromoID]
    WHERE [o].[OrderID] = @__id_0
) AS [t]
LEFT JOIN (
    SELECT [o0].[OrderID], [o0].[SeatID], [o0].[Price], [o0].[Status], [s0].[SeatID] AS [SeatID0], [s0].[RoomID], [s0].[RowLabel], [s0].[SeatCode], [s0].[SeatNumber], [s0].[SeatType]
    FROM [OrderSeats] AS [o0]
    INNER JOIN [Seats] AS [s0] ON [o0].[SeatID] = [s0].[SeatID]
) AS [t0] ON [t].[OrderID] = [t0].[OrderID]
LEFT JOIN (
    SELECT [o1].[OrderID], [o1].[ServiceID], [o1].[Price], [o1].[Quantity], [s1].[ServiceID] AS [ServiceID0], [s1].[Image], [s1].[Price] AS [Price0], [s1].[ServiceCode], [s1].[ServiceName], [s1].[Status]
    FROM [OrderServices] AS [o1]
    INNER JOIN [Services] AS [s1] ON [o1].[ServiceID] = [s1].[ServiceID]
) AS [t1] ON [t].[OrderID] = [t1].[OrderID]
ORDER BY [t].[OrderID], [t].[UserID0], [t].[ShowtimeID0], [t].[MovieID0], [t].[RoomID0], [t].[PromoID0], [t0].[OrderID], [t0].[SeatID], [t0].[SeatID0], [t1].[OrderID], [t1].[ServiceID]
2026-05-25 15:12:55.849 +07:00 [INF] Executed DbCommand (2ms) [Parameters=[@__totalAmount_0='?' (DbType = Int32)], CommandType='"Text"', CommandTimeout='30']
SELECT [p].[PromoID], [p].[Condition], [p].[DiscountValue], [p].[EndDate], [p].[MinAmount], [p].[PromoCode], [p].[StartDate], [p].[Status], [p].[Title]
FROM [Promotions] AS [p]
WHERE [p].[Status] = N'Hoat dong' AND [p].[StartDate] <= GETDATE() AND [p].[EndDate] >= GETDATE() AND [p].[MinAmount] <= @__totalAmount_0
ORDER BY [p].[DiscountValue] DESC
2026-05-25 15:12:55.849 +07:00 [INF] Executing ViewResult, running view Checkout.
2026-05-25 15:12:55.851 +07:00 [INF] Executed ViewResult - view Checkout executed in 1.6564ms.
2026-05-25 15:12:55.851 +07:00 [INF] Executed action AuraCinema.Web.Controllers.BookingController.Checkout (AuraCinema.Web) in 8.6956ms
2026-05-25 15:12:55.851 +07:00 [INF] Executed endpoint 'AuraCinema.Web.Controllers.BookingController.Checkout (AuraCinema.Web)'
2026-05-25 15:12:55.851 +07:00 [INF] Request finished HTTP/1.1 GET http://localhost:5231/Booking/Checkout?orderId=15053 - 200 null text/html; charset=utf-8 10.7229ms
2026-05-25 15:12:57.475 +07:00 [INF] Request starting HTTP/1.1 POST http://localhost:5231/Booking/ConfirmBooking - application/json 49
2026-05-25 15:12:57.475 +07:00 [INF] Executing endpoint 'AuraCinema.Web.Controllers.BookingController.ConfirmBooking (AuraCinema.Web)'
2026-05-25 15:12:57.476 +07:00 [INF] Route matched with {action = "ConfirmBooking", controller = "Booking", area = ""}. Executing controller action with signature System.Threading.Tasks.Task`1[Microsoft.AspNetCore.Mvc.IActionResult] ConfirmBooking(AuraCinema.Web.ViewModels.Booking.ConfirmBookingRequest) on controller AuraCinema.Web.Controllers.BookingController (AuraCinema.Web).
2026-05-25 15:12:57.506 +07:00 [INF] Executed DbCommand (4ms) [Parameters=[@__showtimeId_0='?' (DbType = Int32)], CommandType='"Text"', CommandTimeout='30']
SELECT TOP(1) [s].[ShowtimeID], [s].[EndTime], [s].[MovieID], [s].[RoomID], [s].[ShowtimeCode], [s].[StartTime], [s].[Status], [m].[MovieID], [m].[Actors], [m].[Description], [m].[Director], [m].[Duration], [m].[Genre], [m].[MovieCode], [m].[Poster], [m].[ReleaseDate], [m].[Status], [m].[Title], [m].[Trailer], [r].[RoomID], [r].[Capacity], [r].[RoomCode], [r].[RoomName], [r].[Status]
FROM [Showtimes] AS [s]
INNER JOIN [Movies] AS [m] ON [s].[MovieID] = [m].[MovieID]
INNER JOIN [Rooms] AS [r] ON [s].[RoomID] = [r].[RoomID]
WHERE [s].[ShowtimeID] = @__showtimeId_0
2026-05-25 15:12:57.510 +07:00 [INF] Executed DbCommand (4ms) [Parameters=[@__showtime_RoomID_0='?' (DbType = Int32)], CommandType='"Text"', CommandTimeout='30']
SELECT [s].[SeatID], [s].[RoomID], [s].[RowLabel], [s].[SeatCode], [s].[SeatNumber], [s].[SeatType]
FROM [Seats] AS [s]
WHERE [s].[RoomID] = @__showtime_RoomID_0
ORDER BY [s].[RowLabel], [s].[SeatNumber]
2026-05-25 15:12:57.512 +07:00 [INF] Executed DbCommand (1ms) [Parameters=[@__showtimeId_0='?' (DbType = Int32)], CommandType='"Text"', CommandTimeout='30']
SELECT [o].[OrderID], [o].[SeatID], [o].[Price], [o].[Status], [o0].[OrderID], [o0].[CheckInTime], [o0].[FinalAmount], [o0].[HoldExpiryTime], [o0].[OrderCode], [o0].[PayOSTransID], [o0].[PromoID], [o0].[QrCode], [o0].[ShowtimeID], [o0].[Status], [o0].[TotalAmount], [o0].[UserID]
FROM [OrderSeats] AS [o]
INNER JOIN [Orders] AS [o0] ON [o].[OrderID] = [o0].[OrderID]
WHERE [o0].[ShowtimeID] = @__showtimeId_0 AND ([o0].[Status] = N'Đã thanh toán' OR ([o0].[Status] = N'Chờ thanh toán' AND [o0].[HoldExpiryTime] > GETDATE()))
2026-05-25 15:12:57.519 +07:00 [INF] Executing BadRequestObjectResult, writing value of type '<>f__AnonymousType3`2[[System.Boolean, System.Private.CoreLib, Version=9.0.0.0, Culture=neutral, PublicKeyToken=7cec85d7bea7798e],[System.String, System.Private.CoreLib, Version=9.0.0.0, Culture=neutral, PublicKeyToken=7cec85d7bea7798e]]'.
2026-05-25 15:12:57.524 +07:00 [INF] Executed action AuraCinema.Web.Controllers.BookingController.ConfirmBooking (AuraCinema.Web) in 48.0207ms
2026-05-25 15:12:57.524 +07:00 [INF] Executed endpoint 'AuraCinema.Web.Controllers.BookingController.ConfirmBooking (AuraCinema.Web)'
2026-05-25 15:12:57.524 +07:00 [INF] Request finished HTTP/1.1 POST http://localhost:5231/Booking/ConfirmBooking - 400 null application/json; charset=utf-8 49.2652ms
2026-05-25 15:13:01.596 +07:00 [INF] Request starting HTTP/1.1 GET http://localhost:5231/Booking/SelectSeats?showtimeId=8095 - null null
2026-05-25 15:13:01.597 +07:00 [INF] Executing endpoint 'AuraCinema.Web.Controllers.BookingController.SelectSeats (AuraCinema.Web)'
2026-05-25 15:13:01.597 +07:00 [INF] Route matched with {action = "SelectSeats", controller = "Booking", area = ""}. Executing controller action with signature System.Threading.Tasks.Task`1[Microsoft.AspNetCore.Mvc.IActionResult] SelectSeats(Int32) on controller AuraCinema.Web.Controllers.BookingController (AuraCinema.Web).
2026-05-25 15:13:01.599 +07:00 [INF] Executed DbCommand (1ms) [Parameters=[@__showtimeId_0='?' (DbType = Int32)], CommandType='"Text"', CommandTimeout='30']
SELECT TOP(1) [s].[ShowtimeID], [s].[EndTime], [s].[MovieID], [s].[RoomID], [s].[ShowtimeCode], [s].[StartTime], [s].[Status], [m].[MovieID], [m].[Actors], [m].[Description], [m].[Director], [m].[Duration], [m].[Genre], [m].[MovieCode], [m].[Poster], [m].[ReleaseDate], [m].[Status], [m].[Title], [m].[Trailer], [r].[RoomID], [r].[Capacity], [r].[RoomCode], [r].[RoomName], [r].[Status]
FROM [Showtimes] AS [s]
INNER JOIN [Movies] AS [m] ON [s].[MovieID] = [m].[MovieID]
INNER JOIN [Rooms] AS [r] ON [s].[RoomID] = [r].[RoomID]
WHERE [s].[ShowtimeID] = @__showtimeId_0
2026-05-25 15:13:01.600 +07:00 [INF] Executed DbCommand (1ms) [Parameters=[@__showtime_RoomID_0='?' (DbType = Int32)], CommandType='"Text"', CommandTimeout='30']
SELECT [s].[SeatID], [s].[RoomID], [s].[RowLabel], [s].[SeatCode], [s].[SeatNumber], [s].[SeatType]
FROM [Seats] AS [s]
WHERE [s].[RoomID] = @__showtime_RoomID_0
ORDER BY [s].[RowLabel], [s].[SeatNumber]
2026-05-25 15:13:01.602 +07:00 [INF] Executed DbCommand (1ms) [Parameters=[@__showtimeId_0='?' (DbType = Int32)], CommandType='"Text"', CommandTimeout='30']
SELECT [o].[OrderID], [o].[SeatID], [o].[Price], [o].[Status], [o0].[OrderID], [o0].[CheckInTime], [o0].[FinalAmount], [o0].[HoldExpiryTime], [o0].[OrderCode], [o0].[PayOSTransID], [o0].[PromoID], [o0].[QrCode], [o0].[ShowtimeID], [o0].[Status], [o0].[TotalAmount], [o0].[UserID]
FROM [OrderSeats] AS [o]
INNER JOIN [Orders] AS [o0] ON [o].[OrderID] = [o0].[OrderID]
WHERE [o0].[ShowtimeID] = @__showtimeId_0 AND ([o0].[Status] = N'Đã thanh toán' OR ([o0].[Status] = N'Chờ thanh toán' AND [o0].[HoldExpiryTime] > GETDATE()))
2026-05-25 15:13:01.603 +07:00 [INF] Executed DbCommand (0ms) [Parameters=[], CommandType='"Text"', CommandTimeout='30']
SELECT [p].[ConfigID], [p].[ConfigCode], [p].[ConfigName], [p].[ConfigType], [p].[EffectiveDate], [p].[SurchargeAmount]
FROM [PriceConfigs] AS [p]
2026-05-25 15:13:01.604 +07:00 [INF] Executing ViewResult, running view SelectSeats.
2026-05-25 15:13:01.605 +07:00 [INF] Executed ViewResult - view SelectSeats executed in 1.1827ms.
2026-05-25 15:13:01.605 +07:00 [INF] Executed action AuraCinema.Web.Controllers.BookingController.SelectSeats (AuraCinema.Web) in 8.0464ms
2026-05-25 15:13:01.605 +07:00 [INF] Executed endpoint 'AuraCinema.Web.Controllers.BookingController.SelectSeats (AuraCinema.Web)'
2026-05-25 15:13:01.605 +07:00 [INF] Request finished HTTP/1.1 GET http://localhost:5231/Booking/SelectSeats?showtimeId=8095 - 200 null text/html; charset=utf-8 8.8568ms
2026-05-25 15:13:05.970 +07:00 [INF] Executed DbCommand (1ms) [Parameters=[], CommandType='"Text"', CommandTimeout='30']
SELECT [o].[OrderID], [o].[CheckInTime], [o].[FinalAmount], [o].[HoldExpiryTime], [o].[OrderCode], [o].[PayOSTransID], [o].[PromoID], [o].[QrCode], [o].[ShowtimeID], [o].[Status], [o].[TotalAmount], [o].[UserID]
FROM [Orders] AS [o]
WHERE [o].[Status] = N'Chờ thanh toán' AND [o].[HoldExpiryTime] <= GETDATE()
2026-05-25 15:13:05.973 +07:00 [INF] Executed DbCommand (1ms) [Parameters=[@__maxSellingDate_0='?' (DbType = DateTime2), @__now_1='?' (DbType = DateTime2)], CommandType='"Text"', CommandTimeout='30']
SELECT [s].[ShowtimeID], [s].[EndTime], [s].[MovieID], [s].[RoomID], [s].[ShowtimeCode], [s].[StartTime], [s].[Status]
FROM [Showtimes] AS [s]
WHERE [s].[Status] IN (N'Đã lên lịch', N'Sap chieu') AND CONVERT(date, [s].[StartTime]) <= @__maxSellingDate_0 AND [s].[StartTime] > @__now_1
2026-05-25 15:13:05.974 +07:00 [INF] Executed DbCommand (1ms) [Parameters=[@__now_0='?' (DbType = DateTime2)], CommandType='"Text"', CommandTimeout='30']
SELECT [s].[ShowtimeID], [s].[EndTime], [s].[MovieID], [s].[RoomID], [s].[ShowtimeCode], [s].[StartTime], [s].[Status]
FROM [Showtimes] AS [s]
WHERE [s].[Status] IN (N'Đã lên lịch', N'Đang mở bán', N'Sap chieu') AND [s].[StartTime] <= @__now_0 AND [s].[EndTime] > @__now_0
2026-05-25 15:13:05.975 +07:00 [INF] Executed DbCommand (1ms) [Parameters=[@__now_0='?' (DbType = DateTime2)], CommandType='"Text"', CommandTimeout='30']
SELECT [s].[ShowtimeID], [s].[EndTime], [s].[MovieID], [s].[RoomID], [s].[ShowtimeCode], [s].[StartTime], [s].[Status]
FROM [Showtimes] AS [s]
WHERE [s].[Status] IN (N'Đã lên lịch', N'Đang mở bán', N'Đang chiếu', N'Sap chieu', N'Dang dien ra') AND [s].[EndTime] <= @__now_0
2026-05-25 15:13:05.977 +07:00 [INF] Executed DbCommand (1ms) [Parameters=[@__today_0='?' (DbType = Date)], CommandType='"Text"', CommandTimeout='30']
SELECT [m].[MovieID], [m].[Actors], [m].[Description], [m].[Director], [m].[Duration], [m].[Genre], [m].[MovieCode], [m].[Poster], [m].[ReleaseDate], [m].[Status], [m].[Title], [m].[Trailer]
FROM [Movies] AS [m]
WHERE [m].[Status] = N'Sap chieu' AND [m].[ReleaseDate] <= @__today_0
2026-05-25 15:13:22.443 +07:00 [INF] Request starting HTTP/1.1 GET http://localhost:5231/Booking/AddServices?showtimeId=8095&seatIds=343 - null null
2026-05-25 15:13:22.444 +07:00 [INF] Executing endpoint 'AuraCinema.Web.Controllers.BookingController.AddServices (AuraCinema.Web)'
2026-05-25 15:13:22.444 +07:00 [INF] Route matched with {action = "AddServices", controller = "Booking", area = ""}. Executing controller action with signature System.Threading.Tasks.Task`1[Microsoft.AspNetCore.Mvc.IActionResult] AddServices(Int32, System.String) on controller AuraCinema.Web.Controllers.BookingController (AuraCinema.Web).
2026-05-25 15:13:22.449 +07:00 [INF] Executed DbCommand (1ms) [Parameters=[@__showtimeId_0='?' (DbType = Int32)], CommandType='"Text"', CommandTimeout='30']
SELECT TOP(1) [s].[ShowtimeID], [s].[EndTime], [s].[MovieID], [s].[RoomID], [s].[ShowtimeCode], [s].[StartTime], [s].[Status], [m].[MovieID], [m].[Actors], [m].[Description], [m].[Director], [m].[Duration], [m].[Genre], [m].[MovieCode], [m].[Poster], [m].[ReleaseDate], [m].[Status], [m].[Title], [m].[Trailer]
FROM [Showtimes] AS [s]
INNER JOIN [Movies] AS [m] ON [s].[MovieID] = [m].[MovieID]
WHERE [s].[ShowtimeID] = @__showtimeId_0
2026-05-25 15:13:22.451 +07:00 [INF] Executed DbCommand (1ms) [Parameters=[@__ids_0='?' (Size = 4000)], CommandType='"Text"', CommandTimeout='30']
SELECT [s].[SeatID], [s].[RoomID], [s].[RowLabel], [s].[SeatCode], [s].[SeatNumber], [s].[SeatType]
FROM [Seats] AS [s]
WHERE [s].[SeatID] IN (
    SELECT [i].[value]
    FROM OPENJSON(@__ids_0) WITH ([value] int '$') AS [i]
)
2026-05-25 15:13:22.452 +07:00 [INF] Executed DbCommand (1ms) [Parameters=[], CommandType='"Text"', CommandTimeout='30']
SELECT [s].[ServiceID], [s].[Image], [s].[Price], [s].[ServiceCode], [s].[ServiceName], [s].[Status]
FROM [Services] AS [s]
WHERE [s].[Status] = N'Hoat dong'
2026-05-25 15:13:22.453 +07:00 [INF] Executing ViewResult, running view AddServices.
2026-05-25 15:13:22.454 +07:00 [INF] Executed ViewResult - view AddServices executed in 1.2723ms.
2026-05-25 15:13:22.454 +07:00 [INF] Executed action AuraCinema.Web.Controllers.BookingController.AddServices (AuraCinema.Web) in 9.9621ms
2026-05-25 15:13:22.454 +07:00 [INF] Executed endpoint 'AuraCinema.Web.Controllers.BookingController.AddServices (AuraCinema.Web)'
2026-05-25 15:13:22.454 +07:00 [INF] Request finished HTTP/1.1 GET http://localhost:5231/Booking/AddServices?showtimeId=8095&seatIds=343 - 200 null text/html; charset=utf-8 11.076ms
2026-05-25 15:14:05.998 +07:00 [INF] Executed DbCommand (1ms) [Parameters=[], CommandType='"Text"', CommandTimeout='30']
SELECT [o].[OrderID], [o].[CheckInTime], [o].[FinalAmount], [o].[HoldExpiryTime], [o].[OrderCode], [o].[PayOSTransID], [o].[PromoID], [o].[QrCode], [o].[ShowtimeID], [o].[Status], [o].[TotalAmount], [o].[UserID]
FROM [Orders] AS [o]
WHERE [o].[Status] = N'Chờ thanh toán' AND [o].[HoldExpiryTime] <= GETDATE()
2026-05-25 15:14:05.998 +07:00 [INF] Cleaning up 1 expired orders.
2026-05-25 15:14:06.001 +07:00 [INF] Executed DbCommand (1ms) [Parameters=[@p1='?' (DbType = Int32), @p0='?' (Size = 50)], CommandType='"Text"', CommandTimeout='30']
SET IMPLICIT_TRANSACTIONS OFF;
SET NOCOUNT ON;
UPDATE [Orders] SET [Status] = @p0
OUTPUT 1
WHERE [OrderID] = @p1;
2026-05-25 15:14:06.004 +07:00 [INF] Executed DbCommand (1ms) [Parameters=[@__maxSellingDate_0='?' (DbType = DateTime2), @__now_1='?' (DbType = DateTime2)], CommandType='"Text"', CommandTimeout='30']
SELECT [s].[ShowtimeID], [s].[EndTime], [s].[MovieID], [s].[RoomID], [s].[ShowtimeCode], [s].[StartTime], [s].[Status]
FROM [Showtimes] AS [s]
WHERE [s].[Status] IN (N'Đã lên lịch', N'Sap chieu') AND CONVERT(date, [s].[StartTime]) <= @__maxSellingDate_0 AND [s].[StartTime] > @__now_1
2026-05-25 15:14:06.005 +07:00 [INF] Executed DbCommand (0ms) [Parameters=[@__now_0='?' (DbType = DateTime2)], CommandType='"Text"', CommandTimeout='30']
SELECT [s].[ShowtimeID], [s].[EndTime], [s].[MovieID], [s].[RoomID], [s].[ShowtimeCode], [s].[StartTime], [s].[Status]
FROM [Showtimes] AS [s]
WHERE [s].[Status] IN (N'Đã lên lịch', N'Đang mở bán', N'Sap chieu') AND [s].[StartTime] <= @__now_0 AND [s].[EndTime] > @__now_0
2026-05-25 15:14:06.006 +07:00 [INF] Executed DbCommand (1ms) [Parameters=[@__now_0='?' (DbType = DateTime2)], CommandType='"Text"', CommandTimeout='30']
SELECT [s].[ShowtimeID], [s].[EndTime], [s].[MovieID], [s].[RoomID], [s].[ShowtimeCode], [s].[StartTime], [s].[Status]
FROM [Showtimes] AS [s]
WHERE [s].[Status] IN (N'Đã lên lịch', N'Đang mở bán', N'Đang chiếu', N'Sap chieu', N'Dang dien ra') AND [s].[EndTime] <= @__now_0
2026-05-25 15:14:06.007 +07:00 [INF] Executed DbCommand (1ms) [Parameters=[@__today_0='?' (DbType = Date)], CommandType='"Text"', CommandTimeout='30']
SELECT [m].[MovieID], [m].[Actors], [m].[Description], [m].[Director], [m].[Duration], [m].[Genre], [m].[MovieCode], [m].[Poster], [m].[ReleaseDate], [m].[Status], [m].[Title], [m].[Trailer]
FROM [Movies] AS [m]
WHERE [m].[Status] = N'Sap chieu' AND [m].[ReleaseDate] <= @__today_0
2026-05-25 15:15:06.020 +07:00 [INF] Executed DbCommand (1ms) [Parameters=[], CommandType='"Text"', CommandTimeout='30']
SELECT [o].[OrderID], [o].[CheckInTime], [o].[FinalAmount], [o].[HoldExpiryTime], [o].[OrderCode], [o].[PayOSTransID], [o].[PromoID], [o].[QrCode], [o].[ShowtimeID], [o].[Status], [o].[TotalAmount], [o].[UserID]
FROM [Orders] AS [o]
WHERE [o].[Status] = N'Chờ thanh toán' AND [o].[HoldExpiryTime] <= GETDATE()
2026-05-25 15:15:06.022 +07:00 [INF] Executed DbCommand (1ms) [Parameters=[@__maxSellingDate_0='?' (DbType = DateTime2), @__now_1='?' (DbType = DateTime2)], CommandType='"Text"', CommandTimeout='30']
SELECT [s].[ShowtimeID], [s].[EndTime], [s].[MovieID], [s].[RoomID], [s].[ShowtimeCode], [s].[StartTime], [s].[Status]
FROM [Showtimes] AS [s]
WHERE [s].[Status] IN (N'Đã lên lịch', N'Sap chieu') AND CONVERT(date, [s].[StartTime]) <= @__maxSellingDate_0 AND [s].[StartTime] > @__now_1
2026-05-25 15:15:06.023 +07:00 [INF] Executed DbCommand (1ms) [Parameters=[@__now_0='?' (DbType = DateTime2)], CommandType='"Text"', CommandTimeout='30']
SELECT [s].[ShowtimeID], [s].[EndTime], [s].[MovieID], [s].[RoomID], [s].[ShowtimeCode], [s].[StartTime], [s].[Status]
FROM [Showtimes] AS [s]
WHERE [s].[Status] IN (N'Đã lên lịch', N'Đang mở bán', N'Sap chieu') AND [s].[StartTime] <= @__now_0 AND [s].[EndTime] > @__now_0
2026-05-25 15:15:06.024 +07:00 [INF] Executed DbCommand (1ms) [Parameters=[@__now_0='?' (DbType = DateTime2)], CommandType='"Text"', CommandTimeout='30']
SELECT [s].[ShowtimeID], [s].[EndTime], [s].[MovieID], [s].[RoomID], [s].[ShowtimeCode], [s].[StartTime], [s].[Status]
FROM [Showtimes] AS [s]
WHERE [s].[Status] IN (N'Đã lên lịch', N'Đang mở bán', N'Đang chiếu', N'Sap chieu', N'Dang dien ra') AND [s].[EndTime] <= @__now_0
2026-05-25 15:15:06.025 +07:00 [INF] Executed DbCommand (0ms) [Parameters=[@__today_0='?' (DbType = Date)], CommandType='"Text"', CommandTimeout='30']
SELECT [m].[MovieID], [m].[Actors], [m].[Description], [m].[Director], [m].[Duration], [m].[Genre], [m].[MovieCode], [m].[Poster], [m].[ReleaseDate], [m].[Status], [m].[Title], [m].[Trailer]
FROM [Movies] AS [m]
WHERE [m].[Status] = N'Sap chieu' AND [m].[ReleaseDate] <= @__today_0
2026-05-25 15:15:52.738 +07:00 [INF] Request starting HTTP/1.1 GET http://localhost:5231/Booking/AddServices?showtimeId=8095&seatIds=326 - null null
2026-05-25 15:15:52.738 +07:00 [INF] Executing endpoint 'AuraCinema.Web.Controllers.BookingController.AddServices (AuraCinema.Web)'
2026-05-25 15:15:52.739 +07:00 [INF] Route matched with {action = "AddServices", controller = "Booking", area = ""}. Executing controller action with signature System.Threading.Tasks.Task`1[Microsoft.AspNetCore.Mvc.IActionResult] AddServices(Int32, System.String) on controller AuraCinema.Web.Controllers.BookingController (AuraCinema.Web).
2026-05-25 15:15:52.742 +07:00 [INF] Executed DbCommand (1ms) [Parameters=[@__showtimeId_0='?' (DbType = Int32)], CommandType='"Text"', CommandTimeout='30']
SELECT TOP(1) [s].[ShowtimeID], [s].[EndTime], [s].[MovieID], [s].[RoomID], [s].[ShowtimeCode], [s].[StartTime], [s].[Status], [m].[MovieID], [m].[Actors], [m].[Description], [m].[Director], [m].[Duration], [m].[Genre], [m].[MovieCode], [m].[Poster], [m].[ReleaseDate], [m].[Status], [m].[Title], [m].[Trailer]
FROM [Showtimes] AS [s]
INNER JOIN [Movies] AS [m] ON [s].[MovieID] = [m].[MovieID]
WHERE [s].[ShowtimeID] = @__showtimeId_0
2026-05-25 15:15:52.744 +07:00 [INF] Executed DbCommand (1ms) [Parameters=[@__ids_0='?' (Size = 4000)], CommandType='"Text"', CommandTimeout='30']
SELECT [s].[SeatID], [s].[RoomID], [s].[RowLabel], [s].[SeatCode], [s].[SeatNumber], [s].[SeatType]
FROM [Seats] AS [s]
WHERE [s].[SeatID] IN (
    SELECT [i].[value]
    FROM OPENJSON(@__ids_0) WITH ([value] int '$') AS [i]
)
2026-05-25 15:15:52.747 +07:00 [INF] Executed DbCommand (1ms) [Parameters=[], CommandType='"Text"', CommandTimeout='30']
SELECT [s].[ServiceID], [s].[Image], [s].[Price], [s].[ServiceCode], [s].[ServiceName], [s].[Status]
FROM [Services] AS [s]
WHERE [s].[Status] = N'Hoat dong'
2026-05-25 15:15:52.747 +07:00 [INF] Executing ViewResult, running view AddServices.
2026-05-25 15:15:52.748 +07:00 [INF] Executed ViewResult - view AddServices executed in 1.1781ms.
2026-05-25 15:15:52.748 +07:00 [INF] Executed action AuraCinema.Web.Controllers.BookingController.AddServices (AuraCinema.Web) in 9.4186ms
2026-05-25 15:15:52.748 +07:00 [INF] Executed endpoint 'AuraCinema.Web.Controllers.BookingController.AddServices (AuraCinema.Web)'
2026-05-25 15:15:52.749 +07:00 [INF] Request finished HTTP/1.1 GET http://localhost:5231/Booking/AddServices?showtimeId=8095&seatIds=326 - 200 null text/html; charset=utf-8 11.478ms
2026-05-25 15:15:54.293 +07:00 [INF] Request starting HTTP/1.1 POST http://localhost:5231/Booking/ConfirmBooking - application/json 49
2026-05-25 15:15:54.294 +07:00 [INF] Executing endpoint 'AuraCinema.Web.Controllers.BookingController.ConfirmBooking (AuraCinema.Web)'
2026-05-25 15:15:54.294 +07:00 [INF] Route matched with {action = "ConfirmBooking", controller = "Booking", area = ""}. Executing controller action with signature System.Threading.Tasks.Task`1[Microsoft.AspNetCore.Mvc.IActionResult] ConfirmBooking(AuraCinema.Web.ViewModels.Booking.ConfirmBookingRequest) on controller AuraCinema.Web.Controllers.BookingController (AuraCinema.Web).
2026-05-25 15:15:54.297 +07:00 [INF] Executed DbCommand (1ms) [Parameters=[@__showtimeId_0='?' (DbType = Int32)], CommandType='"Text"', CommandTimeout='30']
SELECT TOP(1) [s].[ShowtimeID], [s].[EndTime], [s].[MovieID], [s].[RoomID], [s].[ShowtimeCode], [s].[StartTime], [s].[Status], [m].[MovieID], [m].[Actors], [m].[Description], [m].[Director], [m].[Duration], [m].[Genre], [m].[MovieCode], [m].[Poster], [m].[ReleaseDate], [m].[Status], [m].[Title], [m].[Trailer], [r].[RoomID], [r].[Capacity], [r].[RoomCode], [r].[RoomName], [r].[Status]
FROM [Showtimes] AS [s]
INNER JOIN [Movies] AS [m] ON [s].[MovieID] = [m].[MovieID]
INNER JOIN [Rooms] AS [r] ON [s].[RoomID] = [r].[RoomID]
WHERE [s].[ShowtimeID] = @__showtimeId_0
2026-05-25 15:15:54.298 +07:00 [INF] Executed DbCommand (1ms) [Parameters=[@__showtime_RoomID_0='?' (DbType = Int32)], CommandType='"Text"', CommandTimeout='30']
SELECT [s].[SeatID], [s].[RoomID], [s].[RowLabel], [s].[SeatCode], [s].[SeatNumber], [s].[SeatType]
FROM [Seats] AS [s]
WHERE [s].[RoomID] = @__showtime_RoomID_0
ORDER BY [s].[RowLabel], [s].[SeatNumber]
2026-05-25 15:15:54.300 +07:00 [INF] Executed DbCommand (0ms) [Parameters=[@__showtimeId_0='?' (DbType = Int32)], CommandType='"Text"', CommandTimeout='30']
SELECT [o].[OrderID], [o].[SeatID], [o].[Price], [o].[Status], [o0].[OrderID], [o0].[CheckInTime], [o0].[FinalAmount], [o0].[HoldExpiryTime], [o0].[OrderCode], [o0].[PayOSTransID], [o0].[PromoID], [o0].[QrCode], [o0].[ShowtimeID], [o0].[Status], [o0].[TotalAmount], [o0].[UserID]
FROM [OrderSeats] AS [o]
INNER JOIN [Orders] AS [o0] ON [o].[OrderID] = [o0].[OrderID]
WHERE [o0].[ShowtimeID] = @__showtimeId_0 AND ([o0].[Status] = N'Đã thanh toán' OR ([o0].[Status] = N'Chờ thanh toán' AND [o0].[HoldExpiryTime] > GETDATE()))
2026-05-25 15:15:54.301 +07:00 [INF] Executed DbCommand (0ms) [Parameters=[@__seatIds_0='?' (Size = 4000)], CommandType='"Text"', CommandTimeout='30']
SELECT [s].[SeatID], [s].[RoomID], [s].[RowLabel], [s].[SeatCode], [s].[SeatNumber], [s].[SeatType]
FROM [Seats] AS [s]
WHERE [s].[SeatID] IN (
    SELECT [s0].[value]
    FROM OPENJSON(@__seatIds_0) WITH ([value] int '$') AS [s0]
)
2026-05-25 15:15:54.301 +07:00 [INF] Executed DbCommand (0ms) [Parameters=[@__svcIds_0='?' (Size = 4000)], CommandType='"Text"', CommandTimeout='30']
SELECT [s].[ServiceID], [s].[Image], [s].[Price], [s].[ServiceCode], [s].[ServiceName], [s].[Status]
FROM [Services] AS [s]
WHERE [s].[ServiceID] IN (
    SELECT [s0].[value]
    FROM OPENJSON(@__svcIds_0) WITH ([value] int '$') AS [s0]
)
2026-05-25 15:15:54.302 +07:00 [INF] Executed DbCommand (0ms) [Parameters=[], CommandType='"Text"', CommandTimeout='30']
SELECT [p].[ConfigID], [p].[ConfigCode], [p].[ConfigName], [p].[ConfigType], [p].[EffectiveDate], [p].[SurchargeAmount]
FROM [PriceConfigs] AS [p]
2026-05-25 15:15:54.303 +07:00 [WRN] Savepoints are disabled because Multiple Active Result Sets (MARS) is enabled. If 'SaveChanges' fails, then the transaction cannot be automatically rolled back to a known clean state. Instead, the transaction should be rolled back by the application before retrying 'SaveChanges'. See https://go.microsoft.com/fwlink/?linkid=2149338 for more information and examples. To identify the code which triggers this warning, call 'ConfigureWarnings(w => w.Throw(SqlServerEventId.SavepointsDisabledBecauseOfMARS))'.
2026-05-25 15:15:54.303 +07:00 [INF] Executed DbCommand (1ms) [Parameters=[@p0='?' (DbType = DateTime2), @p1='?' (DbType = Int32), @p2='?' (DbType = DateTime2), @p3='?' (Size = 4000), @p4='?' (Size = 4000), @p5='?' (DbType = Int32), @p6='?' (Size = 4000), @p7='?' (DbType = Int32), @p8='?' (Size = 50), @p9='?' (DbType = Int32), @p10='?' (DbType = Int32)], CommandType='"Text"', CommandTimeout='30']
SET IMPLICIT_TRANSACTIONS OFF;
SET NOCOUNT ON;
INSERT INTO [Orders] ([CheckInTime], [FinalAmount], [HoldExpiryTime], [OrderCode], [PayOSTransID], [PromoID], [QrCode], [ShowtimeID], [Status], [TotalAmount], [UserID])
OUTPUT INSERTED.[OrderID]
VALUES (@p0, @p1, @p2, @p3, @p4, @p5, @p6, @p7, @p8, @p9, @p10);
2026-05-25 15:15:54.304 +07:00 [INF] Executed DbCommand (0ms) [Parameters=[@__seatIds_0='?' (Size = 4000)], CommandType='"Text"', CommandTimeout='30']
SELECT [s].[SeatID], [s].[RoomID], [s].[RowLabel], [s].[SeatCode], [s].[SeatNumber], [s].[SeatType]
FROM [Seats] AS [s]
WHERE [s].[SeatID] IN (
    SELECT [s0].[value]
    FROM OPENJSON(@__seatIds_0) WITH ([value] int '$') AS [s0]
)
2026-05-25 15:15:54.305 +07:00 [INF] Executed DbCommand (0ms) [Parameters=[], CommandType='"Text"', CommandTimeout='30']
SELECT [p].[ConfigID], [p].[ConfigCode], [p].[ConfigName], [p].[ConfigType], [p].[EffectiveDate], [p].[SurchargeAmount]
FROM [PriceConfigs] AS [p]
2026-05-25 15:15:54.309 +07:00 [INF] Executed DbCommand (2ms) [Parameters=[@__svcIds_0='?' (Size = 4000)], CommandType='"Text"', CommandTimeout='30']
SELECT [s].[ServiceID], [s].[Image], [s].[Price], [s].[ServiceCode], [s].[ServiceName], [s].[Status]
FROM [Services] AS [s]
WHERE [s].[ServiceID] IN (
    SELECT [s0].[value]
    FROM OPENJSON(@__svcIds_0) WITH ([value] int '$') AS [s0]
)
2026-05-25 15:15:54.310 +07:00 [WRN] Savepoints are disabled because Multiple Active Result Sets (MARS) is enabled. If 'SaveChanges' fails, then the transaction cannot be automatically rolled back to a known clean state. Instead, the transaction should be rolled back by the application before retrying 'SaveChanges'. See https://go.microsoft.com/fwlink/?linkid=2149338 for more information and examples. To identify the code which triggers this warning, call 'ConfigureWarnings(w => w.Throw(SqlServerEventId.SavepointsDisabledBecauseOfMARS))'.
2026-05-25 15:15:54.310 +07:00 [INF] Executed DbCommand (1ms) [Parameters=[@p0='?' (DbType = Int32), @p1='?' (DbType = Int32), @p2='?' (DbType = Int32), @p3='?' (Size = 20)], CommandType='"Text"', CommandTimeout='30']
SET IMPLICIT_TRANSACTIONS OFF;
SET NOCOUNT ON;
INSERT INTO [OrderSeats] ([OrderID], [SeatID], [Price], [Status])
VALUES (@p0, @p1, @p2, @p3);
2026-05-25 15:15:54.312 +07:00 [INF] Executing OkObjectResult, writing value of type '<>f__AnonymousType13`2[[System.Boolean, System.Private.CoreLib, Version=9.0.0.0, Culture=neutral, PublicKeyToken=7cec85d7bea7798e],[System.String, System.Private.CoreLib, Version=9.0.0.0, Culture=neutral, PublicKeyToken=7cec85d7bea7798e]]'.
2026-05-25 15:15:54.313 +07:00 [INF] Executed action AuraCinema.Web.Controllers.BookingController.ConfirmBooking (AuraCinema.Web) in 18.8753ms
2026-05-25 15:15:54.313 +07:00 [INF] Executed endpoint 'AuraCinema.Web.Controllers.BookingController.ConfirmBooking (AuraCinema.Web)'
2026-05-25 15:15:54.313 +07:00 [INF] Request finished HTTP/1.1 POST http://localhost:5231/Booking/ConfirmBooking - 200 null application/json; charset=utf-8 19.6824ms
2026-05-25 15:15:54.331 +07:00 [INF] Request starting HTTP/1.1 GET http://localhost:5231/Booking/Checkout?orderId=15054 - null null
2026-05-25 15:15:54.332 +07:00 [INF] Executing endpoint 'AuraCinema.Web.Controllers.BookingController.Checkout (AuraCinema.Web)'
2026-05-25 15:15:54.332 +07:00 [INF] Route matched with {action = "Checkout", controller = "Booking", area = ""}. Executing controller action with signature System.Threading.Tasks.Task`1[Microsoft.AspNetCore.Mvc.IActionResult] Checkout(Int32, System.Nullable`1[System.Int32]) on controller AuraCinema.Web.Controllers.BookingController (AuraCinema.Web).
2026-05-25 15:15:54.333 +07:00 [INF] Executed DbCommand (1ms) [Parameters=[@__id_0='?' (DbType = Int32)], CommandType='"Text"', CommandTimeout='30']
SELECT [t].[OrderID], [t].[CheckInTime], [t].[FinalAmount], [t].[HoldExpiryTime], [t].[OrderCode], [t].[PayOSTransID], [t].[PromoID], [t].[QrCode], [t].[ShowtimeID], [t].[Status], [t].[TotalAmount], [t].[UserID], [t].[UserID0], [t].[Email], [t].[FullName], [t].[OtpCode], [t].[OtpExpiry], [t].[Password], [t].[Phone], [t].[Role], [t].[Status0], [t].[UserCode], [t].[ShowtimeID0], [t].[EndTime], [t].[MovieID], [t].[RoomID], [t].[ShowtimeCode], [t].[StartTime], [t].[Status1], [t].[MovieID0], [t].[Actors], [t].[Description], [t].[Director], [t].[Duration], [t].[Genre], [t].[MovieCode], [t].[Poster], [t].[ReleaseDate], [t].[Status2], [t].[Title], [t].[Trailer], [t].[RoomID0], [t].[Capacity], [t].[RoomCode], [t].[RoomName], [t].[Status3], [t].[PromoID0], [t].[Condition], [t].[DiscountValue], [t].[EndDate], [t].[MinAmount], [t].[PromoCode], [t].[StartDate], [t].[Status4], [t].[Title0], [t0].[OrderID], [t0].[SeatID], [t0].[Price], [t0].[Status], [t0].[SeatID0], [t0].[RoomID], [t0].[RowLabel], [t0].[SeatCode], [t0].[SeatNumber], [t0].[SeatType], [t1].[OrderID], [t1].[ServiceID], [t1].[Price], [t1].[Quantity], [t1].[ServiceID0], [t1].[Image], [t1].[Price0], [t1].[ServiceCode], [t1].[ServiceName], [t1].[Status]
FROM (
    SELECT TOP(1) [o].[OrderID], [o].[CheckInTime], [o].[FinalAmount], [o].[HoldExpiryTime], [o].[OrderCode], [o].[PayOSTransID], [o].[PromoID], [o].[QrCode], [o].[ShowtimeID], [o].[Status], [o].[TotalAmount], [o].[UserID], [u].[UserID] AS [UserID0], [u].[Email], [u].[FullName], [u].[OtpCode], [u].[OtpExpiry], [u].[Password], [u].[Phone], [u].[Role], [u].[Status] AS [Status0], [u].[UserCode], [s].[ShowtimeID] AS [ShowtimeID0], [s].[EndTime], [s].[MovieID], [s].[RoomID], [s].[ShowtimeCode], [s].[StartTime], [s].[Status] AS [Status1], [m].[MovieID] AS [MovieID0], [m].[Actors], [m].[Description], [m].[Director], [m].[Duration], [m].[Genre], [m].[MovieCode], [m].[Poster], [m].[ReleaseDate], [m].[Status] AS [Status2], [m].[Title], [m].[Trailer], [r].[RoomID] AS [RoomID0], [r].[Capacity], [r].[RoomCode], [r].[RoomName], [r].[Status] AS [Status3], [p].[PromoID] AS [PromoID0], [p].[Condition], [p].[DiscountValue], [p].[EndDate], [p].[MinAmount], [p].[PromoCode], [p].[StartDate], [p].[Status] AS [Status4], [p].[Title] AS [Title0]
    FROM [Orders] AS [o]
    INNER JOIN [Users] AS [u] ON [o].[UserID] = [u].[UserID]
    INNER JOIN [Showtimes] AS [s] ON [o].[ShowtimeID] = [s].[ShowtimeID]
    INNER JOIN [Movies] AS [m] ON [s].[MovieID] = [m].[MovieID]
    INNER JOIN [Rooms] AS [r] ON [s].[RoomID] = [r].[RoomID]
    LEFT JOIN [Promotions] AS [p] ON [o].[PromoID] = [p].[PromoID]
    WHERE [o].[OrderID] = @__id_0
) AS [t]
LEFT JOIN (
    SELECT [o0].[OrderID], [o0].[SeatID], [o0].[Price], [o0].[Status], [s0].[SeatID] AS [SeatID0], [s0].[RoomID], [s0].[RowLabel], [s0].[SeatCode], [s0].[SeatNumber], [s0].[SeatType]
    FROM [OrderSeats] AS [o0]
    INNER JOIN [Seats] AS [s0] ON [o0].[SeatID] = [s0].[SeatID]
) AS [t0] ON [t].[OrderID] = [t0].[OrderID]
LEFT JOIN (
    SELECT [o1].[OrderID], [o1].[ServiceID], [o1].[Price], [o1].[Quantity], [s1].[ServiceID] AS [ServiceID0], [s1].[Image], [s1].[Price] AS [Price0], [s1].[ServiceCode], [s1].[ServiceName], [s1].[Status]
    FROM [OrderServices] AS [o1]
    INNER JOIN [Services] AS [s1] ON [o1].[ServiceID] = [s1].[ServiceID]
) AS [t1] ON [t].[OrderID] = [t1].[OrderID]
ORDER BY [t].[OrderID], [t].[UserID0], [t].[ShowtimeID0], [t].[MovieID0], [t].[RoomID0], [t].[PromoID0], [t0].[OrderID], [t0].[SeatID], [t0].[SeatID0], [t1].[OrderID], [t1].[ServiceID]
2026-05-25 15:15:54.335 +07:00 [INF] Executed DbCommand (1ms) [Parameters=[@__totalAmount_0='?' (DbType = Int32)], CommandType='"Text"', CommandTimeout='30']
SELECT [p].[PromoID], [p].[Condition], [p].[DiscountValue], [p].[EndDate], [p].[MinAmount], [p].[PromoCode], [p].[StartDate], [p].[Status], [p].[Title]
FROM [Promotions] AS [p]
WHERE [p].[Status] = N'Hoat dong' AND [p].[StartDate] <= GETDATE() AND [p].[EndDate] >= GETDATE() AND [p].[MinAmount] <= @__totalAmount_0
ORDER BY [p].[DiscountValue] DESC
2026-05-25 15:15:54.335 +07:00 [INF] Executing ViewResult, running view Checkout.
2026-05-25 15:15:54.337 +07:00 [INF] Executed ViewResult - view Checkout executed in 2.0516ms.
2026-05-25 15:15:54.338 +07:00 [INF] Executed action AuraCinema.Web.Controllers.BookingController.Checkout (AuraCinema.Web) in 5.904ms
2026-05-25 15:15:54.338 +07:00 [INF] Executed endpoint 'AuraCinema.Web.Controllers.BookingController.Checkout (AuraCinema.Web)'
2026-05-25 15:15:54.338 +07:00 [INF] Request finished HTTP/1.1 GET http://localhost:5231/Booking/Checkout?orderId=15054 - 200 null text/html; charset=utf-8 6.5179ms
2026-05-25 15:15:57.291 +07:00 [INF] Request starting HTTP/1.1 GET http://localhost:5231/Booking/SelectSeats?showtimeId= - null null
2026-05-25 15:15:57.294 +07:00 [INF] Executing endpoint 'AuraCinema.Web.Controllers.BookingController.SelectSeats (AuraCinema.Web)'
2026-05-25 15:15:57.294 +07:00 [INF] Route matched with {action = "SelectSeats", controller = "Booking", area = ""}. Executing controller action with signature System.Threading.Tasks.Task`1[Microsoft.AspNetCore.Mvc.IActionResult] SelectSeats(Int32) on controller AuraCinema.Web.Controllers.BookingController (AuraCinema.Web).
2026-05-25 15:15:57.300 +07:00 [INF] Executed DbCommand (1ms) [Parameters=[@__showtimeId_0='?' (DbType = Int32)], CommandType='"Text"', CommandTimeout='30']
SELECT TOP(1) [s].[ShowtimeID], [s].[EndTime], [s].[MovieID], [s].[RoomID], [s].[ShowtimeCode], [s].[StartTime], [s].[Status], [m].[MovieID], [m].[Actors], [m].[Description], [m].[Director], [m].[Duration], [m].[Genre], [m].[MovieCode], [m].[Poster], [m].[ReleaseDate], [m].[Status], [m].[Title], [m].[Trailer], [r].[RoomID], [r].[Capacity], [r].[RoomCode], [r].[RoomName], [r].[Status]
FROM [Showtimes] AS [s]
INNER JOIN [Movies] AS [m] ON [s].[MovieID] = [m].[MovieID]
INNER JOIN [Rooms] AS [r] ON [s].[RoomID] = [r].[RoomID]
WHERE [s].[ShowtimeID] = @__showtimeId_0
2026-05-25 15:15:57.301 +07:00 [INF] Executing RedirectResult, redirecting to /Movies.
2026-05-25 15:15:57.301 +07:00 [INF] Executed action AuraCinema.Web.Controllers.BookingController.SelectSeats (AuraCinema.Web) in 6.9032ms
2026-05-25 15:15:57.301 +07:00 [INF] Executed endpoint 'AuraCinema.Web.Controllers.BookingController.SelectSeats (AuraCinema.Web)'
2026-05-25 15:15:57.302 +07:00 [INF] Request finished HTTP/1.1 GET http://localhost:5231/Booking/SelectSeats?showtimeId= - 302 0 null 13.5583ms
2026-05-25 15:15:57.315 +07:00 [INF] Request starting HTTP/1.1 GET http://localhost:5231/Movies - null null
2026-05-25 15:15:57.315 +07:00 [INF] Executing endpoint 'AuraCinema.Web.Controllers.MoviesController.Index (AuraCinema.Web)'
2026-05-25 15:15:57.321 +07:00 [INF] Route matched with {action = "Index", controller = "Movies", area = ""}. Executing controller action with signature System.Threading.Tasks.Task`1[Microsoft.AspNetCore.Mvc.IActionResult] Index(System.String, System.String, Int32) on controller AuraCinema.Web.Controllers.MoviesController (AuraCinema.Web).
2026-05-25 15:15:57.345 +07:00 [INF] Executed DbCommand (3ms) [Parameters=[], CommandType='"Text"', CommandTimeout='30']
SELECT COUNT(*)
FROM [Movies] AS [m]
WHERE [m].[Status] IN (N'Dang chieu', N'Sap chieu')
2026-05-25 15:15:57.355 +07:00 [INF] Executed DbCommand (5ms) [Parameters=[@__p_0='?' (DbType = Int32), @__p_1='?' (DbType = Int32)], CommandType='"Text"', CommandTimeout='30']
SELECT [m].[MovieID], [m].[Title], [m].[Genre], [m].[Poster], [m].[Duration], [m].[Status], [m].[ReleaseDate], [m].[Director]
FROM [Movies] AS [m]
WHERE [m].[Status] IN (N'Dang chieu', N'Sap chieu')
ORDER BY [m].[ReleaseDate] DESC
OFFSET @__p_0 ROWS FETCH NEXT @__p_1 ROWS ONLY
2026-05-25 15:15:57.361 +07:00 [INF] Executing ViewResult, running view Index.
2026-05-25 15:15:57.376 +07:00 [INF] Executed ViewResult - view Index executed in 16.9106ms.
2026-05-25 15:15:57.377 +07:00 [INF] Executed action AuraCinema.Web.Controllers.MoviesController.Index (AuraCinema.Web) in 55.5233ms
2026-05-25 15:15:57.377 +07:00 [INF] Executed endpoint 'AuraCinema.Web.Controllers.MoviesController.Index (AuraCinema.Web)'
2026-05-25 15:15:57.377 +07:00 [INF] Request finished HTTP/1.1 GET http://localhost:5231/Movies - 200 null text/html; charset=utf-8 62.1089ms
2026-05-25 15:15:58.497 +07:00 [INF] Request starting HTTP/1.1 GET http://localhost:5231/Booking/SelectSeats?showtimeId= - null null
2026-05-25 15:15:58.497 +07:00 [INF] Executing endpoint 'AuraCinema.Web.Controllers.BookingController.SelectSeats (AuraCinema.Web)'
2026-05-25 15:15:58.498 +07:00 [INF] Route matched with {action = "SelectSeats", controller = "Booking", area = ""}. Executing controller action with signature System.Threading.Tasks.Task`1[Microsoft.AspNetCore.Mvc.IActionResult] SelectSeats(Int32) on controller AuraCinema.Web.Controllers.BookingController (AuraCinema.Web).
2026-05-25 15:15:58.499 +07:00 [INF] Executed DbCommand (1ms) [Parameters=[@__showtimeId_0='?' (DbType = Int32)], CommandType='"Text"', CommandTimeout='30']
SELECT TOP(1) [s].[ShowtimeID], [s].[EndTime], [s].[MovieID], [s].[RoomID], [s].[ShowtimeCode], [s].[StartTime], [s].[Status], [m].[MovieID], [m].[Actors], [m].[Description], [m].[Director], [m].[Duration], [m].[Genre], [m].[MovieCode], [m].[Poster], [m].[ReleaseDate], [m].[Status], [m].[Title], [m].[Trailer], [r].[RoomID], [r].[Capacity], [r].[RoomCode], [r].[RoomName], [r].[Status]
FROM [Showtimes] AS [s]
INNER JOIN [Movies] AS [m] ON [s].[MovieID] = [m].[MovieID]
INNER JOIN [Rooms] AS [r] ON [s].[RoomID] = [r].[RoomID]
WHERE [s].[ShowtimeID] = @__showtimeId_0
2026-05-25 15:15:58.508 +07:00 [INF] Executing RedirectResult, redirecting to /Movies.
2026-05-25 15:15:58.509 +07:00 [INF] Executed action AuraCinema.Web.Controllers.BookingController.SelectSeats (AuraCinema.Web) in 11.0065ms
2026-05-25 15:15:58.509 +07:00 [INF] Executed endpoint 'AuraCinema.Web.Controllers.BookingController.SelectSeats (AuraCinema.Web)'
2026-05-25 15:15:58.509 +07:00 [INF] Request finished HTTP/1.1 GET http://localhost:5231/Booking/SelectSeats?showtimeId= - 302 0 null 12.1734ms
2026-05-25 15:15:58.535 +07:00 [INF] Request starting HTTP/1.1 GET http://localhost:5231/Movies - null null
2026-05-25 15:15:58.535 +07:00 [INF] Executing endpoint 'AuraCinema.Web.Controllers.MoviesController.Index (AuraCinema.Web)'
2026-05-25 15:15:58.535 +07:00 [INF] Route matched with {action = "Index", controller = "Movies", area = ""}. Executing controller action with signature System.Threading.Tasks.Task`1[Microsoft.AspNetCore.Mvc.IActionResult] Index(System.String, System.String, Int32) on controller AuraCinema.Web.Controllers.MoviesController (AuraCinema.Web).
2026-05-25 15:15:58.537 +07:00 [INF] Executed DbCommand (1ms) [Parameters=[], CommandType='"Text"', CommandTimeout='30']
SELECT COUNT(*)
FROM [Movies] AS [m]
WHERE [m].[Status] IN (N'Dang chieu', N'Sap chieu')
2026-05-25 15:15:58.549 +07:00 [INF] Executed DbCommand (2ms) [Parameters=[@__p_0='?' (DbType = Int32), @__p_1='?' (DbType = Int32)], CommandType='"Text"', CommandTimeout='30']
SELECT [m].[MovieID], [m].[Title], [m].[Genre], [m].[Poster], [m].[Duration], [m].[Status], [m].[ReleaseDate], [m].[Director]
FROM [Movies] AS [m]
WHERE [m].[Status] IN (N'Dang chieu', N'Sap chieu')
ORDER BY [m].[ReleaseDate] DESC
OFFSET @__p_0 ROWS FETCH NEXT @__p_1 ROWS ONLY
2026-05-25 15:15:58.549 +07:00 [INF] Executing ViewResult, running view Index.
2026-05-25 15:15:58.552 +07:00 [INF] Executed ViewResult - view Index executed in 2.4863ms.
2026-05-25 15:15:58.552 +07:00 [INF] Executed action AuraCinema.Web.Controllers.MoviesController.Index (AuraCinema.Web) in 16.8521ms
2026-05-25 15:15:58.552 +07:00 [INF] Executed endpoint 'AuraCinema.Web.Controllers.MoviesController.Index (AuraCinema.Web)'
2026-05-25 15:15:58.552 +07:00 [INF] Request finished HTTP/1.1 GET http://localhost:5231/Movies - 200 null text/html; charset=utf-8 17.5845ms
2026-05-25 15:16:01.439 +07:00 [INF] Request starting HTTP/1.1 GET http://localhost:5231/Movies/Details/1 - null null
2026-05-25 15:16:01.440 +07:00 [INF] Executing endpoint 'AuraCinema.Web.Controllers.MoviesController.Details (AuraCinema.Web)'
2026-05-25 15:16:01.440 +07:00 [INF] Route matched with {action = "Details", controller = "Movies", area = ""}. Executing controller action with signature System.Threading.Tasks.Task`1[Microsoft.AspNetCore.Mvc.IActionResult] Details(Int32) on controller AuraCinema.Web.Controllers.MoviesController (AuraCinema.Web).
2026-05-25 15:16:01.442 +07:00 [INF] Executed DbCommand (1ms) [Parameters=[@__p_0='?' (DbType = Int32)], CommandType='"Text"', CommandTimeout='30']
SELECT TOP(1) [m].[MovieID], [m].[Actors], [m].[Description], [m].[Director], [m].[Duration], [m].[Genre], [m].[MovieCode], [m].[Poster], [m].[ReleaseDate], [m].[Status], [m].[Title], [m].[Trailer]
FROM [Movies] AS [m]
WHERE [m].[MovieID] = @__p_0
2026-05-25 15:16:01.445 +07:00 [INF] Executed DbCommand (3ms) [Parameters=[@__id_0='?' (DbType = Int32), @__now_1='?' (DbType = DateTime2), @__maxDate_2='?' (DbType = DateTime2)], CommandType='"Text"', CommandTimeout='30']
SELECT [s].[ShowtimeID], [s].[EndTime], [s].[MovieID], [s].[RoomID], [s].[ShowtimeCode], [s].[StartTime], [s].[Status], [r].[RoomID], [r].[Capacity], [r].[RoomCode], [r].[RoomName], [r].[Status]
FROM [Showtimes] AS [s]
INNER JOIN [Rooms] AS [r] ON [s].[RoomID] = [r].[RoomID]
WHERE [s].[MovieID] = @__id_0 AND [s].[Status] = N'Đang mở bán' AND [s].[StartTime] >= @__now_1 AND [s].[StartTime] < @__maxDate_2
ORDER BY [s].[StartTime]
2026-05-25 15:16:01.447 +07:00 [INF] Executed DbCommand (1ms) [Parameters=[@__showtimeIds_0='?' (Size = 4000)], CommandType='"Text"', CommandTimeout='30']
SELECT [o1].[ShowtimeID], COUNT(*) AS [Sold]
FROM [Orders] AS [o]
INNER JOIN [OrderSeats] AS [o0] ON [o].[OrderID] = [o0].[OrderID]
INNER JOIN [Orders] AS [o1] ON [o0].[OrderID] = [o1].[OrderID]
WHERE [o].[ShowtimeID] IN (
    SELECT [s].[value]
    FROM OPENJSON(@__showtimeIds_0) WITH ([value] int '$') AS [s]
) AND ([o].[Status] = N'Đã thanh toán' OR ([o].[Status] = N'Chờ thanh toán' AND [o].[HoldExpiryTime] > GETDATE()))
GROUP BY [o1].[ShowtimeID]
2026-05-25 15:16:01.448 +07:00 [INF] Executing ViewResult, running view Details.
2026-05-25 15:16:01.449 +07:00 [INF] Executed ViewResult - view Details executed in 1.1331ms.
2026-05-25 15:16:01.449 +07:00 [INF] Executed action AuraCinema.Web.Controllers.MoviesController.Details (AuraCinema.Web) in 9.3431ms
2026-05-25 15:16:01.449 +07:00 [INF] Executed endpoint 'AuraCinema.Web.Controllers.MoviesController.Details (AuraCinema.Web)'
2026-05-25 15:16:01.449 +07:00 [INF] Request finished HTTP/1.1 GET http://localhost:5231/Movies/Details/1 - 200 null text/html; charset=utf-8 10.0456ms
2026-05-25 15:16:03.379 +07:00 [INF] Request starting HTTP/1.1 GET http://localhost:5231/Booking/SelectSeats?showtimeId=8095 - null null
2026-05-25 15:16:03.379 +07:00 [INF] Executing endpoint 'AuraCinema.Web.Controllers.BookingController.SelectSeats (AuraCinema.Web)'
2026-05-25 15:16:03.379 +07:00 [INF] Route matched with {action = "SelectSeats", controller = "Booking", area = ""}. Executing controller action with signature System.Threading.Tasks.Task`1[Microsoft.AspNetCore.Mvc.IActionResult] SelectSeats(Int32) on controller AuraCinema.Web.Controllers.BookingController (AuraCinema.Web).
2026-05-25 15:16:03.381 +07:00 [INF] Executed DbCommand (1ms) [Parameters=[@__showtimeId_0='?' (DbType = Int32)], CommandType='"Text"', CommandTimeout='30']
SELECT TOP(1) [s].[ShowtimeID], [s].[EndTime], [s].[MovieID], [s].[RoomID], [s].[ShowtimeCode], [s].[StartTime], [s].[Status], [m].[MovieID], [m].[Actors], [m].[Description], [m].[Director], [m].[Duration], [m].[Genre], [m].[MovieCode], [m].[Poster], [m].[ReleaseDate], [m].[Status], [m].[Title], [m].[Trailer], [r].[RoomID], [r].[Capacity], [r].[RoomCode], [r].[RoomName], [r].[Status]
FROM [Showtimes] AS [s]
INNER JOIN [Movies] AS [m] ON [s].[MovieID] = [m].[MovieID]
INNER JOIN [Rooms] AS [r] ON [s].[RoomID] = [r].[RoomID]
WHERE [s].[ShowtimeID] = @__showtimeId_0
2026-05-25 15:16:03.384 +07:00 [INF] Executed DbCommand (2ms) [Parameters=[@__showtime_RoomID_0='?' (DbType = Int32)], CommandType='"Text"', CommandTimeout='30']
SELECT [s].[SeatID], [s].[RoomID], [s].[RowLabel], [s].[SeatCode], [s].[SeatNumber], [s].[SeatType]
FROM [Seats] AS [s]
WHERE [s].[RoomID] = @__showtime_RoomID_0
ORDER BY [s].[RowLabel], [s].[SeatNumber]
2026-05-25 15:16:03.388 +07:00 [INF] Executed DbCommand (3ms) [Parameters=[@__showtimeId_0='?' (DbType = Int32)], CommandType='"Text"', CommandTimeout='30']
SELECT [o].[OrderID], [o].[SeatID], [o].[Price], [o].[Status], [o0].[OrderID], [o0].[CheckInTime], [o0].[FinalAmount], [o0].[HoldExpiryTime], [o0].[OrderCode], [o0].[PayOSTransID], [o0].[PromoID], [o0].[QrCode], [o0].[ShowtimeID], [o0].[Status], [o0].[TotalAmount], [o0].[UserID]
FROM [OrderSeats] AS [o]
INNER JOIN [Orders] AS [o0] ON [o].[OrderID] = [o0].[OrderID]
WHERE [o0].[ShowtimeID] = @__showtimeId_0 AND ([o0].[Status] = N'Đã thanh toán' OR ([o0].[Status] = N'Chờ thanh toán' AND [o0].[HoldExpiryTime] > GETDATE()))
2026-05-25 15:16:03.391 +07:00 [INF] Executed DbCommand (1ms) [Parameters=[], CommandType='"Text"', CommandTimeout='30']
SELECT [p].[ConfigID], [p].[ConfigCode], [p].[ConfigName], [p].[ConfigType], [p].[EffectiveDate], [p].[SurchargeAmount]
FROM [PriceConfigs] AS [p]
2026-05-25 15:16:03.391 +07:00 [INF] Executing ViewResult, running view SelectSeats.
2026-05-25 15:16:03.392 +07:00 [INF] Executed ViewResult - view SelectSeats executed in 1.024ms.
2026-05-25 15:16:03.392 +07:00 [INF] Executed action AuraCinema.Web.Controllers.BookingController.SelectSeats (AuraCinema.Web) in 12.861ms
2026-05-25 15:16:03.392 +07:00 [INF] Executed endpoint 'AuraCinema.Web.Controllers.BookingController.SelectSeats (AuraCinema.Web)'
2026-05-25 15:16:03.392 +07:00 [INF] Request finished HTTP/1.1 GET http://localhost:5231/Booking/SelectSeats?showtimeId=8095 - 200 null text/html; charset=utf-8 13.6239ms
2026-05-25 15:16:06.037 +07:00 [INF] Executed DbCommand (2ms) [Parameters=[], CommandType='"Text"', CommandTimeout='30']
SELECT [o].[OrderID], [o].[CheckInTime], [o].[FinalAmount], [o].[HoldExpiryTime], [o].[OrderCode], [o].[PayOSTransID], [o].[PromoID], [o].[QrCode], [o].[ShowtimeID], [o].[Status], [o].[TotalAmount], [o].[UserID]
FROM [Orders] AS [o]
WHERE [o].[Status] = N'Chờ thanh toán' AND [o].[HoldExpiryTime] <= GETDATE()
2026-05-25 15:16:06.040 +07:00 [INF] Executed DbCommand (1ms) [Parameters=[@__maxSellingDate_0='?' (DbType = DateTime2), @__now_1='?' (DbType = DateTime2)], CommandType='"Text"', CommandTimeout='30']
SELECT [s].[ShowtimeID], [s].[EndTime], [s].[MovieID], [s].[RoomID], [s].[ShowtimeCode], [s].[StartTime], [s].[Status]
FROM [Showtimes] AS [s]
WHERE [s].[Status] IN (N'Đã lên lịch', N'Sap chieu') AND CONVERT(date, [s].[StartTime]) <= @__maxSellingDate_0 AND [s].[StartTime] > @__now_1
2026-05-25 15:16:06.042 +07:00 [INF] Executed DbCommand (1ms) [Parameters=[@__now_0='?' (DbType = DateTime2)], CommandType='"Text"', CommandTimeout='30']
SELECT [s].[ShowtimeID], [s].[EndTime], [s].[MovieID], [s].[RoomID], [s].[ShowtimeCode], [s].[StartTime], [s].[Status]
FROM [Showtimes] AS [s]
WHERE [s].[Status] IN (N'Đã lên lịch', N'Đang mở bán', N'Sap chieu') AND [s].[StartTime] <= @__now_0 AND [s].[EndTime] > @__now_0
2026-05-25 15:16:06.044 +07:00 [INF] Executed DbCommand (1ms) [Parameters=[@__now_0='?' (DbType = DateTime2)], CommandType='"Text"', CommandTimeout='30']
SELECT [s].[ShowtimeID], [s].[EndTime], [s].[MovieID], [s].[RoomID], [s].[ShowtimeCode], [s].[StartTime], [s].[Status]
FROM [Showtimes] AS [s]
WHERE [s].[Status] IN (N'Đã lên lịch', N'Đang mở bán', N'Đang chiếu', N'Sap chieu', N'Dang dien ra') AND [s].[EndTime] <= @__now_0
2026-05-25 15:16:06.046 +07:00 [INF] Executed DbCommand (1ms) [Parameters=[@__today_0='?' (DbType = Date)], CommandType='"Text"', CommandTimeout='30']
SELECT [m].[MovieID], [m].[Actors], [m].[Description], [m].[Director], [m].[Duration], [m].[Genre], [m].[MovieCode], [m].[Poster], [m].[ReleaseDate], [m].[Status], [m].[Title], [m].[Trailer]
FROM [Movies] AS [m]
WHERE [m].[Status] = N'Sap chieu' AND [m].[ReleaseDate] <= @__today_0
2026-05-25 15:17:06.059 +07:00 [INF] Executed DbCommand (1ms) [Parameters=[], CommandType='"Text"', CommandTimeout='30']
SELECT [o].[OrderID], [o].[CheckInTime], [o].[FinalAmount], [o].[HoldExpiryTime], [o].[OrderCode], [o].[PayOSTransID], [o].[PromoID], [o].[QrCode], [o].[ShowtimeID], [o].[Status], [o].[TotalAmount], [o].[UserID]
FROM [Orders] AS [o]
WHERE [o].[Status] = N'Chờ thanh toán' AND [o].[HoldExpiryTime] <= GETDATE()
2026-05-25 15:17:06.059 +07:00 [INF] Cleaning up 1 expired orders.
2026-05-25 15:17:06.062 +07:00 [INF] Executed DbCommand (1ms) [Parameters=[@p1='?' (DbType = Int32), @p0='?' (Size = 50)], CommandType='"Text"', CommandTimeout='30']
SET IMPLICIT_TRANSACTIONS OFF;
SET NOCOUNT ON;
UPDATE [Orders] SET [Status] = @p0
OUTPUT 1
WHERE [OrderID] = @p1;
2026-05-25 15:17:06.063 +07:00 [INF] Executed DbCommand (1ms) [Parameters=[@__maxSellingDate_0='?' (DbType = DateTime2), @__now_1='?' (DbType = DateTime2)], CommandType='"Text"', CommandTimeout='30']
SELECT [s].[ShowtimeID], [s].[EndTime], [s].[MovieID], [s].[RoomID], [s].[ShowtimeCode], [s].[StartTime], [s].[Status]
FROM [Showtimes] AS [s]
WHERE [s].[Status] IN (N'Đã lên lịch', N'Sap chieu') AND CONVERT(date, [s].[StartTime]) <= @__maxSellingDate_0 AND [s].[StartTime] > @__now_1
2026-05-25 15:17:06.064 +07:00 [INF] Executed DbCommand (0ms) [Parameters=[@__now_0='?' (DbType = DateTime2)], CommandType='"Text"', CommandTimeout='30']
SELECT [s].[ShowtimeID], [s].[EndTime], [s].[MovieID], [s].[RoomID], [s].[ShowtimeCode], [s].[StartTime], [s].[Status]
FROM [Showtimes] AS [s]
WHERE [s].[Status] IN (N'Đã lên lịch', N'Đang mở bán', N'Sap chieu') AND [s].[StartTime] <= @__now_0 AND [s].[EndTime] > @__now_0
2026-05-25 15:17:06.065 +07:00 [INF] Executed DbCommand (0ms) [Parameters=[@__now_0='?' (DbType = DateTime2)], CommandType='"Text"', CommandTimeout='30']
SELECT [s].[ShowtimeID], [s].[EndTime], [s].[MovieID], [s].[RoomID], [s].[ShowtimeCode], [s].[StartTime], [s].[Status]
FROM [Showtimes] AS [s]
WHERE [s].[Status] IN (N'Đã lên lịch', N'Đang mở bán', N'Đang chiếu', N'Sap chieu', N'Dang dien ra') AND [s].[EndTime] <= @__now_0
2026-05-25 15:17:06.066 +07:00 [INF] Executed DbCommand (0ms) [Parameters=[@__today_0='?' (DbType = Date)], CommandType='"Text"', CommandTimeout='30']
SELECT [m].[MovieID], [m].[Actors], [m].[Description], [m].[Director], [m].[Duration], [m].[Genre], [m].[MovieCode], [m].[Poster], [m].[ReleaseDate], [m].[Status], [m].[Title], [m].[Trailer]
FROM [Movies] AS [m]
WHERE [m].[Status] = N'Sap chieu' AND [m].[ReleaseDate] <= @__today_0
2026-05-25 15:18:06.086 +07:00 [INF] Executed DbCommand (1ms) [Parameters=[], CommandType='"Text"', CommandTimeout='30']
SELECT [o].[OrderID], [o].[CheckInTime], [o].[FinalAmount], [o].[HoldExpiryTime], [o].[OrderCode], [o].[PayOSTransID], [o].[PromoID], [o].[QrCode], [o].[ShowtimeID], [o].[Status], [o].[TotalAmount], [o].[UserID]
FROM [Orders] AS [o]
WHERE [o].[Status] = N'Chờ thanh toán' AND [o].[HoldExpiryTime] <= GETDATE()
2026-05-25 15:18:06.087 +07:00 [INF] Executed DbCommand (1ms) [Parameters=[@__maxSellingDate_0='?' (DbType = DateTime2), @__now_1='?' (DbType = DateTime2)], CommandType='"Text"', CommandTimeout='30']
SELECT [s].[ShowtimeID], [s].[EndTime], [s].[MovieID], [s].[RoomID], [s].[ShowtimeCode], [s].[StartTime], [s].[Status]
FROM [Showtimes] AS [s]
WHERE [s].[Status] IN (N'Đã lên lịch', N'Sap chieu') AND CONVERT(date, [s].[StartTime]) <= @__maxSellingDate_0 AND [s].[StartTime] > @__now_1
2026-05-25 15:18:06.089 +07:00 [INF] Executed DbCommand (1ms) [Parameters=[@__now_0='?' (DbType = DateTime2)], CommandType='"Text"', CommandTimeout='30']
SELECT [s].[ShowtimeID], [s].[EndTime], [s].[MovieID], [s].[RoomID], [s].[ShowtimeCode], [s].[StartTime], [s].[Status]
FROM [Showtimes] AS [s]
WHERE [s].[Status] IN (N'Đã lên lịch', N'Đang mở bán', N'Sap chieu') AND [s].[StartTime] <= @__now_0 AND [s].[EndTime] > @__now_0
2026-05-25 15:18:06.091 +07:00 [INF] Executed DbCommand (1ms) [Parameters=[@__now_0='?' (DbType = DateTime2)], CommandType='"Text"', CommandTimeout='30']
SELECT [s].[ShowtimeID], [s].[EndTime], [s].[MovieID], [s].[RoomID], [s].[ShowtimeCode], [s].[StartTime], [s].[Status]
FROM [Showtimes] AS [s]
WHERE [s].[Status] IN (N'Đã lên lịch', N'Đang mở bán', N'Đang chiếu', N'Sap chieu', N'Dang dien ra') AND [s].[EndTime] <= @__now_0
2026-05-25 15:18:06.093 +07:00 [INF] Executed DbCommand (1ms) [Parameters=[@__today_0='?' (DbType = Date)], CommandType='"Text"', CommandTimeout='30']
SELECT [m].[MovieID], [m].[Actors], [m].[Description], [m].[Director], [m].[Duration], [m].[Genre], [m].[MovieCode], [m].[Poster], [m].[ReleaseDate], [m].[Status], [m].[Title], [m].[Trailer]
FROM [Movies] AS [m]
WHERE [m].[Status] = N'Sap chieu' AND [m].[ReleaseDate] <= @__today_0
2026-05-25 15:18:25.241 +07:00 [INF] Request starting HTTP/1.1 GET http://localhost:5231/Booking/SelectSeats?showtimeId= - null null
2026-05-25 15:18:25.242 +07:00 [INF] Executing endpoint 'AuraCinema.Web.Controllers.BookingController.SelectSeats (AuraCinema.Web)'
2026-05-25 15:18:25.242 +07:00 [INF] Route matched with {action = "SelectSeats", controller = "Booking", area = ""}. Executing controller action with signature System.Threading.Tasks.Task`1[Microsoft.AspNetCore.Mvc.IActionResult] SelectSeats(Int32) on controller AuraCinema.Web.Controllers.BookingController (AuraCinema.Web).
2026-05-25 15:18:25.245 +07:00 [INF] Executed DbCommand (1ms) [Parameters=[@__showtimeId_0='?' (DbType = Int32)], CommandType='"Text"', CommandTimeout='30']
SELECT TOP(1) [s].[ShowtimeID], [s].[EndTime], [s].[MovieID], [s].[RoomID], [s].[ShowtimeCode], [s].[StartTime], [s].[Status], [m].[MovieID], [m].[Actors], [m].[Description], [m].[Director], [m].[Duration], [m].[Genre], [m].[MovieCode], [m].[Poster], [m].[ReleaseDate], [m].[Status], [m].[Title], [m].[Trailer], [r].[RoomID], [r].[Capacity], [r].[RoomCode], [r].[RoomName], [r].[Status]
FROM [Showtimes] AS [s]
INNER JOIN [Movies] AS [m] ON [s].[MovieID] = [m].[MovieID]
INNER JOIN [Rooms] AS [r] ON [s].[RoomID] = [r].[RoomID]
WHERE [s].[ShowtimeID] = @__showtimeId_0
2026-05-25 15:18:25.246 +07:00 [INF] Executing RedirectResult, redirecting to /Movies.
2026-05-25 15:18:25.246 +07:00 [INF] Executed action AuraCinema.Web.Controllers.BookingController.SelectSeats (AuraCinema.Web) in 3.6067ms
2026-05-25 15:18:25.246 +07:00 [INF] Executed endpoint 'AuraCinema.Web.Controllers.BookingController.SelectSeats (AuraCinema.Web)'
2026-05-25 15:18:25.246 +07:00 [INF] Request finished HTTP/1.1 GET http://localhost:5231/Booking/SelectSeats?showtimeId= - 302 0 null 5.0856ms
2026-05-25 15:18:25.262 +07:00 [INF] Request starting HTTP/1.1 GET http://localhost:5231/Movies - null null
2026-05-25 15:18:25.262 +07:00 [INF] Executing endpoint 'AuraCinema.Web.Controllers.MoviesController.Index (AuraCinema.Web)'
2026-05-25 15:18:25.263 +07:00 [INF] Route matched with {action = "Index", controller = "Movies", area = ""}. Executing controller action with signature System.Threading.Tasks.Task`1[Microsoft.AspNetCore.Mvc.IActionResult] Index(System.String, System.String, Int32) on controller AuraCinema.Web.Controllers.MoviesController (AuraCinema.Web).
2026-05-25 15:18:25.266 +07:00 [INF] Executed DbCommand (2ms) [Parameters=[], CommandType='"Text"', CommandTimeout='30']
SELECT COUNT(*)
FROM [Movies] AS [m]
WHERE [m].[Status] IN (N'Dang chieu', N'Sap chieu')
2026-05-25 15:18:25.271 +07:00 [INF] Executed DbCommand (2ms) [Parameters=[@__p_0='?' (DbType = Int32), @__p_1='?' (DbType = Int32)], CommandType='"Text"', CommandTimeout='30']
SELECT [m].[MovieID], [m].[Title], [m].[Genre], [m].[Poster], [m].[Duration], [m].[Status], [m].[ReleaseDate], [m].[Director]
FROM [Movies] AS [m]
WHERE [m].[Status] IN (N'Dang chieu', N'Sap chieu')
ORDER BY [m].[ReleaseDate] DESC
OFFSET @__p_0 ROWS FETCH NEXT @__p_1 ROWS ONLY
2026-05-25 15:18:25.272 +07:00 [INF] Executing ViewResult, running view Index.
2026-05-25 15:18:25.275 +07:00 [INF] Executed ViewResult - view Index executed in 2.8086ms.
2026-05-25 15:18:25.275 +07:00 [INF] Executed action AuraCinema.Web.Controllers.MoviesController.Index (AuraCinema.Web) in 12.355ms
2026-05-25 15:18:25.275 +07:00 [INF] Executed endpoint 'AuraCinema.Web.Controllers.MoviesController.Index (AuraCinema.Web)'
2026-05-25 15:18:25.275 +07:00 [INF] Request finished HTTP/1.1 GET http://localhost:5231/Movies - 200 null text/html; charset=utf-8 13.5629ms
2026-05-25 15:18:26.190 +07:00 [INF] Request starting HTTP/1.1 GET http://localhost:5231/Booking/SelectSeats?showtimeId= - null null
2026-05-25 15:18:26.192 +07:00 [INF] Executing endpoint 'AuraCinema.Web.Controllers.BookingController.SelectSeats (AuraCinema.Web)'
2026-05-25 15:18:26.193 +07:00 [INF] Route matched with {action = "SelectSeats", controller = "Booking", area = ""}. Executing controller action with signature System.Threading.Tasks.Task`1[Microsoft.AspNetCore.Mvc.IActionResult] SelectSeats(Int32) on controller AuraCinema.Web.Controllers.BookingController (AuraCinema.Web).
2026-05-25 15:18:26.195 +07:00 [INF] Executed DbCommand (1ms) [Parameters=[@__showtimeId_0='?' (DbType = Int32)], CommandType='"Text"', CommandTimeout='30']
SELECT TOP(1) [s].[ShowtimeID], [s].[EndTime], [s].[MovieID], [s].[RoomID], [s].[ShowtimeCode], [s].[StartTime], [s].[Status], [m].[MovieID], [m].[Actors], [m].[Description], [m].[Director], [m].[Duration], [m].[Genre], [m].[MovieCode], [m].[Poster], [m].[ReleaseDate], [m].[Status], [m].[Title], [m].[Trailer], [r].[RoomID], [r].[Capacity], [r].[RoomCode], [r].[RoomName], [r].[Status]
FROM [Showtimes] AS [s]
INNER JOIN [Movies] AS [m] ON [s].[MovieID] = [m].[MovieID]
INNER JOIN [Rooms] AS [r] ON [s].[RoomID] = [r].[RoomID]
WHERE [s].[ShowtimeID] = @__showtimeId_0
2026-05-25 15:18:26.197 +07:00 [INF] Executing RedirectResult, redirecting to /Movies.
2026-05-25 15:18:26.198 +07:00 [INF] Executed action AuraCinema.Web.Controllers.BookingController.SelectSeats (AuraCinema.Web) in 4.9852ms
2026-05-25 15:18:26.198 +07:00 [INF] Executed endpoint 'AuraCinema.Web.Controllers.BookingController.SelectSeats (AuraCinema.Web)'
2026-05-25 15:18:26.198 +07:00 [INF] Request finished HTTP/1.1 GET http://localhost:5231/Booking/SelectSeats?showtimeId= - 302 0 null 8.0331ms
2026-05-25 15:18:26.228 +07:00 [INF] Request starting HTTP/1.1 GET http://localhost:5231/Movies - null null
2026-05-25 15:18:26.229 +07:00 [INF] Executing endpoint 'AuraCinema.Web.Controllers.MoviesController.Index (AuraCinema.Web)'
2026-05-25 15:18:26.229 +07:00 [INF] Route matched with {action = "Index", controller = "Movies", area = ""}. Executing controller action with signature System.Threading.Tasks.Task`1[Microsoft.AspNetCore.Mvc.IActionResult] Index(System.String, System.String, Int32) on controller AuraCinema.Web.Controllers.MoviesController (AuraCinema.Web).
2026-05-25 15:18:26.260 +07:00 [INF] Executed DbCommand (30ms) [Parameters=[], CommandType='"Text"', CommandTimeout='30']
SELECT COUNT(*)
FROM [Movies] AS [m]
WHERE [m].[Status] IN (N'Dang chieu', N'Sap chieu')
2026-05-25 15:18:26.265 +07:00 [INF] Executed DbCommand (4ms) [Parameters=[@__p_0='?' (DbType = Int32), @__p_1='?' (DbType = Int32)], CommandType='"Text"', CommandTimeout='30']
SELECT [m].[MovieID], [m].[Title], [m].[Genre], [m].[Poster], [m].[Duration], [m].[Status], [m].[ReleaseDate], [m].[Director]
FROM [Movies] AS [m]
WHERE [m].[Status] IN (N'Dang chieu', N'Sap chieu')
ORDER BY [m].[ReleaseDate] DESC
OFFSET @__p_0 ROWS FETCH NEXT @__p_1 ROWS ONLY
2026-05-25 15:18:26.265 +07:00 [INF] Executing ViewResult, running view Index.
2026-05-25 15:18:26.266 +07:00 [INF] Executed ViewResult - view Index executed in 1.0047ms.
2026-05-25 15:18:26.269 +07:00 [INF] Executed action AuraCinema.Web.Controllers.MoviesController.Index (AuraCinema.Web) in 40.4853ms
2026-05-25 15:18:26.269 +07:00 [INF] Executed endpoint 'AuraCinema.Web.Controllers.MoviesController.Index (AuraCinema.Web)'
2026-05-25 15:18:26.269 +07:00 [INF] Request finished HTTP/1.1 GET http://localhost:5231/Movies - 200 null text/html; charset=utf-8 41.3612ms
2026-05-25 15:18:30.509 +07:00 [INF] Request starting HTTP/1.1 GET http://localhost:5231/Booking/AddServices?showtimeId=8095&seatIds=338 - null null
2026-05-25 15:18:30.510 +07:00 [INF] Executing endpoint 'AuraCinema.Web.Controllers.BookingController.AddServices (AuraCinema.Web)'
2026-05-25 15:18:30.510 +07:00 [INF] Route matched with {action = "AddServices", controller = "Booking", area = ""}. Executing controller action with signature System.Threading.Tasks.Task`1[Microsoft.AspNetCore.Mvc.IActionResult] AddServices(Int32, System.String) on controller AuraCinema.Web.Controllers.BookingController (AuraCinema.Web).
2026-05-25 15:18:30.513 +07:00 [INF] Executed DbCommand (2ms) [Parameters=[@__showtimeId_0='?' (DbType = Int32)], CommandType='"Text"', CommandTimeout='30']
SELECT TOP(1) [s].[ShowtimeID], [s].[EndTime], [s].[MovieID], [s].[RoomID], [s].[ShowtimeCode], [s].[StartTime], [s].[Status], [m].[MovieID], [m].[Actors], [m].[Description], [m].[Director], [m].[Duration], [m].[Genre], [m].[MovieCode], [m].[Poster], [m].[ReleaseDate], [m].[Status], [m].[Title], [m].[Trailer]
FROM [Showtimes] AS [s]
INNER JOIN [Movies] AS [m] ON [s].[MovieID] = [m].[MovieID]
WHERE [s].[ShowtimeID] = @__showtimeId_0
2026-05-25 15:18:30.515 +07:00 [INF] Executed DbCommand (2ms) [Parameters=[@__ids_0='?' (Size = 4000)], CommandType='"Text"', CommandTimeout='30']
SELECT [s].[SeatID], [s].[RoomID], [s].[RowLabel], [s].[SeatCode], [s].[SeatNumber], [s].[SeatType]
FROM [Seats] AS [s]
WHERE [s].[SeatID] IN (
    SELECT [i].[value]
    FROM OPENJSON(@__ids_0) WITH ([value] int '$') AS [i]
)
2026-05-25 15:18:30.523 +07:00 [INF] Executed DbCommand (7ms) [Parameters=[], CommandType='"Text"', CommandTimeout='30']
SELECT [s].[ServiceID], [s].[Image], [s].[Price], [s].[ServiceCode], [s].[ServiceName], [s].[Status]
FROM [Services] AS [s]
WHERE [s].[Status] = N'Hoat dong'
2026-05-25 15:18:30.523 +07:00 [INF] Executing ViewResult, running view AddServices.
2026-05-25 15:18:30.525 +07:00 [INF] Executed ViewResult - view AddServices executed in 1.5106ms.
2026-05-25 15:18:30.525 +07:00 [INF] Executed action AuraCinema.Web.Controllers.BookingController.AddServices (AuraCinema.Web) in 15.3798ms
2026-05-25 15:18:30.525 +07:00 [INF] Executed endpoint 'AuraCinema.Web.Controllers.BookingController.AddServices (AuraCinema.Web)'
2026-05-25 15:18:30.528 +07:00 [INF] Request finished HTTP/1.1 GET http://localhost:5231/Booking/AddServices?showtimeId=8095&seatIds=338 - 200 null text/html; charset=utf-8 16.5009ms
2026-05-25 15:18:32.380 +07:00 [INF] Request starting HTTP/1.1 POST http://localhost:5231/Booking/ConfirmBooking - application/json 49
2026-05-25 15:18:32.380 +07:00 [INF] Executing endpoint 'AuraCinema.Web.Controllers.BookingController.ConfirmBooking (AuraCinema.Web)'
2026-05-25 15:18:32.380 +07:00 [INF] Route matched with {action = "ConfirmBooking", controller = "Booking", area = ""}. Executing controller action with signature System.Threading.Tasks.Task`1[Microsoft.AspNetCore.Mvc.IActionResult] ConfirmBooking(AuraCinema.Web.ViewModels.Booking.ConfirmBookingRequest) on controller AuraCinema.Web.Controllers.BookingController (AuraCinema.Web).
2026-05-25 15:18:32.384 +07:00 [INF] Executed DbCommand (1ms) [Parameters=[@__showtimeId_0='?' (DbType = Int32)], CommandType='"Text"', CommandTimeout='30']
SELECT TOP(1) [s].[ShowtimeID], [s].[EndTime], [s].[MovieID], [s].[RoomID], [s].[ShowtimeCode], [s].[StartTime], [s].[Status], [m].[MovieID], [m].[Actors], [m].[Description], [m].[Director], [m].[Duration], [m].[Genre], [m].[MovieCode], [m].[Poster], [m].[ReleaseDate], [m].[Status], [m].[Title], [m].[Trailer], [r].[RoomID], [r].[Capacity], [r].[RoomCode], [r].[RoomName], [r].[Status]
FROM [Showtimes] AS [s]
INNER JOIN [Movies] AS [m] ON [s].[MovieID] = [m].[MovieID]
INNER JOIN [Rooms] AS [r] ON [s].[RoomID] = [r].[RoomID]
WHERE [s].[ShowtimeID] = @__showtimeId_0
2026-05-25 15:18:32.386 +07:00 [INF] Executed DbCommand (1ms) [Parameters=[@__showtime_RoomID_0='?' (DbType = Int32)], CommandType='"Text"', CommandTimeout='30']
SELECT [s].[SeatID], [s].[RoomID], [s].[RowLabel], [s].[SeatCode], [s].[SeatNumber], [s].[SeatType]
FROM [Seats] AS [s]
WHERE [s].[RoomID] = @__showtime_RoomID_0
ORDER BY [s].[RowLabel], [s].[SeatNumber]
2026-05-25 15:18:32.387 +07:00 [INF] Executed DbCommand (1ms) [Parameters=[@__showtimeId_0='?' (DbType = Int32)], CommandType='"Text"', CommandTimeout='30']
SELECT [o].[OrderID], [o].[SeatID], [o].[Price], [o].[Status], [o0].[OrderID], [o0].[CheckInTime], [o0].[FinalAmount], [o0].[HoldExpiryTime], [o0].[OrderCode], [o0].[PayOSTransID], [o0].[PromoID], [o0].[QrCode], [o0].[ShowtimeID], [o0].[Status], [o0].[TotalAmount], [o0].[UserID]
FROM [OrderSeats] AS [o]
INNER JOIN [Orders] AS [o0] ON [o].[OrderID] = [o0].[OrderID]
WHERE [o0].[ShowtimeID] = @__showtimeId_0 AND ([o0].[Status] = N'Đã thanh toán' OR ([o0].[Status] = N'Chờ thanh toán' AND [o0].[HoldExpiryTime] > GETDATE()))
2026-05-25 15:18:32.388 +07:00 [INF] Executed DbCommand (1ms) [Parameters=[@__seatIds_0='?' (Size = 4000)], CommandType='"Text"', CommandTimeout='30']
SELECT [s].[SeatID], [s].[RoomID], [s].[RowLabel], [s].[SeatCode], [s].[SeatNumber], [s].[SeatType]
FROM [Seats] AS [s]
WHERE [s].[SeatID] IN (
    SELECT [s0].[value]
    FROM OPENJSON(@__seatIds_0) WITH ([value] int '$') AS [s0]
)
2026-05-25 15:18:32.390 +07:00 [INF] Executed DbCommand (1ms) [Parameters=[@__svcIds_0='?' (Size = 4000)], CommandType='"Text"', CommandTimeout='30']
SELECT [s].[ServiceID], [s].[Image], [s].[Price], [s].[ServiceCode], [s].[ServiceName], [s].[Status]
FROM [Services] AS [s]
WHERE [s].[ServiceID] IN (
    SELECT [s0].[value]
    FROM OPENJSON(@__svcIds_0) WITH ([value] int '$') AS [s0]
)
2026-05-25 15:18:32.391 +07:00 [INF] Executed DbCommand (0ms) [Parameters=[], CommandType='"Text"', CommandTimeout='30']
SELECT [p].[ConfigID], [p].[ConfigCode], [p].[ConfigName], [p].[ConfigType], [p].[EffectiveDate], [p].[SurchargeAmount]
FROM [PriceConfigs] AS [p]
2026-05-25 15:18:32.392 +07:00 [WRN] Savepoints are disabled because Multiple Active Result Sets (MARS) is enabled. If 'SaveChanges' fails, then the transaction cannot be automatically rolled back to a known clean state. Instead, the transaction should be rolled back by the application before retrying 'SaveChanges'. See https://go.microsoft.com/fwlink/?linkid=2149338 for more information and examples. To identify the code which triggers this warning, call 'ConfigureWarnings(w => w.Throw(SqlServerEventId.SavepointsDisabledBecauseOfMARS))'.
2026-05-25 15:18:32.392 +07:00 [INF] Executed DbCommand (1ms) [Parameters=[@p0='?' (DbType = DateTime2), @p1='?' (DbType = Int32), @p2='?' (DbType = DateTime2), @p3='?' (Size = 4000), @p4='?' (Size = 4000), @p5='?' (DbType = Int32), @p6='?' (Size = 4000), @p7='?' (DbType = Int32), @p8='?' (Size = 50), @p9='?' (DbType = Int32), @p10='?' (DbType = Int32)], CommandType='"Text"', CommandTimeout='30']
SET IMPLICIT_TRANSACTIONS OFF;
SET NOCOUNT ON;
INSERT INTO [Orders] ([CheckInTime], [FinalAmount], [HoldExpiryTime], [OrderCode], [PayOSTransID], [PromoID], [QrCode], [ShowtimeID], [Status], [TotalAmount], [UserID])
OUTPUT INSERTED.[OrderID]
VALUES (@p0, @p1, @p2, @p3, @p4, @p5, @p6, @p7, @p8, @p9, @p10);
2026-05-25 15:18:32.393 +07:00 [INF] Executed DbCommand (0ms) [Parameters=[@__seatIds_0='?' (Size = 4000)], CommandType='"Text"', CommandTimeout='30']
SELECT [s].[SeatID], [s].[RoomID], [s].[RowLabel], [s].[SeatCode], [s].[SeatNumber], [s].[SeatType]
FROM [Seats] AS [s]
WHERE [s].[SeatID] IN (
    SELECT [s0].[value]
    FROM OPENJSON(@__seatIds_0) WITH ([value] int '$') AS [s0]
)
2026-05-25 15:18:32.394 +07:00 [INF] Executed DbCommand (0ms) [Parameters=[], CommandType='"Text"', CommandTimeout='30']
SELECT [p].[ConfigID], [p].[ConfigCode], [p].[ConfigName], [p].[ConfigType], [p].[EffectiveDate], [p].[SurchargeAmount]
FROM [PriceConfigs] AS [p]
2026-05-25 15:18:32.395 +07:00 [INF] Executed DbCommand (0ms) [Parameters=[@__svcIds_0='?' (Size = 4000)], CommandType='"Text"', CommandTimeout='30']
SELECT [s].[ServiceID], [s].[Image], [s].[Price], [s].[ServiceCode], [s].[ServiceName], [s].[Status]
FROM [Services] AS [s]
WHERE [s].[ServiceID] IN (
    SELECT [s0].[value]
    FROM OPENJSON(@__svcIds_0) WITH ([value] int '$') AS [s0]
)
2026-05-25 15:18:32.395 +07:00 [WRN] Savepoints are disabled because Multiple Active Result Sets (MARS) is enabled. If 'SaveChanges' fails, then the transaction cannot be automatically rolled back to a known clean state. Instead, the transaction should be rolled back by the application before retrying 'SaveChanges'. See https://go.microsoft.com/fwlink/?linkid=2149338 for more information and examples. To identify the code which triggers this warning, call 'ConfigureWarnings(w => w.Throw(SqlServerEventId.SavepointsDisabledBecauseOfMARS))'.
2026-05-25 15:18:32.395 +07:00 [INF] Executed DbCommand (0ms) [Parameters=[@p0='?' (DbType = Int32), @p1='?' (DbType = Int32), @p2='?' (DbType = Int32), @p3='?' (Size = 20)], CommandType='"Text"', CommandTimeout='30']
SET IMPLICIT_TRANSACTIONS OFF;
SET NOCOUNT ON;
INSERT INTO [OrderSeats] ([OrderID], [SeatID], [Price], [Status])
VALUES (@p0, @p1, @p2, @p3);
2026-05-25 15:18:32.396 +07:00 [INF] Executing OkObjectResult, writing value of type '<>f__AnonymousType13`2[[System.Boolean, System.Private.CoreLib, Version=9.0.0.0, Culture=neutral, PublicKeyToken=7cec85d7bea7798e],[System.String, System.Private.CoreLib, Version=9.0.0.0, Culture=neutral, PublicKeyToken=7cec85d7bea7798e]]'.
2026-05-25 15:18:32.396 +07:00 [INF] Executed action AuraCinema.Web.Controllers.BookingController.ConfirmBooking (AuraCinema.Web) in 16.1682ms
2026-05-25 15:18:32.396 +07:00 [INF] Executed endpoint 'AuraCinema.Web.Controllers.BookingController.ConfirmBooking (AuraCinema.Web)'
2026-05-25 15:18:32.396 +07:00 [INF] Request finished HTTP/1.1 POST http://localhost:5231/Booking/ConfirmBooking - 200 null application/json; charset=utf-8 16.89ms
2026-05-25 15:18:32.413 +07:00 [INF] Request starting HTTP/1.1 GET http://localhost:5231/Booking/Checkout?orderId=15055 - null null
2026-05-25 15:18:32.413 +07:00 [INF] Executing endpoint 'AuraCinema.Web.Controllers.BookingController.Checkout (AuraCinema.Web)'
2026-05-25 15:18:32.413 +07:00 [INF] Route matched with {action = "Checkout", controller = "Booking", area = ""}. Executing controller action with signature System.Threading.Tasks.Task`1[Microsoft.AspNetCore.Mvc.IActionResult] Checkout(Int32, System.Nullable`1[System.Int32]) on controller AuraCinema.Web.Controllers.BookingController (AuraCinema.Web).
2026-05-25 15:18:32.417 +07:00 [INF] Executed DbCommand (2ms) [Parameters=[@__id_0='?' (DbType = Int32)], CommandType='"Text"', CommandTimeout='30']
SELECT [t].[OrderID], [t].[CheckInTime], [t].[FinalAmount], [t].[HoldExpiryTime], [t].[OrderCode], [t].[PayOSTransID], [t].[PromoID], [t].[QrCode], [t].[ShowtimeID], [t].[Status], [t].[TotalAmount], [t].[UserID], [t].[UserID0], [t].[Email], [t].[FullName], [t].[OtpCode], [t].[OtpExpiry], [t].[Password], [t].[Phone], [t].[Role], [t].[Status0], [t].[UserCode], [t].[ShowtimeID0], [t].[EndTime], [t].[MovieID], [t].[RoomID], [t].[ShowtimeCode], [t].[StartTime], [t].[Status1], [t].[MovieID0], [t].[Actors], [t].[Description], [t].[Director], [t].[Duration], [t].[Genre], [t].[MovieCode], [t].[Poster], [t].[ReleaseDate], [t].[Status2], [t].[Title], [t].[Trailer], [t].[RoomID0], [t].[Capacity], [t].[RoomCode], [t].[RoomName], [t].[Status3], [t].[PromoID0], [t].[Condition], [t].[DiscountValue], [t].[EndDate], [t].[MinAmount], [t].[PromoCode], [t].[StartDate], [t].[Status4], [t].[Title0], [t0].[OrderID], [t0].[SeatID], [t0].[Price], [t0].[Status], [t0].[SeatID0], [t0].[RoomID], [t0].[RowLabel], [t0].[SeatCode], [t0].[SeatNumber], [t0].[SeatType], [t1].[OrderID], [t1].[ServiceID], [t1].[Price], [t1].[Quantity], [t1].[ServiceID0], [t1].[Image], [t1].[Price0], [t1].[ServiceCode], [t1].[ServiceName], [t1].[Status]
FROM (
    SELECT TOP(1) [o].[OrderID], [o].[CheckInTime], [o].[FinalAmount], [o].[HoldExpiryTime], [o].[OrderCode], [o].[PayOSTransID], [o].[PromoID], [o].[QrCode], [o].[ShowtimeID], [o].[Status], [o].[TotalAmount], [o].[UserID], [u].[UserID] AS [UserID0], [u].[Email], [u].[FullName], [u].[OtpCode], [u].[OtpExpiry], [u].[Password], [u].[Phone], [u].[Role], [u].[Status] AS [Status0], [u].[UserCode], [s].[ShowtimeID] AS [ShowtimeID0], [s].[EndTime], [s].[MovieID], [s].[RoomID], [s].[ShowtimeCode], [s].[StartTime], [s].[Status] AS [Status1], [m].[MovieID] AS [MovieID0], [m].[Actors], [m].[Description], [m].[Director], [m].[Duration], [m].[Genre], [m].[MovieCode], [m].[Poster], [m].[ReleaseDate], [m].[Status] AS [Status2], [m].[Title], [m].[Trailer], [r].[RoomID] AS [RoomID0], [r].[Capacity], [r].[RoomCode], [r].[RoomName], [r].[Status] AS [Status3], [p].[PromoID] AS [PromoID0], [p].[Condition], [p].[DiscountValue], [p].[EndDate], [p].[MinAmount], [p].[PromoCode], [p].[StartDate], [p].[Status] AS [Status4], [p].[Title] AS [Title0]
    FROM [Orders] AS [o]
    INNER JOIN [Users] AS [u] ON [o].[UserID] = [u].[UserID]
    INNER JOIN [Showtimes] AS [s] ON [o].[ShowtimeID] = [s].[ShowtimeID]
    INNER JOIN [Movies] AS [m] ON [s].[MovieID] = [m].[MovieID]
    INNER JOIN [Rooms] AS [r] ON [s].[RoomID] = [r].[RoomID]
    LEFT JOIN [Promotions] AS [p] ON [o].[PromoID] = [p].[PromoID]
    WHERE [o].[OrderID] = @__id_0
) AS [t]
LEFT JOIN (
    SELECT [o0].[OrderID], [o0].[SeatID], [o0].[Price], [o0].[Status], [s0].[SeatID] AS [SeatID0], [s0].[RoomID], [s0].[RowLabel], [s0].[SeatCode], [s0].[SeatNumber], [s0].[SeatType]
    FROM [OrderSeats] AS [o0]
    INNER JOIN [Seats] AS [s0] ON [o0].[SeatID] = [s0].[SeatID]
) AS [t0] ON [t].[OrderID] = [t0].[OrderID]
LEFT JOIN (
    SELECT [o1].[OrderID], [o1].[ServiceID], [o1].[Price], [o1].[Quantity], [s1].[ServiceID] AS [ServiceID0], [s1].[Image], [s1].[Price] AS [Price0], [s1].[ServiceCode], [s1].[ServiceName], [s1].[Status]
    FROM [OrderServices] AS [o1]
    INNER JOIN [Services] AS [s1] ON [o1].[ServiceID] = [s1].[ServiceID]
) AS [t1] ON [t].[OrderID] = [t1].[OrderID]
ORDER BY [t].[OrderID], [t].[UserID0], [t].[ShowtimeID0], [t].[MovieID0], [t].[RoomID0], [t].[PromoID0], [t0].[OrderID], [t0].[SeatID], [t0].[SeatID0], [t1].[OrderID], [t1].[ServiceID]
2026-05-25 15:18:32.420 +07:00 [INF] Executed DbCommand (1ms) [Parameters=[@__totalAmount_0='?' (DbType = Int32)], CommandType='"Text"', CommandTimeout='30']
SELECT [p].[PromoID], [p].[Condition], [p].[DiscountValue], [p].[EndDate], [p].[MinAmount], [p].[PromoCode], [p].[StartDate], [p].[Status], [p].[Title]
FROM [Promotions] AS [p]
WHERE [p].[Status] = N'Hoat dong' AND [p].[StartDate] <= GETDATE() AND [p].[EndDate] >= GETDATE() AND [p].[MinAmount] <= @__totalAmount_0
ORDER BY [p].[DiscountValue] DESC
2026-05-25 15:18:32.420 +07:00 [INF] Executing ViewResult, running view Checkout.
2026-05-25 15:18:32.421 +07:00 [INF] Executed ViewResult - view Checkout executed in 1.0816ms.
2026-05-25 15:18:32.422 +07:00 [INF] Executed action AuraCinema.Web.Controllers.BookingController.Checkout (AuraCinema.Web) in 8.0748ms
2026-05-25 15:18:32.422 +07:00 [INF] Executed endpoint 'AuraCinema.Web.Controllers.BookingController.Checkout (AuraCinema.Web)'
2026-05-25 15:18:32.422 +07:00 [INF] Request finished HTTP/1.1 GET http://localhost:5231/Booking/Checkout?orderId=15055 - 200 null text/html; charset=utf-8 9.1828ms
2026-05-25 15:19:06.108 +07:00 [INF] Executed DbCommand (1ms) [Parameters=[], CommandType='"Text"', CommandTimeout='30']
SELECT [o].[OrderID], [o].[CheckInTime], [o].[FinalAmount], [o].[HoldExpiryTime], [o].[OrderCode], [o].[PayOSTransID], [o].[PromoID], [o].[QrCode], [o].[ShowtimeID], [o].[Status], [o].[TotalAmount], [o].[UserID]
FROM [Orders] AS [o]
WHERE [o].[Status] = N'Chờ thanh toán' AND [o].[HoldExpiryTime] <= GETDATE()
2026-05-25 15:19:06.110 +07:00 [INF] Executed DbCommand (1ms) [Parameters=[@__maxSellingDate_0='?' (DbType = DateTime2), @__now_1='?' (DbType = DateTime2)], CommandType='"Text"', CommandTimeout='30']
SELECT [s].[ShowtimeID], [s].[EndTime], [s].[MovieID], [s].[RoomID], [s].[ShowtimeCode], [s].[StartTime], [s].[Status]
FROM [Showtimes] AS [s]
WHERE [s].[Status] IN (N'Đã lên lịch', N'Sap chieu') AND CONVERT(date, [s].[StartTime]) <= @__maxSellingDate_0 AND [s].[StartTime] > @__now_1
2026-05-25 15:19:06.112 +07:00 [INF] Executed DbCommand (1ms) [Parameters=[@__now_0='?' (DbType = DateTime2)], CommandType='"Text"', CommandTimeout='30']
SELECT [s].[ShowtimeID], [s].[EndTime], [s].[MovieID], [s].[RoomID], [s].[ShowtimeCode], [s].[StartTime], [s].[Status]
FROM [Showtimes] AS [s]
WHERE [s].[Status] IN (N'Đã lên lịch', N'Đang mở bán', N'Sap chieu') AND [s].[StartTime] <= @__now_0 AND [s].[EndTime] > @__now_0
2026-05-25 15:19:06.113 +07:00 [INF] Executed DbCommand (1ms) [Parameters=[@__now_0='?' (DbType = DateTime2)], CommandType='"Text"', CommandTimeout='30']
SELECT [s].[ShowtimeID], [s].[EndTime], [s].[MovieID], [s].[RoomID], [s].[ShowtimeCode], [s].[StartTime], [s].[Status]
FROM [Showtimes] AS [s]
WHERE [s].[Status] IN (N'Đã lên lịch', N'Đang mở bán', N'Đang chiếu', N'Sap chieu', N'Dang dien ra') AND [s].[EndTime] <= @__now_0
2026-05-25 15:19:06.115 +07:00 [INF] Executed DbCommand (1ms) [Parameters=[@__today_0='?' (DbType = Date)], CommandType='"Text"', CommandTimeout='30']
SELECT [m].[MovieID], [m].[Actors], [m].[Description], [m].[Director], [m].[Duration], [m].[Genre], [m].[MovieCode], [m].[Poster], [m].[ReleaseDate], [m].[Status], [m].[Title], [m].[Trailer]
FROM [Movies] AS [m]
WHERE [m].[Status] = N'Sap chieu' AND [m].[ReleaseDate] <= @__today_0
2026-05-25 15:20:06.137 +07:00 [INF] Executed DbCommand (1ms) [Parameters=[], CommandType='"Text"', CommandTimeout='30']
SELECT [o].[OrderID], [o].[CheckInTime], [o].[FinalAmount], [o].[HoldExpiryTime], [o].[OrderCode], [o].[PayOSTransID], [o].[PromoID], [o].[QrCode], [o].[ShowtimeID], [o].[Status], [o].[TotalAmount], [o].[UserID]
FROM [Orders] AS [o]
WHERE [o].[Status] = N'Chờ thanh toán' AND [o].[HoldExpiryTime] <= GETDATE()
2026-05-25 15:20:06.137 +07:00 [INF] Cleaning up 1 expired orders.
2026-05-25 15:20:06.139 +07:00 [INF] Executed DbCommand (1ms) [Parameters=[@p1='?' (DbType = Int32), @p0='?' (Size = 50)], CommandType='"Text"', CommandTimeout='30']
SET IMPLICIT_TRANSACTIONS OFF;
SET NOCOUNT ON;
UPDATE [Orders] SET [Status] = @p0
OUTPUT 1
WHERE [OrderID] = @p1;
2026-05-25 15:20:06.142 +07:00 [INF] Executed DbCommand (1ms) [Parameters=[@__maxSellingDate_0='?' (DbType = DateTime2), @__now_1='?' (DbType = DateTime2)], CommandType='"Text"', CommandTimeout='30']
SELECT [s].[ShowtimeID], [s].[EndTime], [s].[MovieID], [s].[RoomID], [s].[ShowtimeCode], [s].[StartTime], [s].[Status]
FROM [Showtimes] AS [s]
WHERE [s].[Status] IN (N'Đã lên lịch', N'Sap chieu') AND CONVERT(date, [s].[StartTime]) <= @__maxSellingDate_0 AND [s].[StartTime] > @__now_1
2026-05-25 15:20:06.143 +07:00 [INF] Executed DbCommand (0ms) [Parameters=[@__now_0='?' (DbType = DateTime2)], CommandType='"Text"', CommandTimeout='30']
SELECT [s].[ShowtimeID], [s].[EndTime], [s].[MovieID], [s].[RoomID], [s].[ShowtimeCode], [s].[StartTime], [s].[Status]
FROM [Showtimes] AS [s]
WHERE [s].[Status] IN (N'Đã lên lịch', N'Đang mở bán', N'Sap chieu') AND [s].[StartTime] <= @__now_0 AND [s].[EndTime] > @__now_0
2026-05-25 15:20:06.145 +07:00 [INF] Executed DbCommand (1ms) [Parameters=[@__now_0='?' (DbType = DateTime2)], CommandType='"Text"', CommandTimeout='30']
SELECT [s].[ShowtimeID], [s].[EndTime], [s].[MovieID], [s].[RoomID], [s].[ShowtimeCode], [s].[StartTime], [s].[Status]
FROM [Showtimes] AS [s]
WHERE [s].[Status] IN (N'Đã lên lịch', N'Đang mở bán', N'Đang chiếu', N'Sap chieu', N'Dang dien ra') AND [s].[EndTime] <= @__now_0
2026-05-25 15:20:06.146 +07:00 [INF] Executed DbCommand (1ms) [Parameters=[@__today_0='?' (DbType = Date)], CommandType='"Text"', CommandTimeout='30']
SELECT [m].[MovieID], [m].[Actors], [m].[Description], [m].[Director], [m].[Duration], [m].[Genre], [m].[MovieCode], [m].[Poster], [m].[ReleaseDate], [m].[Status], [m].[Title], [m].[Trailer]
FROM [Movies] AS [m]
WHERE [m].[Status] = N'Sap chieu' AND [m].[ReleaseDate] <= @__today_0
2026-05-25 15:21:06.165 +07:00 [INF] Executed DbCommand (1ms) [Parameters=[], CommandType='"Text"', CommandTimeout='30']
SELECT [o].[OrderID], [o].[CheckInTime], [o].[FinalAmount], [o].[HoldExpiryTime], [o].[OrderCode], [o].[PayOSTransID], [o].[PromoID], [o].[QrCode], [o].[ShowtimeID], [o].[Status], [o].[TotalAmount], [o].[UserID]
FROM [Orders] AS [o]
WHERE [o].[Status] = N'Chờ thanh toán' AND [o].[HoldExpiryTime] <= GETDATE()
2026-05-25 15:21:06.167 +07:00 [INF] Executed DbCommand (1ms) [Parameters=[@__maxSellingDate_0='?' (DbType = DateTime2), @__now_1='?' (DbType = DateTime2)], CommandType='"Text"', CommandTimeout='30']
SELECT [s].[ShowtimeID], [s].[EndTime], [s].[MovieID], [s].[RoomID], [s].[ShowtimeCode], [s].[StartTime], [s].[Status]
FROM [Showtimes] AS [s]
WHERE [s].[Status] IN (N'Đã lên lịch', N'Sap chieu') AND CONVERT(date, [s].[StartTime]) <= @__maxSellingDate_0 AND [s].[StartTime] > @__now_1
2026-05-25 15:21:06.168 +07:00 [INF] Executed DbCommand (0ms) [Parameters=[@__now_0='?' (DbType = DateTime2)], CommandType='"Text"', CommandTimeout='30']
SELECT [s].[ShowtimeID], [s].[EndTime], [s].[MovieID], [s].[RoomID], [s].[ShowtimeCode], [s].[StartTime], [s].[Status]
FROM [Showtimes] AS [s]
WHERE [s].[Status] IN (N'Đã lên lịch', N'Đang mở bán', N'Sap chieu') AND [s].[StartTime] <= @__now_0 AND [s].[EndTime] > @__now_0
2026-05-25 15:21:06.169 +07:00 [INF] Executed DbCommand (0ms) [Parameters=[@__now_0='?' (DbType = DateTime2)], CommandType='"Text"', CommandTimeout='30']
SELECT [s].[ShowtimeID], [s].[EndTime], [s].[MovieID], [s].[RoomID], [s].[ShowtimeCode], [s].[StartTime], [s].[Status]
FROM [Showtimes] AS [s]
WHERE [s].[Status] IN (N'Đã lên lịch', N'Đang mở bán', N'Đang chiếu', N'Sap chieu', N'Dang dien ra') AND [s].[EndTime] <= @__now_0
2026-05-25 15:21:06.170 +07:00 [INF] Executed DbCommand (0ms) [Parameters=[@__today_0='?' (DbType = Date)], CommandType='"Text"', CommandTimeout='30']
SELECT [m].[MovieID], [m].[Actors], [m].[Description], [m].[Director], [m].[Duration], [m].[Genre], [m].[MovieCode], [m].[Poster], [m].[ReleaseDate], [m].[Status], [m].[Title], [m].[Trailer]
FROM [Movies] AS [m]
WHERE [m].[Status] = N'Sap chieu' AND [m].[ReleaseDate] <= @__today_0
2026-05-25 15:22:06.186 +07:00 [INF] Executed DbCommand (1ms) [Parameters=[], CommandType='"Text"', CommandTimeout='30']
SELECT [o].[OrderID], [o].[CheckInTime], [o].[FinalAmount], [o].[HoldExpiryTime], [o].[OrderCode], [o].[PayOSTransID], [o].[PromoID], [o].[QrCode], [o].[ShowtimeID], [o].[Status], [o].[TotalAmount], [o].[UserID]
FROM [Orders] AS [o]
WHERE [o].[Status] = N'Chờ thanh toán' AND [o].[HoldExpiryTime] <= GETDATE()
2026-05-25 15:22:06.187 +07:00 [INF] Executed DbCommand (1ms) [Parameters=[@__maxSellingDate_0='?' (DbType = DateTime2), @__now_1='?' (DbType = DateTime2)], CommandType='"Text"', CommandTimeout='30']
SELECT [s].[ShowtimeID], [s].[EndTime], [s].[MovieID], [s].[RoomID], [s].[ShowtimeCode], [s].[StartTime], [s].[Status]
FROM [Showtimes] AS [s]
WHERE [s].[Status] IN (N'Đã lên lịch', N'Sap chieu') AND CONVERT(date, [s].[StartTime]) <= @__maxSellingDate_0 AND [s].[StartTime] > @__now_1
2026-05-25 15:22:06.188 +07:00 [INF] Executed DbCommand (1ms) [Parameters=[@__now_0='?' (DbType = DateTime2)], CommandType='"Text"', CommandTimeout='30']
SELECT [s].[ShowtimeID], [s].[EndTime], [s].[MovieID], [s].[RoomID], [s].[ShowtimeCode], [s].[StartTime], [s].[Status]
FROM [Showtimes] AS [s]
WHERE [s].[Status] IN (N'Đã lên lịch', N'Đang mở bán', N'Sap chieu') AND [s].[StartTime] <= @__now_0 AND [s].[EndTime] > @__now_0
2026-05-25 15:22:06.189 +07:00 [INF] Executed DbCommand (1ms) [Parameters=[@__now_0='?' (DbType = DateTime2)], CommandType='"Text"', CommandTimeout='30']
SELECT [s].[ShowtimeID], [s].[EndTime], [s].[MovieID], [s].[RoomID], [s].[ShowtimeCode], [s].[StartTime], [s].[Status]
FROM [Showtimes] AS [s]
WHERE [s].[Status] IN (N'Đã lên lịch', N'Đang mở bán', N'Đang chiếu', N'Sap chieu', N'Dang dien ra') AND [s].[EndTime] <= @__now_0
2026-05-25 15:22:06.190 +07:00 [INF] Executed DbCommand (1ms) [Parameters=[@__today_0='?' (DbType = Date)], CommandType='"Text"', CommandTimeout='30']
SELECT [m].[MovieID], [m].[Actors], [m].[Description], [m].[Director], [m].[Duration], [m].[Genre], [m].[MovieCode], [m].[Poster], [m].[ReleaseDate], [m].[Status], [m].[Title], [m].[Trailer]
FROM [Movies] AS [m]
WHERE [m].[Status] = N'Sap chieu' AND [m].[ReleaseDate] <= @__today_0
2026-05-25 15:23:06.209 +07:00 [INF] Executed DbCommand (1ms) [Parameters=[], CommandType='"Text"', CommandTimeout='30']
SELECT [o].[OrderID], [o].[CheckInTime], [o].[FinalAmount], [o].[HoldExpiryTime], [o].[OrderCode], [o].[PayOSTransID], [o].[PromoID], [o].[QrCode], [o].[ShowtimeID], [o].[Status], [o].[TotalAmount], [o].[UserID]
FROM [Orders] AS [o]
WHERE [o].[Status] = N'Chờ thanh toán' AND [o].[HoldExpiryTime] <= GETDATE()
2026-05-25 15:23:06.212 +07:00 [INF] Executed DbCommand (1ms) [Parameters=[@__maxSellingDate_0='?' (DbType = DateTime2), @__now_1='?' (DbType = DateTime2)], CommandType='"Text"', CommandTimeout='30']
SELECT [s].[ShowtimeID], [s].[EndTime], [s].[MovieID], [s].[RoomID], [s].[ShowtimeCode], [s].[StartTime], [s].[Status]
FROM [Showtimes] AS [s]
WHERE [s].[Status] IN (N'Đã lên lịch', N'Sap chieu') AND CONVERT(date, [s].[StartTime]) <= @__maxSellingDate_0 AND [s].[StartTime] > @__now_1
2026-05-25 15:23:06.213 +07:00 [INF] Executed DbCommand (1ms) [Parameters=[@__now_0='?' (DbType = DateTime2)], CommandType='"Text"', CommandTimeout='30']
SELECT [s].[ShowtimeID], [s].[EndTime], [s].[MovieID], [s].[RoomID], [s].[ShowtimeCode], [s].[StartTime], [s].[Status]
FROM [Showtimes] AS [s]
WHERE [s].[Status] IN (N'Đã lên lịch', N'Đang mở bán', N'Sap chieu') AND [s].[StartTime] <= @__now_0 AND [s].[EndTime] > @__now_0
2026-05-25 15:23:06.214 +07:00 [INF] Executed DbCommand (1ms) [Parameters=[@__now_0='?' (DbType = DateTime2)], CommandType='"Text"', CommandTimeout='30']
SELECT [s].[ShowtimeID], [s].[EndTime], [s].[MovieID], [s].[RoomID], [s].[ShowtimeCode], [s].[StartTime], [s].[Status]
FROM [Showtimes] AS [s]
WHERE [s].[Status] IN (N'Đã lên lịch', N'Đang mở bán', N'Đang chiếu', N'Sap chieu', N'Dang dien ra') AND [s].[EndTime] <= @__now_0
2026-05-25 15:23:06.216 +07:00 [INF] Executed DbCommand (0ms) [Parameters=[@__today_0='?' (DbType = Date)], CommandType='"Text"', CommandTimeout='30']
SELECT [m].[MovieID], [m].[Actors], [m].[Description], [m].[Director], [m].[Duration], [m].[Genre], [m].[MovieCode], [m].[Poster], [m].[ReleaseDate], [m].[Status], [m].[Title], [m].[Trailer]
FROM [Movies] AS [m]
WHERE [m].[Status] = N'Sap chieu' AND [m].[ReleaseDate] <= @__today_0
2026-05-25 15:24:06.229 +07:00 [INF] Executed DbCommand (1ms) [Parameters=[], CommandType='"Text"', CommandTimeout='30']
SELECT [o].[OrderID], [o].[CheckInTime], [o].[FinalAmount], [o].[HoldExpiryTime], [o].[OrderCode], [o].[PayOSTransID], [o].[PromoID], [o].[QrCode], [o].[ShowtimeID], [o].[Status], [o].[TotalAmount], [o].[UserID]
FROM [Orders] AS [o]
WHERE [o].[Status] = N'Chờ thanh toán' AND [o].[HoldExpiryTime] <= GETDATE()
2026-05-25 15:24:06.231 +07:00 [INF] Executed DbCommand (1ms) [Parameters=[@__maxSellingDate_0='?' (DbType = DateTime2), @__now_1='?' (DbType = DateTime2)], CommandType='"Text"', CommandTimeout='30']
SELECT [s].[ShowtimeID], [s].[EndTime], [s].[MovieID], [s].[RoomID], [s].[ShowtimeCode], [s].[StartTime], [s].[Status]
FROM [Showtimes] AS [s]
WHERE [s].[Status] IN (N'Đã lên lịch', N'Sap chieu') AND CONVERT(date, [s].[StartTime]) <= @__maxSellingDate_0 AND [s].[StartTime] > @__now_1
2026-05-25 15:24:06.231 +07:00 [INF] Executed DbCommand (0ms) [Parameters=[@__now_0='?' (DbType = DateTime2)], CommandType='"Text"', CommandTimeout='30']
SELECT [s].[ShowtimeID], [s].[EndTime], [s].[MovieID], [s].[RoomID], [s].[ShowtimeCode], [s].[StartTime], [s].[Status]
FROM [Showtimes] AS [s]
WHERE [s].[Status] IN (N'Đã lên lịch', N'Đang mở bán', N'Sap chieu') AND [s].[StartTime] <= @__now_0 AND [s].[EndTime] > @__now_0
2026-05-25 15:24:06.232 +07:00 [INF] Executed DbCommand (0ms) [Parameters=[@__now_0='?' (DbType = DateTime2)], CommandType='"Text"', CommandTimeout='30']
SELECT [s].[ShowtimeID], [s].[EndTime], [s].[MovieID], [s].[RoomID], [s].[ShowtimeCode], [s].[StartTime], [s].[Status]
FROM [Showtimes] AS [s]
WHERE [s].[Status] IN (N'Đã lên lịch', N'Đang mở bán', N'Đang chiếu', N'Sap chieu', N'Dang dien ra') AND [s].[EndTime] <= @__now_0
2026-05-25 15:24:06.234 +07:00 [INF] Executed DbCommand (1ms) [Parameters=[@__today_0='?' (DbType = Date)], CommandType='"Text"', CommandTimeout='30']
SELECT [m].[MovieID], [m].[Actors], [m].[Description], [m].[Director], [m].[Duration], [m].[Genre], [m].[MovieCode], [m].[Poster], [m].[ReleaseDate], [m].[Status], [m].[Title], [m].[Trailer]
FROM [Movies] AS [m]
WHERE [m].[Status] = N'Sap chieu' AND [m].[ReleaseDate] <= @__today_0
2026-05-25 15:25:06.253 +07:00 [INF] Executed DbCommand (1ms) [Parameters=[], CommandType='"Text"', CommandTimeout='30']
SELECT [o].[OrderID], [o].[CheckInTime], [o].[FinalAmount], [o].[HoldExpiryTime], [o].[OrderCode], [o].[PayOSTransID], [o].[PromoID], [o].[QrCode], [o].[ShowtimeID], [o].[Status], [o].[TotalAmount], [o].[UserID]
FROM [Orders] AS [o]
WHERE [o].[Status] = N'Chờ thanh toán' AND [o].[HoldExpiryTime] <= GETDATE()
2026-05-25 15:25:06.255 +07:00 [INF] Executed DbCommand (1ms) [Parameters=[@__maxSellingDate_0='?' (DbType = DateTime2), @__now_1='?' (DbType = DateTime2)], CommandType='"Text"', CommandTimeout='30']
SELECT [s].[ShowtimeID], [s].[EndTime], [s].[MovieID], [s].[RoomID], [s].[ShowtimeCode], [s].[StartTime], [s].[Status]
FROM [Showtimes] AS [s]
WHERE [s].[Status] IN (N'Đã lên lịch', N'Sap chieu') AND CONVERT(date, [s].[StartTime]) <= @__maxSellingDate_0 AND [s].[StartTime] > @__now_1
2026-05-25 15:25:06.256 +07:00 [INF] Executed DbCommand (1ms) [Parameters=[@__now_0='?' (DbType = DateTime2)], CommandType='"Text"', CommandTimeout='30']
SELECT [s].[ShowtimeID], [s].[EndTime], [s].[MovieID], [s].[RoomID], [s].[ShowtimeCode], [s].[StartTime], [s].[Status]
FROM [Showtimes] AS [s]
WHERE [s].[Status] IN (N'Đã lên lịch', N'Đang mở bán', N'Sap chieu') AND [s].[StartTime] <= @__now_0 AND [s].[EndTime] > @__now_0
2026-05-25 15:25:06.257 +07:00 [INF] Executed DbCommand (1ms) [Parameters=[@__now_0='?' (DbType = DateTime2)], CommandType='"Text"', CommandTimeout='30']
SELECT [s].[ShowtimeID], [s].[EndTime], [s].[MovieID], [s].[RoomID], [s].[ShowtimeCode], [s].[StartTime], [s].[Status]
FROM [Showtimes] AS [s]
WHERE [s].[Status] IN (N'Đã lên lịch', N'Đang mở bán', N'Đang chiếu', N'Sap chieu', N'Dang dien ra') AND [s].[EndTime] <= @__now_0
2026-05-25 15:25:06.258 +07:00 [INF] Executed DbCommand (0ms) [Parameters=[@__today_0='?' (DbType = Date)], CommandType='"Text"', CommandTimeout='30']
SELECT [m].[MovieID], [m].[Actors], [m].[Description], [m].[Director], [m].[Duration], [m].[Genre], [m].[MovieCode], [m].[Poster], [m].[ReleaseDate], [m].[Status], [m].[Title], [m].[Trailer]
FROM [Movies] AS [m]
WHERE [m].[Status] = N'Sap chieu' AND [m].[ReleaseDate] <= @__today_0
2026-05-25 15:26:06.266 +07:00 [INF] Executed DbCommand (1ms) [Parameters=[], CommandType='"Text"', CommandTimeout='30']
SELECT [o].[OrderID], [o].[CheckInTime], [o].[FinalAmount], [o].[HoldExpiryTime], [o].[OrderCode], [o].[PayOSTransID], [o].[PromoID], [o].[QrCode], [o].[ShowtimeID], [o].[Status], [o].[TotalAmount], [o].[UserID]
FROM [Orders] AS [o]
WHERE [o].[Status] = N'Chờ thanh toán' AND [o].[HoldExpiryTime] <= GETDATE()
2026-05-25 15:26:06.268 +07:00 [INF] Executed DbCommand (1ms) [Parameters=[@__maxSellingDate_0='?' (DbType = DateTime2), @__now_1='?' (DbType = DateTime2)], CommandType='"Text"', CommandTimeout='30']
SELECT [s].[ShowtimeID], [s].[EndTime], [s].[MovieID], [s].[RoomID], [s].[ShowtimeCode], [s].[StartTime], [s].[Status]
FROM [Showtimes] AS [s]
WHERE [s].[Status] IN (N'Đã lên lịch', N'Sap chieu') AND CONVERT(date, [s].[StartTime]) <= @__maxSellingDate_0 AND [s].[StartTime] > @__now_1
2026-05-25 15:26:06.269 +07:00 [INF] Executed DbCommand (1ms) [Parameters=[@__now_0='?' (DbType = DateTime2)], CommandType='"Text"', CommandTimeout='30']
SELECT [s].[ShowtimeID], [s].[EndTime], [s].[MovieID], [s].[RoomID], [s].[ShowtimeCode], [s].[StartTime], [s].[Status]
FROM [Showtimes] AS [s]
WHERE [s].[Status] IN (N'Đã lên lịch', N'Đang mở bán', N'Sap chieu') AND [s].[StartTime] <= @__now_0 AND [s].[EndTime] > @__now_0
2026-05-25 15:26:06.270 +07:00 [INF] Executed DbCommand (1ms) [Parameters=[@__now_0='?' (DbType = DateTime2)], CommandType='"Text"', CommandTimeout='30']
SELECT [s].[ShowtimeID], [s].[EndTime], [s].[MovieID], [s].[RoomID], [s].[ShowtimeCode], [s].[StartTime], [s].[Status]
FROM [Showtimes] AS [s]
WHERE [s].[Status] IN (N'Đã lên lịch', N'Đang mở bán', N'Đang chiếu', N'Sap chieu', N'Dang dien ra') AND [s].[EndTime] <= @__now_0
2026-05-25 15:26:06.272 +07:00 [INF] Executed DbCommand (1ms) [Parameters=[@__today_0='?' (DbType = Date)], CommandType='"Text"', CommandTimeout='30']
SELECT [m].[MovieID], [m].[Actors], [m].[Description], [m].[Director], [m].[Duration], [m].[Genre], [m].[MovieCode], [m].[Poster], [m].[ReleaseDate], [m].[Status], [m].[Title], [m].[Trailer]
FROM [Movies] AS [m]
WHERE [m].[Status] = N'Sap chieu' AND [m].[ReleaseDate] <= @__today_0
2026-05-25 15:27:06.288 +07:00 [INF] Executed DbCommand (2ms) [Parameters=[], CommandType='"Text"', CommandTimeout='30']
SELECT [o].[OrderID], [o].[CheckInTime], [o].[FinalAmount], [o].[HoldExpiryTime], [o].[OrderCode], [o].[PayOSTransID], [o].[PromoID], [o].[QrCode], [o].[ShowtimeID], [o].[Status], [o].[TotalAmount], [o].[UserID]
FROM [Orders] AS [o]
WHERE [o].[Status] = N'Chờ thanh toán' AND [o].[HoldExpiryTime] <= GETDATE()
2026-05-25 15:27:06.290 +07:00 [INF] Executed DbCommand (1ms) [Parameters=[@__maxSellingDate_0='?' (DbType = DateTime2), @__now_1='?' (DbType = DateTime2)], CommandType='"Text"', CommandTimeout='30']
SELECT [s].[ShowtimeID], [s].[EndTime], [s].[MovieID], [s].[RoomID], [s].[ShowtimeCode], [s].[StartTime], [s].[Status]
FROM [Showtimes] AS [s]
WHERE [s].[Status] IN (N'Đã lên lịch', N'Sap chieu') AND CONVERT(date, [s].[StartTime]) <= @__maxSellingDate_0 AND [s].[StartTime] > @__now_1
2026-05-25 15:27:06.293 +07:00 [INF] Executed DbCommand (2ms) [Parameters=[@__now_0='?' (DbType = DateTime2)], CommandType='"Text"', CommandTimeout='30']
SELECT [s].[ShowtimeID], [s].[EndTime], [s].[MovieID], [s].[RoomID], [s].[ShowtimeCode], [s].[StartTime], [s].[Status]
FROM [Showtimes] AS [s]
WHERE [s].[Status] IN (N'Đã lên lịch', N'Đang mở bán', N'Sap chieu') AND [s].[StartTime] <= @__now_0 AND [s].[EndTime] > @__now_0
2026-05-25 15:27:06.295 +07:00 [INF] Executed DbCommand (2ms) [Parameters=[@__now_0='?' (DbType = DateTime2)], CommandType='"Text"', CommandTimeout='30']
SELECT [s].[ShowtimeID], [s].[EndTime], [s].[MovieID], [s].[RoomID], [s].[ShowtimeCode], [s].[StartTime], [s].[Status]
FROM [Showtimes] AS [s]
WHERE [s].[Status] IN (N'Đã lên lịch', N'Đang mở bán', N'Đang chiếu', N'Sap chieu', N'Dang dien ra') AND [s].[EndTime] <= @__now_0
2026-05-25 15:27:06.296 +07:00 [INF] Executed DbCommand (1ms) [Parameters=[@__today_0='?' (DbType = Date)], CommandType='"Text"', CommandTimeout='30']
SELECT [m].[MovieID], [m].[Actors], [m].[Description], [m].[Director], [m].[Duration], [m].[Genre], [m].[MovieCode], [m].[Poster], [m].[ReleaseDate], [m].[Status], [m].[Title], [m].[Trailer]
FROM [Movies] AS [m]
WHERE [m].[Status] = N'Sap chieu' AND [m].[ReleaseDate] <= @__today_0
2026-05-25 15:28:06.312 +07:00 [INF] Executed DbCommand (2ms) [Parameters=[], CommandType='"Text"', CommandTimeout='30']
SELECT [o].[OrderID], [o].[CheckInTime], [o].[FinalAmount], [o].[HoldExpiryTime], [o].[OrderCode], [o].[PayOSTransID], [o].[PromoID], [o].[QrCode], [o].[ShowtimeID], [o].[Status], [o].[TotalAmount], [o].[UserID]
FROM [Orders] AS [o]
WHERE [o].[Status] = N'Chờ thanh toán' AND [o].[HoldExpiryTime] <= GETDATE()
2026-05-25 15:28:06.313 +07:00 [INF] Executed DbCommand (1ms) [Parameters=[@__maxSellingDate_0='?' (DbType = DateTime2), @__now_1='?' (DbType = DateTime2)], CommandType='"Text"', CommandTimeout='30']
SELECT [s].[ShowtimeID], [s].[EndTime], [s].[MovieID], [s].[RoomID], [s].[ShowtimeCode], [s].[StartTime], [s].[Status]
FROM [Showtimes] AS [s]
WHERE [s].[Status] IN (N'Đã lên lịch', N'Sap chieu') AND CONVERT(date, [s].[StartTime]) <= @__maxSellingDate_0 AND [s].[StartTime] > @__now_1
2026-05-25 15:28:06.314 +07:00 [INF] Executed DbCommand (1ms) [Parameters=[@__now_0='?' (DbType = DateTime2)], CommandType='"Text"', CommandTimeout='30']
SELECT [s].[ShowtimeID], [s].[EndTime], [s].[MovieID], [s].[RoomID], [s].[ShowtimeCode], [s].[StartTime], [s].[Status]
FROM [Showtimes] AS [s]
WHERE [s].[Status] IN (N'Đã lên lịch', N'Đang mở bán', N'Sap chieu') AND [s].[StartTime] <= @__now_0 AND [s].[EndTime] > @__now_0
2026-05-25 15:28:06.315 +07:00 [INF] Executed DbCommand (0ms) [Parameters=[@__now_0='?' (DbType = DateTime2)], CommandType='"Text"', CommandTimeout='30']
SELECT [s].[ShowtimeID], [s].[EndTime], [s].[MovieID], [s].[RoomID], [s].[ShowtimeCode], [s].[StartTime], [s].[Status]
FROM [Showtimes] AS [s]
WHERE [s].[Status] IN (N'Đã lên lịch', N'Đang mở bán', N'Đang chiếu', N'Sap chieu', N'Dang dien ra') AND [s].[EndTime] <= @__now_0
2026-05-25 15:28:06.316 +07:00 [INF] Executed DbCommand (1ms) [Parameters=[@__today_0='?' (DbType = Date)], CommandType='"Text"', CommandTimeout='30']
SELECT [m].[MovieID], [m].[Actors], [m].[Description], [m].[Director], [m].[Duration], [m].[Genre], [m].[MovieCode], [m].[Poster], [m].[ReleaseDate], [m].[Status], [m].[Title], [m].[Trailer]
FROM [Movies] AS [m]
WHERE [m].[Status] = N'Sap chieu' AND [m].[ReleaseDate] <= @__today_0
2026-05-25 15:29:06.324 +07:00 [INF] Executed DbCommand (1ms) [Parameters=[], CommandType='"Text"', CommandTimeout='30']
SELECT [o].[OrderID], [o].[CheckInTime], [o].[FinalAmount], [o].[HoldExpiryTime], [o].[OrderCode], [o].[PayOSTransID], [o].[PromoID], [o].[QrCode], [o].[ShowtimeID], [o].[Status], [o].[TotalAmount], [o].[UserID]
FROM [Orders] AS [o]
WHERE [o].[Status] = N'Chờ thanh toán' AND [o].[HoldExpiryTime] <= GETDATE()
2026-05-25 15:29:06.326 +07:00 [INF] Executed DbCommand (1ms) [Parameters=[@__maxSellingDate_0='?' (DbType = DateTime2), @__now_1='?' (DbType = DateTime2)], CommandType='"Text"', CommandTimeout='30']
SELECT [s].[ShowtimeID], [s].[EndTime], [s].[MovieID], [s].[RoomID], [s].[ShowtimeCode], [s].[StartTime], [s].[Status]
FROM [Showtimes] AS [s]
WHERE [s].[Status] IN (N'Đã lên lịch', N'Sap chieu') AND CONVERT(date, [s].[StartTime]) <= @__maxSellingDate_0 AND [s].[StartTime] > @__now_1
2026-05-25 15:29:06.327 +07:00 [INF] Executed DbCommand (1ms) [Parameters=[@__now_0='?' (DbType = DateTime2)], CommandType='"Text"', CommandTimeout='30']
SELECT [s].[ShowtimeID], [s].[EndTime], [s].[MovieID], [s].[RoomID], [s].[ShowtimeCode], [s].[StartTime], [s].[Status]
FROM [Showtimes] AS [s]
WHERE [s].[Status] IN (N'Đã lên lịch', N'Đang mở bán', N'Sap chieu') AND [s].[StartTime] <= @__now_0 AND [s].[EndTime] > @__now_0
2026-05-25 15:29:06.328 +07:00 [INF] Executed DbCommand (1ms) [Parameters=[@__now_0='?' (DbType = DateTime2)], CommandType='"Text"', CommandTimeout='30']
SELECT [s].[ShowtimeID], [s].[EndTime], [s].[MovieID], [s].[RoomID], [s].[ShowtimeCode], [s].[StartTime], [s].[Status]
FROM [Showtimes] AS [s]
WHERE [s].[Status] IN (N'Đã lên lịch', N'Đang mở bán', N'Đang chiếu', N'Sap chieu', N'Dang dien ra') AND [s].[EndTime] <= @__now_0
2026-05-25 15:29:06.329 +07:00 [INF] Executed DbCommand (1ms) [Parameters=[@__today_0='?' (DbType = Date)], CommandType='"Text"', CommandTimeout='30']
SELECT [m].[MovieID], [m].[Actors], [m].[Description], [m].[Director], [m].[Duration], [m].[Genre], [m].[MovieCode], [m].[Poster], [m].[ReleaseDate], [m].[Status], [m].[Title], [m].[Trailer]
FROM [Movies] AS [m]
WHERE [m].[Status] = N'Sap chieu' AND [m].[ReleaseDate] <= @__today_0
2026-05-25 15:30:06.350 +07:00 [INF] Executed DbCommand (1ms) [Parameters=[], CommandType='"Text"', CommandTimeout='30']
SELECT [o].[OrderID], [o].[CheckInTime], [o].[FinalAmount], [o].[HoldExpiryTime], [o].[OrderCode], [o].[PayOSTransID], [o].[PromoID], [o].[QrCode], [o].[ShowtimeID], [o].[Status], [o].[TotalAmount], [o].[UserID]
FROM [Orders] AS [o]
WHERE [o].[Status] = N'Chờ thanh toán' AND [o].[HoldExpiryTime] <= GETDATE()
2026-05-25 15:30:06.352 +07:00 [INF] Executed DbCommand (1ms) [Parameters=[@__maxSellingDate_0='?' (DbType = DateTime2), @__now_1='?' (DbType = DateTime2)], CommandType='"Text"', CommandTimeout='30']
SELECT [s].[ShowtimeID], [s].[EndTime], [s].[MovieID], [s].[RoomID], [s].[ShowtimeCode], [s].[StartTime], [s].[Status]
FROM [Showtimes] AS [s]
WHERE [s].[Status] IN (N'Đã lên lịch', N'Sap chieu') AND CONVERT(date, [s].[StartTime]) <= @__maxSellingDate_0 AND [s].[StartTime] > @__now_1
2026-05-25 15:30:06.353 +07:00 [INF] Executed DbCommand (1ms) [Parameters=[@__now_0='?' (DbType = DateTime2)], CommandType='"Text"', CommandTimeout='30']
SELECT [s].[ShowtimeID], [s].[EndTime], [s].[MovieID], [s].[RoomID], [s].[ShowtimeCode], [s].[StartTime], [s].[Status]
FROM [Showtimes] AS [s]
WHERE [s].[Status] IN (N'Đã lên lịch', N'Đang mở bán', N'Sap chieu') AND [s].[StartTime] <= @__now_0 AND [s].[EndTime] > @__now_0
2026-05-25 15:30:06.354 +07:00 [INF] Executed DbCommand (1ms) [Parameters=[@__now_0='?' (DbType = DateTime2)], CommandType='"Text"', CommandTimeout='30']
SELECT [s].[ShowtimeID], [s].[EndTime], [s].[MovieID], [s].[RoomID], [s].[ShowtimeCode], [s].[StartTime], [s].[Status]
FROM [Showtimes] AS [s]
WHERE [s].[Status] IN (N'Đã lên lịch', N'Đang mở bán', N'Đang chiếu', N'Sap chieu', N'Dang dien ra') AND [s].[EndTime] <= @__now_0
2026-05-25 15:30:06.356 +07:00 [INF] Executed DbCommand (1ms) [Parameters=[@__today_0='?' (DbType = Date)], CommandType='"Text"', CommandTimeout='30']
SELECT [m].[MovieID], [m].[Actors], [m].[Description], [m].[Director], [m].[Duration], [m].[Genre], [m].[MovieCode], [m].[Poster], [m].[ReleaseDate], [m].[Status], [m].[Title], [m].[Trailer]
FROM [Movies] AS [m]
WHERE [m].[Status] = N'Sap chieu' AND [m].[ReleaseDate] <= @__today_0
2026-05-25 15:31:06.369 +07:00 [INF] Executed DbCommand (1ms) [Parameters=[], CommandType='"Text"', CommandTimeout='30']
SELECT [o].[OrderID], [o].[CheckInTime], [o].[FinalAmount], [o].[HoldExpiryTime], [o].[OrderCode], [o].[PayOSTransID], [o].[PromoID], [o].[QrCode], [o].[ShowtimeID], [o].[Status], [o].[TotalAmount], [o].[UserID]
FROM [Orders] AS [o]
WHERE [o].[Status] = N'Chờ thanh toán' AND [o].[HoldExpiryTime] <= GETDATE()
2026-05-25 15:31:06.370 +07:00 [INF] Executed DbCommand (0ms) [Parameters=[@__maxSellingDate_0='?' (DbType = DateTime2), @__now_1='?' (DbType = DateTime2)], CommandType='"Text"', CommandTimeout='30']
SELECT [s].[ShowtimeID], [s].[EndTime], [s].[MovieID], [s].[RoomID], [s].[ShowtimeCode], [s].[StartTime], [s].[Status]
FROM [Showtimes] AS [s]
WHERE [s].[Status] IN (N'Đã lên lịch', N'Sap chieu') AND CONVERT(date, [s].[StartTime]) <= @__maxSellingDate_0 AND [s].[StartTime] > @__now_1
2026-05-25 15:31:06.371 +07:00 [INF] Executed DbCommand (0ms) [Parameters=[@__now_0='?' (DbType = DateTime2)], CommandType='"Text"', CommandTimeout='30']
SELECT [s].[ShowtimeID], [s].[EndTime], [s].[MovieID], [s].[RoomID], [s].[ShowtimeCode], [s].[StartTime], [s].[Status]
FROM [Showtimes] AS [s]
WHERE [s].[Status] IN (N'Đã lên lịch', N'Đang mở bán', N'Sap chieu') AND [s].[StartTime] <= @__now_0 AND [s].[EndTime] > @__now_0
2026-05-25 15:31:06.371 +07:00 [INF] Executed DbCommand (0ms) [Parameters=[@__now_0='?' (DbType = DateTime2)], CommandType='"Text"', CommandTimeout='30']
SELECT [s].[ShowtimeID], [s].[EndTime], [s].[MovieID], [s].[RoomID], [s].[ShowtimeCode], [s].[StartTime], [s].[Status]
FROM [Showtimes] AS [s]
WHERE [s].[Status] IN (N'Đã lên lịch', N'Đang mở bán', N'Đang chiếu', N'Sap chieu', N'Dang dien ra') AND [s].[EndTime] <= @__now_0
2026-05-25 15:31:06.373 +07:00 [INF] Executed DbCommand (0ms) [Parameters=[@__today_0='?' (DbType = Date)], CommandType='"Text"', CommandTimeout='30']
SELECT [m].[MovieID], [m].[Actors], [m].[Description], [m].[Director], [m].[Duration], [m].[Genre], [m].[MovieCode], [m].[Poster], [m].[ReleaseDate], [m].[Status], [m].[Title], [m].[Trailer]
FROM [Movies] AS [m]
WHERE [m].[Status] = N'Sap chieu' AND [m].[ReleaseDate] <= @__today_0
2026-05-25 15:32:06.387 +07:00 [INF] Executed DbCommand (1ms) [Parameters=[], CommandType='"Text"', CommandTimeout='30']
SELECT [o].[OrderID], [o].[CheckInTime], [o].[FinalAmount], [o].[HoldExpiryTime], [o].[OrderCode], [o].[PayOSTransID], [o].[PromoID], [o].[QrCode], [o].[ShowtimeID], [o].[Status], [o].[TotalAmount], [o].[UserID]
FROM [Orders] AS [o]
WHERE [o].[Status] = N'Chờ thanh toán' AND [o].[HoldExpiryTime] <= GETDATE()
2026-05-25 15:32:06.390 +07:00 [INF] Executed DbCommand (1ms) [Parameters=[@__maxSellingDate_0='?' (DbType = DateTime2), @__now_1='?' (DbType = DateTime2)], CommandType='"Text"', CommandTimeout='30']
SELECT [s].[ShowtimeID], [s].[EndTime], [s].[MovieID], [s].[RoomID], [s].[ShowtimeCode], [s].[StartTime], [s].[Status]
FROM [Showtimes] AS [s]
WHERE [s].[Status] IN (N'Đã lên lịch', N'Sap chieu') AND CONVERT(date, [s].[StartTime]) <= @__maxSellingDate_0 AND [s].[StartTime] > @__now_1
2026-05-25 15:32:06.393 +07:00 [INF] Executed DbCommand (2ms) [Parameters=[@__now_0='?' (DbType = DateTime2)], CommandType='"Text"', CommandTimeout='30']
SELECT [s].[ShowtimeID], [s].[EndTime], [s].[MovieID], [s].[RoomID], [s].[ShowtimeCode], [s].[StartTime], [s].[Status]
FROM [Showtimes] AS [s]
WHERE [s].[Status] IN (N'Đã lên lịch', N'Đang mở bán', N'Sap chieu') AND [s].[StartTime] <= @__now_0 AND [s].[EndTime] > @__now_0
2026-05-25 15:32:06.394 +07:00 [INF] Executed DbCommand (1ms) [Parameters=[@__now_0='?' (DbType = DateTime2)], CommandType='"Text"', CommandTimeout='30']
SELECT [s].[ShowtimeID], [s].[EndTime], [s].[MovieID], [s].[RoomID], [s].[ShowtimeCode], [s].[StartTime], [s].[Status]
FROM [Showtimes] AS [s]
WHERE [s].[Status] IN (N'Đã lên lịch', N'Đang mở bán', N'Đang chiếu', N'Sap chieu', N'Dang dien ra') AND [s].[EndTime] <= @__now_0
2026-05-25 15:32:06.396 +07:00 [INF] Executed DbCommand (1ms) [Parameters=[@__today_0='?' (DbType = Date)], CommandType='"Text"', CommandTimeout='30']
SELECT [m].[MovieID], [m].[Actors], [m].[Description], [m].[Director], [m].[Duration], [m].[Genre], [m].[MovieCode], [m].[Poster], [m].[ReleaseDate], [m].[Status], [m].[Title], [m].[Trailer]
FROM [Movies] AS [m]
WHERE [m].[Status] = N'Sap chieu' AND [m].[ReleaseDate] <= @__today_0
2026-05-25 15:33:06.405 +07:00 [INF] Executed DbCommand (1ms) [Parameters=[], CommandType='"Text"', CommandTimeout='30']
SELECT [o].[OrderID], [o].[CheckInTime], [o].[FinalAmount], [o].[HoldExpiryTime], [o].[OrderCode], [o].[PayOSTransID], [o].[PromoID], [o].[QrCode], [o].[ShowtimeID], [o].[Status], [o].[TotalAmount], [o].[UserID]
FROM [Orders] AS [o]
WHERE [o].[Status] = N'Chờ thanh toán' AND [o].[HoldExpiryTime] <= GETDATE()
2026-05-25 15:33:06.407 +07:00 [INF] Executed DbCommand (1ms) [Parameters=[@__maxSellingDate_0='?' (DbType = DateTime2), @__now_1='?' (DbType = DateTime2)], CommandType='"Text"', CommandTimeout='30']
SELECT [s].[ShowtimeID], [s].[EndTime], [s].[MovieID], [s].[RoomID], [s].[ShowtimeCode], [s].[StartTime], [s].[Status]
FROM [Showtimes] AS [s]
WHERE [s].[Status] IN (N'Đã lên lịch', N'Sap chieu') AND CONVERT(date, [s].[StartTime]) <= @__maxSellingDate_0 AND [s].[StartTime] > @__now_1
2026-05-25 15:33:06.408 +07:00 [INF] Executed DbCommand (1ms) [Parameters=[@__now_0='?' (DbType = DateTime2)], CommandType='"Text"', CommandTimeout='30']
SELECT [s].[ShowtimeID], [s].[EndTime], [s].[MovieID], [s].[RoomID], [s].[ShowtimeCode], [s].[StartTime], [s].[Status]
FROM [Showtimes] AS [s]
WHERE [s].[Status] IN (N'Đã lên lịch', N'Đang mở bán', N'Sap chieu') AND [s].[StartTime] <= @__now_0 AND [s].[EndTime] > @__now_0
2026-05-25 15:33:06.410 +07:00 [INF] Executed DbCommand (1ms) [Parameters=[@__now_0='?' (DbType = DateTime2)], CommandType='"Text"', CommandTimeout='30']
SELECT [s].[ShowtimeID], [s].[EndTime], [s].[MovieID], [s].[RoomID], [s].[ShowtimeCode], [s].[StartTime], [s].[Status]
FROM [Showtimes] AS [s]
WHERE [s].[Status] IN (N'Đã lên lịch', N'Đang mở bán', N'Đang chiếu', N'Sap chieu', N'Dang dien ra') AND [s].[EndTime] <= @__now_0
2026-05-25 15:33:06.412 +07:00 [INF] Executed DbCommand (1ms) [Parameters=[@__today_0='?' (DbType = Date)], CommandType='"Text"', CommandTimeout='30']
SELECT [m].[MovieID], [m].[Actors], [m].[Description], [m].[Director], [m].[Duration], [m].[Genre], [m].[MovieCode], [m].[Poster], [m].[ReleaseDate], [m].[Status], [m].[Title], [m].[Trailer]
FROM [Movies] AS [m]
WHERE [m].[Status] = N'Sap chieu' AND [m].[ReleaseDate] <= @__today_0
2026-05-25 15:34:06.427 +07:00 [INF] Executed DbCommand (2ms) [Parameters=[], CommandType='"Text"', CommandTimeout='30']
SELECT [o].[OrderID], [o].[CheckInTime], [o].[FinalAmount], [o].[HoldExpiryTime], [o].[OrderCode], [o].[PayOSTransID], [o].[PromoID], [o].[QrCode], [o].[ShowtimeID], [o].[Status], [o].[TotalAmount], [o].[UserID]
FROM [Orders] AS [o]
WHERE [o].[Status] = N'Chờ thanh toán' AND [o].[HoldExpiryTime] <= GETDATE()
2026-05-25 15:34:06.431 +07:00 [INF] Executed DbCommand (2ms) [Parameters=[@__maxSellingDate_0='?' (DbType = DateTime2), @__now_1='?' (DbType = DateTime2)], CommandType='"Text"', CommandTimeout='30']
SELECT [s].[ShowtimeID], [s].[EndTime], [s].[MovieID], [s].[RoomID], [s].[ShowtimeCode], [s].[StartTime], [s].[Status]
FROM [Showtimes] AS [s]
WHERE [s].[Status] IN (N'Đã lên lịch', N'Sap chieu') AND CONVERT(date, [s].[StartTime]) <= @__maxSellingDate_0 AND [s].[StartTime] > @__now_1
2026-05-25 15:34:06.435 +07:00 [INF] Executed DbCommand (3ms) [Parameters=[@__now_0='?' (DbType = DateTime2)], CommandType='"Text"', CommandTimeout='30']
SELECT [s].[ShowtimeID], [s].[EndTime], [s].[MovieID], [s].[RoomID], [s].[ShowtimeCode], [s].[StartTime], [s].[Status]
FROM [Showtimes] AS [s]
WHERE [s].[Status] IN (N'Đã lên lịch', N'Đang mở bán', N'Sap chieu') AND [s].[StartTime] <= @__now_0 AND [s].[EndTime] > @__now_0
2026-05-25 15:34:06.437 +07:00 [INF] Executed DbCommand (2ms) [Parameters=[@__now_0='?' (DbType = DateTime2)], CommandType='"Text"', CommandTimeout='30']
SELECT [s].[ShowtimeID], [s].[EndTime], [s].[MovieID], [s].[RoomID], [s].[ShowtimeCode], [s].[StartTime], [s].[Status]
FROM [Showtimes] AS [s]
WHERE [s].[Status] IN (N'Đã lên lịch', N'Đang mở bán', N'Đang chiếu', N'Sap chieu', N'Dang dien ra') AND [s].[EndTime] <= @__now_0
2026-05-25 15:34:06.440 +07:00 [INF] Executed DbCommand (2ms) [Parameters=[@__today_0='?' (DbType = Date)], CommandType='"Text"', CommandTimeout='30']
SELECT [m].[MovieID], [m].[Actors], [m].[Description], [m].[Director], [m].[Duration], [m].[Genre], [m].[MovieCode], [m].[Poster], [m].[ReleaseDate], [m].[Status], [m].[Title], [m].[Trailer]
FROM [Movies] AS [m]
WHERE [m].[Status] = N'Sap chieu' AND [m].[ReleaseDate] <= @__today_0
2026-05-25 15:35:06.453 +07:00 [INF] Executed DbCommand (3ms) [Parameters=[], CommandType='"Text"', CommandTimeout='30']
SELECT [o].[OrderID], [o].[CheckInTime], [o].[FinalAmount], [o].[HoldExpiryTime], [o].[OrderCode], [o].[PayOSTransID], [o].[PromoID], [o].[QrCode], [o].[ShowtimeID], [o].[Status], [o].[TotalAmount], [o].[UserID]
FROM [Orders] AS [o]
WHERE [o].[Status] = N'Chờ thanh toán' AND [o].[HoldExpiryTime] <= GETDATE()
2026-05-25 15:35:06.458 +07:00 [INF] Executed DbCommand (3ms) [Parameters=[@__maxSellingDate_0='?' (DbType = DateTime2), @__now_1='?' (DbType = DateTime2)], CommandType='"Text"', CommandTimeout='30']
SELECT [s].[ShowtimeID], [s].[EndTime], [s].[MovieID], [s].[RoomID], [s].[ShowtimeCode], [s].[StartTime], [s].[Status]
FROM [Showtimes] AS [s]
WHERE [s].[Status] IN (N'Đã lên lịch', N'Sap chieu') AND CONVERT(date, [s].[StartTime]) <= @__maxSellingDate_0 AND [s].[StartTime] > @__now_1
2026-05-25 15:35:06.461 +07:00 [INF] Executed DbCommand (3ms) [Parameters=[@__now_0='?' (DbType = DateTime2)], CommandType='"Text"', CommandTimeout='30']
SELECT [s].[ShowtimeID], [s].[EndTime], [s].[MovieID], [s].[RoomID], [s].[ShowtimeCode], [s].[StartTime], [s].[Status]
FROM [Showtimes] AS [s]
WHERE [s].[Status] IN (N'Đã lên lịch', N'Đang mở bán', N'Sap chieu') AND [s].[StartTime] <= @__now_0 AND [s].[EndTime] > @__now_0
2026-05-25 15:35:06.464 +07:00 [INF] Executed DbCommand (2ms) [Parameters=[@__now_0='?' (DbType = DateTime2)], CommandType='"Text"', CommandTimeout='30']
SELECT [s].[ShowtimeID], [s].[EndTime], [s].[MovieID], [s].[RoomID], [s].[ShowtimeCode], [s].[StartTime], [s].[Status]
FROM [Showtimes] AS [s]
WHERE [s].[Status] IN (N'Đã lên lịch', N'Đang mở bán', N'Đang chiếu', N'Sap chieu', N'Dang dien ra') AND [s].[EndTime] <= @__now_0
2026-05-25 15:35:06.466 +07:00 [INF] Executed DbCommand (2ms) [Parameters=[@__today_0='?' (DbType = Date)], CommandType='"Text"', CommandTimeout='30']
SELECT [m].[MovieID], [m].[Actors], [m].[Description], [m].[Director], [m].[Duration], [m].[Genre], [m].[MovieCode], [m].[Poster], [m].[ReleaseDate], [m].[Status], [m].[Title], [m].[Trailer]
FROM [Movies] AS [m]
WHERE [m].[Status] = N'Sap chieu' AND [m].[ReleaseDate] <= @__today_0
2026-05-25 15:36:06.487 +07:00 [INF] Executed DbCommand (2ms) [Parameters=[], CommandType='"Text"', CommandTimeout='30']
SELECT [o].[OrderID], [o].[CheckInTime], [o].[FinalAmount], [o].[HoldExpiryTime], [o].[OrderCode], [o].[PayOSTransID], [o].[PromoID], [o].[QrCode], [o].[ShowtimeID], [o].[Status], [o].[TotalAmount], [o].[UserID]
FROM [Orders] AS [o]
WHERE [o].[Status] = N'Chờ thanh toán' AND [o].[HoldExpiryTime] <= GETDATE()
2026-05-25 15:36:06.491 +07:00 [INF] Executed DbCommand (3ms) [Parameters=[@__maxSellingDate_0='?' (DbType = DateTime2), @__now_1='?' (DbType = DateTime2)], CommandType='"Text"', CommandTimeout='30']
SELECT [s].[ShowtimeID], [s].[EndTime], [s].[MovieID], [s].[RoomID], [s].[ShowtimeCode], [s].[StartTime], [s].[Status]
FROM [Showtimes] AS [s]
WHERE [s].[Status] IN (N'Đã lên lịch', N'Sap chieu') AND CONVERT(date, [s].[StartTime]) <= @__maxSellingDate_0 AND [s].[StartTime] > @__now_1
2026-05-25 15:36:06.494 +07:00 [INF] Executed DbCommand (2ms) [Parameters=[@__now_0='?' (DbType = DateTime2)], CommandType='"Text"', CommandTimeout='30']
SELECT [s].[ShowtimeID], [s].[EndTime], [s].[MovieID], [s].[RoomID], [s].[ShowtimeCode], [s].[StartTime], [s].[Status]
FROM [Showtimes] AS [s]
WHERE [s].[Status] IN (N'Đã lên lịch', N'Đang mở bán', N'Sap chieu') AND [s].[StartTime] <= @__now_0 AND [s].[EndTime] > @__now_0
2026-05-25 15:36:06.496 +07:00 [INF] Executed DbCommand (1ms) [Parameters=[@__now_0='?' (DbType = DateTime2)], CommandType='"Text"', CommandTimeout='30']
SELECT [s].[ShowtimeID], [s].[EndTime], [s].[MovieID], [s].[RoomID], [s].[ShowtimeCode], [s].[StartTime], [s].[Status]
FROM [Showtimes] AS [s]
WHERE [s].[Status] IN (N'Đã lên lịch', N'Đang mở bán', N'Đang chiếu', N'Sap chieu', N'Dang dien ra') AND [s].[EndTime] <= @__now_0
2026-05-25 15:36:06.498 +07:00 [INF] Executed DbCommand (2ms) [Parameters=[@__today_0='?' (DbType = Date)], CommandType='"Text"', CommandTimeout='30']
SELECT [m].[MovieID], [m].[Actors], [m].[Description], [m].[Director], [m].[Duration], [m].[Genre], [m].[MovieCode], [m].[Poster], [m].[ReleaseDate], [m].[Status], [m].[Title], [m].[Trailer]
FROM [Movies] AS [m]
WHERE [m].[Status] = N'Sap chieu' AND [m].[ReleaseDate] <= @__today_0
2026-05-25 15:37:06.508 +07:00 [INF] Executed DbCommand (3ms) [Parameters=[], CommandType='"Text"', CommandTimeout='30']
SELECT [o].[OrderID], [o].[CheckInTime], [o].[FinalAmount], [o].[HoldExpiryTime], [o].[OrderCode], [o].[PayOSTransID], [o].[PromoID], [o].[QrCode], [o].[ShowtimeID], [o].[Status], [o].[TotalAmount], [o].[UserID]
FROM [Orders] AS [o]
WHERE [o].[Status] = N'Chờ thanh toán' AND [o].[HoldExpiryTime] <= GETDATE()
2026-05-25 15:37:06.511 +07:00 [INF] Executed DbCommand (2ms) [Parameters=[@__maxSellingDate_0='?' (DbType = DateTime2), @__now_1='?' (DbType = DateTime2)], CommandType='"Text"', CommandTimeout='30']
SELECT [s].[ShowtimeID], [s].[EndTime], [s].[MovieID], [s].[RoomID], [s].[ShowtimeCode], [s].[StartTime], [s].[Status]
FROM [Showtimes] AS [s]
WHERE [s].[Status] IN (N'Đã lên lịch', N'Sap chieu') AND CONVERT(date, [s].[StartTime]) <= @__maxSellingDate_0 AND [s].[StartTime] > @__now_1
2026-05-25 15:37:06.514 +07:00 [INF] Executed DbCommand (2ms) [Parameters=[@__now_0='?' (DbType = DateTime2)], CommandType='"Text"', CommandTimeout='30']
SELECT [s].[ShowtimeID], [s].[EndTime], [s].[MovieID], [s].[RoomID], [s].[ShowtimeCode], [s].[StartTime], [s].[Status]
FROM [Showtimes] AS [s]
WHERE [s].[Status] IN (N'Đã lên lịch', N'Đang mở bán', N'Sap chieu') AND [s].[StartTime] <= @__now_0 AND [s].[EndTime] > @__now_0
2026-05-25 15:37:06.516 +07:00 [INF] Executed DbCommand (1ms) [Parameters=[@__now_0='?' (DbType = DateTime2)], CommandType='"Text"', CommandTimeout='30']
SELECT [s].[ShowtimeID], [s].[EndTime], [s].[MovieID], [s].[RoomID], [s].[ShowtimeCode], [s].[StartTime], [s].[Status]
FROM [Showtimes] AS [s]
WHERE [s].[Status] IN (N'Đã lên lịch', N'Đang mở bán', N'Đang chiếu', N'Sap chieu', N'Dang dien ra') AND [s].[EndTime] <= @__now_0
2026-05-25 15:37:06.518 +07:00 [INF] Executed DbCommand (1ms) [Parameters=[@__today_0='?' (DbType = Date)], CommandType='"Text"', CommandTimeout='30']
SELECT [m].[MovieID], [m].[Actors], [m].[Description], [m].[Director], [m].[Duration], [m].[Genre], [m].[MovieCode], [m].[Poster], [m].[ReleaseDate], [m].[Status], [m].[Title], [m].[Trailer]
FROM [Movies] AS [m]
WHERE [m].[Status] = N'Sap chieu' AND [m].[ReleaseDate] <= @__today_0
2026-05-25 15:38:06.535 +07:00 [INF] Executed DbCommand (4ms) [Parameters=[], CommandType='"Text"', CommandTimeout='30']
SELECT [o].[OrderID], [o].[CheckInTime], [o].[FinalAmount], [o].[HoldExpiryTime], [o].[OrderCode], [o].[PayOSTransID], [o].[PromoID], [o].[QrCode], [o].[ShowtimeID], [o].[Status], [o].[TotalAmount], [o].[UserID]
FROM [Orders] AS [o]
WHERE [o].[Status] = N'Chờ thanh toán' AND [o].[HoldExpiryTime] <= GETDATE()
2026-05-25 15:38:06.543 +07:00 [INF] Executed DbCommand (6ms) [Parameters=[@__maxSellingDate_0='?' (DbType = DateTime2), @__now_1='?' (DbType = DateTime2)], CommandType='"Text"', CommandTimeout='30']
SELECT [s].[ShowtimeID], [s].[EndTime], [s].[MovieID], [s].[RoomID], [s].[ShowtimeCode], [s].[StartTime], [s].[Status]
FROM [Showtimes] AS [s]
WHERE [s].[Status] IN (N'Đã lên lịch', N'Sap chieu') AND CONVERT(date, [s].[StartTime]) <= @__maxSellingDate_0 AND [s].[StartTime] > @__now_1
2026-05-25 15:38:06.545 +07:00 [INF] Executed DbCommand (2ms) [Parameters=[@__now_0='?' (DbType = DateTime2)], CommandType='"Text"', CommandTimeout='30']
SELECT [s].[ShowtimeID], [s].[EndTime], [s].[MovieID], [s].[RoomID], [s].[ShowtimeCode], [s].[StartTime], [s].[Status]
FROM [Showtimes] AS [s]
WHERE [s].[Status] IN (N'Đã lên lịch', N'Đang mở bán', N'Sap chieu') AND [s].[StartTime] <= @__now_0 AND [s].[EndTime] > @__now_0
2026-05-25 15:38:06.547 +07:00 [INF] Executed DbCommand (1ms) [Parameters=[@__now_0='?' (DbType = DateTime2)], CommandType='"Text"', CommandTimeout='30']
SELECT [s].[ShowtimeID], [s].[EndTime], [s].[MovieID], [s].[RoomID], [s].[ShowtimeCode], [s].[StartTime], [s].[Status]
FROM [Showtimes] AS [s]
WHERE [s].[Status] IN (N'Đã lên lịch', N'Đang mở bán', N'Đang chiếu', N'Sap chieu', N'Dang dien ra') AND [s].[EndTime] <= @__now_0
2026-05-25 15:38:06.549 +07:00 [INF] Executed DbCommand (1ms) [Parameters=[@__today_0='?' (DbType = Date)], CommandType='"Text"', CommandTimeout='30']
SELECT [m].[MovieID], [m].[Actors], [m].[Description], [m].[Director], [m].[Duration], [m].[Genre], [m].[MovieCode], [m].[Poster], [m].[ReleaseDate], [m].[Status], [m].[Title], [m].[Trailer]
FROM [Movies] AS [m]
WHERE [m].[Status] = N'Sap chieu' AND [m].[ReleaseDate] <= @__today_0
2026-05-25 15:39:06.567 +07:00 [INF] Executed DbCommand (5ms) [Parameters=[], CommandType='"Text"', CommandTimeout='30']
SELECT [o].[OrderID], [o].[CheckInTime], [o].[FinalAmount], [o].[HoldExpiryTime], [o].[OrderCode], [o].[PayOSTransID], [o].[PromoID], [o].[QrCode], [o].[ShowtimeID], [o].[Status], [o].[TotalAmount], [o].[UserID]
FROM [Orders] AS [o]
WHERE [o].[Status] = N'Chờ thanh toán' AND [o].[HoldExpiryTime] <= GETDATE()
2026-05-25 15:39:06.574 +07:00 [INF] Executed DbCommand (5ms) [Parameters=[@__maxSellingDate_0='?' (DbType = DateTime2), @__now_1='?' (DbType = DateTime2)], CommandType='"Text"', CommandTimeout='30']
SELECT [s].[ShowtimeID], [s].[EndTime], [s].[MovieID], [s].[RoomID], [s].[ShowtimeCode], [s].[StartTime], [s].[Status]
FROM [Showtimes] AS [s]
WHERE [s].[Status] IN (N'Đã lên lịch', N'Sap chieu') AND CONVERT(date, [s].[StartTime]) <= @__maxSellingDate_0 AND [s].[StartTime] > @__now_1
2026-05-25 15:39:06.576 +07:00 [INF] Executed DbCommand (2ms) [Parameters=[@__now_0='?' (DbType = DateTime2)], CommandType='"Text"', CommandTimeout='30']
SELECT [s].[ShowtimeID], [s].[EndTime], [s].[MovieID], [s].[RoomID], [s].[ShowtimeCode], [s].[StartTime], [s].[Status]
FROM [Showtimes] AS [s]
WHERE [s].[Status] IN (N'Đã lên lịch', N'Đang mở bán', N'Sap chieu') AND [s].[StartTime] <= @__now_0 AND [s].[EndTime] > @__now_0
2026-05-25 15:39:06.580 +07:00 [INF] Executed DbCommand (3ms) [Parameters=[@__now_0='?' (DbType = DateTime2)], CommandType='"Text"', CommandTimeout='30']
SELECT [s].[ShowtimeID], [s].[EndTime], [s].[MovieID], [s].[RoomID], [s].[ShowtimeCode], [s].[StartTime], [s].[Status]
FROM [Showtimes] AS [s]
WHERE [s].[Status] IN (N'Đã lên lịch', N'Đang mở bán', N'Đang chiếu', N'Sap chieu', N'Dang dien ra') AND [s].[EndTime] <= @__now_0
2026-05-25 15:39:06.583 +07:00 [INF] Executed DbCommand (2ms) [Parameters=[@__today_0='?' (DbType = Date)], CommandType='"Text"', CommandTimeout='30']
SELECT [m].[MovieID], [m].[Actors], [m].[Description], [m].[Director], [m].[Duration], [m].[Genre], [m].[MovieCode], [m].[Poster], [m].[ReleaseDate], [m].[Status], [m].[Title], [m].[Trailer]
FROM [Movies] AS [m]
WHERE [m].[Status] = N'Sap chieu' AND [m].[ReleaseDate] <= @__today_0
2026-05-25 15:40:06.595 +07:00 [INF] Executed DbCommand (5ms) [Parameters=[], CommandType='"Text"', CommandTimeout='30']
SELECT [o].[OrderID], [o].[CheckInTime], [o].[FinalAmount], [o].[HoldExpiryTime], [o].[OrderCode], [o].[PayOSTransID], [o].[PromoID], [o].[QrCode], [o].[ShowtimeID], [o].[Status], [o].[TotalAmount], [o].[UserID]
FROM [Orders] AS [o]
WHERE [o].[Status] = N'Chờ thanh toán' AND [o].[HoldExpiryTime] <= GETDATE()
2026-05-25 15:40:06.601 +07:00 [INF] Executed DbCommand (4ms) [Parameters=[@__maxSellingDate_0='?' (DbType = DateTime2), @__now_1='?' (DbType = DateTime2)], CommandType='"Text"', CommandTimeout='30']
SELECT [s].[ShowtimeID], [s].[EndTime], [s].[MovieID], [s].[RoomID], [s].[ShowtimeCode], [s].[StartTime], [s].[Status]
FROM [Showtimes] AS [s]
WHERE [s].[Status] IN (N'Đã lên lịch', N'Sap chieu') AND CONVERT(date, [s].[StartTime]) <= @__maxSellingDate_0 AND [s].[StartTime] > @__now_1
2026-05-25 15:40:06.604 +07:00 [INF] Executed DbCommand (3ms) [Parameters=[@__now_0='?' (DbType = DateTime2)], CommandType='"Text"', CommandTimeout='30']
SELECT [s].[ShowtimeID], [s].[EndTime], [s].[MovieID], [s].[RoomID], [s].[ShowtimeCode], [s].[StartTime], [s].[Status]
FROM [Showtimes] AS [s]
WHERE [s].[Status] IN (N'Đã lên lịch', N'Đang mở bán', N'Sap chieu') AND [s].[StartTime] <= @__now_0 AND [s].[EndTime] > @__now_0
2026-05-25 15:40:06.608 +07:00 [INF] Executed DbCommand (2ms) [Parameters=[@__now_0='?' (DbType = DateTime2)], CommandType='"Text"', CommandTimeout='30']
SELECT [s].[ShowtimeID], [s].[EndTime], [s].[MovieID], [s].[RoomID], [s].[ShowtimeCode], [s].[StartTime], [s].[Status]
FROM [Showtimes] AS [s]
WHERE [s].[Status] IN (N'Đã lên lịch', N'Đang mở bán', N'Đang chiếu', N'Sap chieu', N'Dang dien ra') AND [s].[EndTime] <= @__now_0
2026-05-25 15:40:06.610 +07:00 [INF] Executed DbCommand (2ms) [Parameters=[@__today_0='?' (DbType = Date)], CommandType='"Text"', CommandTimeout='30']
SELECT [m].[MovieID], [m].[Actors], [m].[Description], [m].[Director], [m].[Duration], [m].[Genre], [m].[MovieCode], [m].[Poster], [m].[ReleaseDate], [m].[Status], [m].[Title], [m].[Trailer]
FROM [Movies] AS [m]
WHERE [m].[Status] = N'Sap chieu' AND [m].[ReleaseDate] <= @__today_0
2026-05-25 15:41:06.633 +07:00 [INF] Executed DbCommand (4ms) [Parameters=[], CommandType='"Text"', CommandTimeout='30']
SELECT [o].[OrderID], [o].[CheckInTime], [o].[FinalAmount], [o].[HoldExpiryTime], [o].[OrderCode], [o].[PayOSTransID], [o].[PromoID], [o].[QrCode], [o].[ShowtimeID], [o].[Status], [o].[TotalAmount], [o].[UserID]
FROM [Orders] AS [o]
WHERE [o].[Status] = N'Chờ thanh toán' AND [o].[HoldExpiryTime] <= GETDATE()
2026-05-25 15:41:06.639 +07:00 [INF] Executed DbCommand (5ms) [Parameters=[@__maxSellingDate_0='?' (DbType = DateTime2), @__now_1='?' (DbType = DateTime2)], CommandType='"Text"', CommandTimeout='30']
SELECT [s].[ShowtimeID], [s].[EndTime], [s].[MovieID], [s].[RoomID], [s].[ShowtimeCode], [s].[StartTime], [s].[Status]
FROM [Showtimes] AS [s]
WHERE [s].[Status] IN (N'Đã lên lịch', N'Sap chieu') AND CONVERT(date, [s].[StartTime]) <= @__maxSellingDate_0 AND [s].[StartTime] > @__now_1
2026-05-25 15:41:06.643 +07:00 [INF] Executed DbCommand (3ms) [Parameters=[@__now_0='?' (DbType = DateTime2)], CommandType='"Text"', CommandTimeout='30']
SELECT [s].[ShowtimeID], [s].[EndTime], [s].[MovieID], [s].[RoomID], [s].[ShowtimeCode], [s].[StartTime], [s].[Status]
FROM [Showtimes] AS [s]
WHERE [s].[Status] IN (N'Đã lên lịch', N'Đang mở bán', N'Sap chieu') AND [s].[StartTime] <= @__now_0 AND [s].[EndTime] > @__now_0
2026-05-25 15:41:06.645 +07:00 [INF] Executed DbCommand (2ms) [Parameters=[@__now_0='?' (DbType = DateTime2)], CommandType='"Text"', CommandTimeout='30']
SELECT [s].[ShowtimeID], [s].[EndTime], [s].[MovieID], [s].[RoomID], [s].[ShowtimeCode], [s].[StartTime], [s].[Status]
FROM [Showtimes] AS [s]
WHERE [s].[Status] IN (N'Đã lên lịch', N'Đang mở bán', N'Đang chiếu', N'Sap chieu', N'Dang dien ra') AND [s].[EndTime] <= @__now_0
2026-05-25 15:41:06.648 +07:00 [INF] Executed DbCommand (2ms) [Parameters=[@__today_0='?' (DbType = Date)], CommandType='"Text"', CommandTimeout='30']
SELECT [m].[MovieID], [m].[Actors], [m].[Description], [m].[Director], [m].[Duration], [m].[Genre], [m].[MovieCode], [m].[Poster], [m].[ReleaseDate], [m].[Status], [m].[Title], [m].[Trailer]
FROM [Movies] AS [m]
WHERE [m].[Status] = N'Sap chieu' AND [m].[ReleaseDate] <= @__today_0
2026-05-25 15:42:06.657 +07:00 [INF] Executed DbCommand (3ms) [Parameters=[], CommandType='"Text"', CommandTimeout='30']
SELECT [o].[OrderID], [o].[CheckInTime], [o].[FinalAmount], [o].[HoldExpiryTime], [o].[OrderCode], [o].[PayOSTransID], [o].[PromoID], [o].[QrCode], [o].[ShowtimeID], [o].[Status], [o].[TotalAmount], [o].[UserID]
FROM [Orders] AS [o]
WHERE [o].[Status] = N'Chờ thanh toán' AND [o].[HoldExpiryTime] <= GETDATE()
2026-05-25 15:42:06.661 +07:00 [INF] Executed DbCommand (4ms) [Parameters=[@__maxSellingDate_0='?' (DbType = DateTime2), @__now_1='?' (DbType = DateTime2)], CommandType='"Text"', CommandTimeout='30']
SELECT [s].[ShowtimeID], [s].[EndTime], [s].[MovieID], [s].[RoomID], [s].[ShowtimeCode], [s].[StartTime], [s].[Status]
FROM [Showtimes] AS [s]
WHERE [s].[Status] IN (N'Đã lên lịch', N'Sap chieu') AND CONVERT(date, [s].[StartTime]) <= @__maxSellingDate_0 AND [s].[StartTime] > @__now_1
2026-05-25 15:42:06.664 +07:00 [INF] Executed DbCommand (2ms) [Parameters=[@__now_0='?' (DbType = DateTime2)], CommandType='"Text"', CommandTimeout='30']
SELECT [s].[ShowtimeID], [s].[EndTime], [s].[MovieID], [s].[RoomID], [s].[ShowtimeCode], [s].[StartTime], [s].[Status]
FROM [Showtimes] AS [s]
WHERE [s].[Status] IN (N'Đã lên lịch', N'Đang mở bán', N'Sap chieu') AND [s].[StartTime] <= @__now_0 AND [s].[EndTime] > @__now_0
2026-05-25 15:42:06.668 +07:00 [INF] Executed DbCommand (3ms) [Parameters=[@__now_0='?' (DbType = DateTime2)], CommandType='"Text"', CommandTimeout='30']
SELECT [s].[ShowtimeID], [s].[EndTime], [s].[MovieID], [s].[RoomID], [s].[ShowtimeCode], [s].[StartTime], [s].[Status]
FROM [Showtimes] AS [s]
WHERE [s].[Status] IN (N'Đã lên lịch', N'Đang mở bán', N'Đang chiếu', N'Sap chieu', N'Dang dien ra') AND [s].[EndTime] <= @__now_0
2026-05-25 15:42:06.671 +07:00 [INF] Executed DbCommand (3ms) [Parameters=[@__today_0='?' (DbType = Date)], CommandType='"Text"', CommandTimeout='30']
SELECT [m].[MovieID], [m].[Actors], [m].[Description], [m].[Director], [m].[Duration], [m].[Genre], [m].[MovieCode], [m].[Poster], [m].[ReleaseDate], [m].[Status], [m].[Title], [m].[Trailer]
FROM [Movies] AS [m]
WHERE [m].[Status] = N'Sap chieu' AND [m].[ReleaseDate] <= @__today_0
2026-05-25 15:43:06.693 +07:00 [INF] Executed DbCommand (5ms) [Parameters=[], CommandType='"Text"', CommandTimeout='30']
SELECT [o].[OrderID], [o].[CheckInTime], [o].[FinalAmount], [o].[HoldExpiryTime], [o].[OrderCode], [o].[PayOSTransID], [o].[PromoID], [o].[QrCode], [o].[ShowtimeID], [o].[Status], [o].[TotalAmount], [o].[UserID]
FROM [Orders] AS [o]
WHERE [o].[Status] = N'Chờ thanh toán' AND [o].[HoldExpiryTime] <= GETDATE()
2026-05-25 15:43:06.699 +07:00 [INF] Executed DbCommand (4ms) [Parameters=[@__maxSellingDate_0='?' (DbType = DateTime2), @__now_1='?' (DbType = DateTime2)], CommandType='"Text"', CommandTimeout='30']
SELECT [s].[ShowtimeID], [s].[EndTime], [s].[MovieID], [s].[RoomID], [s].[ShowtimeCode], [s].[StartTime], [s].[Status]
FROM [Showtimes] AS [s]
WHERE [s].[Status] IN (N'Đã lên lịch', N'Sap chieu') AND CONVERT(date, [s].[StartTime]) <= @__maxSellingDate_0 AND [s].[StartTime] > @__now_1
2026-05-25 15:43:06.704 +07:00 [INF] Executed DbCommand (4ms) [Parameters=[@__now_0='?' (DbType = DateTime2)], CommandType='"Text"', CommandTimeout='30']
SELECT [s].[ShowtimeID], [s].[EndTime], [s].[MovieID], [s].[RoomID], [s].[ShowtimeCode], [s].[StartTime], [s].[Status]
FROM [Showtimes] AS [s]
WHERE [s].[Status] IN (N'Đã lên lịch', N'Đang mở bán', N'Sap chieu') AND [s].[StartTime] <= @__now_0 AND [s].[EndTime] > @__now_0
2026-05-25 15:43:06.707 +07:00 [INF] Executed DbCommand (2ms) [Parameters=[@__now_0='?' (DbType = DateTime2)], CommandType='"Text"', CommandTimeout='30']
SELECT [s].[ShowtimeID], [s].[EndTime], [s].[MovieID], [s].[RoomID], [s].[ShowtimeCode], [s].[StartTime], [s].[Status]
FROM [Showtimes] AS [s]
WHERE [s].[Status] IN (N'Đã lên lịch', N'Đang mở bán', N'Đang chiếu', N'Sap chieu', N'Dang dien ra') AND [s].[EndTime] <= @__now_0
2026-05-25 15:43:06.709 +07:00 [INF] Executed DbCommand (2ms) [Parameters=[@__today_0='?' (DbType = Date)], CommandType='"Text"', CommandTimeout='30']
SELECT [m].[MovieID], [m].[Actors], [m].[Description], [m].[Director], [m].[Duration], [m].[Genre], [m].[MovieCode], [m].[Poster], [m].[ReleaseDate], [m].[Status], [m].[Title], [m].[Trailer]
FROM [Movies] AS [m]
WHERE [m].[Status] = N'Sap chieu' AND [m].[ReleaseDate] <= @__today_0
2026-05-25 15:44:06.721 +07:00 [INF] Executed DbCommand (3ms) [Parameters=[], CommandType='"Text"', CommandTimeout='30']
SELECT [o].[OrderID], [o].[CheckInTime], [o].[FinalAmount], [o].[HoldExpiryTime], [o].[OrderCode], [o].[PayOSTransID], [o].[PromoID], [o].[QrCode], [o].[ShowtimeID], [o].[Status], [o].[TotalAmount], [o].[UserID]
FROM [Orders] AS [o]
WHERE [o].[Status] = N'Chờ thanh toán' AND [o].[HoldExpiryTime] <= GETDATE()
2026-05-25 15:44:06.726 +07:00 [INF] Executed DbCommand (4ms) [Parameters=[@__maxSellingDate_0='?' (DbType = DateTime2), @__now_1='?' (DbType = DateTime2)], CommandType='"Text"', CommandTimeout='30']
SELECT [s].[ShowtimeID], [s].[EndTime], [s].[MovieID], [s].[RoomID], [s].[ShowtimeCode], [s].[StartTime], [s].[Status]
FROM [Showtimes] AS [s]
WHERE [s].[Status] IN (N'Đã lên lịch', N'Sap chieu') AND CONVERT(date, [s].[StartTime]) <= @__maxSellingDate_0 AND [s].[StartTime] > @__now_1
2026-05-25 15:44:06.731 +07:00 [INF] Executed DbCommand (4ms) [Parameters=[@__now_0='?' (DbType = DateTime2)], CommandType='"Text"', CommandTimeout='30']
SELECT [s].[ShowtimeID], [s].[EndTime], [s].[MovieID], [s].[RoomID], [s].[ShowtimeCode], [s].[StartTime], [s].[Status]
FROM [Showtimes] AS [s]
WHERE [s].[Status] IN (N'Đã lên lịch', N'Đang mở bán', N'Sap chieu') AND [s].[StartTime] <= @__now_0 AND [s].[EndTime] > @__now_0
2026-05-25 15:44:06.734 +07:00 [INF] Executed DbCommand (3ms) [Parameters=[@__now_0='?' (DbType = DateTime2)], CommandType='"Text"', CommandTimeout='30']
SELECT [s].[ShowtimeID], [s].[EndTime], [s].[MovieID], [s].[RoomID], [s].[ShowtimeCode], [s].[StartTime], [s].[Status]
FROM [Showtimes] AS [s]
WHERE [s].[Status] IN (N'Đã lên lịch', N'Đang mở bán', N'Đang chiếu', N'Sap chieu', N'Dang dien ra') AND [s].[EndTime] <= @__now_0
2026-05-25 15:44:06.737 +07:00 [INF] Executed DbCommand (2ms) [Parameters=[@__today_0='?' (DbType = Date)], CommandType='"Text"', CommandTimeout='30']
SELECT [m].[MovieID], [m].[Actors], [m].[Description], [m].[Director], [m].[Duration], [m].[Genre], [m].[MovieCode], [m].[Poster], [m].[ReleaseDate], [m].[Status], [m].[Title], [m].[Trailer]
FROM [Movies] AS [m]
WHERE [m].[Status] = N'Sap chieu' AND [m].[ReleaseDate] <= @__today_0
2026-05-25 15:45:06.753 +07:00 [INF] Executed DbCommand (3ms) [Parameters=[], CommandType='"Text"', CommandTimeout='30']
SELECT [o].[OrderID], [o].[CheckInTime], [o].[FinalAmount], [o].[HoldExpiryTime], [o].[OrderCode], [o].[PayOSTransID], [o].[PromoID], [o].[QrCode], [o].[ShowtimeID], [o].[Status], [o].[TotalAmount], [o].[UserID]
FROM [Orders] AS [o]
WHERE [o].[Status] = N'Chờ thanh toán' AND [o].[HoldExpiryTime] <= GETDATE()
2026-05-25 15:45:06.757 +07:00 [INF] Executed DbCommand (2ms) [Parameters=[@__maxSellingDate_0='?' (DbType = DateTime2), @__now_1='?' (DbType = DateTime2)], CommandType='"Text"', CommandTimeout='30']
SELECT [s].[ShowtimeID], [s].[EndTime], [s].[MovieID], [s].[RoomID], [s].[ShowtimeCode], [s].[StartTime], [s].[Status]
FROM [Showtimes] AS [s]
WHERE [s].[Status] IN (N'Đã lên lịch', N'Sap chieu') AND CONVERT(date, [s].[StartTime]) <= @__maxSellingDate_0 AND [s].[StartTime] > @__now_1
2026-05-25 15:45:06.760 +07:00 [INF] Executed DbCommand (2ms) [Parameters=[@__now_0='?' (DbType = DateTime2)], CommandType='"Text"', CommandTimeout='30']
SELECT [s].[ShowtimeID], [s].[EndTime], [s].[MovieID], [s].[RoomID], [s].[ShowtimeCode], [s].[StartTime], [s].[Status]
FROM [Showtimes] AS [s]
WHERE [s].[Status] IN (N'Đã lên lịch', N'Đang mở bán', N'Sap chieu') AND [s].[StartTime] <= @__now_0 AND [s].[EndTime] > @__now_0
2026-05-25 15:45:06.762 +07:00 [INF] Executed DbCommand (2ms) [Parameters=[@__now_0='?' (DbType = DateTime2)], CommandType='"Text"', CommandTimeout='30']
SELECT [s].[ShowtimeID], [s].[EndTime], [s].[MovieID], [s].[RoomID], [s].[ShowtimeCode], [s].[StartTime], [s].[Status]
FROM [Showtimes] AS [s]
WHERE [s].[Status] IN (N'Đã lên lịch', N'Đang mở bán', N'Đang chiếu', N'Sap chieu', N'Dang dien ra') AND [s].[EndTime] <= @__now_0
2026-05-25 15:45:06.765 +07:00 [INF] Executed DbCommand (2ms) [Parameters=[@__today_0='?' (DbType = Date)], CommandType='"Text"', CommandTimeout='30']
SELECT [m].[MovieID], [m].[Actors], [m].[Description], [m].[Director], [m].[Duration], [m].[Genre], [m].[MovieCode], [m].[Poster], [m].[ReleaseDate], [m].[Status], [m].[Title], [m].[Trailer]
FROM [Movies] AS [m]
WHERE [m].[Status] = N'Sap chieu' AND [m].[ReleaseDate] <= @__today_0
2026-05-25 15:46:06.778 +07:00 [INF] Executed DbCommand (4ms) [Parameters=[], CommandType='"Text"', CommandTimeout='30']
SELECT [o].[OrderID], [o].[CheckInTime], [o].[FinalAmount], [o].[HoldExpiryTime], [o].[OrderCode], [o].[PayOSTransID], [o].[PromoID], [o].[QrCode], [o].[ShowtimeID], [o].[Status], [o].[TotalAmount], [o].[UserID]
FROM [Orders] AS [o]
WHERE [o].[Status] = N'Chờ thanh toán' AND [o].[HoldExpiryTime] <= GETDATE()
2026-05-25 15:46:06.783 +07:00 [INF] Executed DbCommand (4ms) [Parameters=[@__maxSellingDate_0='?' (DbType = DateTime2), @__now_1='?' (DbType = DateTime2)], CommandType='"Text"', CommandTimeout='30']
SELECT [s].[ShowtimeID], [s].[EndTime], [s].[MovieID], [s].[RoomID], [s].[ShowtimeCode], [s].[StartTime], [s].[Status]
FROM [Showtimes] AS [s]
WHERE [s].[Status] IN (N'Đã lên lịch', N'Sap chieu') AND CONVERT(date, [s].[StartTime]) <= @__maxSellingDate_0 AND [s].[StartTime] > @__now_1
2026-05-25 15:46:06.786 +07:00 [INF] Executed DbCommand (2ms) [Parameters=[@__now_0='?' (DbType = DateTime2)], CommandType='"Text"', CommandTimeout='30']
SELECT [s].[ShowtimeID], [s].[EndTime], [s].[MovieID], [s].[RoomID], [s].[ShowtimeCode], [s].[StartTime], [s].[Status]
FROM [Showtimes] AS [s]
WHERE [s].[Status] IN (N'Đã lên lịch', N'Đang mở bán', N'Sap chieu') AND [s].[StartTime] <= @__now_0 AND [s].[EndTime] > @__now_0
2026-05-25 15:46:06.789 +07:00 [INF] Executed DbCommand (2ms) [Parameters=[@__now_0='?' (DbType = DateTime2)], CommandType='"Text"', CommandTimeout='30']
SELECT [s].[ShowtimeID], [s].[EndTime], [s].[MovieID], [s].[RoomID], [s].[ShowtimeCode], [s].[StartTime], [s].[Status]
FROM [Showtimes] AS [s]
WHERE [s].[Status] IN (N'Đã lên lịch', N'Đang mở bán', N'Đang chiếu', N'Sap chieu', N'Dang dien ra') AND [s].[EndTime] <= @__now_0
2026-05-25 15:46:06.792 +07:00 [INF] Executed DbCommand (2ms) [Parameters=[@__today_0='?' (DbType = Date)], CommandType='"Text"', CommandTimeout='30']
SELECT [m].[MovieID], [m].[Actors], [m].[Description], [m].[Director], [m].[Duration], [m].[Genre], [m].[MovieCode], [m].[Poster], [m].[ReleaseDate], [m].[Status], [m].[Title], [m].[Trailer]
FROM [Movies] AS [m]
WHERE [m].[Status] = N'Sap chieu' AND [m].[ReleaseDate] <= @__today_0
2026-05-25 15:47:06.807 +07:00 [INF] Executed DbCommand (2ms) [Parameters=[], CommandType='"Text"', CommandTimeout='30']
SELECT [o].[OrderID], [o].[CheckInTime], [o].[FinalAmount], [o].[HoldExpiryTime], [o].[OrderCode], [o].[PayOSTransID], [o].[PromoID], [o].[QrCode], [o].[ShowtimeID], [o].[Status], [o].[TotalAmount], [o].[UserID]
FROM [Orders] AS [o]
WHERE [o].[Status] = N'Chờ thanh toán' AND [o].[HoldExpiryTime] <= GETDATE()
2026-05-25 15:47:06.811 +07:00 [INF] Executed DbCommand (3ms) [Parameters=[@__maxSellingDate_0='?' (DbType = DateTime2), @__now_1='?' (DbType = DateTime2)], CommandType='"Text"', CommandTimeout='30']
SELECT [s].[ShowtimeID], [s].[EndTime], [s].[MovieID], [s].[RoomID], [s].[ShowtimeCode], [s].[StartTime], [s].[Status]
FROM [Showtimes] AS [s]
WHERE [s].[Status] IN (N'Đã lên lịch', N'Sap chieu') AND CONVERT(date, [s].[StartTime]) <= @__maxSellingDate_0 AND [s].[StartTime] > @__now_1
2026-05-25 15:47:06.815 +07:00 [INF] Executed DbCommand (4ms) [Parameters=[@__now_0='?' (DbType = DateTime2)], CommandType='"Text"', CommandTimeout='30']
SELECT [s].[ShowtimeID], [s].[EndTime], [s].[MovieID], [s].[RoomID], [s].[ShowtimeCode], [s].[StartTime], [s].[Status]
FROM [Showtimes] AS [s]
WHERE [s].[Status] IN (N'Đã lên lịch', N'Đang mở bán', N'Sap chieu') AND [s].[StartTime] <= @__now_0 AND [s].[EndTime] > @__now_0
2026-05-25 15:47:06.817 +07:00 [INF] Executed DbCommand (2ms) [Parameters=[@__now_0='?' (DbType = DateTime2)], CommandType='"Text"', CommandTimeout='30']
SELECT [s].[ShowtimeID], [s].[EndTime], [s].[MovieID], [s].[RoomID], [s].[ShowtimeCode], [s].[StartTime], [s].[Status]
FROM [Showtimes] AS [s]
WHERE [s].[Status] IN (N'Đã lên lịch', N'Đang mở bán', N'Đang chiếu', N'Sap chieu', N'Dang dien ra') AND [s].[EndTime] <= @__now_0
2026-05-25 15:47:06.820 +07:00 [INF] Executed DbCommand (2ms) [Parameters=[@__today_0='?' (DbType = Date)], CommandType='"Text"', CommandTimeout='30']
SELECT [m].[MovieID], [m].[Actors], [m].[Description], [m].[Director], [m].[Duration], [m].[Genre], [m].[MovieCode], [m].[Poster], [m].[ReleaseDate], [m].[Status], [m].[Title], [m].[Trailer]
FROM [Movies] AS [m]
WHERE [m].[Status] = N'Sap chieu' AND [m].[ReleaseDate] <= @__today_0
2026-05-25 15:48:06.841 +07:00 [INF] Executed DbCommand (6ms) [Parameters=[], CommandType='"Text"', CommandTimeout='30']
SELECT [o].[OrderID], [o].[CheckInTime], [o].[FinalAmount], [o].[HoldExpiryTime], [o].[OrderCode], [o].[PayOSTransID], [o].[PromoID], [o].[QrCode], [o].[ShowtimeID], [o].[Status], [o].[TotalAmount], [o].[UserID]
FROM [Orders] AS [o]
WHERE [o].[Status] = N'Chờ thanh toán' AND [o].[HoldExpiryTime] <= GETDATE()
2026-05-25 15:48:06.847 +07:00 [INF] Executed DbCommand (4ms) [Parameters=[@__maxSellingDate_0='?' (DbType = DateTime2), @__now_1='?' (DbType = DateTime2)], CommandType='"Text"', CommandTimeout='30']
SELECT [s].[ShowtimeID], [s].[EndTime], [s].[MovieID], [s].[RoomID], [s].[ShowtimeCode], [s].[StartTime], [s].[Status]
FROM [Showtimes] AS [s]
WHERE [s].[Status] IN (N'Đã lên lịch', N'Sap chieu') AND CONVERT(date, [s].[StartTime]) <= @__maxSellingDate_0 AND [s].[StartTime] > @__now_1
2026-05-25 15:48:06.850 +07:00 [INF] Executed DbCommand (2ms) [Parameters=[@__now_0='?' (DbType = DateTime2)], CommandType='"Text"', CommandTimeout='30']
SELECT [s].[ShowtimeID], [s].[EndTime], [s].[MovieID], [s].[RoomID], [s].[ShowtimeCode], [s].[StartTime], [s].[Status]
FROM [Showtimes] AS [s]
WHERE [s].[Status] IN (N'Đã lên lịch', N'Đang mở bán', N'Sap chieu') AND [s].[StartTime] <= @__now_0 AND [s].[EndTime] > @__now_0
2026-05-25 15:48:06.852 +07:00 [INF] Executed DbCommand (2ms) [Parameters=[@__now_0='?' (DbType = DateTime2)], CommandType='"Text"', CommandTimeout='30']
SELECT [s].[ShowtimeID], [s].[EndTime], [s].[MovieID], [s].[RoomID], [s].[ShowtimeCode], [s].[StartTime], [s].[Status]
FROM [Showtimes] AS [s]
WHERE [s].[Status] IN (N'Đã lên lịch', N'Đang mở bán', N'Đang chiếu', N'Sap chieu', N'Dang dien ra') AND [s].[EndTime] <= @__now_0
2026-05-25 15:48:06.855 +07:00 [INF] Executed DbCommand (2ms) [Parameters=[@__today_0='?' (DbType = Date)], CommandType='"Text"', CommandTimeout='30']
SELECT [m].[MovieID], [m].[Actors], [m].[Description], [m].[Director], [m].[Duration], [m].[Genre], [m].[MovieCode], [m].[Poster], [m].[ReleaseDate], [m].[Status], [m].[Title], [m].[Trailer]
FROM [Movies] AS [m]
WHERE [m].[Status] = N'Sap chieu' AND [m].[ReleaseDate] <= @__today_0
2026-05-25 15:49:06.875 +07:00 [INF] Executed DbCommand (5ms) [Parameters=[], CommandType='"Text"', CommandTimeout='30']
SELECT [o].[OrderID], [o].[CheckInTime], [o].[FinalAmount], [o].[HoldExpiryTime], [o].[OrderCode], [o].[PayOSTransID], [o].[PromoID], [o].[QrCode], [o].[ShowtimeID], [o].[Status], [o].[TotalAmount], [o].[UserID]
FROM [Orders] AS [o]
WHERE [o].[Status] = N'Chờ thanh toán' AND [o].[HoldExpiryTime] <= GETDATE()
2026-05-25 15:49:06.882 +07:00 [INF] Executed DbCommand (5ms) [Parameters=[@__maxSellingDate_0='?' (DbType = DateTime2), @__now_1='?' (DbType = DateTime2)], CommandType='"Text"', CommandTimeout='30']
SELECT [s].[ShowtimeID], [s].[EndTime], [s].[MovieID], [s].[RoomID], [s].[ShowtimeCode], [s].[StartTime], [s].[Status]
FROM [Showtimes] AS [s]
WHERE [s].[Status] IN (N'Đã lên lịch', N'Sap chieu') AND CONVERT(date, [s].[StartTime]) <= @__maxSellingDate_0 AND [s].[StartTime] > @__now_1
2026-05-25 15:49:06.885 +07:00 [INF] Executed DbCommand (3ms) [Parameters=[@__now_0='?' (DbType = DateTime2)], CommandType='"Text"', CommandTimeout='30']
SELECT [s].[ShowtimeID], [s].[EndTime], [s].[MovieID], [s].[RoomID], [s].[ShowtimeCode], [s].[StartTime], [s].[Status]
FROM [Showtimes] AS [s]
WHERE [s].[Status] IN (N'Đã lên lịch', N'Đang mở bán', N'Sap chieu') AND [s].[StartTime] <= @__now_0 AND [s].[EndTime] > @__now_0
2026-05-25 15:49:06.888 +07:00 [INF] Executed DbCommand (2ms) [Parameters=[@__now_0='?' (DbType = DateTime2)], CommandType='"Text"', CommandTimeout='30']
SELECT [s].[ShowtimeID], [s].[EndTime], [s].[MovieID], [s].[RoomID], [s].[ShowtimeCode], [s].[StartTime], [s].[Status]
FROM [Showtimes] AS [s]
WHERE [s].[Status] IN (N'Đã lên lịch', N'Đang mở bán', N'Đang chiếu', N'Sap chieu', N'Dang dien ra') AND [s].[EndTime] <= @__now_0
2026-05-25 15:49:06.892 +07:00 [INF] Executed DbCommand (2ms) [Parameters=[@__today_0='?' (DbType = Date)], CommandType='"Text"', CommandTimeout='30']
SELECT [m].[MovieID], [m].[Actors], [m].[Description], [m].[Director], [m].[Duration], [m].[Genre], [m].[MovieCode], [m].[Poster], [m].[ReleaseDate], [m].[Status], [m].[Title], [m].[Trailer]
FROM [Movies] AS [m]
WHERE [m].[Status] = N'Sap chieu' AND [m].[ReleaseDate] <= @__today_0
2026-05-25 15:49:30.023 +07:00 [INF] Request starting HTTP/1.1 GET http://localhost:5231/Booking/SelectSeats?showtimeId= - null null
2026-05-25 15:49:30.023 +07:00 [INF] Executing endpoint 'AuraCinema.Web.Controllers.BookingController.SelectSeats (AuraCinema.Web)'
2026-05-25 15:49:30.024 +07:00 [INF] Route matched with {action = "SelectSeats", controller = "Booking", area = ""}. Executing controller action with signature System.Threading.Tasks.Task`1[Microsoft.AspNetCore.Mvc.IActionResult] SelectSeats(Int32) on controller AuraCinema.Web.Controllers.BookingController (AuraCinema.Web).
2026-05-25 15:49:30.030 +07:00 [INF] Executed DbCommand (5ms) [Parameters=[@__showtimeId_0='?' (DbType = Int32)], CommandType='"Text"', CommandTimeout='30']
SELECT TOP(1) [s].[ShowtimeID], [s].[EndTime], [s].[MovieID], [s].[RoomID], [s].[ShowtimeCode], [s].[StartTime], [s].[Status], [m].[MovieID], [m].[Actors], [m].[Description], [m].[Director], [m].[Duration], [m].[Genre], [m].[MovieCode], [m].[Poster], [m].[ReleaseDate], [m].[Status], [m].[Title], [m].[Trailer], [r].[RoomID], [r].[Capacity], [r].[RoomCode], [r].[RoomName], [r].[Status]
FROM [Showtimes] AS [s]
INNER JOIN [Movies] AS [m] ON [s].[MovieID] = [m].[MovieID]
INNER JOIN [Rooms] AS [r] ON [s].[RoomID] = [r].[RoomID]
WHERE [s].[ShowtimeID] = @__showtimeId_0
2026-05-25 15:49:30.031 +07:00 [INF] Executing RedirectResult, redirecting to /Movies.
2026-05-25 15:49:30.031 +07:00 [INF] Executed action AuraCinema.Web.Controllers.BookingController.SelectSeats (AuraCinema.Web) in 7.6627ms
2026-05-25 15:49:30.031 +07:00 [INF] Executed endpoint 'AuraCinema.Web.Controllers.BookingController.SelectSeats (AuraCinema.Web)'
2026-05-25 15:49:30.032 +07:00 [INF] Request finished HTTP/1.1 GET http://localhost:5231/Booking/SelectSeats?showtimeId= - 302 0 null 8.8033ms
2026-05-25 15:49:30.036 +07:00 [INF] Request starting HTTP/1.1 GET http://localhost:5231/Movies - null null
2026-05-25 15:49:30.036 +07:00 [INF] Executing endpoint 'AuraCinema.Web.Controllers.MoviesController.Index (AuraCinema.Web)'
2026-05-25 15:49:30.037 +07:00 [INF] Route matched with {action = "Index", controller = "Movies", area = ""}. Executing controller action with signature System.Threading.Tasks.Task`1[Microsoft.AspNetCore.Mvc.IActionResult] Index(System.String, System.String, Int32) on controller AuraCinema.Web.Controllers.MoviesController (AuraCinema.Web).
2026-05-25 15:49:30.040 +07:00 [INF] Executed DbCommand (2ms) [Parameters=[], CommandType='"Text"', CommandTimeout='30']
SELECT COUNT(*)
FROM [Movies] AS [m]
WHERE [m].[Status] IN (N'Dang chieu', N'Sap chieu')
2026-05-25 15:49:30.046 +07:00 [INF] Executed DbCommand (5ms) [Parameters=[@__p_0='?' (DbType = Int32), @__p_1='?' (DbType = Int32)], CommandType='"Text"', CommandTimeout='30']
SELECT [m].[MovieID], [m].[Title], [m].[Genre], [m].[Poster], [m].[Duration], [m].[Status], [m].[ReleaseDate], [m].[Director]
FROM [Movies] AS [m]
WHERE [m].[Status] IN (N'Dang chieu', N'Sap chieu')
ORDER BY [m].[ReleaseDate] DESC
OFFSET @__p_0 ROWS FETCH NEXT @__p_1 ROWS ONLY
2026-05-25 15:49:30.048 +07:00 [INF] Executing ViewResult, running view Index.
2026-05-25 15:49:30.051 +07:00 [INF] Executed ViewResult - view Index executed in 4.3606ms.
2026-05-25 15:49:30.051 +07:00 [INF] Executed action AuraCinema.Web.Controllers.MoviesController.Index (AuraCinema.Web) in 14.6465ms
2026-05-25 15:49:30.051 +07:00 [INF] Executed endpoint 'AuraCinema.Web.Controllers.MoviesController.Index (AuraCinema.Web)'
2026-05-25 15:49:30.052 +07:00 [INF] Request finished HTTP/1.1 GET http://localhost:5231/Movies - 200 null text/html; charset=utf-8 15.7046ms
2026-05-25 15:49:31.127 +07:00 [INF] Request starting HTTP/1.1 GET http://localhost:5231/Booking/SelectSeats?showtimeId= - null null
2026-05-25 15:49:31.128 +07:00 [INF] Executing endpoint 'AuraCinema.Web.Controllers.BookingController.SelectSeats (AuraCinema.Web)'
2026-05-25 15:49:31.128 +07:00 [INF] Route matched with {action = "SelectSeats", controller = "Booking", area = ""}. Executing controller action with signature System.Threading.Tasks.Task`1[Microsoft.AspNetCore.Mvc.IActionResult] SelectSeats(Int32) on controller AuraCinema.Web.Controllers.BookingController (AuraCinema.Web).
2026-05-25 15:49:31.130 +07:00 [INF] Executed DbCommand (1ms) [Parameters=[@__showtimeId_0='?' (DbType = Int32)], CommandType='"Text"', CommandTimeout='30']
SELECT TOP(1) [s].[ShowtimeID], [s].[EndTime], [s].[MovieID], [s].[RoomID], [s].[ShowtimeCode], [s].[StartTime], [s].[Status], [m].[MovieID], [m].[Actors], [m].[Description], [m].[Director], [m].[Duration], [m].[Genre], [m].[MovieCode], [m].[Poster], [m].[ReleaseDate], [m].[Status], [m].[Title], [m].[Trailer], [r].[RoomID], [r].[Capacity], [r].[RoomCode], [r].[RoomName], [r].[Status]
FROM [Showtimes] AS [s]
INNER JOIN [Movies] AS [m] ON [s].[MovieID] = [m].[MovieID]
INNER JOIN [Rooms] AS [r] ON [s].[RoomID] = [r].[RoomID]
WHERE [s].[ShowtimeID] = @__showtimeId_0
2026-05-25 15:49:31.131 +07:00 [INF] Executing RedirectResult, redirecting to /Movies.
2026-05-25 15:49:31.131 +07:00 [INF] Executed action AuraCinema.Web.Controllers.BookingController.SelectSeats (AuraCinema.Web) in 2.6013ms
2026-05-25 15:49:31.131 +07:00 [INF] Executed endpoint 'AuraCinema.Web.Controllers.BookingController.SelectSeats (AuraCinema.Web)'
2026-05-25 15:49:31.131 +07:00 [INF] Request finished HTTP/1.1 GET http://localhost:5231/Booking/SelectSeats?showtimeId= - 302 0 null 3.7006ms
2026-05-25 15:49:31.137 +07:00 [INF] Request starting HTTP/1.1 GET http://localhost:5231/Movies - null null
2026-05-25 15:49:31.138 +07:00 [INF] Executing endpoint 'AuraCinema.Web.Controllers.MoviesController.Index (AuraCinema.Web)'
2026-05-25 15:49:31.138 +07:00 [INF] Route matched with {action = "Index", controller = "Movies", area = ""}. Executing controller action with signature System.Threading.Tasks.Task`1[Microsoft.AspNetCore.Mvc.IActionResult] Index(System.String, System.String, Int32) on controller AuraCinema.Web.Controllers.MoviesController (AuraCinema.Web).
2026-05-25 15:49:31.141 +07:00 [INF] Executed DbCommand (1ms) [Parameters=[], CommandType='"Text"', CommandTimeout='30']
SELECT COUNT(*)
FROM [Movies] AS [m]
WHERE [m].[Status] IN (N'Dang chieu', N'Sap chieu')
2026-05-25 15:49:31.142 +07:00 [INF] Executed DbCommand (1ms) [Parameters=[@__p_0='?' (DbType = Int32), @__p_1='?' (DbType = Int32)], CommandType='"Text"', CommandTimeout='30']
SELECT [m].[MovieID], [m].[Title], [m].[Genre], [m].[Poster], [m].[Duration], [m].[Status], [m].[ReleaseDate], [m].[Director]
FROM [Movies] AS [m]
WHERE [m].[Status] IN (N'Dang chieu', N'Sap chieu')
ORDER BY [m].[ReleaseDate] DESC
OFFSET @__p_0 ROWS FETCH NEXT @__p_1 ROWS ONLY
2026-05-25 15:49:31.142 +07:00 [INF] Executing ViewResult, running view Index.
2026-05-25 15:49:31.144 +07:00 [INF] Executed ViewResult - view Index executed in 1.4192ms.
2026-05-25 15:49:31.144 +07:00 [INF] Executed action AuraCinema.Web.Controllers.MoviesController.Index (AuraCinema.Web) in 5.8924ms
2026-05-25 15:49:31.144 +07:00 [INF] Executed endpoint 'AuraCinema.Web.Controllers.MoviesController.Index (AuraCinema.Web)'
2026-05-25 15:49:31.144 +07:00 [INF] Request finished HTTP/1.1 GET http://localhost:5231/Movies - 200 null text/html; charset=utf-8 7.7011ms
2026-05-25 15:50:06.910 +07:00 [INF] Executed DbCommand (6ms) [Parameters=[], CommandType='"Text"', CommandTimeout='30']
SELECT [o].[OrderID], [o].[CheckInTime], [o].[FinalAmount], [o].[HoldExpiryTime], [o].[OrderCode], [o].[PayOSTransID], [o].[PromoID], [o].[QrCode], [o].[ShowtimeID], [o].[Status], [o].[TotalAmount], [o].[UserID]
FROM [Orders] AS [o]
WHERE [o].[Status] = N'Chờ thanh toán' AND [o].[HoldExpiryTime] <= GETDATE()
2026-05-25 15:50:06.919 +07:00 [INF] Executed DbCommand (6ms) [Parameters=[@__maxSellingDate_0='?' (DbType = DateTime2), @__now_1='?' (DbType = DateTime2)], CommandType='"Text"', CommandTimeout='30']
SELECT [s].[ShowtimeID], [s].[EndTime], [s].[MovieID], [s].[RoomID], [s].[ShowtimeCode], [s].[StartTime], [s].[Status]
FROM [Showtimes] AS [s]
WHERE [s].[Status] IN (N'Đã lên lịch', N'Sap chieu') AND CONVERT(date, [s].[StartTime]) <= @__maxSellingDate_0 AND [s].[StartTime] > @__now_1
2026-05-25 15:50:06.924 +07:00 [INF] Executed DbCommand (5ms) [Parameters=[@__now_0='?' (DbType = DateTime2)], CommandType='"Text"', CommandTimeout='30']
SELECT [s].[ShowtimeID], [s].[EndTime], [s].[MovieID], [s].[RoomID], [s].[ShowtimeCode], [s].[StartTime], [s].[Status]
FROM [Showtimes] AS [s]
WHERE [s].[Status] IN (N'Đã lên lịch', N'Đang mở bán', N'Sap chieu') AND [s].[StartTime] <= @__now_0 AND [s].[EndTime] > @__now_0
2026-05-25 15:50:06.930 +07:00 [INF] Executed DbCommand (5ms) [Parameters=[@__now_0='?' (DbType = DateTime2)], CommandType='"Text"', CommandTimeout='30']
SELECT [s].[ShowtimeID], [s].[EndTime], [s].[MovieID], [s].[RoomID], [s].[ShowtimeCode], [s].[StartTime], [s].[Status]
FROM [Showtimes] AS [s]
WHERE [s].[Status] IN (N'Đã lên lịch', N'Đang mở bán', N'Đang chiếu', N'Sap chieu', N'Dang dien ra') AND [s].[EndTime] <= @__now_0
2026-05-25 15:50:06.936 +07:00 [INF] Executed DbCommand (4ms) [Parameters=[@__today_0='?' (DbType = Date)], CommandType='"Text"', CommandTimeout='30']
SELECT [m].[MovieID], [m].[Actors], [m].[Description], [m].[Director], [m].[Duration], [m].[Genre], [m].[MovieCode], [m].[Poster], [m].[ReleaseDate], [m].[Status], [m].[Title], [m].[Trailer]
FROM [Movies] AS [m]
WHERE [m].[Status] = N'Sap chieu' AND [m].[ReleaseDate] <= @__today_0
2026-05-25 15:51:06.952 +07:00 [INF] Executed DbCommand (6ms) [Parameters=[], CommandType='"Text"', CommandTimeout='30']
SELECT [o].[OrderID], [o].[CheckInTime], [o].[FinalAmount], [o].[HoldExpiryTime], [o].[OrderCode], [o].[PayOSTransID], [o].[PromoID], [o].[QrCode], [o].[ShowtimeID], [o].[Status], [o].[TotalAmount], [o].[UserID]
FROM [Orders] AS [o]
WHERE [o].[Status] = N'Chờ thanh toán' AND [o].[HoldExpiryTime] <= GETDATE()
2026-05-25 15:51:06.960 +07:00 [INF] Executed DbCommand (6ms) [Parameters=[@__maxSellingDate_0='?' (DbType = DateTime2), @__now_1='?' (DbType = DateTime2)], CommandType='"Text"', CommandTimeout='30']
SELECT [s].[ShowtimeID], [s].[EndTime], [s].[MovieID], [s].[RoomID], [s].[ShowtimeCode], [s].[StartTime], [s].[Status]
FROM [Showtimes] AS [s]
WHERE [s].[Status] IN (N'Đã lên lịch', N'Sap chieu') AND CONVERT(date, [s].[StartTime]) <= @__maxSellingDate_0 AND [s].[StartTime] > @__now_1
2026-05-25 15:51:06.965 +07:00 [INF] Executed DbCommand (4ms) [Parameters=[@__now_0='?' (DbType = DateTime2)], CommandType='"Text"', CommandTimeout='30']
SELECT [s].[ShowtimeID], [s].[EndTime], [s].[MovieID], [s].[RoomID], [s].[ShowtimeCode], [s].[StartTime], [s].[Status]
FROM [Showtimes] AS [s]
WHERE [s].[Status] IN (N'Đã lên lịch', N'Đang mở bán', N'Sap chieu') AND [s].[StartTime] <= @__now_0 AND [s].[EndTime] > @__now_0
2026-05-25 15:51:06.969 +07:00 [INF] Executed DbCommand (4ms) [Parameters=[@__now_0='?' (DbType = DateTime2)], CommandType='"Text"', CommandTimeout='30']
SELECT [s].[ShowtimeID], [s].[EndTime], [s].[MovieID], [s].[RoomID], [s].[ShowtimeCode], [s].[StartTime], [s].[Status]
FROM [Showtimes] AS [s]
WHERE [s].[Status] IN (N'Đã lên lịch', N'Đang mở bán', N'Đang chiếu', N'Sap chieu', N'Dang dien ra') AND [s].[EndTime] <= @__now_0
2026-05-25 15:51:06.974 +07:00 [INF] Executed DbCommand (3ms) [Parameters=[@__today_0='?' (DbType = Date)], CommandType='"Text"', CommandTimeout='30']
SELECT [m].[MovieID], [m].[Actors], [m].[Description], [m].[Director], [m].[Duration], [m].[Genre], [m].[MovieCode], [m].[Poster], [m].[ReleaseDate], [m].[Status], [m].[Title], [m].[Trailer]
FROM [Movies] AS [m]
WHERE [m].[Status] = N'Sap chieu' AND [m].[ReleaseDate] <= @__today_0
2026-05-25 15:52:06.999 +07:00 [INF] Executed DbCommand (5ms) [Parameters=[], CommandType='"Text"', CommandTimeout='30']
SELECT [o].[OrderID], [o].[CheckInTime], [o].[FinalAmount], [o].[HoldExpiryTime], [o].[OrderCode], [o].[PayOSTransID], [o].[PromoID], [o].[QrCode], [o].[ShowtimeID], [o].[Status], [o].[TotalAmount], [o].[UserID]
FROM [Orders] AS [o]
WHERE [o].[Status] = N'Chờ thanh toán' AND [o].[HoldExpiryTime] <= GETDATE()
2026-05-25 15:52:07.006 +07:00 [INF] Executed DbCommand (5ms) [Parameters=[@__maxSellingDate_0='?' (DbType = DateTime2), @__now_1='?' (DbType = DateTime2)], CommandType='"Text"', CommandTimeout='30']
SELECT [s].[ShowtimeID], [s].[EndTime], [s].[MovieID], [s].[RoomID], [s].[ShowtimeCode], [s].[StartTime], [s].[Status]
FROM [Showtimes] AS [s]
WHERE [s].[Status] IN (N'Đã lên lịch', N'Sap chieu') AND CONVERT(date, [s].[StartTime]) <= @__maxSellingDate_0 AND [s].[StartTime] > @__now_1
2026-05-25 15:52:07.011 +07:00 [INF] Executed DbCommand (3ms) [Parameters=[@__now_0='?' (DbType = DateTime2)], CommandType='"Text"', CommandTimeout='30']
SELECT [s].[ShowtimeID], [s].[EndTime], [s].[MovieID], [s].[RoomID], [s].[ShowtimeCode], [s].[StartTime], [s].[Status]
FROM [Showtimes] AS [s]
WHERE [s].[Status] IN (N'Đã lên lịch', N'Đang mở bán', N'Sap chieu') AND [s].[StartTime] <= @__now_0 AND [s].[EndTime] > @__now_0
2026-05-25 15:52:07.013 +07:00 [INF] Executed DbCommand (2ms) [Parameters=[@__now_0='?' (DbType = DateTime2)], CommandType='"Text"', CommandTimeout='30']
SELECT [s].[ShowtimeID], [s].[EndTime], [s].[MovieID], [s].[RoomID], [s].[ShowtimeCode], [s].[StartTime], [s].[Status]
FROM [Showtimes] AS [s]
WHERE [s].[Status] IN (N'Đã lên lịch', N'Đang mở bán', N'Đang chiếu', N'Sap chieu', N'Dang dien ra') AND [s].[EndTime] <= @__now_0
2026-05-25 15:52:07.017 +07:00 [INF] Executed DbCommand (2ms) [Parameters=[@__today_0='?' (DbType = Date)], CommandType='"Text"', CommandTimeout='30']
SELECT [m].[MovieID], [m].[Actors], [m].[Description], [m].[Director], [m].[Duration], [m].[Genre], [m].[MovieCode], [m].[Poster], [m].[ReleaseDate], [m].[Status], [m].[Title], [m].[Trailer]
FROM [Movies] AS [m]
WHERE [m].[Status] = N'Sap chieu' AND [m].[ReleaseDate] <= @__today_0
2026-05-25 15:53:07.031 +07:00 [INF] Executed DbCommand (4ms) [Parameters=[], CommandType='"Text"', CommandTimeout='30']
SELECT [o].[OrderID], [o].[CheckInTime], [o].[FinalAmount], [o].[HoldExpiryTime], [o].[OrderCode], [o].[PayOSTransID], [o].[PromoID], [o].[QrCode], [o].[ShowtimeID], [o].[Status], [o].[TotalAmount], [o].[UserID]
FROM [Orders] AS [o]
WHERE [o].[Status] = N'Chờ thanh toán' AND [o].[HoldExpiryTime] <= GETDATE()
2026-05-25 15:53:07.038 +07:00 [INF] Executed DbCommand (5ms) [Parameters=[@__maxSellingDate_0='?' (DbType = DateTime2), @__now_1='?' (DbType = DateTime2)], CommandType='"Text"', CommandTimeout='30']
SELECT [s].[ShowtimeID], [s].[EndTime], [s].[MovieID], [s].[RoomID], [s].[ShowtimeCode], [s].[StartTime], [s].[Status]
FROM [Showtimes] AS [s]
WHERE [s].[Status] IN (N'Đã lên lịch', N'Sap chieu') AND CONVERT(date, [s].[StartTime]) <= @__maxSellingDate_0 AND [s].[StartTime] > @__now_1
2026-05-25 15:53:07.044 +07:00 [INF] Executed DbCommand (5ms) [Parameters=[@__now_0='?' (DbType = DateTime2)], CommandType='"Text"', CommandTimeout='30']
SELECT [s].[ShowtimeID], [s].[EndTime], [s].[MovieID], [s].[RoomID], [s].[ShowtimeCode], [s].[StartTime], [s].[Status]
FROM [Showtimes] AS [s]
WHERE [s].[Status] IN (N'Đã lên lịch', N'Đang mở bán', N'Sap chieu') AND [s].[StartTime] <= @__now_0 AND [s].[EndTime] > @__now_0
2026-05-25 15:53:07.047 +07:00 [INF] Executed DbCommand (2ms) [Parameters=[@__now_0='?' (DbType = DateTime2)], CommandType='"Text"', CommandTimeout='30']
SELECT [s].[ShowtimeID], [s].[EndTime], [s].[MovieID], [s].[RoomID], [s].[ShowtimeCode], [s].[StartTime], [s].[Status]
FROM [Showtimes] AS [s]
WHERE [s].[Status] IN (N'Đã lên lịch', N'Đang mở bán', N'Đang chiếu', N'Sap chieu', N'Dang dien ra') AND [s].[EndTime] <= @__now_0
2026-05-25 15:53:07.051 +07:00 [INF] Executed DbCommand (2ms) [Parameters=[@__today_0='?' (DbType = Date)], CommandType='"Text"', CommandTimeout='30']
SELECT [m].[MovieID], [m].[Actors], [m].[Description], [m].[Director], [m].[Duration], [m].[Genre], [m].[MovieCode], [m].[Poster], [m].[ReleaseDate], [m].[Status], [m].[Title], [m].[Trailer]
FROM [Movies] AS [m]
WHERE [m].[Status] = N'Sap chieu' AND [m].[ReleaseDate] <= @__today_0
2026-05-25 15:54:07.061 +07:00 [INF] Executed DbCommand (2ms) [Parameters=[], CommandType='"Text"', CommandTimeout='30']
SELECT [o].[OrderID], [o].[CheckInTime], [o].[FinalAmount], [o].[HoldExpiryTime], [o].[OrderCode], [o].[PayOSTransID], [o].[PromoID], [o].[QrCode], [o].[ShowtimeID], [o].[Status], [o].[TotalAmount], [o].[UserID]
FROM [Orders] AS [o]
WHERE [o].[Status] = N'Chờ thanh toán' AND [o].[HoldExpiryTime] <= GETDATE()
2026-05-25 15:54:07.068 +07:00 [INF] Executed DbCommand (6ms) [Parameters=[@__maxSellingDate_0='?' (DbType = DateTime2), @__now_1='?' (DbType = DateTime2)], CommandType='"Text"', CommandTimeout='30']
SELECT [s].[ShowtimeID], [s].[EndTime], [s].[MovieID], [s].[RoomID], [s].[ShowtimeCode], [s].[StartTime], [s].[Status]
FROM [Showtimes] AS [s]
WHERE [s].[Status] IN (N'Đã lên lịch', N'Sap chieu') AND CONVERT(date, [s].[StartTime]) <= @__maxSellingDate_0 AND [s].[StartTime] > @__now_1
2026-05-25 15:54:07.071 +07:00 [INF] Executed DbCommand (2ms) [Parameters=[@__now_0='?' (DbType = DateTime2)], CommandType='"Text"', CommandTimeout='30']
SELECT [s].[ShowtimeID], [s].[EndTime], [s].[MovieID], [s].[RoomID], [s].[ShowtimeCode], [s].[StartTime], [s].[Status]
FROM [Showtimes] AS [s]
WHERE [s].[Status] IN (N'Đã lên lịch', N'Đang mở bán', N'Sap chieu') AND [s].[StartTime] <= @__now_0 AND [s].[EndTime] > @__now_0
2026-05-25 15:54:07.076 +07:00 [INF] Executed DbCommand (4ms) [Parameters=[@__now_0='?' (DbType = DateTime2)], CommandType='"Text"', CommandTimeout='30']
SELECT [s].[ShowtimeID], [s].[EndTime], [s].[MovieID], [s].[RoomID], [s].[ShowtimeCode], [s].[StartTime], [s].[Status]
FROM [Showtimes] AS [s]
WHERE [s].[Status] IN (N'Đã lên lịch', N'Đang mở bán', N'Đang chiếu', N'Sap chieu', N'Dang dien ra') AND [s].[EndTime] <= @__now_0
2026-05-25 15:54:07.081 +07:00 [INF] Executed DbCommand (3ms) [Parameters=[@__today_0='?' (DbType = Date)], CommandType='"Text"', CommandTimeout='30']
SELECT [m].[MovieID], [m].[Actors], [m].[Description], [m].[Director], [m].[Duration], [m].[Genre], [m].[MovieCode], [m].[Poster], [m].[ReleaseDate], [m].[Status], [m].[Title], [m].[Trailer]
FROM [Movies] AS [m]
WHERE [m].[Status] = N'Sap chieu' AND [m].[ReleaseDate] <= @__today_0
2026-05-25 15:55:07.092 +07:00 [INF] Executed DbCommand (3ms) [Parameters=[], CommandType='"Text"', CommandTimeout='30']
SELECT [o].[OrderID], [o].[CheckInTime], [o].[FinalAmount], [o].[HoldExpiryTime], [o].[OrderCode], [o].[PayOSTransID], [o].[PromoID], [o].[QrCode], [o].[ShowtimeID], [o].[Status], [o].[TotalAmount], [o].[UserID]
FROM [Orders] AS [o]
WHERE [o].[Status] = N'Chờ thanh toán' AND [o].[HoldExpiryTime] <= GETDATE()
2026-05-25 15:55:07.096 +07:00 [INF] Executed DbCommand (3ms) [Parameters=[@__maxSellingDate_0='?' (DbType = DateTime2), @__now_1='?' (DbType = DateTime2)], CommandType='"Text"', CommandTimeout='30']
SELECT [s].[ShowtimeID], [s].[EndTime], [s].[MovieID], [s].[RoomID], [s].[ShowtimeCode], [s].[StartTime], [s].[Status]
FROM [Showtimes] AS [s]
WHERE [s].[Status] IN (N'Đã lên lịch', N'Sap chieu') AND CONVERT(date, [s].[StartTime]) <= @__maxSellingDate_0 AND [s].[StartTime] > @__now_1
2026-05-25 15:55:07.099 +07:00 [INF] Executed DbCommand (2ms) [Parameters=[@__now_0='?' (DbType = DateTime2)], CommandType='"Text"', CommandTimeout='30']
SELECT [s].[ShowtimeID], [s].[EndTime], [s].[MovieID], [s].[RoomID], [s].[ShowtimeCode], [s].[StartTime], [s].[Status]
FROM [Showtimes] AS [s]
WHERE [s].[Status] IN (N'Đã lên lịch', N'Đang mở bán', N'Sap chieu') AND [s].[StartTime] <= @__now_0 AND [s].[EndTime] > @__now_0
2026-05-25 15:55:07.101 +07:00 [INF] Executed DbCommand (2ms) [Parameters=[@__now_0='?' (DbType = DateTime2)], CommandType='"Text"', CommandTimeout='30']
SELECT [s].[ShowtimeID], [s].[EndTime], [s].[MovieID], [s].[RoomID], [s].[ShowtimeCode], [s].[StartTime], [s].[Status]
FROM [Showtimes] AS [s]
WHERE [s].[Status] IN (N'Đã lên lịch', N'Đang mở bán', N'Đang chiếu', N'Sap chieu', N'Dang dien ra') AND [s].[EndTime] <= @__now_0
2026-05-25 15:55:07.104 +07:00 [INF] Executed DbCommand (2ms) [Parameters=[@__today_0='?' (DbType = Date)], CommandType='"Text"', CommandTimeout='30']
SELECT [m].[MovieID], [m].[Actors], [m].[Description], [m].[Director], [m].[Duration], [m].[Genre], [m].[MovieCode], [m].[Poster], [m].[ReleaseDate], [m].[Status], [m].[Title], [m].[Trailer]
FROM [Movies] AS [m]
WHERE [m].[Status] = N'Sap chieu' AND [m].[ReleaseDate] <= @__today_0
2026-05-25 15:56:07.123 +07:00 [INF] Executed DbCommand (3ms) [Parameters=[], CommandType='"Text"', CommandTimeout='30']
SELECT [o].[OrderID], [o].[CheckInTime], [o].[FinalAmount], [o].[HoldExpiryTime], [o].[OrderCode], [o].[PayOSTransID], [o].[PromoID], [o].[QrCode], [o].[ShowtimeID], [o].[Status], [o].[TotalAmount], [o].[UserID]
FROM [Orders] AS [o]
WHERE [o].[Status] = N'Chờ thanh toán' AND [o].[HoldExpiryTime] <= GETDATE()
2026-05-25 15:56:07.128 +07:00 [INF] Executed DbCommand (4ms) [Parameters=[@__maxSellingDate_0='?' (DbType = DateTime2), @__now_1='?' (DbType = DateTime2)], CommandType='"Text"', CommandTimeout='30']
SELECT [s].[ShowtimeID], [s].[EndTime], [s].[MovieID], [s].[RoomID], [s].[ShowtimeCode], [s].[StartTime], [s].[Status]
FROM [Showtimes] AS [s]
WHERE [s].[Status] IN (N'Đã lên lịch', N'Sap chieu') AND CONVERT(date, [s].[StartTime]) <= @__maxSellingDate_0 AND [s].[StartTime] > @__now_1
2026-05-25 15:56:07.131 +07:00 [INF] Executed DbCommand (2ms) [Parameters=[@__now_0='?' (DbType = DateTime2)], CommandType='"Text"', CommandTimeout='30']
SELECT [s].[ShowtimeID], [s].[EndTime], [s].[MovieID], [s].[RoomID], [s].[ShowtimeCode], [s].[StartTime], [s].[Status]
FROM [Showtimes] AS [s]
WHERE [s].[Status] IN (N'Đã lên lịch', N'Đang mở bán', N'Sap chieu') AND [s].[StartTime] <= @__now_0 AND [s].[EndTime] > @__now_0
2026-05-25 15:56:07.134 +07:00 [INF] Executed DbCommand (2ms) [Parameters=[@__now_0='?' (DbType = DateTime2)], CommandType='"Text"', CommandTimeout='30']
SELECT [s].[ShowtimeID], [s].[EndTime], [s].[MovieID], [s].[RoomID], [s].[ShowtimeCode], [s].[StartTime], [s].[Status]
FROM [Showtimes] AS [s]
WHERE [s].[Status] IN (N'Đã lên lịch', N'Đang mở bán', N'Đang chiếu', N'Sap chieu', N'Dang dien ra') AND [s].[EndTime] <= @__now_0
2026-05-25 15:56:07.138 +07:00 [INF] Executed DbCommand (3ms) [Parameters=[@__today_0='?' (DbType = Date)], CommandType='"Text"', CommandTimeout='30']
SELECT [m].[MovieID], [m].[Actors], [m].[Description], [m].[Director], [m].[Duration], [m].[Genre], [m].[MovieCode], [m].[Poster], [m].[ReleaseDate], [m].[Status], [m].[Title], [m].[Trailer]
FROM [Movies] AS [m]
WHERE [m].[Status] = N'Sap chieu' AND [m].[ReleaseDate] <= @__today_0
2026-05-25 15:57:07.156 +07:00 [INF] Executed DbCommand (2ms) [Parameters=[], CommandType='"Text"', CommandTimeout='30']
SELECT [o].[OrderID], [o].[CheckInTime], [o].[FinalAmount], [o].[HoldExpiryTime], [o].[OrderCode], [o].[PayOSTransID], [o].[PromoID], [o].[QrCode], [o].[ShowtimeID], [o].[Status], [o].[TotalAmount], [o].[UserID]
FROM [Orders] AS [o]
WHERE [o].[Status] = N'Chờ thanh toán' AND [o].[HoldExpiryTime] <= GETDATE()
2026-05-25 15:57:07.161 +07:00 [INF] Executed DbCommand (4ms) [Parameters=[@__maxSellingDate_0='?' (DbType = DateTime2), @__now_1='?' (DbType = DateTime2)], CommandType='"Text"', CommandTimeout='30']
SELECT [s].[ShowtimeID], [s].[EndTime], [s].[MovieID], [s].[RoomID], [s].[ShowtimeCode], [s].[StartTime], [s].[Status]
FROM [Showtimes] AS [s]
WHERE [s].[Status] IN (N'Đã lên lịch', N'Sap chieu') AND CONVERT(date, [s].[StartTime]) <= @__maxSellingDate_0 AND [s].[StartTime] > @__now_1
2026-05-25 15:57:07.165 +07:00 [INF] Executed DbCommand (4ms) [Parameters=[@__now_0='?' (DbType = DateTime2)], CommandType='"Text"', CommandTimeout='30']
SELECT [s].[ShowtimeID], [s].[EndTime], [s].[MovieID], [s].[RoomID], [s].[ShowtimeCode], [s].[StartTime], [s].[Status]
FROM [Showtimes] AS [s]
WHERE [s].[Status] IN (N'Đã lên lịch', N'Đang mở bán', N'Sap chieu') AND [s].[StartTime] <= @__now_0 AND [s].[EndTime] > @__now_0
2026-05-25 15:57:07.168 +07:00 [INF] Executed DbCommand (2ms) [Parameters=[@__now_0='?' (DbType = DateTime2)], CommandType='"Text"', CommandTimeout='30']
SELECT [s].[ShowtimeID], [s].[EndTime], [s].[MovieID], [s].[RoomID], [s].[ShowtimeCode], [s].[StartTime], [s].[Status]
FROM [Showtimes] AS [s]
WHERE [s].[Status] IN (N'Đã lên lịch', N'Đang mở bán', N'Đang chiếu', N'Sap chieu', N'Dang dien ra') AND [s].[EndTime] <= @__now_0
2026-05-25 15:57:07.172 +07:00 [INF] Executed DbCommand (2ms) [Parameters=[@__today_0='?' (DbType = Date)], CommandType='"Text"', CommandTimeout='30']
SELECT [m].[MovieID], [m].[Actors], [m].[Description], [m].[Director], [m].[Duration], [m].[Genre], [m].[MovieCode], [m].[Poster], [m].[ReleaseDate], [m].[Status], [m].[Title], [m].[Trailer]
FROM [Movies] AS [m]
WHERE [m].[Status] = N'Sap chieu' AND [m].[ReleaseDate] <= @__today_0
2026-05-25 15:58:07.188 +07:00 [INF] Executed DbCommand (3ms) [Parameters=[], CommandType='"Text"', CommandTimeout='30']
SELECT [o].[OrderID], [o].[CheckInTime], [o].[FinalAmount], [o].[HoldExpiryTime], [o].[OrderCode], [o].[PayOSTransID], [o].[PromoID], [o].[QrCode], [o].[ShowtimeID], [o].[Status], [o].[TotalAmount], [o].[UserID]
FROM [Orders] AS [o]
WHERE [o].[Status] = N'Chờ thanh toán' AND [o].[HoldExpiryTime] <= GETDATE()
2026-05-25 15:58:07.193 +07:00 [INF] Executed DbCommand (4ms) [Parameters=[@__maxSellingDate_0='?' (DbType = DateTime2), @__now_1='?' (DbType = DateTime2)], CommandType='"Text"', CommandTimeout='30']
SELECT [s].[ShowtimeID], [s].[EndTime], [s].[MovieID], [s].[RoomID], [s].[ShowtimeCode], [s].[StartTime], [s].[Status]
FROM [Showtimes] AS [s]
WHERE [s].[Status] IN (N'Đã lên lịch', N'Sap chieu') AND CONVERT(date, [s].[StartTime]) <= @__maxSellingDate_0 AND [s].[StartTime] > @__now_1
2026-05-25 15:58:07.196 +07:00 [INF] Executed DbCommand (2ms) [Parameters=[@__now_0='?' (DbType = DateTime2)], CommandType='"Text"', CommandTimeout='30']
SELECT [s].[ShowtimeID], [s].[EndTime], [s].[MovieID], [s].[RoomID], [s].[ShowtimeCode], [s].[StartTime], [s].[Status]
FROM [Showtimes] AS [s]
WHERE [s].[Status] IN (N'Đã lên lịch', N'Đang mở bán', N'Sap chieu') AND [s].[StartTime] <= @__now_0 AND [s].[EndTime] > @__now_0
2026-05-25 15:58:07.200 +07:00 [INF] Executed DbCommand (3ms) [Parameters=[@__now_0='?' (DbType = DateTime2)], CommandType='"Text"', CommandTimeout='30']
SELECT [s].[ShowtimeID], [s].[EndTime], [s].[MovieID], [s].[RoomID], [s].[ShowtimeCode], [s].[StartTime], [s].[Status]
FROM [Showtimes] AS [s]
WHERE [s].[Status] IN (N'Đã lên lịch', N'Đang mở bán', N'Đang chiếu', N'Sap chieu', N'Dang dien ra') AND [s].[EndTime] <= @__now_0
2026-05-25 15:58:07.203 +07:00 [INF] Executed DbCommand (2ms) [Parameters=[@__today_0='?' (DbType = Date)], CommandType='"Text"', CommandTimeout='30']
SELECT [m].[MovieID], [m].[Actors], [m].[Description], [m].[Director], [m].[Duration], [m].[Genre], [m].[MovieCode], [m].[Poster], [m].[ReleaseDate], [m].[Status], [m].[Title], [m].[Trailer]
FROM [Movies] AS [m]
WHERE [m].[Status] = N'Sap chieu' AND [m].[ReleaseDate] <= @__today_0
2026-05-25 15:59:07.217 +07:00 [INF] Executed DbCommand (2ms) [Parameters=[], CommandType='"Text"', CommandTimeout='30']
SELECT [o].[OrderID], [o].[CheckInTime], [o].[FinalAmount], [o].[HoldExpiryTime], [o].[OrderCode], [o].[PayOSTransID], [o].[PromoID], [o].[QrCode], [o].[ShowtimeID], [o].[Status], [o].[TotalAmount], [o].[UserID]
FROM [Orders] AS [o]
WHERE [o].[Status] = N'Chờ thanh toán' AND [o].[HoldExpiryTime] <= GETDATE()
2026-05-25 15:59:07.220 +07:00 [INF] Executed DbCommand (2ms) [Parameters=[@__maxSellingDate_0='?' (DbType = DateTime2), @__now_1='?' (DbType = DateTime2)], CommandType='"Text"', CommandTimeout='30']
SELECT [s].[ShowtimeID], [s].[EndTime], [s].[MovieID], [s].[RoomID], [s].[ShowtimeCode], [s].[StartTime], [s].[Status]
FROM [Showtimes] AS [s]
WHERE [s].[Status] IN (N'Đã lên lịch', N'Sap chieu') AND CONVERT(date, [s].[StartTime]) <= @__maxSellingDate_0 AND [s].[StartTime] > @__now_1
2026-05-25 15:59:07.223 +07:00 [INF] Executed DbCommand (2ms) [Parameters=[@__now_0='?' (DbType = DateTime2)], CommandType='"Text"', CommandTimeout='30']
SELECT [s].[ShowtimeID], [s].[EndTime], [s].[MovieID], [s].[RoomID], [s].[ShowtimeCode], [s].[StartTime], [s].[Status]
FROM [Showtimes] AS [s]
WHERE [s].[Status] IN (N'Đã lên lịch', N'Đang mở bán', N'Sap chieu') AND [s].[StartTime] <= @__now_0 AND [s].[EndTime] > @__now_0
2026-05-25 15:59:07.225 +07:00 [INF] Executed DbCommand (2ms) [Parameters=[@__now_0='?' (DbType = DateTime2)], CommandType='"Text"', CommandTimeout='30']
SELECT [s].[ShowtimeID], [s].[EndTime], [s].[MovieID], [s].[RoomID], [s].[ShowtimeCode], [s].[StartTime], [s].[Status]
FROM [Showtimes] AS [s]
WHERE [s].[Status] IN (N'Đã lên lịch', N'Đang mở bán', N'Đang chiếu', N'Sap chieu', N'Dang dien ra') AND [s].[EndTime] <= @__now_0
2026-05-25 15:59:07.228 +07:00 [INF] Executed DbCommand (2ms) [Parameters=[@__today_0='?' (DbType = Date)], CommandType='"Text"', CommandTimeout='30']
SELECT [m].[MovieID], [m].[Actors], [m].[Description], [m].[Director], [m].[Duration], [m].[Genre], [m].[MovieCode], [m].[Poster], [m].[ReleaseDate], [m].[Status], [m].[Title], [m].[Trailer]
FROM [Movies] AS [m]
WHERE [m].[Status] = N'Sap chieu' AND [m].[ReleaseDate] <= @__today_0
2026-05-25 16:00:07.240 +07:00 [INF] Executed DbCommand (6ms) [Parameters=[], CommandType='"Text"', CommandTimeout='30']
SELECT [o].[OrderID], [o].[CheckInTime], [o].[FinalAmount], [o].[HoldExpiryTime], [o].[OrderCode], [o].[PayOSTransID], [o].[PromoID], [o].[QrCode], [o].[ShowtimeID], [o].[Status], [o].[TotalAmount], [o].[UserID]
FROM [Orders] AS [o]
WHERE [o].[Status] = N'Chờ thanh toán' AND [o].[HoldExpiryTime] <= GETDATE()
2026-05-25 16:00:07.248 +07:00 [INF] Executed DbCommand (6ms) [Parameters=[@__maxSellingDate_0='?' (DbType = DateTime2), @__now_1='?' (DbType = DateTime2)], CommandType='"Text"', CommandTimeout='30']
SELECT [s].[ShowtimeID], [s].[EndTime], [s].[MovieID], [s].[RoomID], [s].[ShowtimeCode], [s].[StartTime], [s].[Status]
FROM [Showtimes] AS [s]
WHERE [s].[Status] IN (N'Đã lên lịch', N'Sap chieu') AND CONVERT(date, [s].[StartTime]) <= @__maxSellingDate_0 AND [s].[StartTime] > @__now_1
2026-05-25 16:00:07.252 +07:00 [INF] Executed DbCommand (3ms) [Parameters=[@__now_0='?' (DbType = DateTime2)], CommandType='"Text"', CommandTimeout='30']
SELECT [s].[ShowtimeID], [s].[EndTime], [s].[MovieID], [s].[RoomID], [s].[ShowtimeCode], [s].[StartTime], [s].[Status]
FROM [Showtimes] AS [s]
WHERE [s].[Status] IN (N'Đã lên lịch', N'Đang mở bán', N'Sap chieu') AND [s].[StartTime] <= @__now_0 AND [s].[EndTime] > @__now_0
2026-05-25 16:00:07.256 +07:00 [INF] Executed DbCommand (3ms) [Parameters=[@__now_0='?' (DbType = DateTime2)], CommandType='"Text"', CommandTimeout='30']
SELECT [s].[ShowtimeID], [s].[EndTime], [s].[MovieID], [s].[RoomID], [s].[ShowtimeCode], [s].[StartTime], [s].[Status]
FROM [Showtimes] AS [s]
WHERE [s].[Status] IN (N'Đã lên lịch', N'Đang mở bán', N'Đang chiếu', N'Sap chieu', N'Dang dien ra') AND [s].[EndTime] <= @__now_0
2026-05-25 16:00:07.261 +07:00 [INF] Executed DbCommand (3ms) [Parameters=[@__today_0='?' (DbType = Date)], CommandType='"Text"', CommandTimeout='30']
SELECT [m].[MovieID], [m].[Actors], [m].[Description], [m].[Director], [m].[Duration], [m].[Genre], [m].[MovieCode], [m].[Poster], [m].[ReleaseDate], [m].[Status], [m].[Title], [m].[Trailer]
FROM [Movies] AS [m]
WHERE [m].[Status] = N'Sap chieu' AND [m].[ReleaseDate] <= @__today_0
2026-05-25 16:01:07.270 +07:00 [INF] Executed DbCommand (3ms) [Parameters=[], CommandType='"Text"', CommandTimeout='30']
SELECT [o].[OrderID], [o].[CheckInTime], [o].[FinalAmount], [o].[HoldExpiryTime], [o].[OrderCode], [o].[PayOSTransID], [o].[PromoID], [o].[QrCode], [o].[ShowtimeID], [o].[Status], [o].[TotalAmount], [o].[UserID]
FROM [Orders] AS [o]
WHERE [o].[Status] = N'Chờ thanh toán' AND [o].[HoldExpiryTime] <= GETDATE()
2026-05-25 16:01:07.274 +07:00 [INF] Executed DbCommand (3ms) [Parameters=[@__maxSellingDate_0='?' (DbType = DateTime2), @__now_1='?' (DbType = DateTime2)], CommandType='"Text"', CommandTimeout='30']
SELECT [s].[ShowtimeID], [s].[EndTime], [s].[MovieID], [s].[RoomID], [s].[ShowtimeCode], [s].[StartTime], [s].[Status]
FROM [Showtimes] AS [s]
WHERE [s].[Status] IN (N'Đã lên lịch', N'Sap chieu') AND CONVERT(date, [s].[StartTime]) <= @__maxSellingDate_0 AND [s].[StartTime] > @__now_1
2026-05-25 16:01:07.278 +07:00 [INF] Executed DbCommand (3ms) [Parameters=[@__now_0='?' (DbType = DateTime2)], CommandType='"Text"', CommandTimeout='30']
SELECT [s].[ShowtimeID], [s].[EndTime], [s].[MovieID], [s].[RoomID], [s].[ShowtimeCode], [s].[StartTime], [s].[Status]
FROM [Showtimes] AS [s]
WHERE [s].[Status] IN (N'Đã lên lịch', N'Đang mở bán', N'Sap chieu') AND [s].[StartTime] <= @__now_0 AND [s].[EndTime] > @__now_0
2026-05-25 16:01:07.280 +07:00 [INF] Executed DbCommand (2ms) [Parameters=[@__now_0='?' (DbType = DateTime2)], CommandType='"Text"', CommandTimeout='30']
SELECT [s].[ShowtimeID], [s].[EndTime], [s].[MovieID], [s].[RoomID], [s].[ShowtimeCode], [s].[StartTime], [s].[Status]
FROM [Showtimes] AS [s]
WHERE [s].[Status] IN (N'Đã lên lịch', N'Đang mở bán', N'Đang chiếu', N'Sap chieu', N'Dang dien ra') AND [s].[EndTime] <= @__now_0
2026-05-25 16:01:07.283 +07:00 [INF] Executed DbCommand (2ms) [Parameters=[@__today_0='?' (DbType = Date)], CommandType='"Text"', CommandTimeout='30']
SELECT [m].[MovieID], [m].[Actors], [m].[Description], [m].[Director], [m].[Duration], [m].[Genre], [m].[MovieCode], [m].[Poster], [m].[ReleaseDate], [m].[Status], [m].[Title], [m].[Trailer]
FROM [Movies] AS [m]
WHERE [m].[Status] = N'Sap chieu' AND [m].[ReleaseDate] <= @__today_0
2026-05-25 16:01:15.763 +07:00 [INF] Request starting HTTP/1.1 GET http://localhost:5231/Movies/Details/5 - null null
2026-05-25 16:01:15.763 +07:00 [INF] Executing endpoint 'AuraCinema.Web.Controllers.MoviesController.Details (AuraCinema.Web)'
2026-05-25 16:01:15.764 +07:00 [INF] Route matched with {action = "Details", controller = "Movies", area = ""}. Executing controller action with signature System.Threading.Tasks.Task`1[Microsoft.AspNetCore.Mvc.IActionResult] Details(Int32) on controller AuraCinema.Web.Controllers.MoviesController (AuraCinema.Web).
2026-05-25 16:01:15.768 +07:00 [INF] Executed DbCommand (2ms) [Parameters=[@__p_0='?' (DbType = Int32)], CommandType='"Text"', CommandTimeout='30']
SELECT TOP(1) [m].[MovieID], [m].[Actors], [m].[Description], [m].[Director], [m].[Duration], [m].[Genre], [m].[MovieCode], [m].[Poster], [m].[ReleaseDate], [m].[Status], [m].[Title], [m].[Trailer]
FROM [Movies] AS [m]
WHERE [m].[MovieID] = @__p_0
2026-05-25 16:01:15.772 +07:00 [INF] Executed DbCommand (3ms) [Parameters=[@__id_0='?' (DbType = Int32), @__now_1='?' (DbType = DateTime2), @__maxDate_2='?' (DbType = DateTime2)], CommandType='"Text"', CommandTimeout='30']
SELECT [s].[ShowtimeID], [s].[EndTime], [s].[MovieID], [s].[RoomID], [s].[ShowtimeCode], [s].[StartTime], [s].[Status], [r].[RoomID], [r].[Capacity], [r].[RoomCode], [r].[RoomName], [r].[Status]
FROM [Showtimes] AS [s]
INNER JOIN [Rooms] AS [r] ON [s].[RoomID] = [r].[RoomID]
WHERE [s].[MovieID] = @__id_0 AND [s].[Status] = N'Đang mở bán' AND [s].[StartTime] >= @__now_1 AND [s].[StartTime] < @__maxDate_2
ORDER BY [s].[StartTime]
2026-05-25 16:01:15.794 +07:00 [INF] Executed DbCommand (20ms) [Parameters=[@__showtimeIds_0='?' (Size = 4000)], CommandType='"Text"', CommandTimeout='30']
SELECT [o1].[ShowtimeID], COUNT(*) AS [Sold]
FROM [Orders] AS [o]
INNER JOIN [OrderSeats] AS [o0] ON [o].[OrderID] = [o0].[OrderID]
INNER JOIN [Orders] AS [o1] ON [o0].[OrderID] = [o1].[OrderID]
WHERE [o].[ShowtimeID] IN (
    SELECT [s].[value]
    FROM OPENJSON(@__showtimeIds_0) WITH ([value] int '$') AS [s]
) AND ([o].[Status] = N'Đã thanh toán' OR ([o].[Status] = N'Chờ thanh toán' AND [o].[HoldExpiryTime] > GETDATE()))
GROUP BY [o1].[ShowtimeID]
2026-05-25 16:01:15.795 +07:00 [INF] Executing ViewResult, running view Details.
2026-05-25 16:01:15.796 +07:00 [INF] Executed ViewResult - view Details executed in 2.0412ms.
2026-05-25 16:01:15.796 +07:00 [INF] Executed action AuraCinema.Web.Controllers.MoviesController.Details (AuraCinema.Web) in 32.3942ms
2026-05-25 16:01:15.796 +07:00 [INF] Executed endpoint 'AuraCinema.Web.Controllers.MoviesController.Details (AuraCinema.Web)'
2026-05-25 16:01:15.796 +07:00 [INF] Request finished HTTP/1.1 GET http://localhost:5231/Movies/Details/5 - 200 null text/html; charset=utf-8 33.1973ms
2026-05-25 16:01:18.068 +07:00 [INF] Request starting HTTP/1.1 GET http://localhost:5231/Booking/SelectSeats?showtimeId=8067 - null null
2026-05-25 16:01:18.069 +07:00 [INF] Executing endpoint 'AuraCinema.Web.Controllers.BookingController.SelectSeats (AuraCinema.Web)'
2026-05-25 16:01:18.069 +07:00 [INF] Route matched with {action = "SelectSeats", controller = "Booking", area = ""}. Executing controller action with signature System.Threading.Tasks.Task`1[Microsoft.AspNetCore.Mvc.IActionResult] SelectSeats(Int32) on controller AuraCinema.Web.Controllers.BookingController (AuraCinema.Web).
2026-05-25 16:01:18.075 +07:00 [INF] Executed DbCommand (5ms) [Parameters=[@__showtimeId_0='?' (DbType = Int32)], CommandType='"Text"', CommandTimeout='30']
SELECT TOP(1) [s].[ShowtimeID], [s].[EndTime], [s].[MovieID], [s].[RoomID], [s].[ShowtimeCode], [s].[StartTime], [s].[Status], [m].[MovieID], [m].[Actors], [m].[Description], [m].[Director], [m].[Duration], [m].[Genre], [m].[MovieCode], [m].[Poster], [m].[ReleaseDate], [m].[Status], [m].[Title], [m].[Trailer], [r].[RoomID], [r].[Capacity], [r].[RoomCode], [r].[RoomName], [r].[Status]
FROM [Showtimes] AS [s]
INNER JOIN [Movies] AS [m] ON [s].[MovieID] = [m].[MovieID]
INNER JOIN [Rooms] AS [r] ON [s].[RoomID] = [r].[RoomID]
WHERE [s].[ShowtimeID] = @__showtimeId_0
2026-05-25 16:01:18.080 +07:00 [INF] Executed DbCommand (4ms) [Parameters=[@__showtime_RoomID_0='?' (DbType = Int32)], CommandType='"Text"', CommandTimeout='30']
SELECT [s].[SeatID], [s].[RoomID], [s].[RowLabel], [s].[SeatCode], [s].[SeatNumber], [s].[SeatType]
FROM [Seats] AS [s]
WHERE [s].[RoomID] = @__showtime_RoomID_0
ORDER BY [s].[RowLabel], [s].[SeatNumber]
2026-05-25 16:01:18.085 +07:00 [INF] Executed DbCommand (3ms) [Parameters=[@__showtimeId_0='?' (DbType = Int32)], CommandType='"Text"', CommandTimeout='30']
SELECT [o].[OrderID], [o].[SeatID], [o].[Price], [o].[Status], [o0].[OrderID], [o0].[CheckInTime], [o0].[FinalAmount], [o0].[HoldExpiryTime], [o0].[OrderCode], [o0].[PayOSTransID], [o0].[PromoID], [o0].[QrCode], [o0].[ShowtimeID], [o0].[Status], [o0].[TotalAmount], [o0].[UserID]
FROM [OrderSeats] AS [o]
INNER JOIN [Orders] AS [o0] ON [o].[OrderID] = [o0].[OrderID]
WHERE [o0].[ShowtimeID] = @__showtimeId_0 AND ([o0].[Status] = N'Đã thanh toán' OR ([o0].[Status] = N'Chờ thanh toán' AND [o0].[HoldExpiryTime] > GETDATE()))
2026-05-25 16:01:18.087 +07:00 [INF] Executed DbCommand (2ms) [Parameters=[], CommandType='"Text"', CommandTimeout='30']
SELECT [p].[ConfigID], [p].[ConfigCode], [p].[ConfigName], [p].[ConfigType], [p].[EffectiveDate], [p].[SurchargeAmount]
FROM [PriceConfigs] AS [p]
2026-05-25 16:01:18.088 +07:00 [INF] Executing ViewResult, running view SelectSeats.
2026-05-25 16:01:18.090 +07:00 [INF] Executed ViewResult - view SelectSeats executed in 2.6724ms.
2026-05-25 16:01:18.090 +07:00 [INF] Executed action AuraCinema.Web.Controllers.BookingController.SelectSeats (AuraCinema.Web) in 21.0631ms
2026-05-25 16:01:18.090 +07:00 [INF] Executed endpoint 'AuraCinema.Web.Controllers.BookingController.SelectSeats (AuraCinema.Web)'
2026-05-25 16:01:18.091 +07:00 [INF] Request finished HTTP/1.1 GET http://localhost:5231/Booking/SelectSeats?showtimeId=8067 - 200 null text/html; charset=utf-8 21.7982ms
2026-05-25 16:01:20.300 +07:00 [INF] Request starting HTTP/1.1 GET http://localhost:5231/Booking/AddServices?showtimeId=8067&seatIds=397 - null null
2026-05-25 16:01:20.300 +07:00 [INF] Executing endpoint 'AuraCinema.Web.Controllers.BookingController.AddServices (AuraCinema.Web)'
2026-05-25 16:01:20.300 +07:00 [INF] Route matched with {action = "AddServices", controller = "Booking", area = ""}. Executing controller action with signature System.Threading.Tasks.Task`1[Microsoft.AspNetCore.Mvc.IActionResult] AddServices(Int32, System.String) on controller AuraCinema.Web.Controllers.BookingController (AuraCinema.Web).
2026-05-25 16:01:20.305 +07:00 [INF] Executed DbCommand (3ms) [Parameters=[@__showtimeId_0='?' (DbType = Int32)], CommandType='"Text"', CommandTimeout='30']
SELECT TOP(1) [s].[ShowtimeID], [s].[EndTime], [s].[MovieID], [s].[RoomID], [s].[ShowtimeCode], [s].[StartTime], [s].[Status], [m].[MovieID], [m].[Actors], [m].[Description], [m].[Director], [m].[Duration], [m].[Genre], [m].[MovieCode], [m].[Poster], [m].[ReleaseDate], [m].[Status], [m].[Title], [m].[Trailer]
FROM [Showtimes] AS [s]
INNER JOIN [Movies] AS [m] ON [s].[MovieID] = [m].[MovieID]
WHERE [s].[ShowtimeID] = @__showtimeId_0
2026-05-25 16:01:20.314 +07:00 [INF] Executed DbCommand (8ms) [Parameters=[@__ids_0='?' (Size = 4000)], CommandType='"Text"', CommandTimeout='30']
SELECT [s].[SeatID], [s].[RoomID], [s].[RowLabel], [s].[SeatCode], [s].[SeatNumber], [s].[SeatType]
FROM [Seats] AS [s]
WHERE [s].[SeatID] IN (
    SELECT [i].[value]
    FROM OPENJSON(@__ids_0) WITH ([value] int '$') AS [i]
)
2026-05-25 16:01:20.317 +07:00 [INF] Executed DbCommand (2ms) [Parameters=[], CommandType='"Text"', CommandTimeout='30']
SELECT [s].[ServiceID], [s].[Image], [s].[Price], [s].[ServiceCode], [s].[ServiceName], [s].[Status]
FROM [Services] AS [s]
WHERE [s].[Status] = N'Hoat dong'
2026-05-25 16:01:20.318 +07:00 [INF] Executing ViewResult, running view AddServices.
2026-05-25 16:01:20.319 +07:00 [INF] Executed ViewResult - view AddServices executed in 1.6626ms.
2026-05-25 16:01:20.319 +07:00 [INF] Executed action AuraCinema.Web.Controllers.BookingController.AddServices (AuraCinema.Web) in 18.628ms
2026-05-25 16:01:20.319 +07:00 [INF] Executed endpoint 'AuraCinema.Web.Controllers.BookingController.AddServices (AuraCinema.Web)'
2026-05-25 16:01:20.319 +07:00 [INF] Request finished HTTP/1.1 GET http://localhost:5231/Booking/AddServices?showtimeId=8067&seatIds=397 - 200 null text/html; charset=utf-8 19.2644ms
2026-05-25 16:01:22.326 +07:00 [INF] Request starting HTTP/1.1 POST http://localhost:5231/Booking/ConfirmBooking - application/json 49
2026-05-25 16:01:22.326 +07:00 [INF] Executing endpoint 'AuraCinema.Web.Controllers.BookingController.ConfirmBooking (AuraCinema.Web)'
2026-05-25 16:01:22.327 +07:00 [INF] Route matched with {action = "ConfirmBooking", controller = "Booking", area = ""}. Executing controller action with signature System.Threading.Tasks.Task`1[Microsoft.AspNetCore.Mvc.IActionResult] ConfirmBooking(AuraCinema.Web.ViewModels.Booking.ConfirmBookingRequest) on controller AuraCinema.Web.Controllers.BookingController (AuraCinema.Web).
2026-05-25 16:01:22.330 +07:00 [INF] Executed DbCommand (0ms) [Parameters=[@__showtimeId_0='?' (DbType = Int32)], CommandType='"Text"', CommandTimeout='30']
SELECT TOP(1) [s].[ShowtimeID], [s].[EndTime], [s].[MovieID], [s].[RoomID], [s].[ShowtimeCode], [s].[StartTime], [s].[Status], [m].[MovieID], [m].[Actors], [m].[Description], [m].[Director], [m].[Duration], [m].[Genre], [m].[MovieCode], [m].[Poster], [m].[ReleaseDate], [m].[Status], [m].[Title], [m].[Trailer], [r].[RoomID], [r].[Capacity], [r].[RoomCode], [r].[RoomName], [r].[Status]
FROM [Showtimes] AS [s]
INNER JOIN [Movies] AS [m] ON [s].[MovieID] = [m].[MovieID]
INNER JOIN [Rooms] AS [r] ON [s].[RoomID] = [r].[RoomID]
WHERE [s].[ShowtimeID] = @__showtimeId_0
2026-05-25 16:01:22.332 +07:00 [INF] Executed DbCommand (1ms) [Parameters=[@__showtime_RoomID_0='?' (DbType = Int32)], CommandType='"Text"', CommandTimeout='30']
SELECT [s].[SeatID], [s].[RoomID], [s].[RowLabel], [s].[SeatCode], [s].[SeatNumber], [s].[SeatType]
FROM [Seats] AS [s]
WHERE [s].[RoomID] = @__showtime_RoomID_0
ORDER BY [s].[RowLabel], [s].[SeatNumber]
2026-05-25 16:01:22.333 +07:00 [INF] Executed DbCommand (1ms) [Parameters=[@__showtimeId_0='?' (DbType = Int32)], CommandType='"Text"', CommandTimeout='30']
SELECT [o].[OrderID], [o].[SeatID], [o].[Price], [o].[Status], [o0].[OrderID], [o0].[CheckInTime], [o0].[FinalAmount], [o0].[HoldExpiryTime], [o0].[OrderCode], [o0].[PayOSTransID], [o0].[PromoID], [o0].[QrCode], [o0].[ShowtimeID], [o0].[Status], [o0].[TotalAmount], [o0].[UserID]
FROM [OrderSeats] AS [o]
INNER JOIN [Orders] AS [o0] ON [o].[OrderID] = [o0].[OrderID]
WHERE [o0].[ShowtimeID] = @__showtimeId_0 AND ([o0].[Status] = N'Đã thanh toán' OR ([o0].[Status] = N'Chờ thanh toán' AND [o0].[HoldExpiryTime] > GETDATE()))
2026-05-25 16:01:22.341 +07:00 [INF] Executed DbCommand (7ms) [Parameters=[@__seatIds_0='?' (Size = 4000)], CommandType='"Text"', CommandTimeout='30']
SELECT [s].[SeatID], [s].[RoomID], [s].[RowLabel], [s].[SeatCode], [s].[SeatNumber], [s].[SeatType]
FROM [Seats] AS [s]
WHERE [s].[SeatID] IN (
    SELECT [s0].[value]
    FROM OPENJSON(@__seatIds_0) WITH ([value] int '$') AS [s0]
)
2026-05-25 16:01:22.346 +07:00 [INF] Executed DbCommand (5ms) [Parameters=[@__svcIds_0='?' (Size = 4000)], CommandType='"Text"', CommandTimeout='30']
SELECT [s].[ServiceID], [s].[Image], [s].[Price], [s].[ServiceCode], [s].[ServiceName], [s].[Status]
FROM [Services] AS [s]
WHERE [s].[ServiceID] IN (
    SELECT [s0].[value]
    FROM OPENJSON(@__svcIds_0) WITH ([value] int '$') AS [s0]
)
2026-05-25 16:01:22.347 +07:00 [INF] Executed DbCommand (0ms) [Parameters=[], CommandType='"Text"', CommandTimeout='30']
SELECT [p].[ConfigID], [p].[ConfigCode], [p].[ConfigName], [p].[ConfigType], [p].[EffectiveDate], [p].[SurchargeAmount]
FROM [PriceConfigs] AS [p]
2026-05-25 16:01:22.349 +07:00 [WRN] Savepoints are disabled because Multiple Active Result Sets (MARS) is enabled. If 'SaveChanges' fails, then the transaction cannot be automatically rolled back to a known clean state. Instead, the transaction should be rolled back by the application before retrying 'SaveChanges'. See https://go.microsoft.com/fwlink/?linkid=2149338 for more information and examples. To identify the code which triggers this warning, call 'ConfigureWarnings(w => w.Throw(SqlServerEventId.SavepointsDisabledBecauseOfMARS))'.
2026-05-25 16:01:22.355 +07:00 [INF] Executed DbCommand (6ms) [Parameters=[@p0='?' (DbType = DateTime2), @p1='?' (DbType = Int32), @p2='?' (DbType = DateTime2), @p3='?' (Size = 4000), @p4='?' (Size = 4000), @p5='?' (DbType = Int32), @p6='?' (Size = 4000), @p7='?' (DbType = Int32), @p8='?' (Size = 50), @p9='?' (DbType = Int32), @p10='?' (DbType = Int32)], CommandType='"Text"', CommandTimeout='30']
SET IMPLICIT_TRANSACTIONS OFF;
SET NOCOUNT ON;
INSERT INTO [Orders] ([CheckInTime], [FinalAmount], [HoldExpiryTime], [OrderCode], [PayOSTransID], [PromoID], [QrCode], [ShowtimeID], [Status], [TotalAmount], [UserID])
OUTPUT INSERTED.[OrderID]
VALUES (@p0, @p1, @p2, @p3, @p4, @p5, @p6, @p7, @p8, @p9, @p10);
2026-05-25 16:01:22.357 +07:00 [INF] Executed DbCommand (1ms) [Parameters=[@__seatIds_0='?' (Size = 4000)], CommandType='"Text"', CommandTimeout='30']
SELECT [s].[SeatID], [s].[RoomID], [s].[RowLabel], [s].[SeatCode], [s].[SeatNumber], [s].[SeatType]
FROM [Seats] AS [s]
WHERE [s].[SeatID] IN (
    SELECT [s0].[value]
    FROM OPENJSON(@__seatIds_0) WITH ([value] int '$') AS [s0]
)
2026-05-25 16:01:22.357 +07:00 [INF] Executed DbCommand (0ms) [Parameters=[], CommandType='"Text"', CommandTimeout='30']
SELECT [p].[ConfigID], [p].[ConfigCode], [p].[ConfigName], [p].[ConfigType], [p].[EffectiveDate], [p].[SurchargeAmount]
FROM [PriceConfigs] AS [p]
2026-05-25 16:01:22.358 +07:00 [INF] Executed DbCommand (0ms) [Parameters=[@__svcIds_0='?' (Size = 4000)], CommandType='"Text"', CommandTimeout='30']
SELECT [s].[ServiceID], [s].[Image], [s].[Price], [s].[ServiceCode], [s].[ServiceName], [s].[Status]
FROM [Services] AS [s]
WHERE [s].[ServiceID] IN (
    SELECT [s0].[value]
    FROM OPENJSON(@__svcIds_0) WITH ([value] int '$') AS [s0]
)
2026-05-25 16:01:22.359 +07:00 [WRN] Savepoints are disabled because Multiple Active Result Sets (MARS) is enabled. If 'SaveChanges' fails, then the transaction cannot be automatically rolled back to a known clean state. Instead, the transaction should be rolled back by the application before retrying 'SaveChanges'. See https://go.microsoft.com/fwlink/?linkid=2149338 for more information and examples. To identify the code which triggers this warning, call 'ConfigureWarnings(w => w.Throw(SqlServerEventId.SavepointsDisabledBecauseOfMARS))'.
2026-05-25 16:01:22.363 +07:00 [INF] Executed DbCommand (5ms) [Parameters=[@p0='?' (DbType = Int32), @p1='?' (DbType = Int32), @p2='?' (DbType = Int32), @p3='?' (Size = 20)], CommandType='"Text"', CommandTimeout='30']
SET IMPLICIT_TRANSACTIONS OFF;
SET NOCOUNT ON;
INSERT INTO [OrderSeats] ([OrderID], [SeatID], [Price], [Status])
VALUES (@p0, @p1, @p2, @p3);
2026-05-25 16:01:22.366 +07:00 [INF] Executing OkObjectResult, writing value of type '<>f__AnonymousType13`2[[System.Boolean, System.Private.CoreLib, Version=9.0.0.0, Culture=neutral, PublicKeyToken=7cec85d7bea7798e],[System.String, System.Private.CoreLib, Version=9.0.0.0, Culture=neutral, PublicKeyToken=7cec85d7bea7798e]]'.
2026-05-25 16:01:22.366 +07:00 [INF] Executed action AuraCinema.Web.Controllers.BookingController.ConfirmBooking (AuraCinema.Web) in 39.6703ms
2026-05-25 16:01:22.366 +07:00 [INF] Executed endpoint 'AuraCinema.Web.Controllers.BookingController.ConfirmBooking (AuraCinema.Web)'
2026-05-25 16:01:22.367 +07:00 [INF] Request finished HTTP/1.1 POST http://localhost:5231/Booking/ConfirmBooking - 200 null application/json; charset=utf-8 40.6562ms
2026-05-25 16:01:22.381 +07:00 [INF] Request starting HTTP/1.1 GET http://localhost:5231/Booking/Checkout?orderId=15056 - null null
2026-05-25 16:01:22.381 +07:00 [INF] Executing endpoint 'AuraCinema.Web.Controllers.BookingController.Checkout (AuraCinema.Web)'
2026-05-25 16:01:22.382 +07:00 [INF] Route matched with {action = "Checkout", controller = "Booking", area = ""}. Executing controller action with signature System.Threading.Tasks.Task`1[Microsoft.AspNetCore.Mvc.IActionResult] Checkout(Int32, System.Nullable`1[System.Int32]) on controller AuraCinema.Web.Controllers.BookingController (AuraCinema.Web).
2026-05-25 16:01:22.403 +07:00 [INF] Executed DbCommand (20ms) [Parameters=[@__id_0='?' (DbType = Int32)], CommandType='"Text"', CommandTimeout='30']
SELECT [t].[OrderID], [t].[CheckInTime], [t].[FinalAmount], [t].[HoldExpiryTime], [t].[OrderCode], [t].[PayOSTransID], [t].[PromoID], [t].[QrCode], [t].[ShowtimeID], [t].[Status], [t].[TotalAmount], [t].[UserID], [t].[UserID0], [t].[Email], [t].[FullName], [t].[OtpCode], [t].[OtpExpiry], [t].[Password], [t].[Phone], [t].[Role], [t].[Status0], [t].[UserCode], [t].[ShowtimeID0], [t].[EndTime], [t].[MovieID], [t].[RoomID], [t].[ShowtimeCode], [t].[StartTime], [t].[Status1], [t].[MovieID0], [t].[Actors], [t].[Description], [t].[Director], [t].[Duration], [t].[Genre], [t].[MovieCode], [t].[Poster], [t].[ReleaseDate], [t].[Status2], [t].[Title], [t].[Trailer], [t].[RoomID0], [t].[Capacity], [t].[RoomCode], [t].[RoomName], [t].[Status3], [t].[PromoID0], [t].[Condition], [t].[DiscountValue], [t].[EndDate], [t].[MinAmount], [t].[PromoCode], [t].[StartDate], [t].[Status4], [t].[Title0], [t0].[OrderID], [t0].[SeatID], [t0].[Price], [t0].[Status], [t0].[SeatID0], [t0].[RoomID], [t0].[RowLabel], [t0].[SeatCode], [t0].[SeatNumber], [t0].[SeatType], [t1].[OrderID], [t1].[ServiceID], [t1].[Price], [t1].[Quantity], [t1].[ServiceID0], [t1].[Image], [t1].[Price0], [t1].[ServiceCode], [t1].[ServiceName], [t1].[Status]
FROM (
    SELECT TOP(1) [o].[OrderID], [o].[CheckInTime], [o].[FinalAmount], [o].[HoldExpiryTime], [o].[OrderCode], [o].[PayOSTransID], [o].[PromoID], [o].[QrCode], [o].[ShowtimeID], [o].[Status], [o].[TotalAmount], [o].[UserID], [u].[UserID] AS [UserID0], [u].[Email], [u].[FullName], [u].[OtpCode], [u].[OtpExpiry], [u].[Password], [u].[Phone], [u].[Role], [u].[Status] AS [Status0], [u].[UserCode], [s].[ShowtimeID] AS [ShowtimeID0], [s].[EndTime], [s].[MovieID], [s].[RoomID], [s].[ShowtimeCode], [s].[StartTime], [s].[Status] AS [Status1], [m].[MovieID] AS [MovieID0], [m].[Actors], [m].[Description], [m].[Director], [m].[Duration], [m].[Genre], [m].[MovieCode], [m].[Poster], [m].[ReleaseDate], [m].[Status] AS [Status2], [m].[Title], [m].[Trailer], [r].[RoomID] AS [RoomID0], [r].[Capacity], [r].[RoomCode], [r].[RoomName], [r].[Status] AS [Status3], [p].[PromoID] AS [PromoID0], [p].[Condition], [p].[DiscountValue], [p].[EndDate], [p].[MinAmount], [p].[PromoCode], [p].[StartDate], [p].[Status] AS [Status4], [p].[Title] AS [Title0]
    FROM [Orders] AS [o]
    INNER JOIN [Users] AS [u] ON [o].[UserID] = [u].[UserID]
    INNER JOIN [Showtimes] AS [s] ON [o].[ShowtimeID] = [s].[ShowtimeID]
    INNER JOIN [Movies] AS [m] ON [s].[MovieID] = [m].[MovieID]
    INNER JOIN [Rooms] AS [r] ON [s].[RoomID] = [r].[RoomID]
    LEFT JOIN [Promotions] AS [p] ON [o].[PromoID] = [p].[PromoID]
    WHERE [o].[OrderID] = @__id_0
) AS [t]
LEFT JOIN (
    SELECT [o0].[OrderID], [o0].[SeatID], [o0].[Price], [o0].[Status], [s0].[SeatID] AS [SeatID0], [s0].[RoomID], [s0].[RowLabel], [s0].[SeatCode], [s0].[SeatNumber], [s0].[SeatType]
    FROM [OrderSeats] AS [o0]
    INNER JOIN [Seats] AS [s0] ON [o0].[SeatID] = [s0].[SeatID]
) AS [t0] ON [t].[OrderID] = [t0].[OrderID]
LEFT JOIN (
    SELECT [o1].[OrderID], [o1].[ServiceID], [o1].[Price], [o1].[Quantity], [s1].[ServiceID] AS [ServiceID0], [s1].[Image], [s1].[Price] AS [Price0], [s1].[ServiceCode], [s1].[ServiceName], [s1].[Status]
    FROM [OrderServices] AS [o1]
    INNER JOIN [Services] AS [s1] ON [o1].[ServiceID] = [s1].[ServiceID]
) AS [t1] ON [t].[OrderID] = [t1].[OrderID]
ORDER BY [t].[OrderID], [t].[UserID0], [t].[ShowtimeID0], [t].[MovieID0], [t].[RoomID0], [t].[PromoID0], [t0].[OrderID], [t0].[SeatID], [t0].[SeatID0], [t1].[OrderID], [t1].[ServiceID]
2026-05-25 16:01:22.411 +07:00 [INF] Executed DbCommand (6ms) [Parameters=[@__totalAmount_0='?' (DbType = Int32)], CommandType='"Text"', CommandTimeout='30']
SELECT [p].[PromoID], [p].[Condition], [p].[DiscountValue], [p].[EndDate], [p].[MinAmount], [p].[PromoCode], [p].[StartDate], [p].[Status], [p].[Title]
FROM [Promotions] AS [p]
WHERE [p].[Status] = N'Hoat dong' AND [p].[StartDate] <= GETDATE() AND [p].[EndDate] >= GETDATE() AND [p].[MinAmount] <= @__totalAmount_0
ORDER BY [p].[DiscountValue] DESC
2026-05-25 16:01:22.412 +07:00 [INF] Executing ViewResult, running view Checkout.
2026-05-25 16:01:22.413 +07:00 [INF] Executed ViewResult - view Checkout executed in 1.8951ms.
2026-05-25 16:01:22.413 +07:00 [INF] Executed action AuraCinema.Web.Controllers.BookingController.Checkout (AuraCinema.Web) in 31.549ms
2026-05-25 16:01:22.413 +07:00 [INF] Executed endpoint 'AuraCinema.Web.Controllers.BookingController.Checkout (AuraCinema.Web)'
2026-05-25 16:01:22.413 +07:00 [INF] Request finished HTTP/1.1 GET http://localhost:5231/Booking/Checkout?orderId=15056 - 200 null text/html; charset=utf-8 32.3243ms
2026-05-25 16:01:26.055 +07:00 [INF] Request starting HTTP/1.1 GET http://localhost:5231/Booking/Checkout?orderId=15056&promoId=1002 - null null
2026-05-25 16:01:26.056 +07:00 [INF] Executing endpoint 'AuraCinema.Web.Controllers.BookingController.Checkout (AuraCinema.Web)'
2026-05-25 16:01:26.056 +07:00 [INF] Route matched with {action = "Checkout", controller = "Booking", area = ""}. Executing controller action with signature System.Threading.Tasks.Task`1[Microsoft.AspNetCore.Mvc.IActionResult] Checkout(Int32, System.Nullable`1[System.Int32]) on controller AuraCinema.Web.Controllers.BookingController (AuraCinema.Web).
2026-05-25 16:01:26.058 +07:00 [INF] Executed DbCommand (1ms) [Parameters=[@__id_0='?' (DbType = Int32)], CommandType='"Text"', CommandTimeout='30']
SELECT [t].[OrderID], [t].[CheckInTime], [t].[FinalAmount], [t].[HoldExpiryTime], [t].[OrderCode], [t].[PayOSTransID], [t].[PromoID], [t].[QrCode], [t].[ShowtimeID], [t].[Status], [t].[TotalAmount], [t].[UserID], [t].[UserID0], [t].[Email], [t].[FullName], [t].[OtpCode], [t].[OtpExpiry], [t].[Password], [t].[Phone], [t].[Role], [t].[Status0], [t].[UserCode], [t].[ShowtimeID0], [t].[EndTime], [t].[MovieID], [t].[RoomID], [t].[ShowtimeCode], [t].[StartTime], [t].[Status1], [t].[MovieID0], [t].[Actors], [t].[Description], [t].[Director], [t].[Duration], [t].[Genre], [t].[MovieCode], [t].[Poster], [t].[ReleaseDate], [t].[Status2], [t].[Title], [t].[Trailer], [t].[RoomID0], [t].[Capacity], [t].[RoomCode], [t].[RoomName], [t].[Status3], [t].[PromoID0], [t].[Condition], [t].[DiscountValue], [t].[EndDate], [t].[MinAmount], [t].[PromoCode], [t].[StartDate], [t].[Status4], [t].[Title0], [t0].[OrderID], [t0].[SeatID], [t0].[Price], [t0].[Status], [t0].[SeatID0], [t0].[RoomID], [t0].[RowLabel], [t0].[SeatCode], [t0].[SeatNumber], [t0].[SeatType], [t1].[OrderID], [t1].[ServiceID], [t1].[Price], [t1].[Quantity], [t1].[ServiceID0], [t1].[Image], [t1].[Price0], [t1].[ServiceCode], [t1].[ServiceName], [t1].[Status]
FROM (
    SELECT TOP(1) [o].[OrderID], [o].[CheckInTime], [o].[FinalAmount], [o].[HoldExpiryTime], [o].[OrderCode], [o].[PayOSTransID], [o].[PromoID], [o].[QrCode], [o].[ShowtimeID], [o].[Status], [o].[TotalAmount], [o].[UserID], [u].[UserID] AS [UserID0], [u].[Email], [u].[FullName], [u].[OtpCode], [u].[OtpExpiry], [u].[Password], [u].[Phone], [u].[Role], [u].[Status] AS [Status0], [u].[UserCode], [s].[ShowtimeID] AS [ShowtimeID0], [s].[EndTime], [s].[MovieID], [s].[RoomID], [s].[ShowtimeCode], [s].[StartTime], [s].[Status] AS [Status1], [m].[MovieID] AS [MovieID0], [m].[Actors], [m].[Description], [m].[Director], [m].[Duration], [m].[Genre], [m].[MovieCode], [m].[Poster], [m].[ReleaseDate], [m].[Status] AS [Status2], [m].[Title], [m].[Trailer], [r].[RoomID] AS [RoomID0], [r].[Capacity], [r].[RoomCode], [r].[RoomName], [r].[Status] AS [Status3], [p].[PromoID] AS [PromoID0], [p].[Condition], [p].[DiscountValue], [p].[EndDate], [p].[MinAmount], [p].[PromoCode], [p].[StartDate], [p].[Status] AS [Status4], [p].[Title] AS [Title0]
    FROM [Orders] AS [o]
    INNER JOIN [Users] AS [u] ON [o].[UserID] = [u].[UserID]
    INNER JOIN [Showtimes] AS [s] ON [o].[ShowtimeID] = [s].[ShowtimeID]
    INNER JOIN [Movies] AS [m] ON [s].[MovieID] = [m].[MovieID]
    INNER JOIN [Rooms] AS [r] ON [s].[RoomID] = [r].[RoomID]
    LEFT JOIN [Promotions] AS [p] ON [o].[PromoID] = [p].[PromoID]
    WHERE [o].[OrderID] = @__id_0
) AS [t]
LEFT JOIN (
    SELECT [o0].[OrderID], [o0].[SeatID], [o0].[Price], [o0].[Status], [s0].[SeatID] AS [SeatID0], [s0].[RoomID], [s0].[RowLabel], [s0].[SeatCode], [s0].[SeatNumber], [s0].[SeatType]
    FROM [OrderSeats] AS [o0]
    INNER JOIN [Seats] AS [s0] ON [o0].[SeatID] = [s0].[SeatID]
) AS [t0] ON [t].[OrderID] = [t0].[OrderID]
LEFT JOIN (
    SELECT [o1].[OrderID], [o1].[ServiceID], [o1].[Price], [o1].[Quantity], [s1].[ServiceID] AS [ServiceID0], [s1].[Image], [s1].[Price] AS [Price0], [s1].[ServiceCode], [s1].[ServiceName], [s1].[Status]
    FROM [OrderServices] AS [o1]
    INNER JOIN [Services] AS [s1] ON [o1].[ServiceID] = [s1].[ServiceID]
) AS [t1] ON [t].[OrderID] = [t1].[OrderID]
ORDER BY [t].[OrderID], [t].[UserID0], [t].[ShowtimeID0], [t].[MovieID0], [t].[RoomID0], [t].[PromoID0], [t0].[OrderID], [t0].[SeatID], [t0].[SeatID0], [t1].[OrderID], [t1].[ServiceID]
2026-05-25 16:01:26.071 +07:00 [INF] Executed DbCommand (2ms) [Parameters=[@__p_0='?' (DbType = Int32)], CommandType='"Text"', CommandTimeout='30']
SELECT TOP(1) [p].[PromoID], [p].[Condition], [p].[DiscountValue], [p].[EndDate], [p].[MinAmount], [p].[PromoCode], [p].[StartDate], [p].[Status], [p].[Title]
FROM [Promotions] AS [p]
WHERE [p].[PromoID] = @__p_0
2026-05-25 16:01:26.094 +07:00 [INF] Executed DbCommand (6ms) [Parameters=[@p2='?' (DbType = Int32), @p0='?' (DbType = Int32), @p1='?' (DbType = Int32)], CommandType='"Text"', CommandTimeout='30']
SET IMPLICIT_TRANSACTIONS OFF;
SET NOCOUNT ON;
UPDATE [Orders] SET [FinalAmount] = @p0, [PromoID] = @p1
OUTPUT 1
WHERE [OrderID] = @p2;
2026-05-25 16:01:26.097 +07:00 [INF] Executed DbCommand (1ms) [Parameters=[@__id_0='?' (DbType = Int32)], CommandType='"Text"', CommandTimeout='30']
SELECT [t].[OrderID], [t].[CheckInTime], [t].[FinalAmount], [t].[HoldExpiryTime], [t].[OrderCode], [t].[PayOSTransID], [t].[PromoID], [t].[QrCode], [t].[ShowtimeID], [t].[Status], [t].[TotalAmount], [t].[UserID], [t].[UserID0], [t].[Email], [t].[FullName], [t].[OtpCode], [t].[OtpExpiry], [t].[Password], [t].[Phone], [t].[Role], [t].[Status0], [t].[UserCode], [t].[ShowtimeID0], [t].[EndTime], [t].[MovieID], [t].[RoomID], [t].[ShowtimeCode], [t].[StartTime], [t].[Status1], [t].[MovieID0], [t].[Actors], [t].[Description], [t].[Director], [t].[Duration], [t].[Genre], [t].[MovieCode], [t].[Poster], [t].[ReleaseDate], [t].[Status2], [t].[Title], [t].[Trailer], [t].[RoomID0], [t].[Capacity], [t].[RoomCode], [t].[RoomName], [t].[Status3], [t].[PromoID0], [t].[Condition], [t].[DiscountValue], [t].[EndDate], [t].[MinAmount], [t].[PromoCode], [t].[StartDate], [t].[Status4], [t].[Title0], [t0].[OrderID], [t0].[SeatID], [t0].[Price], [t0].[Status], [t0].[SeatID0], [t0].[RoomID], [t0].[RowLabel], [t0].[SeatCode], [t0].[SeatNumber], [t0].[SeatType], [t1].[OrderID], [t1].[ServiceID], [t1].[Price], [t1].[Quantity], [t1].[ServiceID0], [t1].[Image], [t1].[Price0], [t1].[ServiceCode], [t1].[ServiceName], [t1].[Status]
FROM (
    SELECT TOP(1) [o].[OrderID], [o].[CheckInTime], [o].[FinalAmount], [o].[HoldExpiryTime], [o].[OrderCode], [o].[PayOSTransID], [o].[PromoID], [o].[QrCode], [o].[ShowtimeID], [o].[Status], [o].[TotalAmount], [o].[UserID], [u].[UserID] AS [UserID0], [u].[Email], [u].[FullName], [u].[OtpCode], [u].[OtpExpiry], [u].[Password], [u].[Phone], [u].[Role], [u].[Status] AS [Status0], [u].[UserCode], [s].[ShowtimeID] AS [ShowtimeID0], [s].[EndTime], [s].[MovieID], [s].[RoomID], [s].[ShowtimeCode], [s].[StartTime], [s].[Status] AS [Status1], [m].[MovieID] AS [MovieID0], [m].[Actors], [m].[Description], [m].[Director], [m].[Duration], [m].[Genre], [m].[MovieCode], [m].[Poster], [m].[ReleaseDate], [m].[Status] AS [Status2], [m].[Title], [m].[Trailer], [r].[RoomID] AS [RoomID0], [r].[Capacity], [r].[RoomCode], [r].[RoomName], [r].[Status] AS [Status3], [p].[PromoID] AS [PromoID0], [p].[Condition], [p].[DiscountValue], [p].[EndDate], [p].[MinAmount], [p].[PromoCode], [p].[StartDate], [p].[Status] AS [Status4], [p].[Title] AS [Title0]
    FROM [Orders] AS [o]
    INNER JOIN [Users] AS [u] ON [o].[UserID] = [u].[UserID]
    INNER JOIN [Showtimes] AS [s] ON [o].[ShowtimeID] = [s].[ShowtimeID]
    INNER JOIN [Movies] AS [m] ON [s].[MovieID] = [m].[MovieID]
    INNER JOIN [Rooms] AS [r] ON [s].[RoomID] = [r].[RoomID]
    LEFT JOIN [Promotions] AS [p] ON [o].[PromoID] = [p].[PromoID]
    WHERE [o].[OrderID] = @__id_0
) AS [t]
LEFT JOIN (
    SELECT [o0].[OrderID], [o0].[SeatID], [o0].[Price], [o0].[Status], [s0].[SeatID] AS [SeatID0], [s0].[RoomID], [s0].[RowLabel], [s0].[SeatCode], [s0].[SeatNumber], [s0].[SeatType]
    FROM [OrderSeats] AS [o0]
    INNER JOIN [Seats] AS [s0] ON [o0].[SeatID] = [s0].[SeatID]
) AS [t0] ON [t].[OrderID] = [t0].[OrderID]
LEFT JOIN (
    SELECT [o1].[OrderID], [o1].[ServiceID], [o1].[Price], [o1].[Quantity], [s1].[ServiceID] AS [ServiceID0], [s1].[Image], [s1].[Price] AS [Price0], [s1].[ServiceCode], [s1].[ServiceName], [s1].[Status]
    FROM [OrderServices] AS [o1]
    INNER JOIN [Services] AS [s1] ON [o1].[ServiceID] = [s1].[ServiceID]
) AS [t1] ON [t].[OrderID] = [t1].[OrderID]
ORDER BY [t].[OrderID], [t].[UserID0], [t].[ShowtimeID0], [t].[MovieID0], [t].[RoomID0], [t].[PromoID0], [t0].[OrderID], [t0].[SeatID], [t0].[SeatID0], [t1].[OrderID], [t1].[ServiceID]
2026-05-25 16:01:26.099 +07:00 [INF] Executed DbCommand (1ms) [Parameters=[@__totalAmount_0='?' (DbType = Int32)], CommandType='"Text"', CommandTimeout='30']
SELECT [p].[PromoID], [p].[Condition], [p].[DiscountValue], [p].[EndDate], [p].[MinAmount], [p].[PromoCode], [p].[StartDate], [p].[Status], [p].[Title]
FROM [Promotions] AS [p]
WHERE [p].[Status] = N'Hoat dong' AND [p].[StartDate] <= GETDATE() AND [p].[EndDate] >= GETDATE() AND [p].[MinAmount] <= @__totalAmount_0
ORDER BY [p].[DiscountValue] DESC
2026-05-25 16:01:26.099 +07:00 [INF] Executing ViewResult, running view Checkout.
2026-05-25 16:01:26.102 +07:00 [INF] Executed ViewResult - view Checkout executed in 2.0692ms.
2026-05-25 16:01:26.102 +07:00 [INF] Executed action AuraCinema.Web.Controllers.BookingController.Checkout (AuraCinema.Web) in 45.7885ms
2026-05-25 16:01:26.102 +07:00 [INF] Executed endpoint 'AuraCinema.Web.Controllers.BookingController.Checkout (AuraCinema.Web)'
2026-05-25 16:01:26.102 +07:00 [INF] Request finished HTTP/1.1 GET http://localhost:5231/Booking/Checkout?orderId=15056&promoId=1002 - 200 null text/html; charset=utf-8 46.4673ms
2026-05-25 16:01:27.932 +07:00 [INF] Request starting HTTP/1.1 GET http://localhost:5231/Booking/Checkout?orderId=15056&promoId=1002 - null null
2026-05-25 16:01:27.933 +07:00 [INF] Executing endpoint 'AuraCinema.Web.Controllers.BookingController.Checkout (AuraCinema.Web)'
2026-05-25 16:01:27.933 +07:00 [INF] Route matched with {action = "Checkout", controller = "Booking", area = ""}. Executing controller action with signature System.Threading.Tasks.Task`1[Microsoft.AspNetCore.Mvc.IActionResult] Checkout(Int32, System.Nullable`1[System.Int32]) on controller AuraCinema.Web.Controllers.BookingController (AuraCinema.Web).
2026-05-25 16:01:27.935 +07:00 [INF] Executed DbCommand (1ms) [Parameters=[@__id_0='?' (DbType = Int32)], CommandType='"Text"', CommandTimeout='30']
SELECT [t].[OrderID], [t].[CheckInTime], [t].[FinalAmount], [t].[HoldExpiryTime], [t].[OrderCode], [t].[PayOSTransID], [t].[PromoID], [t].[QrCode], [t].[ShowtimeID], [t].[Status], [t].[TotalAmount], [t].[UserID], [t].[UserID0], [t].[Email], [t].[FullName], [t].[OtpCode], [t].[OtpExpiry], [t].[Password], [t].[Phone], [t].[Role], [t].[Status0], [t].[UserCode], [t].[ShowtimeID0], [t].[EndTime], [t].[MovieID], [t].[RoomID], [t].[ShowtimeCode], [t].[StartTime], [t].[Status1], [t].[MovieID0], [t].[Actors], [t].[Description], [t].[Director], [t].[Duration], [t].[Genre], [t].[MovieCode], [t].[Poster], [t].[ReleaseDate], [t].[Status2], [t].[Title], [t].[Trailer], [t].[RoomID0], [t].[Capacity], [t].[RoomCode], [t].[RoomName], [t].[Status3], [t].[PromoID0], [t].[Condition], [t].[DiscountValue], [t].[EndDate], [t].[MinAmount], [t].[PromoCode], [t].[StartDate], [t].[Status4], [t].[Title0], [t0].[OrderID], [t0].[SeatID], [t0].[Price], [t0].[Status], [t0].[SeatID0], [t0].[RoomID], [t0].[RowLabel], [t0].[SeatCode], [t0].[SeatNumber], [t0].[SeatType], [t1].[OrderID], [t1].[ServiceID], [t1].[Price], [t1].[Quantity], [t1].[ServiceID0], [t1].[Image], [t1].[Price0], [t1].[ServiceCode], [t1].[ServiceName], [t1].[Status]
FROM (
    SELECT TOP(1) [o].[OrderID], [o].[CheckInTime], [o].[FinalAmount], [o].[HoldExpiryTime], [o].[OrderCode], [o].[PayOSTransID], [o].[PromoID], [o].[QrCode], [o].[ShowtimeID], [o].[Status], [o].[TotalAmount], [o].[UserID], [u].[UserID] AS [UserID0], [u].[Email], [u].[FullName], [u].[OtpCode], [u].[OtpExpiry], [u].[Password], [u].[Phone], [u].[Role], [u].[Status] AS [Status0], [u].[UserCode], [s].[ShowtimeID] AS [ShowtimeID0], [s].[EndTime], [s].[MovieID], [s].[RoomID], [s].[ShowtimeCode], [s].[StartTime], [s].[Status] AS [Status1], [m].[MovieID] AS [MovieID0], [m].[Actors], [m].[Description], [m].[Director], [m].[Duration], [m].[Genre], [m].[MovieCode], [m].[Poster], [m].[ReleaseDate], [m].[Status] AS [Status2], [m].[Title], [m].[Trailer], [r].[RoomID] AS [RoomID0], [r].[Capacity], [r].[RoomCode], [r].[RoomName], [r].[Status] AS [Status3], [p].[PromoID] AS [PromoID0], [p].[Condition], [p].[DiscountValue], [p].[EndDate], [p].[MinAmount], [p].[PromoCode], [p].[StartDate], [p].[Status] AS [Status4], [p].[Title] AS [Title0]
    FROM [Orders] AS [o]
    INNER JOIN [Users] AS [u] ON [o].[UserID] = [u].[UserID]
    INNER JOIN [Showtimes] AS [s] ON [o].[ShowtimeID] = [s].[ShowtimeID]
    INNER JOIN [Movies] AS [m] ON [s].[MovieID] = [m].[MovieID]
    INNER JOIN [Rooms] AS [r] ON [s].[RoomID] = [r].[RoomID]
    LEFT JOIN [Promotions] AS [p] ON [o].[PromoID] = [p].[PromoID]
    WHERE [o].[OrderID] = @__id_0
) AS [t]
LEFT JOIN (
    SELECT [o0].[OrderID], [o0].[SeatID], [o0].[Price], [o0].[Status], [s0].[SeatID] AS [SeatID0], [s0].[RoomID], [s0].[RowLabel], [s0].[SeatCode], [s0].[SeatNumber], [s0].[SeatType]
    FROM [OrderSeats] AS [o0]
    INNER JOIN [Seats] AS [s0] ON [o0].[SeatID] = [s0].[SeatID]
) AS [t0] ON [t].[OrderID] = [t0].[OrderID]
LEFT JOIN (
    SELECT [o1].[OrderID], [o1].[ServiceID], [o1].[Price], [o1].[Quantity], [s1].[ServiceID] AS [ServiceID0], [s1].[Image], [s1].[Price] AS [Price0], [s1].[ServiceCode], [s1].[ServiceName], [s1].[Status]
    FROM [OrderServices] AS [o1]
    INNER JOIN [Services] AS [s1] ON [o1].[ServiceID] = [s1].[ServiceID]
) AS [t1] ON [t].[OrderID] = [t1].[OrderID]
ORDER BY [t].[OrderID], [t].[UserID0], [t].[ShowtimeID0], [t].[MovieID0], [t].[RoomID0], [t].[PromoID0], [t0].[OrderID], [t0].[SeatID], [t0].[SeatID0], [t1].[OrderID], [t1].[ServiceID]
2026-05-25 16:01:27.941 +07:00 [INF] Executed DbCommand (1ms) [Parameters=[@__id_0='?' (DbType = Int32)], CommandType='"Text"', CommandTimeout='30']
SELECT [t].[OrderID], [t].[CheckInTime], [t].[FinalAmount], [t].[HoldExpiryTime], [t].[OrderCode], [t].[PayOSTransID], [t].[PromoID], [t].[QrCode], [t].[ShowtimeID], [t].[Status], [t].[TotalAmount], [t].[UserID], [t].[UserID0], [t].[Email], [t].[FullName], [t].[OtpCode], [t].[OtpExpiry], [t].[Password], [t].[Phone], [t].[Role], [t].[Status0], [t].[UserCode], [t].[ShowtimeID0], [t].[EndTime], [t].[MovieID], [t].[RoomID], [t].[ShowtimeCode], [t].[StartTime], [t].[Status1], [t].[MovieID0], [t].[Actors], [t].[Description], [t].[Director], [t].[Duration], [t].[Genre], [t].[MovieCode], [t].[Poster], [t].[ReleaseDate], [t].[Status2], [t].[Title], [t].[Trailer], [t].[RoomID0], [t].[Capacity], [t].[RoomCode], [t].[RoomName], [t].[Status3], [t].[PromoID0], [t].[Condition], [t].[DiscountValue], [t].[EndDate], [t].[MinAmount], [t].[PromoCode], [t].[StartDate], [t].[Status4], [t].[Title0], [t0].[OrderID], [t0].[SeatID], [t0].[Price], [t0].[Status], [t0].[SeatID0], [t0].[RoomID], [t0].[RowLabel], [t0].[SeatCode], [t0].[SeatNumber], [t0].[SeatType], [t1].[OrderID], [t1].[ServiceID], [t1].[Price], [t1].[Quantity], [t1].[ServiceID0], [t1].[Image], [t1].[Price0], [t1].[ServiceCode], [t1].[ServiceName], [t1].[Status]
FROM (
    SELECT TOP(1) [o].[OrderID], [o].[CheckInTime], [o].[FinalAmount], [o].[HoldExpiryTime], [o].[OrderCode], [o].[PayOSTransID], [o].[PromoID], [o].[QrCode], [o].[ShowtimeID], [o].[Status], [o].[TotalAmount], [o].[UserID], [u].[UserID] AS [UserID0], [u].[Email], [u].[FullName], [u].[OtpCode], [u].[OtpExpiry], [u].[Password], [u].[Phone], [u].[Role], [u].[Status] AS [Status0], [u].[UserCode], [s].[ShowtimeID] AS [ShowtimeID0], [s].[EndTime], [s].[MovieID], [s].[RoomID], [s].[ShowtimeCode], [s].[StartTime], [s].[Status] AS [Status1], [m].[MovieID] AS [MovieID0], [m].[Actors], [m].[Description], [m].[Director], [m].[Duration], [m].[Genre], [m].[MovieCode], [m].[Poster], [m].[ReleaseDate], [m].[Status] AS [Status2], [m].[Title], [m].[Trailer], [r].[RoomID] AS [RoomID0], [r].[Capacity], [r].[RoomCode], [r].[RoomName], [r].[Status] AS [Status3], [p].[PromoID] AS [PromoID0], [p].[Condition], [p].[DiscountValue], [p].[EndDate], [p].[MinAmount], [p].[PromoCode], [p].[StartDate], [p].[Status] AS [Status4], [p].[Title] AS [Title0]
    FROM [Orders] AS [o]
    INNER JOIN [Users] AS [u] ON [o].[UserID] = [u].[UserID]
    INNER JOIN [Showtimes] AS [s] ON [o].[ShowtimeID] = [s].[ShowtimeID]
    INNER JOIN [Movies] AS [m] ON [s].[MovieID] = [m].[MovieID]
    INNER JOIN [Rooms] AS [r] ON [s].[RoomID] = [r].[RoomID]
    LEFT JOIN [Promotions] AS [p] ON [o].[PromoID] = [p].[PromoID]
    WHERE [o].[OrderID] = @__id_0
) AS [t]
LEFT JOIN (
    SELECT [o0].[OrderID], [o0].[SeatID], [o0].[Price], [o0].[Status], [s0].[SeatID] AS [SeatID0], [s0].[RoomID], [s0].[RowLabel], [s0].[SeatCode], [s0].[SeatNumber], [s0].[SeatType]
    FROM [OrderSeats] AS [o0]
    INNER JOIN [Seats] AS [s0] ON [o0].[SeatID] = [s0].[SeatID]
) AS [t0] ON [t].[OrderID] = [t0].[OrderID]
LEFT JOIN (
    SELECT [o1].[OrderID], [o1].[ServiceID], [o1].[Price], [o1].[Quantity], [s1].[ServiceID] AS [ServiceID0], [s1].[Image], [s1].[Price] AS [Price0], [s1].[ServiceCode], [s1].[ServiceName], [s1].[Status]
    FROM [OrderServices] AS [o1]
    INNER JOIN [Services] AS [s1] ON [o1].[ServiceID] = [s1].[ServiceID]
) AS [t1] ON [t].[OrderID] = [t1].[OrderID]
ORDER BY [t].[OrderID], [t].[UserID0], [t].[ShowtimeID0], [t].[MovieID0], [t].[RoomID0], [t].[PromoID0], [t0].[OrderID], [t0].[SeatID], [t0].[SeatID0], [t1].[OrderID], [t1].[ServiceID]
2026-05-25 16:01:27.942 +07:00 [INF] Executed DbCommand (1ms) [Parameters=[@__totalAmount_0='?' (DbType = Int32)], CommandType='"Text"', CommandTimeout='30']
SELECT [p].[PromoID], [p].[Condition], [p].[DiscountValue], [p].[EndDate], [p].[MinAmount], [p].[PromoCode], [p].[StartDate], [p].[Status], [p].[Title]
FROM [Promotions] AS [p]
WHERE [p].[Status] = N'Hoat dong' AND [p].[StartDate] <= GETDATE() AND [p].[EndDate] >= GETDATE() AND [p].[MinAmount] <= @__totalAmount_0
ORDER BY [p].[DiscountValue] DESC
2026-05-25 16:01:27.942 +07:00 [INF] Executing ViewResult, running view Checkout.
2026-05-25 16:01:27.943 +07:00 [INF] Executed ViewResult - view Checkout executed in 0.7586ms.
2026-05-25 16:01:27.943 +07:00 [INF] Executed action AuraCinema.Web.Controllers.BookingController.Checkout (AuraCinema.Web) in 9.9023ms
2026-05-25 16:01:27.943 +07:00 [INF] Executed endpoint 'AuraCinema.Web.Controllers.BookingController.Checkout (AuraCinema.Web)'
2026-05-25 16:01:27.943 +07:00 [INF] Request finished HTTP/1.1 GET http://localhost:5231/Booking/Checkout?orderId=15056&promoId=1002 - 200 null text/html; charset=utf-8 10.5798ms
2026-05-25 16:01:29.648 +07:00 [INF] Request starting HTTP/1.1 GET http://localhost:5231/Booking/Checkout?orderId=15056&removePromo=True - null null
2026-05-25 16:01:29.649 +07:00 [INF] Executing endpoint 'AuraCinema.Web.Controllers.BookingController.Checkout (AuraCinema.Web)'
2026-05-25 16:01:29.649 +07:00 [INF] Route matched with {action = "Checkout", controller = "Booking", area = ""}. Executing controller action with signature System.Threading.Tasks.Task`1[Microsoft.AspNetCore.Mvc.IActionResult] Checkout(Int32, System.Nullable`1[System.Int32]) on controller AuraCinema.Web.Controllers.BookingController (AuraCinema.Web).
2026-05-25 16:01:29.651 +07:00 [INF] Executed DbCommand (1ms) [Parameters=[@__id_0='?' (DbType = Int32)], CommandType='"Text"', CommandTimeout='30']
SELECT [t].[OrderID], [t].[CheckInTime], [t].[FinalAmount], [t].[HoldExpiryTime], [t].[OrderCode], [t].[PayOSTransID], [t].[PromoID], [t].[QrCode], [t].[ShowtimeID], [t].[Status], [t].[TotalAmount], [t].[UserID], [t].[UserID0], [t].[Email], [t].[FullName], [t].[OtpCode], [t].[OtpExpiry], [t].[Password], [t].[Phone], [t].[Role], [t].[Status0], [t].[UserCode], [t].[ShowtimeID0], [t].[EndTime], [t].[MovieID], [t].[RoomID], [t].[ShowtimeCode], [t].[StartTime], [t].[Status1], [t].[MovieID0], [t].[Actors], [t].[Description], [t].[Director], [t].[Duration], [t].[Genre], [t].[MovieCode], [t].[Poster], [t].[ReleaseDate], [t].[Status2], [t].[Title], [t].[Trailer], [t].[RoomID0], [t].[Capacity], [t].[RoomCode], [t].[RoomName], [t].[Status3], [t].[PromoID0], [t].[Condition], [t].[DiscountValue], [t].[EndDate], [t].[MinAmount], [t].[PromoCode], [t].[StartDate], [t].[Status4], [t].[Title0], [t0].[OrderID], [t0].[SeatID], [t0].[Price], [t0].[Status], [t0].[SeatID0], [t0].[RoomID], [t0].[RowLabel], [t0].[SeatCode], [t0].[SeatNumber], [t0].[SeatType], [t1].[OrderID], [t1].[ServiceID], [t1].[Price], [t1].[Quantity], [t1].[ServiceID0], [t1].[Image], [t1].[Price0], [t1].[ServiceCode], [t1].[ServiceName], [t1].[Status]
FROM (
    SELECT TOP(1) [o].[OrderID], [o].[CheckInTime], [o].[FinalAmount], [o].[HoldExpiryTime], [o].[OrderCode], [o].[PayOSTransID], [o].[PromoID], [o].[QrCode], [o].[ShowtimeID], [o].[Status], [o].[TotalAmount], [o].[UserID], [u].[UserID] AS [UserID0], [u].[Email], [u].[FullName], [u].[OtpCode], [u].[OtpExpiry], [u].[Password], [u].[Phone], [u].[Role], [u].[Status] AS [Status0], [u].[UserCode], [s].[ShowtimeID] AS [ShowtimeID0], [s].[EndTime], [s].[MovieID], [s].[RoomID], [s].[ShowtimeCode], [s].[StartTime], [s].[Status] AS [Status1], [m].[MovieID] AS [MovieID0], [m].[Actors], [m].[Description], [m].[Director], [m].[Duration], [m].[Genre], [m].[MovieCode], [m].[Poster], [m].[ReleaseDate], [m].[Status] AS [Status2], [m].[Title], [m].[Trailer], [r].[RoomID] AS [RoomID0], [r].[Capacity], [r].[RoomCode], [r].[RoomName], [r].[Status] AS [Status3], [p].[PromoID] AS [PromoID0], [p].[Condition], [p].[DiscountValue], [p].[EndDate], [p].[MinAmount], [p].[PromoCode], [p].[StartDate], [p].[Status] AS [Status4], [p].[Title] AS [Title0]
    FROM [Orders] AS [o]
    INNER JOIN [Users] AS [u] ON [o].[UserID] = [u].[UserID]
    INNER JOIN [Showtimes] AS [s] ON [o].[ShowtimeID] = [s].[ShowtimeID]
    INNER JOIN [Movies] AS [m] ON [s].[MovieID] = [m].[MovieID]
    INNER JOIN [Rooms] AS [r] ON [s].[RoomID] = [r].[RoomID]
    LEFT JOIN [Promotions] AS [p] ON [o].[PromoID] = [p].[PromoID]
    WHERE [o].[OrderID] = @__id_0
) AS [t]
LEFT JOIN (
    SELECT [o0].[OrderID], [o0].[SeatID], [o0].[Price], [o0].[Status], [s0].[SeatID] AS [SeatID0], [s0].[RoomID], [s0].[RowLabel], [s0].[SeatCode], [s0].[SeatNumber], [s0].[SeatType]
    FROM [OrderSeats] AS [o0]
    INNER JOIN [Seats] AS [s0] ON [o0].[SeatID] = [s0].[SeatID]
) AS [t0] ON [t].[OrderID] = [t0].[OrderID]
LEFT JOIN (
    SELECT [o1].[OrderID], [o1].[ServiceID], [o1].[Price], [o1].[Quantity], [s1].[ServiceID] AS [ServiceID0], [s1].[Image], [s1].[Price] AS [Price0], [s1].[ServiceCode], [s1].[ServiceName], [s1].[Status]
    FROM [OrderServices] AS [o1]
    INNER JOIN [Services] AS [s1] ON [o1].[ServiceID] = [s1].[ServiceID]
) AS [t1] ON [t].[OrderID] = [t1].[OrderID]
ORDER BY [t].[OrderID], [t].[UserID0], [t].[ShowtimeID0], [t].[MovieID0], [t].[RoomID0], [t].[PromoID0], [t0].[OrderID], [t0].[SeatID], [t0].[SeatID0], [t1].[OrderID], [t1].[ServiceID]
2026-05-25 16:01:29.659 +07:00 [INF] Executed DbCommand (2ms) [Parameters=[@p2='?' (DbType = Int32), @p0='?' (DbType = Int32), @p1='?' (DbType = Int32)], CommandType='"Text"', CommandTimeout='30']
SET IMPLICIT_TRANSACTIONS OFF;
SET NOCOUNT ON;
UPDATE [Orders] SET [FinalAmount] = @p0, [PromoID] = @p1
OUTPUT 1
WHERE [OrderID] = @p2;
2026-05-25 16:01:29.660 +07:00 [INF] Executed DbCommand (1ms) [Parameters=[@__id_0='?' (DbType = Int32)], CommandType='"Text"', CommandTimeout='30']
SELECT [t].[OrderID], [t].[CheckInTime], [t].[FinalAmount], [t].[HoldExpiryTime], [t].[OrderCode], [t].[PayOSTransID], [t].[PromoID], [t].[QrCode], [t].[ShowtimeID], [t].[Status], [t].[TotalAmount], [t].[UserID], [t].[UserID0], [t].[Email], [t].[FullName], [t].[OtpCode], [t].[OtpExpiry], [t].[Password], [t].[Phone], [t].[Role], [t].[Status0], [t].[UserCode], [t].[ShowtimeID0], [t].[EndTime], [t].[MovieID], [t].[RoomID], [t].[ShowtimeCode], [t].[StartTime], [t].[Status1], [t].[MovieID0], [t].[Actors], [t].[Description], [t].[Director], [t].[Duration], [t].[Genre], [t].[MovieCode], [t].[Poster], [t].[ReleaseDate], [t].[Status2], [t].[Title], [t].[Trailer], [t].[RoomID0], [t].[Capacity], [t].[RoomCode], [t].[RoomName], [t].[Status3], [t].[PromoID0], [t].[Condition], [t].[DiscountValue], [t].[EndDate], [t].[MinAmount], [t].[PromoCode], [t].[StartDate], [t].[Status4], [t].[Title0], [t0].[OrderID], [t0].[SeatID], [t0].[Price], [t0].[Status], [t0].[SeatID0], [t0].[RoomID], [t0].[RowLabel], [t0].[SeatCode], [t0].[SeatNumber], [t0].[SeatType], [t1].[OrderID], [t1].[ServiceID], [t1].[Price], [t1].[Quantity], [t1].[ServiceID0], [t1].[Image], [t1].[Price0], [t1].[ServiceCode], [t1].[ServiceName], [t1].[Status]
FROM (
    SELECT TOP(1) [o].[OrderID], [o].[CheckInTime], [o].[FinalAmount], [o].[HoldExpiryTime], [o].[OrderCode], [o].[PayOSTransID], [o].[PromoID], [o].[QrCode], [o].[ShowtimeID], [o].[Status], [o].[TotalAmount], [o].[UserID], [u].[UserID] AS [UserID0], [u].[Email], [u].[FullName], [u].[OtpCode], [u].[OtpExpiry], [u].[Password], [u].[Phone], [u].[Role], [u].[Status] AS [Status0], [u].[UserCode], [s].[ShowtimeID] AS [ShowtimeID0], [s].[EndTime], [s].[MovieID], [s].[RoomID], [s].[ShowtimeCode], [s].[StartTime], [s].[Status] AS [Status1], [m].[MovieID] AS [MovieID0], [m].[Actors], [m].[Description], [m].[Director], [m].[Duration], [m].[Genre], [m].[MovieCode], [m].[Poster], [m].[ReleaseDate], [m].[Status] AS [Status2], [m].[Title], [m].[Trailer], [r].[RoomID] AS [RoomID0], [r].[Capacity], [r].[RoomCode], [r].[RoomName], [r].[Status] AS [Status3], [p].[PromoID] AS [PromoID0], [p].[Condition], [p].[DiscountValue], [p].[EndDate], [p].[MinAmount], [p].[PromoCode], [p].[StartDate], [p].[Status] AS [Status4], [p].[Title] AS [Title0]
    FROM [Orders] AS [o]
    INNER JOIN [Users] AS [u] ON [o].[UserID] = [u].[UserID]
    INNER JOIN [Showtimes] AS [s] ON [o].[ShowtimeID] = [s].[ShowtimeID]
    INNER JOIN [Movies] AS [m] ON [s].[MovieID] = [m].[MovieID]
    INNER JOIN [Rooms] AS [r] ON [s].[RoomID] = [r].[RoomID]
    LEFT JOIN [Promotions] AS [p] ON [o].[PromoID] = [p].[PromoID]
    WHERE [o].[OrderID] = @__id_0
) AS [t]
LEFT JOIN (
    SELECT [o0].[OrderID], [o0].[SeatID], [o0].[Price], [o0].[Status], [s0].[SeatID] AS [SeatID0], [s0].[RoomID], [s0].[RowLabel], [s0].[SeatCode], [s0].[SeatNumber], [s0].[SeatType]
    FROM [OrderSeats] AS [o0]
    INNER JOIN [Seats] AS [s0] ON [o0].[SeatID] = [s0].[SeatID]
) AS [t0] ON [t].[OrderID] = [t0].[OrderID]
LEFT JOIN (
    SELECT [o1].[OrderID], [o1].[ServiceID], [o1].[Price], [o1].[Quantity], [s1].[ServiceID] AS [ServiceID0], [s1].[Image], [s1].[Price] AS [Price0], [s1].[ServiceCode], [s1].[ServiceName], [s1].[Status]
    FROM [OrderServices] AS [o1]
    INNER JOIN [Services] AS [s1] ON [o1].[ServiceID] = [s1].[ServiceID]
) AS [t1] ON [t].[OrderID] = [t1].[OrderID]
ORDER BY [t].[OrderID], [t].[UserID0], [t].[ShowtimeID0], [t].[MovieID0], [t].[RoomID0], [t].[PromoID0], [t0].[OrderID], [t0].[SeatID], [t0].[SeatID0], [t1].[OrderID], [t1].[ServiceID]
2026-05-25 16:01:29.661 +07:00 [INF] Executed DbCommand (0ms) [Parameters=[@__totalAmount_0='?' (DbType = Int32)], CommandType='"Text"', CommandTimeout='30']
SELECT [p].[PromoID], [p].[Condition], [p].[DiscountValue], [p].[EndDate], [p].[MinAmount], [p].[PromoCode], [p].[StartDate], [p].[Status], [p].[Title]
FROM [Promotions] AS [p]
WHERE [p].[Status] = N'Hoat dong' AND [p].[StartDate] <= GETDATE() AND [p].[EndDate] >= GETDATE() AND [p].[MinAmount] <= @__totalAmount_0
ORDER BY [p].[DiscountValue] DESC
2026-05-25 16:01:29.661 +07:00 [INF] Executing ViewResult, running view Checkout.
2026-05-25 16:01:29.662 +07:00 [INF] Executed ViewResult - view Checkout executed in 0.7832ms.
2026-05-25 16:01:29.662 +07:00 [INF] Executed action AuraCinema.Web.Controllers.BookingController.Checkout (AuraCinema.Web) in 13.3102ms
2026-05-25 16:01:29.662 +07:00 [INF] Executed endpoint 'AuraCinema.Web.Controllers.BookingController.Checkout (AuraCinema.Web)'
2026-05-25 16:01:29.662 +07:00 [INF] Request finished HTTP/1.1 GET http://localhost:5231/Booking/Checkout?orderId=15056&removePromo=True - 200 null text/html; charset=utf-8 13.9736ms
2026-05-25 16:02:07.296 +07:00 [INF] Executed DbCommand (3ms) [Parameters=[], CommandType='"Text"', CommandTimeout='30']
SELECT [o].[OrderID], [o].[CheckInTime], [o].[FinalAmount], [o].[HoldExpiryTime], [o].[OrderCode], [o].[PayOSTransID], [o].[PromoID], [o].[QrCode], [o].[ShowtimeID], [o].[Status], [o].[TotalAmount], [o].[UserID]
FROM [Orders] AS [o]
WHERE [o].[Status] = N'Chờ thanh toán' AND [o].[HoldExpiryTime] <= GETDATE()
2026-05-25 16:02:07.302 +07:00 [INF] Executed DbCommand (4ms) [Parameters=[@__maxSellingDate_0='?' (DbType = DateTime2), @__now_1='?' (DbType = DateTime2)], CommandType='"Text"', CommandTimeout='30']
SELECT [s].[ShowtimeID], [s].[EndTime], [s].[MovieID], [s].[RoomID], [s].[ShowtimeCode], [s].[StartTime], [s].[Status]
FROM [Showtimes] AS [s]
WHERE [s].[Status] IN (N'Đã lên lịch', N'Sap chieu') AND CONVERT(date, [s].[StartTime]) <= @__maxSellingDate_0 AND [s].[StartTime] > @__now_1
2026-05-25 16:02:07.304 +07:00 [INF] Executed DbCommand (2ms) [Parameters=[@__now_0='?' (DbType = DateTime2)], CommandType='"Text"', CommandTimeout='30']
SELECT [s].[ShowtimeID], [s].[EndTime], [s].[MovieID], [s].[RoomID], [s].[ShowtimeCode], [s].[StartTime], [s].[Status]
FROM [Showtimes] AS [s]
WHERE [s].[Status] IN (N'Đã lên lịch', N'Đang mở bán', N'Sap chieu') AND [s].[StartTime] <= @__now_0 AND [s].[EndTime] > @__now_0
2026-05-25 16:02:07.306 +07:00 [INF] Executed DbCommand (2ms) [Parameters=[@__now_0='?' (DbType = DateTime2)], CommandType='"Text"', CommandTimeout='30']
SELECT [s].[ShowtimeID], [s].[EndTime], [s].[MovieID], [s].[RoomID], [s].[ShowtimeCode], [s].[StartTime], [s].[Status]
FROM [Showtimes] AS [s]
WHERE [s].[Status] IN (N'Đã lên lịch', N'Đang mở bán', N'Đang chiếu', N'Sap chieu', N'Dang dien ra') AND [s].[EndTime] <= @__now_0
2026-05-25 16:02:07.309 +07:00 [INF] Executed DbCommand (2ms) [Parameters=[@__today_0='?' (DbType = Date)], CommandType='"Text"', CommandTimeout='30']
SELECT [m].[MovieID], [m].[Actors], [m].[Description], [m].[Director], [m].[Duration], [m].[Genre], [m].[MovieCode], [m].[Poster], [m].[ReleaseDate], [m].[Status], [m].[Title], [m].[Trailer]
FROM [Movies] AS [m]
WHERE [m].[Status] = N'Sap chieu' AND [m].[ReleaseDate] <= @__today_0
2026-05-25 16:02:25.445 +07:00 [INF] Request starting HTTP/1.1 GET http://localhost:5231/Booking/SelectSeats?showtimeId= - null null
2026-05-25 16:02:25.446 +07:00 [INF] Executing endpoint 'AuraCinema.Web.Controllers.BookingController.SelectSeats (AuraCinema.Web)'
2026-05-25 16:02:25.446 +07:00 [INF] Route matched with {action = "SelectSeats", controller = "Booking", area = ""}. Executing controller action with signature System.Threading.Tasks.Task`1[Microsoft.AspNetCore.Mvc.IActionResult] SelectSeats(Int32) on controller AuraCinema.Web.Controllers.BookingController (AuraCinema.Web).
2026-05-25 16:02:25.455 +07:00 [INF] Executed DbCommand (8ms) [Parameters=[@__showtimeId_0='?' (DbType = Int32)], CommandType='"Text"', CommandTimeout='30']
SELECT TOP(1) [s].[ShowtimeID], [s].[EndTime], [s].[MovieID], [s].[RoomID], [s].[ShowtimeCode], [s].[StartTime], [s].[Status], [m].[MovieID], [m].[Actors], [m].[Description], [m].[Director], [m].[Duration], [m].[Genre], [m].[MovieCode], [m].[Poster], [m].[ReleaseDate], [m].[Status], [m].[Title], [m].[Trailer], [r].[RoomID], [r].[Capacity], [r].[RoomCode], [r].[RoomName], [r].[Status]
FROM [Showtimes] AS [s]
INNER JOIN [Movies] AS [m] ON [s].[MovieID] = [m].[MovieID]
INNER JOIN [Rooms] AS [r] ON [s].[RoomID] = [r].[RoomID]
WHERE [s].[ShowtimeID] = @__showtimeId_0
2026-05-25 16:02:25.455 +07:00 [INF] Executing RedirectResult, redirecting to /Movies.
2026-05-25 16:02:25.456 +07:00 [INF] Executed action AuraCinema.Web.Controllers.BookingController.SelectSeats (AuraCinema.Web) in 9.4388ms
2026-05-25 16:02:25.456 +07:00 [INF] Executed endpoint 'AuraCinema.Web.Controllers.BookingController.SelectSeats (AuraCinema.Web)'
2026-05-25 16:02:25.456 +07:00 [INF] Request finished HTTP/1.1 GET http://localhost:5231/Booking/SelectSeats?showtimeId= - 302 0 null 10.3574ms
2026-05-25 16:02:25.461 +07:00 [INF] Request starting HTTP/1.1 GET http://localhost:5231/Movies - null null
2026-05-25 16:02:25.462 +07:00 [INF] Executing endpoint 'AuraCinema.Web.Controllers.MoviesController.Index (AuraCinema.Web)'
2026-05-25 16:02:25.462 +07:00 [INF] Route matched with {action = "Index", controller = "Movies", area = ""}. Executing controller action with signature System.Threading.Tasks.Task`1[Microsoft.AspNetCore.Mvc.IActionResult] Index(System.String, System.String, Int32) on controller AuraCinema.Web.Controllers.MoviesController (AuraCinema.Web).
2026-05-25 16:02:25.466 +07:00 [INF] Executed DbCommand (4ms) [Parameters=[], CommandType='"Text"', CommandTimeout='30']
SELECT COUNT(*)
FROM [Movies] AS [m]
WHERE [m].[Status] IN (N'Dang chieu', N'Sap chieu')
2026-05-25 16:02:25.471 +07:00 [INF] Executed DbCommand (3ms) [Parameters=[@__p_0='?' (DbType = Int32), @__p_1='?' (DbType = Int32)], CommandType='"Text"', CommandTimeout='30']
SELECT [m].[MovieID], [m].[Title], [m].[Genre], [m].[Poster], [m].[Duration], [m].[Status], [m].[ReleaseDate], [m].[Director]
FROM [Movies] AS [m]
WHERE [m].[Status] IN (N'Dang chieu', N'Sap chieu')
ORDER BY [m].[ReleaseDate] DESC
OFFSET @__p_0 ROWS FETCH NEXT @__p_1 ROWS ONLY
2026-05-25 16:02:25.471 +07:00 [INF] Executing ViewResult, running view Index.
2026-05-25 16:02:25.472 +07:00 [INF] Executed ViewResult - view Index executed in 1.1462ms.
2026-05-25 16:02:25.472 +07:00 [INF] Executed action AuraCinema.Web.Controllers.MoviesController.Index (AuraCinema.Web) in 10.3919ms
2026-05-25 16:02:25.472 +07:00 [INF] Executed endpoint 'AuraCinema.Web.Controllers.MoviesController.Index (AuraCinema.Web)'
2026-05-25 16:02:25.472 +07:00 [INF] Request finished HTTP/1.1 GET http://localhost:5231/Movies - 200 null text/html; charset=utf-8 11.023ms
2026-05-25 16:02:35.413 +07:00 [INF] Request starting HTTP/1.1 GET http://localhost:5231/Booking/SelectSeats?showtimeId= - null null
2026-05-25 16:02:35.414 +07:00 [INF] Executing endpoint 'AuraCinema.Web.Controllers.BookingController.SelectSeats (AuraCinema.Web)'
2026-05-25 16:02:35.415 +07:00 [INF] Route matched with {action = "SelectSeats", controller = "Booking", area = ""}. Executing controller action with signature System.Threading.Tasks.Task`1[Microsoft.AspNetCore.Mvc.IActionResult] SelectSeats(Int32) on controller AuraCinema.Web.Controllers.BookingController (AuraCinema.Web).
2026-05-25 16:02:35.418 +07:00 [INF] Executed DbCommand (1ms) [Parameters=[@__showtimeId_0='?' (DbType = Int32)], CommandType='"Text"', CommandTimeout='30']
SELECT TOP(1) [s].[ShowtimeID], [s].[EndTime], [s].[MovieID], [s].[RoomID], [s].[ShowtimeCode], [s].[StartTime], [s].[Status], [m].[MovieID], [m].[Actors], [m].[Description], [m].[Director], [m].[Duration], [m].[Genre], [m].[MovieCode], [m].[Poster], [m].[ReleaseDate], [m].[Status], [m].[Title], [m].[Trailer], [r].[RoomID], [r].[Capacity], [r].[RoomCode], [r].[RoomName], [r].[Status]
FROM [Showtimes] AS [s]
INNER JOIN [Movies] AS [m] ON [s].[MovieID] = [m].[MovieID]
INNER JOIN [Rooms] AS [r] ON [s].[RoomID] = [r].[RoomID]
WHERE [s].[ShowtimeID] = @__showtimeId_0
2026-05-25 16:02:35.418 +07:00 [INF] Executing RedirectResult, redirecting to /Movies.
2026-05-25 16:02:35.419 +07:00 [INF] Executed action AuraCinema.Web.Controllers.BookingController.SelectSeats (AuraCinema.Web) in 3.6429ms
2026-05-25 16:02:35.419 +07:00 [INF] Executed endpoint 'AuraCinema.Web.Controllers.BookingController.SelectSeats (AuraCinema.Web)'
2026-05-25 16:02:35.419 +07:00 [INF] Request finished HTTP/1.1 GET http://localhost:5231/Booking/SelectSeats?showtimeId= - 302 0 null 5.5679ms
2026-05-25 16:02:35.423 +07:00 [INF] Request starting HTTP/1.1 GET http://localhost:5231/Movies - null null
2026-05-25 16:02:35.423 +07:00 [INF] Executing endpoint 'AuraCinema.Web.Controllers.MoviesController.Index (AuraCinema.Web)'
2026-05-25 16:02:35.423 +07:00 [INF] Route matched with {action = "Index", controller = "Movies", area = ""}. Executing controller action with signature System.Threading.Tasks.Task`1[Microsoft.AspNetCore.Mvc.IActionResult] Index(System.String, System.String, Int32) on controller AuraCinema.Web.Controllers.MoviesController (AuraCinema.Web).
2026-05-25 16:02:35.425 +07:00 [INF] Executed DbCommand (1ms) [Parameters=[], CommandType='"Text"', CommandTimeout='30']
SELECT COUNT(*)
FROM [Movies] AS [m]
WHERE [m].[Status] IN (N'Dang chieu', N'Sap chieu')
2026-05-25 16:02:35.427 +07:00 [INF] Executed DbCommand (1ms) [Parameters=[@__p_0='?' (DbType = Int32), @__p_1='?' (DbType = Int32)], CommandType='"Text"', CommandTimeout='30']
SELECT [m].[MovieID], [m].[Title], [m].[Genre], [m].[Poster], [m].[Duration], [m].[Status], [m].[ReleaseDate], [m].[Director]
FROM [Movies] AS [m]
WHERE [m].[Status] IN (N'Dang chieu', N'Sap chieu')
ORDER BY [m].[ReleaseDate] DESC
OFFSET @__p_0 ROWS FETCH NEXT @__p_1 ROWS ONLY
2026-05-25 16:02:35.427 +07:00 [INF] Executing ViewResult, running view Index.
2026-05-25 16:02:35.429 +07:00 [INF] Executed ViewResult - view Index executed in 1.6819ms.
2026-05-25 16:02:35.429 +07:00 [INF] Executed action AuraCinema.Web.Controllers.MoviesController.Index (AuraCinema.Web) in 5.9072ms
2026-05-25 16:02:35.429 +07:00 [INF] Executed endpoint 'AuraCinema.Web.Controllers.MoviesController.Index (AuraCinema.Web)'
2026-05-25 16:02:35.429 +07:00 [INF] Request finished HTTP/1.1 GET http://localhost:5231/Movies - 200 null text/html; charset=utf-8 6.4979ms
2026-05-25 16:03:07.327 +07:00 [INF] Executed DbCommand (3ms) [Parameters=[], CommandType='"Text"', CommandTimeout='30']
SELECT [o].[OrderID], [o].[CheckInTime], [o].[FinalAmount], [o].[HoldExpiryTime], [o].[OrderCode], [o].[PayOSTransID], [o].[PromoID], [o].[QrCode], [o].[ShowtimeID], [o].[Status], [o].[TotalAmount], [o].[UserID]
FROM [Orders] AS [o]
WHERE [o].[Status] = N'Chờ thanh toán' AND [o].[HoldExpiryTime] <= GETDATE()
2026-05-25 16:03:07.328 +07:00 [INF] Cleaning up 1 expired orders.
2026-05-25 16:03:07.336 +07:00 [INF] Executed DbCommand (5ms) [Parameters=[@p1='?' (DbType = Int32), @p0='?' (Size = 50)], CommandType='"Text"', CommandTimeout='30']
SET IMPLICIT_TRANSACTIONS OFF;
SET NOCOUNT ON;
UPDATE [Orders] SET [Status] = @p0
OUTPUT 1
WHERE [OrderID] = @p1;
2026-05-25 16:03:07.340 +07:00 [INF] Executed DbCommand (3ms) [Parameters=[@__maxSellingDate_0='?' (DbType = DateTime2), @__now_1='?' (DbType = DateTime2)], CommandType='"Text"', CommandTimeout='30']
SELECT [s].[ShowtimeID], [s].[EndTime], [s].[MovieID], [s].[RoomID], [s].[ShowtimeCode], [s].[StartTime], [s].[Status]
FROM [Showtimes] AS [s]
WHERE [s].[Status] IN (N'Đã lên lịch', N'Sap chieu') AND CONVERT(date, [s].[StartTime]) <= @__maxSellingDate_0 AND [s].[StartTime] > @__now_1
2026-05-25 16:03:07.342 +07:00 [INF] Executed DbCommand (2ms) [Parameters=[@__now_0='?' (DbType = DateTime2)], CommandType='"Text"', CommandTimeout='30']
SELECT [s].[ShowtimeID], [s].[EndTime], [s].[MovieID], [s].[RoomID], [s].[ShowtimeCode], [s].[StartTime], [s].[Status]
FROM [Showtimes] AS [s]
WHERE [s].[Status] IN (N'Đã lên lịch', N'Đang mở bán', N'Sap chieu') AND [s].[StartTime] <= @__now_0 AND [s].[EndTime] > @__now_0
2026-05-25 16:03:07.344 +07:00 [INF] Executed DbCommand (2ms) [Parameters=[@__now_0='?' (DbType = DateTime2)], CommandType='"Text"', CommandTimeout='30']
SELECT [s].[ShowtimeID], [s].[EndTime], [s].[MovieID], [s].[RoomID], [s].[ShowtimeCode], [s].[StartTime], [s].[Status]
FROM [Showtimes] AS [s]
WHERE [s].[Status] IN (N'Đã lên lịch', N'Đang mở bán', N'Đang chiếu', N'Sap chieu', N'Dang dien ra') AND [s].[EndTime] <= @__now_0
2026-05-25 16:03:07.347 +07:00 [INF] Executed DbCommand (2ms) [Parameters=[@__today_0='?' (DbType = Date)], CommandType='"Text"', CommandTimeout='30']
SELECT [m].[MovieID], [m].[Actors], [m].[Description], [m].[Director], [m].[Duration], [m].[Genre], [m].[MovieCode], [m].[Poster], [m].[ReleaseDate], [m].[Status], [m].[Title], [m].[Trailer]
FROM [Movies] AS [m]
WHERE [m].[Status] = N'Sap chieu' AND [m].[ReleaseDate] <= @__today_0
2026-05-25 16:04:07.358 +07:00 [INF] Executed DbCommand (5ms) [Parameters=[], CommandType='"Text"', CommandTimeout='30']
SELECT [o].[OrderID], [o].[CheckInTime], [o].[FinalAmount], [o].[HoldExpiryTime], [o].[OrderCode], [o].[PayOSTransID], [o].[PromoID], [o].[QrCode], [o].[ShowtimeID], [o].[Status], [o].[TotalAmount], [o].[UserID]
FROM [Orders] AS [o]
WHERE [o].[Status] = N'Chờ thanh toán' AND [o].[HoldExpiryTime] <= GETDATE()
2026-05-25 16:04:07.363 +07:00 [INF] Executed DbCommand (3ms) [Parameters=[@__maxSellingDate_0='?' (DbType = DateTime2), @__now_1='?' (DbType = DateTime2)], CommandType='"Text"', CommandTimeout='30']
SELECT [s].[ShowtimeID], [s].[EndTime], [s].[MovieID], [s].[RoomID], [s].[ShowtimeCode], [s].[StartTime], [s].[Status]
FROM [Showtimes] AS [s]
WHERE [s].[Status] IN (N'Đã lên lịch', N'Sap chieu') AND CONVERT(date, [s].[StartTime]) <= @__maxSellingDate_0 AND [s].[StartTime] > @__now_1
2026-05-25 16:04:07.366 +07:00 [INF] Executed DbCommand (2ms) [Parameters=[@__now_0='?' (DbType = DateTime2)], CommandType='"Text"', CommandTimeout='30']
SELECT [s].[ShowtimeID], [s].[EndTime], [s].[MovieID], [s].[RoomID], [s].[ShowtimeCode], [s].[StartTime], [s].[Status]
FROM [Showtimes] AS [s]
WHERE [s].[Status] IN (N'Đã lên lịch', N'Đang mở bán', N'Sap chieu') AND [s].[StartTime] <= @__now_0 AND [s].[EndTime] > @__now_0
2026-05-25 16:04:07.369 +07:00 [INF] Executed DbCommand (3ms) [Parameters=[@__now_0='?' (DbType = DateTime2)], CommandType='"Text"', CommandTimeout='30']
SELECT [s].[ShowtimeID], [s].[EndTime], [s].[MovieID], [s].[RoomID], [s].[ShowtimeCode], [s].[StartTime], [s].[Status]
FROM [Showtimes] AS [s]
WHERE [s].[Status] IN (N'Đã lên lịch', N'Đang mở bán', N'Đang chiếu', N'Sap chieu', N'Dang dien ra') AND [s].[EndTime] <= @__now_0
2026-05-25 16:04:07.374 +07:00 [INF] Executed DbCommand (3ms) [Parameters=[@__today_0='?' (DbType = Date)], CommandType='"Text"', CommandTimeout='30']
SELECT [m].[MovieID], [m].[Actors], [m].[Description], [m].[Director], [m].[Duration], [m].[Genre], [m].[MovieCode], [m].[Poster], [m].[ReleaseDate], [m].[Status], [m].[Title], [m].[Trailer]
FROM [Movies] AS [m]
WHERE [m].[Status] = N'Sap chieu' AND [m].[ReleaseDate] <= @__today_0
2026-05-25 16:05:07.391 +07:00 [INF] Executed DbCommand (4ms) [Parameters=[], CommandType='"Text"', CommandTimeout='30']
SELECT [o].[OrderID], [o].[CheckInTime], [o].[FinalAmount], [o].[HoldExpiryTime], [o].[OrderCode], [o].[PayOSTransID], [o].[PromoID], [o].[QrCode], [o].[ShowtimeID], [o].[Status], [o].[TotalAmount], [o].[UserID]
FROM [Orders] AS [o]
WHERE [o].[Status] = N'Chờ thanh toán' AND [o].[HoldExpiryTime] <= GETDATE()
2026-05-25 16:05:07.399 +07:00 [INF] Executed DbCommand (6ms) [Parameters=[@__maxSellingDate_0='?' (DbType = DateTime2), @__now_1='?' (DbType = DateTime2)], CommandType='"Text"', CommandTimeout='30']
SELECT [s].[ShowtimeID], [s].[EndTime], [s].[MovieID], [s].[RoomID], [s].[ShowtimeCode], [s].[StartTime], [s].[Status]
FROM [Showtimes] AS [s]
WHERE [s].[Status] IN (N'Đã lên lịch', N'Sap chieu') AND CONVERT(date, [s].[StartTime]) <= @__maxSellingDate_0 AND [s].[StartTime] > @__now_1
2026-05-25 16:05:07.403 +07:00 [INF] Executed DbCommand (4ms) [Parameters=[@__now_0='?' (DbType = DateTime2)], CommandType='"Text"', CommandTimeout='30']
SELECT [s].[ShowtimeID], [s].[EndTime], [s].[MovieID], [s].[RoomID], [s].[ShowtimeCode], [s].[StartTime], [s].[Status]
FROM [Showtimes] AS [s]
WHERE [s].[Status] IN (N'Đã lên lịch', N'Đang mở bán', N'Sap chieu') AND [s].[StartTime] <= @__now_0 AND [s].[EndTime] > @__now_0
2026-05-25 16:05:07.408 +07:00 [INF] Executed DbCommand (3ms) [Parameters=[@__now_0='?' (DbType = DateTime2)], CommandType='"Text"', CommandTimeout='30']
SELECT [s].[ShowtimeID], [s].[EndTime], [s].[MovieID], [s].[RoomID], [s].[ShowtimeCode], [s].[StartTime], [s].[Status]
FROM [Showtimes] AS [s]
WHERE [s].[Status] IN (N'Đã lên lịch', N'Đang mở bán', N'Đang chiếu', N'Sap chieu', N'Dang dien ra') AND [s].[EndTime] <= @__now_0
2026-05-25 16:05:07.414 +07:00 [INF] Executed DbCommand (5ms) [Parameters=[@__today_0='?' (DbType = Date)], CommandType='"Text"', CommandTimeout='30']
SELECT [m].[MovieID], [m].[Actors], [m].[Description], [m].[Director], [m].[Duration], [m].[Genre], [m].[MovieCode], [m].[Poster], [m].[ReleaseDate], [m].[Status], [m].[Title], [m].[Trailer]
FROM [Movies] AS [m]
WHERE [m].[Status] = N'Sap chieu' AND [m].[ReleaseDate] <= @__today_0
2026-05-25 16:06:07.439 +07:00 [INF] Executed DbCommand (5ms) [Parameters=[], CommandType='"Text"', CommandTimeout='30']
SELECT [o].[OrderID], [o].[CheckInTime], [o].[FinalAmount], [o].[HoldExpiryTime], [o].[OrderCode], [o].[PayOSTransID], [o].[PromoID], [o].[QrCode], [o].[ShowtimeID], [o].[Status], [o].[TotalAmount], [o].[UserID]
FROM [Orders] AS [o]
WHERE [o].[Status] = N'Chờ thanh toán' AND [o].[HoldExpiryTime] <= GETDATE()
2026-05-25 16:06:07.446 +07:00 [INF] Executed DbCommand (6ms) [Parameters=[@__maxSellingDate_0='?' (DbType = DateTime2), @__now_1='?' (DbType = DateTime2)], CommandType='"Text"', CommandTimeout='30']
SELECT [s].[ShowtimeID], [s].[EndTime], [s].[MovieID], [s].[RoomID], [s].[ShowtimeCode], [s].[StartTime], [s].[Status]
FROM [Showtimes] AS [s]
WHERE [s].[Status] IN (N'Đã lên lịch', N'Sap chieu') AND CONVERT(date, [s].[StartTime]) <= @__maxSellingDate_0 AND [s].[StartTime] > @__now_1
2026-05-25 16:06:07.452 +07:00 [INF] Executed DbCommand (5ms) [Parameters=[@__now_0='?' (DbType = DateTime2)], CommandType='"Text"', CommandTimeout='30']
SELECT [s].[ShowtimeID], [s].[EndTime], [s].[MovieID], [s].[RoomID], [s].[ShowtimeCode], [s].[StartTime], [s].[Status]
FROM [Showtimes] AS [s]
WHERE [s].[Status] IN (N'Đã lên lịch', N'Đang mở bán', N'Sap chieu') AND [s].[StartTime] <= @__now_0 AND [s].[EndTime] > @__now_0
2026-05-25 16:06:07.458 +07:00 [INF] Executed DbCommand (5ms) [Parameters=[@__now_0='?' (DbType = DateTime2)], CommandType='"Text"', CommandTimeout='30']
SELECT [s].[ShowtimeID], [s].[EndTime], [s].[MovieID], [s].[RoomID], [s].[ShowtimeCode], [s].[StartTime], [s].[Status]
FROM [Showtimes] AS [s]
WHERE [s].[Status] IN (N'Đã lên lịch', N'Đang mở bán', N'Đang chiếu', N'Sap chieu', N'Dang dien ra') AND [s].[EndTime] <= @__now_0
2026-05-25 16:06:07.464 +07:00 [INF] Executed DbCommand (5ms) [Parameters=[@__today_0='?' (DbType = Date)], CommandType='"Text"', CommandTimeout='30']
SELECT [m].[MovieID], [m].[Actors], [m].[Description], [m].[Director], [m].[Duration], [m].[Genre], [m].[MovieCode], [m].[Poster], [m].[ReleaseDate], [m].[Status], [m].[Title], [m].[Trailer]
FROM [Movies] AS [m]
WHERE [m].[Status] = N'Sap chieu' AND [m].[ReleaseDate] <= @__today_0
2026-05-25 16:07:07.481 +07:00 [INF] Executed DbCommand (4ms) [Parameters=[], CommandType='"Text"', CommandTimeout='30']
SELECT [o].[OrderID], [o].[CheckInTime], [o].[FinalAmount], [o].[HoldExpiryTime], [o].[OrderCode], [o].[PayOSTransID], [o].[PromoID], [o].[QrCode], [o].[ShowtimeID], [o].[Status], [o].[TotalAmount], [o].[UserID]
FROM [Orders] AS [o]
WHERE [o].[Status] = N'Chờ thanh toán' AND [o].[HoldExpiryTime] <= GETDATE()
2026-05-25 16:07:07.489 +07:00 [INF] Executed DbCommand (5ms) [Parameters=[@__maxSellingDate_0='?' (DbType = DateTime2), @__now_1='?' (DbType = DateTime2)], CommandType='"Text"', CommandTimeout='30']
SELECT [s].[ShowtimeID], [s].[EndTime], [s].[MovieID], [s].[RoomID], [s].[ShowtimeCode], [s].[StartTime], [s].[Status]
FROM [Showtimes] AS [s]
WHERE [s].[Status] IN (N'Đã lên lịch', N'Sap chieu') AND CONVERT(date, [s].[StartTime]) <= @__maxSellingDate_0 AND [s].[StartTime] > @__now_1
2026-05-25 16:07:07.495 +07:00 [INF] Executed DbCommand (5ms) [Parameters=[@__now_0='?' (DbType = DateTime2)], CommandType='"Text"', CommandTimeout='30']
SELECT [s].[ShowtimeID], [s].[EndTime], [s].[MovieID], [s].[RoomID], [s].[ShowtimeCode], [s].[StartTime], [s].[Status]
FROM [Showtimes] AS [s]
WHERE [s].[Status] IN (N'Đã lên lịch', N'Đang mở bán', N'Sap chieu') AND [s].[StartTime] <= @__now_0 AND [s].[EndTime] > @__now_0
2026-05-25 16:07:07.499 +07:00 [INF] Executed DbCommand (3ms) [Parameters=[@__now_0='?' (DbType = DateTime2)], CommandType='"Text"', CommandTimeout='30']
SELECT [s].[ShowtimeID], [s].[EndTime], [s].[MovieID], [s].[RoomID], [s].[ShowtimeCode], [s].[StartTime], [s].[Status]
FROM [Showtimes] AS [s]
WHERE [s].[Status] IN (N'Đã lên lịch', N'Đang mở bán', N'Đang chiếu', N'Sap chieu', N'Dang dien ra') AND [s].[EndTime] <= @__now_0
2026-05-25 16:07:07.504 +07:00 [INF] Executed DbCommand (4ms) [Parameters=[@__today_0='?' (DbType = Date)], CommandType='"Text"', CommandTimeout='30']
SELECT [m].[MovieID], [m].[Actors], [m].[Description], [m].[Director], [m].[Duration], [m].[Genre], [m].[MovieCode], [m].[Poster], [m].[ReleaseDate], [m].[Status], [m].[Title], [m].[Trailer]
FROM [Movies] AS [m]
WHERE [m].[Status] = N'Sap chieu' AND [m].[ReleaseDate] <= @__today_0
2026-05-25 16:08:07.524 +07:00 [INF] Executed DbCommand (4ms) [Parameters=[], CommandType='"Text"', CommandTimeout='30']
SELECT [o].[OrderID], [o].[CheckInTime], [o].[FinalAmount], [o].[HoldExpiryTime], [o].[OrderCode], [o].[PayOSTransID], [o].[PromoID], [o].[QrCode], [o].[ShowtimeID], [o].[Status], [o].[TotalAmount], [o].[UserID]
FROM [Orders] AS [o]
WHERE [o].[Status] = N'Chờ thanh toán' AND [o].[HoldExpiryTime] <= GETDATE()
2026-05-25 16:08:07.531 +07:00 [INF] Executed DbCommand (6ms) [Parameters=[@__maxSellingDate_0='?' (DbType = DateTime2), @__now_1='?' (DbType = DateTime2)], CommandType='"Text"', CommandTimeout='30']
SELECT [s].[ShowtimeID], [s].[EndTime], [s].[MovieID], [s].[RoomID], [s].[ShowtimeCode], [s].[StartTime], [s].[Status]
FROM [Showtimes] AS [s]
WHERE [s].[Status] IN (N'Đã lên lịch', N'Sap chieu') AND CONVERT(date, [s].[StartTime]) <= @__maxSellingDate_0 AND [s].[StartTime] > @__now_1
2026-05-25 16:08:07.536 +07:00 [INF] Executed DbCommand (4ms) [Parameters=[@__now_0='?' (DbType = DateTime2)], CommandType='"Text"', CommandTimeout='30']
SELECT [s].[ShowtimeID], [s].[EndTime], [s].[MovieID], [s].[RoomID], [s].[ShowtimeCode], [s].[StartTime], [s].[Status]
FROM [Showtimes] AS [s]
WHERE [s].[Status] IN (N'Đã lên lịch', N'Đang mở bán', N'Sap chieu') AND [s].[StartTime] <= @__now_0 AND [s].[EndTime] > @__now_0
2026-05-25 16:08:07.540 +07:00 [INF] Executed DbCommand (3ms) [Parameters=[@__now_0='?' (DbType = DateTime2)], CommandType='"Text"', CommandTimeout='30']
SELECT [s].[ShowtimeID], [s].[EndTime], [s].[MovieID], [s].[RoomID], [s].[ShowtimeCode], [s].[StartTime], [s].[Status]
FROM [Showtimes] AS [s]
WHERE [s].[Status] IN (N'Đã lên lịch', N'Đang mở bán', N'Đang chiếu', N'Sap chieu', N'Dang dien ra') AND [s].[EndTime] <= @__now_0
2026-05-25 16:08:07.545 +07:00 [INF] Executed DbCommand (3ms) [Parameters=[@__today_0='?' (DbType = Date)], CommandType='"Text"', CommandTimeout='30']
SELECT [m].[MovieID], [m].[Actors], [m].[Description], [m].[Director], [m].[Duration], [m].[Genre], [m].[MovieCode], [m].[Poster], [m].[ReleaseDate], [m].[Status], [m].[Title], [m].[Trailer]
FROM [Movies] AS [m]
WHERE [m].[Status] = N'Sap chieu' AND [m].[ReleaseDate] <= @__today_0
2026-05-25 16:09:07.560 +07:00 [INF] Executed DbCommand (4ms) [Parameters=[], CommandType='"Text"', CommandTimeout='30']
SELECT [o].[OrderID], [o].[CheckInTime], [o].[FinalAmount], [o].[HoldExpiryTime], [o].[OrderCode], [o].[PayOSTransID], [o].[PromoID], [o].[QrCode], [o].[ShowtimeID], [o].[Status], [o].[TotalAmount], [o].[UserID]
FROM [Orders] AS [o]
WHERE [o].[Status] = N'Chờ thanh toán' AND [o].[HoldExpiryTime] <= GETDATE()
2026-05-25 16:09:07.567 +07:00 [INF] Executed DbCommand (6ms) [Parameters=[@__maxSellingDate_0='?' (DbType = DateTime2), @__now_1='?' (DbType = DateTime2)], CommandType='"Text"', CommandTimeout='30']
SELECT [s].[ShowtimeID], [s].[EndTime], [s].[MovieID], [s].[RoomID], [s].[ShowtimeCode], [s].[StartTime], [s].[Status]
FROM [Showtimes] AS [s]
WHERE [s].[Status] IN (N'Đã lên lịch', N'Sap chieu') AND CONVERT(date, [s].[StartTime]) <= @__maxSellingDate_0 AND [s].[StartTime] > @__now_1
2026-05-25 16:09:07.570 +07:00 [INF] Executed DbCommand (2ms) [Parameters=[@__now_0='?' (DbType = DateTime2)], CommandType='"Text"', CommandTimeout='30']
SELECT [s].[ShowtimeID], [s].[EndTime], [s].[MovieID], [s].[RoomID], [s].[ShowtimeCode], [s].[StartTime], [s].[Status]
FROM [Showtimes] AS [s]
WHERE [s].[Status] IN (N'Đã lên lịch', N'Đang mở bán', N'Sap chieu') AND [s].[StartTime] <= @__now_0 AND [s].[EndTime] > @__now_0
2026-05-25 16:09:07.573 +07:00 [INF] Executed DbCommand (3ms) [Parameters=[@__now_0='?' (DbType = DateTime2)], CommandType='"Text"', CommandTimeout='30']
SELECT [s].[ShowtimeID], [s].[EndTime], [s].[MovieID], [s].[RoomID], [s].[ShowtimeCode], [s].[StartTime], [s].[Status]
FROM [Showtimes] AS [s]
WHERE [s].[Status] IN (N'Đã lên lịch', N'Đang mở bán', N'Đang chiếu', N'Sap chieu', N'Dang dien ra') AND [s].[EndTime] <= @__now_0
2026-05-25 16:09:07.576 +07:00 [INF] Executed DbCommand (2ms) [Parameters=[@__today_0='?' (DbType = Date)], CommandType='"Text"', CommandTimeout='30']
SELECT [m].[MovieID], [m].[Actors], [m].[Description], [m].[Director], [m].[Duration], [m].[Genre], [m].[MovieCode], [m].[Poster], [m].[ReleaseDate], [m].[Status], [m].[Title], [m].[Trailer]
FROM [Movies] AS [m]
WHERE [m].[Status] = N'Sap chieu' AND [m].[ReleaseDate] <= @__today_0
2026-05-25 16:10:07.586 +07:00 [INF] Executed DbCommand (4ms) [Parameters=[], CommandType='"Text"', CommandTimeout='30']
SELECT [o].[OrderID], [o].[CheckInTime], [o].[FinalAmount], [o].[HoldExpiryTime], [o].[OrderCode], [o].[PayOSTransID], [o].[PromoID], [o].[QrCode], [o].[ShowtimeID], [o].[Status], [o].[TotalAmount], [o].[UserID]
FROM [Orders] AS [o]
WHERE [o].[Status] = N'Chờ thanh toán' AND [o].[HoldExpiryTime] <= GETDATE()
2026-05-25 16:10:07.593 +07:00 [INF] Executed DbCommand (6ms) [Parameters=[@__maxSellingDate_0='?' (DbType = DateTime2), @__now_1='?' (DbType = DateTime2)], CommandType='"Text"', CommandTimeout='30']
SELECT [s].[ShowtimeID], [s].[EndTime], [s].[MovieID], [s].[RoomID], [s].[ShowtimeCode], [s].[StartTime], [s].[Status]
FROM [Showtimes] AS [s]
WHERE [s].[Status] IN (N'Đã lên lịch', N'Sap chieu') AND CONVERT(date, [s].[StartTime]) <= @__maxSellingDate_0 AND [s].[StartTime] > @__now_1
2026-05-25 16:10:07.598 +07:00 [INF] Executed DbCommand (4ms) [Parameters=[@__now_0='?' (DbType = DateTime2)], CommandType='"Text"', CommandTimeout='30']
SELECT [s].[ShowtimeID], [s].[EndTime], [s].[MovieID], [s].[RoomID], [s].[ShowtimeCode], [s].[StartTime], [s].[Status]
FROM [Showtimes] AS [s]
WHERE [s].[Status] IN (N'Đã lên lịch', N'Đang mở bán', N'Sap chieu') AND [s].[StartTime] <= @__now_0 AND [s].[EndTime] > @__now_0
2026-05-25 16:10:07.602 +07:00 [INF] Executed DbCommand (3ms) [Parameters=[@__now_0='?' (DbType = DateTime2)], CommandType='"Text"', CommandTimeout='30']
SELECT [s].[ShowtimeID], [s].[EndTime], [s].[MovieID], [s].[RoomID], [s].[ShowtimeCode], [s].[StartTime], [s].[Status]
FROM [Showtimes] AS [s]
WHERE [s].[Status] IN (N'Đã lên lịch', N'Đang mở bán', N'Đang chiếu', N'Sap chieu', N'Dang dien ra') AND [s].[EndTime] <= @__now_0
2026-05-25 16:10:07.607 +07:00 [INF] Executed DbCommand (3ms) [Parameters=[@__today_0='?' (DbType = Date)], CommandType='"Text"', CommandTimeout='30']
SELECT [m].[MovieID], [m].[Actors], [m].[Description], [m].[Director], [m].[Duration], [m].[Genre], [m].[MovieCode], [m].[Poster], [m].[ReleaseDate], [m].[Status], [m].[Title], [m].[Trailer]
FROM [Movies] AS [m]
WHERE [m].[Status] = N'Sap chieu' AND [m].[ReleaseDate] <= @__today_0
2026-05-25 16:11:07.631 +07:00 [INF] Executed DbCommand (4ms) [Parameters=[], CommandType='"Text"', CommandTimeout='30']
SELECT [o].[OrderID], [o].[CheckInTime], [o].[FinalAmount], [o].[HoldExpiryTime], [o].[OrderCode], [o].[PayOSTransID], [o].[PromoID], [o].[QrCode], [o].[ShowtimeID], [o].[Status], [o].[TotalAmount], [o].[UserID]
FROM [Orders] AS [o]
WHERE [o].[Status] = N'Chờ thanh toán' AND [o].[HoldExpiryTime] <= GETDATE()
2026-05-25 16:11:07.638 +07:00 [INF] Executed DbCommand (6ms) [Parameters=[@__maxSellingDate_0='?' (DbType = DateTime2), @__now_1='?' (DbType = DateTime2)], CommandType='"Text"', CommandTimeout='30']
SELECT [s].[ShowtimeID], [s].[EndTime], [s].[MovieID], [s].[RoomID], [s].[ShowtimeCode], [s].[StartTime], [s].[Status]
FROM [Showtimes] AS [s]
WHERE [s].[Status] IN (N'Đã lên lịch', N'Sap chieu') AND CONVERT(date, [s].[StartTime]) <= @__maxSellingDate_0 AND [s].[StartTime] > @__now_1
2026-05-25 16:11:07.642 +07:00 [INF] Executed DbCommand (3ms) [Parameters=[@__now_0='?' (DbType = DateTime2)], CommandType='"Text"', CommandTimeout='30']
SELECT [s].[ShowtimeID], [s].[EndTime], [s].[MovieID], [s].[RoomID], [s].[ShowtimeCode], [s].[StartTime], [s].[Status]
FROM [Showtimes] AS [s]
WHERE [s].[Status] IN (N'Đã lên lịch', N'Đang mở bán', N'Sap chieu') AND [s].[StartTime] <= @__now_0 AND [s].[EndTime] > @__now_0
2026-05-25 16:11:07.645 +07:00 [INF] Executed DbCommand (2ms) [Parameters=[@__now_0='?' (DbType = DateTime2)], CommandType='"Text"', CommandTimeout='30']
SELECT [s].[ShowtimeID], [s].[EndTime], [s].[MovieID], [s].[RoomID], [s].[ShowtimeCode], [s].[StartTime], [s].[Status]
FROM [Showtimes] AS [s]
WHERE [s].[Status] IN (N'Đã lên lịch', N'Đang mở bán', N'Đang chiếu', N'Sap chieu', N'Dang dien ra') AND [s].[EndTime] <= @__now_0
2026-05-25 16:11:07.650 +07:00 [INF] Executed DbCommand (4ms) [Parameters=[@__today_0='?' (DbType = Date)], CommandType='"Text"', CommandTimeout='30']
SELECT [m].[MovieID], [m].[Actors], [m].[Description], [m].[Director], [m].[Duration], [m].[Genre], [m].[MovieCode], [m].[Poster], [m].[ReleaseDate], [m].[Status], [m].[Title], [m].[Trailer]
FROM [Movies] AS [m]
WHERE [m].[Status] = N'Sap chieu' AND [m].[ReleaseDate] <= @__today_0
2026-05-25 16:12:07.663 +07:00 [INF] Executed DbCommand (5ms) [Parameters=[], CommandType='"Text"', CommandTimeout='30']
SELECT [o].[OrderID], [o].[CheckInTime], [o].[FinalAmount], [o].[HoldExpiryTime], [o].[OrderCode], [o].[PayOSTransID], [o].[PromoID], [o].[QrCode], [o].[ShowtimeID], [o].[Status], [o].[TotalAmount], [o].[UserID]
FROM [Orders] AS [o]
WHERE [o].[Status] = N'Chờ thanh toán' AND [o].[HoldExpiryTime] <= GETDATE()
2026-05-25 16:12:07.667 +07:00 [INF] Executed DbCommand (3ms) [Parameters=[@__maxSellingDate_0='?' (DbType = DateTime2), @__now_1='?' (DbType = DateTime2)], CommandType='"Text"', CommandTimeout='30']
SELECT [s].[ShowtimeID], [s].[EndTime], [s].[MovieID], [s].[RoomID], [s].[ShowtimeCode], [s].[StartTime], [s].[Status]
FROM [Showtimes] AS [s]
WHERE [s].[Status] IN (N'Đã lên lịch', N'Sap chieu') AND CONVERT(date, [s].[StartTime]) <= @__maxSellingDate_0 AND [s].[StartTime] > @__now_1
2026-05-25 16:12:07.671 +07:00 [INF] Executed DbCommand (3ms) [Parameters=[@__now_0='?' (DbType = DateTime2)], CommandType='"Text"', CommandTimeout='30']
SELECT [s].[ShowtimeID], [s].[EndTime], [s].[MovieID], [s].[RoomID], [s].[ShowtimeCode], [s].[StartTime], [s].[Status]
FROM [Showtimes] AS [s]
WHERE [s].[Status] IN (N'Đã lên lịch', N'Đang mở bán', N'Sap chieu') AND [s].[StartTime] <= @__now_0 AND [s].[EndTime] > @__now_0
2026-05-25 16:12:07.674 +07:00 [INF] Executed DbCommand (2ms) [Parameters=[@__now_0='?' (DbType = DateTime2)], CommandType='"Text"', CommandTimeout='30']
SELECT [s].[ShowtimeID], [s].[EndTime], [s].[MovieID], [s].[RoomID], [s].[ShowtimeCode], [s].[StartTime], [s].[Status]
FROM [Showtimes] AS [s]
WHERE [s].[Status] IN (N'Đã lên lịch', N'Đang mở bán', N'Đang chiếu', N'Sap chieu', N'Dang dien ra') AND [s].[EndTime] <= @__now_0
2026-05-25 16:12:07.678 +07:00 [INF] Executed DbCommand (2ms) [Parameters=[@__today_0='?' (DbType = Date)], CommandType='"Text"', CommandTimeout='30']
SELECT [m].[MovieID], [m].[Actors], [m].[Description], [m].[Director], [m].[Duration], [m].[Genre], [m].[MovieCode], [m].[Poster], [m].[ReleaseDate], [m].[Status], [m].[Title], [m].[Trailer]
FROM [Movies] AS [m]
WHERE [m].[Status] = N'Sap chieu' AND [m].[ReleaseDate] <= @__today_0
2026-05-25 16:13:07.696 +07:00 [INF] Executed DbCommand (4ms) [Parameters=[], CommandType='"Text"', CommandTimeout='30']
SELECT [o].[OrderID], [o].[CheckInTime], [o].[FinalAmount], [o].[HoldExpiryTime], [o].[OrderCode], [o].[PayOSTransID], [o].[PromoID], [o].[QrCode], [o].[ShowtimeID], [o].[Status], [o].[TotalAmount], [o].[UserID]
FROM [Orders] AS [o]
WHERE [o].[Status] = N'Chờ thanh toán' AND [o].[HoldExpiryTime] <= GETDATE()
2026-05-25 16:13:07.703 +07:00 [INF] Executed DbCommand (5ms) [Parameters=[@__maxSellingDate_0='?' (DbType = DateTime2), @__now_1='?' (DbType = DateTime2)], CommandType='"Text"', CommandTimeout='30']
SELECT [s].[ShowtimeID], [s].[EndTime], [s].[MovieID], [s].[RoomID], [s].[ShowtimeCode], [s].[StartTime], [s].[Status]
FROM [Showtimes] AS [s]
WHERE [s].[Status] IN (N'Đã lên lịch', N'Sap chieu') AND CONVERT(date, [s].[StartTime]) <= @__maxSellingDate_0 AND [s].[StartTime] > @__now_1
2026-05-25 16:13:07.707 +07:00 [INF] Executed DbCommand (3ms) [Parameters=[@__now_0='?' (DbType = DateTime2)], CommandType='"Text"', CommandTimeout='30']
SELECT [s].[ShowtimeID], [s].[EndTime], [s].[MovieID], [s].[RoomID], [s].[ShowtimeCode], [s].[StartTime], [s].[Status]
FROM [Showtimes] AS [s]
WHERE [s].[Status] IN (N'Đã lên lịch', N'Đang mở bán', N'Sap chieu') AND [s].[StartTime] <= @__now_0 AND [s].[EndTime] > @__now_0
2026-05-25 16:13:07.711 +07:00 [INF] Executed DbCommand (2ms) [Parameters=[@__now_0='?' (DbType = DateTime2)], CommandType='"Text"', CommandTimeout='30']
SELECT [s].[ShowtimeID], [s].[EndTime], [s].[MovieID], [s].[RoomID], [s].[ShowtimeCode], [s].[StartTime], [s].[Status]
FROM [Showtimes] AS [s]
WHERE [s].[Status] IN (N'Đã lên lịch', N'Đang mở bán', N'Đang chiếu', N'Sap chieu', N'Dang dien ra') AND [s].[EndTime] <= @__now_0
2026-05-25 16:13:07.715 +07:00 [INF] Executed DbCommand (3ms) [Parameters=[@__today_0='?' (DbType = Date)], CommandType='"Text"', CommandTimeout='30']
SELECT [m].[MovieID], [m].[Actors], [m].[Description], [m].[Director], [m].[Duration], [m].[Genre], [m].[MovieCode], [m].[Poster], [m].[ReleaseDate], [m].[Status], [m].[Title], [m].[Trailer]
FROM [Movies] AS [m]
WHERE [m].[Status] = N'Sap chieu' AND [m].[ReleaseDate] <= @__today_0
2026-05-25 16:14:07.724 +07:00 [INF] Executed DbCommand (3ms) [Parameters=[], CommandType='"Text"', CommandTimeout='30']
SELECT [o].[OrderID], [o].[CheckInTime], [o].[FinalAmount], [o].[HoldExpiryTime], [o].[OrderCode], [o].[PayOSTransID], [o].[PromoID], [o].[QrCode], [o].[ShowtimeID], [o].[Status], [o].[TotalAmount], [o].[UserID]
FROM [Orders] AS [o]
WHERE [o].[Status] = N'Chờ thanh toán' AND [o].[HoldExpiryTime] <= GETDATE()
2026-05-25 16:14:07.731 +07:00 [INF] Executed DbCommand (5ms) [Parameters=[@__maxSellingDate_0='?' (DbType = DateTime2), @__now_1='?' (DbType = DateTime2)], CommandType='"Text"', CommandTimeout='30']
SELECT [s].[ShowtimeID], [s].[EndTime], [s].[MovieID], [s].[RoomID], [s].[ShowtimeCode], [s].[StartTime], [s].[Status]
FROM [Showtimes] AS [s]
WHERE [s].[Status] IN (N'Đã lên lịch', N'Sap chieu') AND CONVERT(date, [s].[StartTime]) <= @__maxSellingDate_0 AND [s].[StartTime] > @__now_1
2026-05-25 16:14:07.735 +07:00 [INF] Executed DbCommand (3ms) [Parameters=[@__now_0='?' (DbType = DateTime2)], CommandType='"Text"', CommandTimeout='30']
SELECT [s].[ShowtimeID], [s].[EndTime], [s].[MovieID], [s].[RoomID], [s].[ShowtimeCode], [s].[StartTime], [s].[Status]
FROM [Showtimes] AS [s]
WHERE [s].[Status] IN (N'Đã lên lịch', N'Đang mở bán', N'Sap chieu') AND [s].[StartTime] <= @__now_0 AND [s].[EndTime] > @__now_0
2026-05-25 16:14:07.738 +07:00 [INF] Executed DbCommand (2ms) [Parameters=[@__now_0='?' (DbType = DateTime2)], CommandType='"Text"', CommandTimeout='30']
SELECT [s].[ShowtimeID], [s].[EndTime], [s].[MovieID], [s].[RoomID], [s].[ShowtimeCode], [s].[StartTime], [s].[Status]
FROM [Showtimes] AS [s]
WHERE [s].[Status] IN (N'Đã lên lịch', N'Đang mở bán', N'Đang chiếu', N'Sap chieu', N'Dang dien ra') AND [s].[EndTime] <= @__now_0
2026-05-25 16:14:07.740 +07:00 [INF] Executed DbCommand (2ms) [Parameters=[@__today_0='?' (DbType = Date)], CommandType='"Text"', CommandTimeout='30']
SELECT [m].[MovieID], [m].[Actors], [m].[Description], [m].[Director], [m].[Duration], [m].[Genre], [m].[MovieCode], [m].[Poster], [m].[ReleaseDate], [m].[Status], [m].[Title], [m].[Trailer]
FROM [Movies] AS [m]
WHERE [m].[Status] = N'Sap chieu' AND [m].[ReleaseDate] <= @__today_0
2026-05-25 16:15:07.762 +07:00 [INF] Executed DbCommand (4ms) [Parameters=[], CommandType='"Text"', CommandTimeout='30']
SELECT [o].[OrderID], [o].[CheckInTime], [o].[FinalAmount], [o].[HoldExpiryTime], [o].[OrderCode], [o].[PayOSTransID], [o].[PromoID], [o].[QrCode], [o].[ShowtimeID], [o].[Status], [o].[TotalAmount], [o].[UserID]
FROM [Orders] AS [o]
WHERE [o].[Status] = N'Chờ thanh toán' AND [o].[HoldExpiryTime] <= GETDATE()
2026-05-25 16:15:07.771 +07:00 [INF] Executed DbCommand (7ms) [Parameters=[@__maxSellingDate_0='?' (DbType = DateTime2), @__now_1='?' (DbType = DateTime2)], CommandType='"Text"', CommandTimeout='30']
SELECT [s].[ShowtimeID], [s].[EndTime], [s].[MovieID], [s].[RoomID], [s].[ShowtimeCode], [s].[StartTime], [s].[Status]
FROM [Showtimes] AS [s]
WHERE [s].[Status] IN (N'Đã lên lịch', N'Sap chieu') AND CONVERT(date, [s].[StartTime]) <= @__maxSellingDate_0 AND [s].[StartTime] > @__now_1
2026-05-25 16:15:07.774 +07:00 [INF] Executed DbCommand (2ms) [Parameters=[@__now_0='?' (DbType = DateTime2)], CommandType='"Text"', CommandTimeout='30']
SELECT [s].[ShowtimeID], [s].[EndTime], [s].[MovieID], [s].[RoomID], [s].[ShowtimeCode], [s].[StartTime], [s].[Status]
FROM [Showtimes] AS [s]
WHERE [s].[Status] IN (N'Đã lên lịch', N'Đang mở bán', N'Sap chieu') AND [s].[StartTime] <= @__now_0 AND [s].[EndTime] > @__now_0
2026-05-25 16:15:07.777 +07:00 [INF] Executed DbCommand (3ms) [Parameters=[@__now_0='?' (DbType = DateTime2)], CommandType='"Text"', CommandTimeout='30']
SELECT [s].[ShowtimeID], [s].[EndTime], [s].[MovieID], [s].[RoomID], [s].[ShowtimeCode], [s].[StartTime], [s].[Status]
FROM [Showtimes] AS [s]
WHERE [s].[Status] IN (N'Đã lên lịch', N'Đang mở bán', N'Đang chiếu', N'Sap chieu', N'Dang dien ra') AND [s].[EndTime] <= @__now_0
2026-05-25 16:15:07.782 +07:00 [INF] Executed DbCommand (3ms) [Parameters=[@__today_0='?' (DbType = Date)], CommandType='"Text"', CommandTimeout='30']
SELECT [m].[MovieID], [m].[Actors], [m].[Description], [m].[Director], [m].[Duration], [m].[Genre], [m].[MovieCode], [m].[Poster], [m].[ReleaseDate], [m].[Status], [m].[Title], [m].[Trailer]
FROM [Movies] AS [m]
WHERE [m].[Status] = N'Sap chieu' AND [m].[ReleaseDate] <= @__today_0
2026-05-25 16:16:07.785 +07:00 [INF] Executed DbCommand (4ms) [Parameters=[], CommandType='"Text"', CommandTimeout='30']
SELECT [o].[OrderID], [o].[CheckInTime], [o].[FinalAmount], [o].[HoldExpiryTime], [o].[OrderCode], [o].[PayOSTransID], [o].[PromoID], [o].[QrCode], [o].[ShowtimeID], [o].[Status], [o].[TotalAmount], [o].[UserID]
FROM [Orders] AS [o]
WHERE [o].[Status] = N'Chờ thanh toán' AND [o].[HoldExpiryTime] <= GETDATE()
2026-05-25 16:16:07.788 +07:00 [INF] Executed DbCommand (2ms) [Parameters=[@__maxSellingDate_0='?' (DbType = DateTime2), @__now_1='?' (DbType = DateTime2)], CommandType='"Text"', CommandTimeout='30']
SELECT [s].[ShowtimeID], [s].[EndTime], [s].[MovieID], [s].[RoomID], [s].[ShowtimeCode], [s].[StartTime], [s].[Status]
FROM [Showtimes] AS [s]
WHERE [s].[Status] IN (N'Đã lên lịch', N'Sap chieu') AND CONVERT(date, [s].[StartTime]) <= @__maxSellingDate_0 AND [s].[StartTime] > @__now_1
2026-05-25 16:16:07.790 +07:00 [INF] Executed DbCommand (2ms) [Parameters=[@__now_0='?' (DbType = DateTime2)], CommandType='"Text"', CommandTimeout='30']
SELECT [s].[ShowtimeID], [s].[EndTime], [s].[MovieID], [s].[RoomID], [s].[ShowtimeCode], [s].[StartTime], [s].[Status]
FROM [Showtimes] AS [s]
WHERE [s].[Status] IN (N'Đã lên lịch', N'Đang mở bán', N'Sap chieu') AND [s].[StartTime] <= @__now_0 AND [s].[EndTime] > @__now_0
2026-05-25 16:16:07.793 +07:00 [INF] Executed DbCommand (3ms) [Parameters=[@__now_0='?' (DbType = DateTime2)], CommandType='"Text"', CommandTimeout='30']
SELECT [s].[ShowtimeID], [s].[EndTime], [s].[MovieID], [s].[RoomID], [s].[ShowtimeCode], [s].[StartTime], [s].[Status]
FROM [Showtimes] AS [s]
WHERE [s].[Status] IN (N'Đã lên lịch', N'Đang mở bán', N'Đang chiếu', N'Sap chieu', N'Dang dien ra') AND [s].[EndTime] <= @__now_0
2026-05-25 16:16:07.798 +07:00 [INF] Executed DbCommand (3ms) [Parameters=[@__today_0='?' (DbType = Date)], CommandType='"Text"', CommandTimeout='30']
SELECT [m].[MovieID], [m].[Actors], [m].[Description], [m].[Director], [m].[Duration], [m].[Genre], [m].[MovieCode], [m].[Poster], [m].[ReleaseDate], [m].[Status], [m].[Title], [m].[Trailer]
FROM [Movies] AS [m]
WHERE [m].[Status] = N'Sap chieu' AND [m].[ReleaseDate] <= @__today_0
2026-05-25 16:17:07.809 +07:00 [INF] Executed DbCommand (5ms) [Parameters=[], CommandType='"Text"', CommandTimeout='30']
SELECT [o].[OrderID], [o].[CheckInTime], [o].[FinalAmount], [o].[HoldExpiryTime], [o].[OrderCode], [o].[PayOSTransID], [o].[PromoID], [o].[QrCode], [o].[ShowtimeID], [o].[Status], [o].[TotalAmount], [o].[UserID]
FROM [Orders] AS [o]
WHERE [o].[Status] = N'Chờ thanh toán' AND [o].[HoldExpiryTime] <= GETDATE()
2026-05-25 16:17:07.816 +07:00 [INF] Executed DbCommand (6ms) [Parameters=[@__maxSellingDate_0='?' (DbType = DateTime2), @__now_1='?' (DbType = DateTime2)], CommandType='"Text"', CommandTimeout='30']
SELECT [s].[ShowtimeID], [s].[EndTime], [s].[MovieID], [s].[RoomID], [s].[ShowtimeCode], [s].[StartTime], [s].[Status]
FROM [Showtimes] AS [s]
WHERE [s].[Status] IN (N'Đã lên lịch', N'Sap chieu') AND CONVERT(date, [s].[StartTime]) <= @__maxSellingDate_0 AND [s].[StartTime] > @__now_1
2026-05-25 16:17:07.820 +07:00 [INF] Executed DbCommand (3ms) [Parameters=[@__now_0='?' (DbType = DateTime2)], CommandType='"Text"', CommandTimeout='30']
SELECT [s].[ShowtimeID], [s].[EndTime], [s].[MovieID], [s].[RoomID], [s].[ShowtimeCode], [s].[StartTime], [s].[Status]
FROM [Showtimes] AS [s]
WHERE [s].[Status] IN (N'Đã lên lịch', N'Đang mở bán', N'Sap chieu') AND [s].[StartTime] <= @__now_0 AND [s].[EndTime] > @__now_0
2026-05-25 16:17:07.825 +07:00 [INF] Executed DbCommand (4ms) [Parameters=[@__now_0='?' (DbType = DateTime2)], CommandType='"Text"', CommandTimeout='30']
SELECT [s].[ShowtimeID], [s].[EndTime], [s].[MovieID], [s].[RoomID], [s].[ShowtimeCode], [s].[StartTime], [s].[Status]
FROM [Showtimes] AS [s]
WHERE [s].[Status] IN (N'Đã lên lịch', N'Đang mở bán', N'Đang chiếu', N'Sap chieu', N'Dang dien ra') AND [s].[EndTime] <= @__now_0
2026-05-25 16:17:07.829 +07:00 [INF] Executed DbCommand (2ms) [Parameters=[@__today_0='?' (DbType = Date)], CommandType='"Text"', CommandTimeout='30']
SELECT [m].[MovieID], [m].[Actors], [m].[Description], [m].[Director], [m].[Duration], [m].[Genre], [m].[MovieCode], [m].[Poster], [m].[ReleaseDate], [m].[Status], [m].[Title], [m].[Trailer]
FROM [Movies] AS [m]
WHERE [m].[Status] = N'Sap chieu' AND [m].[ReleaseDate] <= @__today_0
2026-05-25 16:18:07.847 +07:00 [INF] Executed DbCommand (6ms) [Parameters=[], CommandType='"Text"', CommandTimeout='30']
SELECT [o].[OrderID], [o].[CheckInTime], [o].[FinalAmount], [o].[HoldExpiryTime], [o].[OrderCode], [o].[PayOSTransID], [o].[PromoID], [o].[QrCode], [o].[ShowtimeID], [o].[Status], [o].[TotalAmount], [o].[UserID]
FROM [Orders] AS [o]
WHERE [o].[Status] = N'Chờ thanh toán' AND [o].[HoldExpiryTime] <= GETDATE()
2026-05-25 16:18:07.857 +07:00 [INF] Executed DbCommand (8ms) [Parameters=[@__maxSellingDate_0='?' (DbType = DateTime2), @__now_1='?' (DbType = DateTime2)], CommandType='"Text"', CommandTimeout='30']
SELECT [s].[ShowtimeID], [s].[EndTime], [s].[MovieID], [s].[RoomID], [s].[ShowtimeCode], [s].[StartTime], [s].[Status]
FROM [Showtimes] AS [s]
WHERE [s].[Status] IN (N'Đã lên lịch', N'Sap chieu') AND CONVERT(date, [s].[StartTime]) <= @__maxSellingDate_0 AND [s].[StartTime] > @__now_1
2026-05-25 16:18:07.862 +07:00 [INF] Executed DbCommand (4ms) [Parameters=[@__now_0='?' (DbType = DateTime2)], CommandType='"Text"', CommandTimeout='30']
SELECT [s].[ShowtimeID], [s].[EndTime], [s].[MovieID], [s].[RoomID], [s].[ShowtimeCode], [s].[StartTime], [s].[Status]
FROM [Showtimes] AS [s]
WHERE [s].[Status] IN (N'Đã lên lịch', N'Đang mở bán', N'Sap chieu') AND [s].[StartTime] <= @__now_0 AND [s].[EndTime] > @__now_0
2026-05-25 16:18:07.867 +07:00 [INF] Executed DbCommand (4ms) [Parameters=[@__now_0='?' (DbType = DateTime2)], CommandType='"Text"', CommandTimeout='30']
SELECT [s].[ShowtimeID], [s].[EndTime], [s].[MovieID], [s].[RoomID], [s].[ShowtimeCode], [s].[StartTime], [s].[Status]
FROM [Showtimes] AS [s]
WHERE [s].[Status] IN (N'Đã lên lịch', N'Đang mở bán', N'Đang chiếu', N'Sap chieu', N'Dang dien ra') AND [s].[EndTime] <= @__now_0
2026-05-25 16:18:07.872 +07:00 [INF] Executed DbCommand (3ms) [Parameters=[@__today_0='?' (DbType = Date)], CommandType='"Text"', CommandTimeout='30']
SELECT [m].[MovieID], [m].[Actors], [m].[Description], [m].[Director], [m].[Duration], [m].[Genre], [m].[MovieCode], [m].[Poster], [m].[ReleaseDate], [m].[Status], [m].[Title], [m].[Trailer]
FROM [Movies] AS [m]
WHERE [m].[Status] = N'Sap chieu' AND [m].[ReleaseDate] <= @__today_0
2026-05-25 16:19:07.894 +07:00 [INF] Executed DbCommand (4ms) [Parameters=[], CommandType='"Text"', CommandTimeout='30']
SELECT [o].[OrderID], [o].[CheckInTime], [o].[FinalAmount], [o].[HoldExpiryTime], [o].[OrderCode], [o].[PayOSTransID], [o].[PromoID], [o].[QrCode], [o].[ShowtimeID], [o].[Status], [o].[TotalAmount], [o].[UserID]
FROM [Orders] AS [o]
WHERE [o].[Status] = N'Chờ thanh toán' AND [o].[HoldExpiryTime] <= GETDATE()
2026-05-25 16:19:07.901 +07:00 [INF] Executed DbCommand (5ms) [Parameters=[@__maxSellingDate_0='?' (DbType = DateTime2), @__now_1='?' (DbType = DateTime2)], CommandType='"Text"', CommandTimeout='30']
SELECT [s].[ShowtimeID], [s].[EndTime], [s].[MovieID], [s].[RoomID], [s].[ShowtimeCode], [s].[StartTime], [s].[Status]
FROM [Showtimes] AS [s]
WHERE [s].[Status] IN (N'Đã lên lịch', N'Sap chieu') AND CONVERT(date, [s].[StartTime]) <= @__maxSellingDate_0 AND [s].[StartTime] > @__now_1
2026-05-25 16:19:07.906 +07:00 [INF] Executed DbCommand (4ms) [Parameters=[@__now_0='?' (DbType = DateTime2)], CommandType='"Text"', CommandTimeout='30']
SELECT [s].[ShowtimeID], [s].[EndTime], [s].[MovieID], [s].[RoomID], [s].[ShowtimeCode], [s].[StartTime], [s].[Status]
FROM [Showtimes] AS [s]
WHERE [s].[Status] IN (N'Đã lên lịch', N'Đang mở bán', N'Sap chieu') AND [s].[StartTime] <= @__now_0 AND [s].[EndTime] > @__now_0
2026-05-25 16:19:07.911 +07:00 [INF] Executed DbCommand (4ms) [Parameters=[@__now_0='?' (DbType = DateTime2)], CommandType='"Text"', CommandTimeout='30']
SELECT [s].[ShowtimeID], [s].[EndTime], [s].[MovieID], [s].[RoomID], [s].[ShowtimeCode], [s].[StartTime], [s].[Status]
FROM [Showtimes] AS [s]
WHERE [s].[Status] IN (N'Đã lên lịch', N'Đang mở bán', N'Đang chiếu', N'Sap chieu', N'Dang dien ra') AND [s].[EndTime] <= @__now_0
2026-05-25 16:19:07.917 +07:00 [INF] Executed DbCommand (4ms) [Parameters=[@__today_0='?' (DbType = Date)], CommandType='"Text"', CommandTimeout='30']
SELECT [m].[MovieID], [m].[Actors], [m].[Description], [m].[Director], [m].[Duration], [m].[Genre], [m].[MovieCode], [m].[Poster], [m].[ReleaseDate], [m].[Status], [m].[Title], [m].[Trailer]
FROM [Movies] AS [m]
WHERE [m].[Status] = N'Sap chieu' AND [m].[ReleaseDate] <= @__today_0
2026-05-25 16:20:07.925 +07:00 [INF] Executed DbCommand (2ms) [Parameters=[], CommandType='"Text"', CommandTimeout='30']
SELECT [o].[OrderID], [o].[CheckInTime], [o].[FinalAmount], [o].[HoldExpiryTime], [o].[OrderCode], [o].[PayOSTransID], [o].[PromoID], [o].[QrCode], [o].[ShowtimeID], [o].[Status], [o].[TotalAmount], [o].[UserID]
FROM [Orders] AS [o]
WHERE [o].[Status] = N'Chờ thanh toán' AND [o].[HoldExpiryTime] <= GETDATE()
2026-05-25 16:20:07.928 +07:00 [INF] Executed DbCommand (2ms) [Parameters=[@__maxSellingDate_0='?' (DbType = DateTime2), @__now_1='?' (DbType = DateTime2)], CommandType='"Text"', CommandTimeout='30']
SELECT [s].[ShowtimeID], [s].[EndTime], [s].[MovieID], [s].[RoomID], [s].[ShowtimeCode], [s].[StartTime], [s].[Status]
FROM [Showtimes] AS [s]
WHERE [s].[Status] IN (N'Đã lên lịch', N'Sap chieu') AND CONVERT(date, [s].[StartTime]) <= @__maxSellingDate_0 AND [s].[StartTime] > @__now_1
2026-05-25 16:20:07.931 +07:00 [INF] Executed DbCommand (2ms) [Parameters=[@__now_0='?' (DbType = DateTime2)], CommandType='"Text"', CommandTimeout='30']
SELECT [s].[ShowtimeID], [s].[EndTime], [s].[MovieID], [s].[RoomID], [s].[ShowtimeCode], [s].[StartTime], [s].[Status]
FROM [Showtimes] AS [s]
WHERE [s].[Status] IN (N'Đã lên lịch', N'Đang mở bán', N'Sap chieu') AND [s].[StartTime] <= @__now_0 AND [s].[EndTime] > @__now_0
2026-05-25 16:20:07.934 +07:00 [INF] Executed DbCommand (3ms) [Parameters=[@__now_0='?' (DbType = DateTime2)], CommandType='"Text"', CommandTimeout='30']
SELECT [s].[ShowtimeID], [s].[EndTime], [s].[MovieID], [s].[RoomID], [s].[ShowtimeCode], [s].[StartTime], [s].[Status]
FROM [Showtimes] AS [s]
WHERE [s].[Status] IN (N'Đã lên lịch', N'Đang mở bán', N'Đang chiếu', N'Sap chieu', N'Dang dien ra') AND [s].[EndTime] <= @__now_0
2026-05-25 16:20:07.937 +07:00 [INF] Executed DbCommand (2ms) [Parameters=[@__today_0='?' (DbType = Date)], CommandType='"Text"', CommandTimeout='30']
SELECT [m].[MovieID], [m].[Actors], [m].[Description], [m].[Director], [m].[Duration], [m].[Genre], [m].[MovieCode], [m].[Poster], [m].[ReleaseDate], [m].[Status], [m].[Title], [m].[Trailer]
FROM [Movies] AS [m]
WHERE [m].[Status] = N'Sap chieu' AND [m].[ReleaseDate] <= @__today_0
2026-05-25 16:21:07.955 +07:00 [INF] Executed DbCommand (3ms) [Parameters=[], CommandType='"Text"', CommandTimeout='30']
SELECT [o].[OrderID], [o].[CheckInTime], [o].[FinalAmount], [o].[HoldExpiryTime], [o].[OrderCode], [o].[PayOSTransID], [o].[PromoID], [o].[QrCode], [o].[ShowtimeID], [o].[Status], [o].[TotalAmount], [o].[UserID]
FROM [Orders] AS [o]
WHERE [o].[Status] = N'Chờ thanh toán' AND [o].[HoldExpiryTime] <= GETDATE()
2026-05-25 16:21:07.959 +07:00 [INF] Executed DbCommand (3ms) [Parameters=[@__maxSellingDate_0='?' (DbType = DateTime2), @__now_1='?' (DbType = DateTime2)], CommandType='"Text"', CommandTimeout='30']
SELECT [s].[ShowtimeID], [s].[EndTime], [s].[MovieID], [s].[RoomID], [s].[ShowtimeCode], [s].[StartTime], [s].[Status]
FROM [Showtimes] AS [s]
WHERE [s].[Status] IN (N'Đã lên lịch', N'Sap chieu') AND CONVERT(date, [s].[StartTime]) <= @__maxSellingDate_0 AND [s].[StartTime] > @__now_1
2026-05-25 16:21:07.962 +07:00 [INF] Executed DbCommand (2ms) [Parameters=[@__now_0='?' (DbType = DateTime2)], CommandType='"Text"', CommandTimeout='30']
SELECT [s].[ShowtimeID], [s].[EndTime], [s].[MovieID], [s].[RoomID], [s].[ShowtimeCode], [s].[StartTime], [s].[Status]
FROM [Showtimes] AS [s]
WHERE [s].[Status] IN (N'Đã lên lịch', N'Đang mở bán', N'Sap chieu') AND [s].[StartTime] <= @__now_0 AND [s].[EndTime] > @__now_0
2026-05-25 16:21:07.964 +07:00 [INF] Executed DbCommand (2ms) [Parameters=[@__now_0='?' (DbType = DateTime2)], CommandType='"Text"', CommandTimeout='30']
SELECT [s].[ShowtimeID], [s].[EndTime], [s].[MovieID], [s].[RoomID], [s].[ShowtimeCode], [s].[StartTime], [s].[Status]
FROM [Showtimes] AS [s]
WHERE [s].[Status] IN (N'Đã lên lịch', N'Đang mở bán', N'Đang chiếu', N'Sap chieu', N'Dang dien ra') AND [s].[EndTime] <= @__now_0
2026-05-25 16:21:07.967 +07:00 [INF] Executed DbCommand (2ms) [Parameters=[@__today_0='?' (DbType = Date)], CommandType='"Text"', CommandTimeout='30']
SELECT [m].[MovieID], [m].[Actors], [m].[Description], [m].[Director], [m].[Duration], [m].[Genre], [m].[MovieCode], [m].[Poster], [m].[ReleaseDate], [m].[Status], [m].[Title], [m].[Trailer]
FROM [Movies] AS [m]
WHERE [m].[Status] = N'Sap chieu' AND [m].[ReleaseDate] <= @__today_0
2026-05-25 16:22:07.973 +07:00 [INF] Executed DbCommand (3ms) [Parameters=[], CommandType='"Text"', CommandTimeout='30']
SELECT [o].[OrderID], [o].[CheckInTime], [o].[FinalAmount], [o].[HoldExpiryTime], [o].[OrderCode], [o].[PayOSTransID], [o].[PromoID], [o].[QrCode], [o].[ShowtimeID], [o].[Status], [o].[TotalAmount], [o].[UserID]
FROM [Orders] AS [o]
WHERE [o].[Status] = N'Chờ thanh toán' AND [o].[HoldExpiryTime] <= GETDATE()
2026-05-25 16:22:07.977 +07:00 [INF] Executed DbCommand (3ms) [Parameters=[@__maxSellingDate_0='?' (DbType = DateTime2), @__now_1='?' (DbType = DateTime2)], CommandType='"Text"', CommandTimeout='30']
SELECT [s].[ShowtimeID], [s].[EndTime], [s].[MovieID], [s].[RoomID], [s].[ShowtimeCode], [s].[StartTime], [s].[Status]
FROM [Showtimes] AS [s]
WHERE [s].[Status] IN (N'Đã lên lịch', N'Sap chieu') AND CONVERT(date, [s].[StartTime]) <= @__maxSellingDate_0 AND [s].[StartTime] > @__now_1
2026-05-25 16:22:07.983 +07:00 [INF] Executed DbCommand (6ms) [Parameters=[@__now_0='?' (DbType = DateTime2)], CommandType='"Text"', CommandTimeout='30']
SELECT [s].[ShowtimeID], [s].[EndTime], [s].[MovieID], [s].[RoomID], [s].[ShowtimeCode], [s].[StartTime], [s].[Status]
FROM [Showtimes] AS [s]
WHERE [s].[Status] IN (N'Đã lên lịch', N'Đang mở bán', N'Sap chieu') AND [s].[StartTime] <= @__now_0 AND [s].[EndTime] > @__now_0
2026-05-25 16:22:07.987 +07:00 [INF] Executed DbCommand (3ms) [Parameters=[@__now_0='?' (DbType = DateTime2)], CommandType='"Text"', CommandTimeout='30']
SELECT [s].[ShowtimeID], [s].[EndTime], [s].[MovieID], [s].[RoomID], [s].[ShowtimeCode], [s].[StartTime], [s].[Status]
FROM [Showtimes] AS [s]
WHERE [s].[Status] IN (N'Đã lên lịch', N'Đang mở bán', N'Đang chiếu', N'Sap chieu', N'Dang dien ra') AND [s].[EndTime] <= @__now_0
2026-05-25 16:22:07.991 +07:00 [INF] Executed DbCommand (3ms) [Parameters=[@__today_0='?' (DbType = Date)], CommandType='"Text"', CommandTimeout='30']
SELECT [m].[MovieID], [m].[Actors], [m].[Description], [m].[Director], [m].[Duration], [m].[Genre], [m].[MovieCode], [m].[Poster], [m].[ReleaseDate], [m].[Status], [m].[Title], [m].[Trailer]
FROM [Movies] AS [m]
WHERE [m].[Status] = N'Sap chieu' AND [m].[ReleaseDate] <= @__today_0
2026-05-25 16:23:08.017 +07:00 [INF] Executed DbCommand (7ms) [Parameters=[], CommandType='"Text"', CommandTimeout='30']
SELECT [o].[OrderID], [o].[CheckInTime], [o].[FinalAmount], [o].[HoldExpiryTime], [o].[OrderCode], [o].[PayOSTransID], [o].[PromoID], [o].[QrCode], [o].[ShowtimeID], [o].[Status], [o].[TotalAmount], [o].[UserID]
FROM [Orders] AS [o]
WHERE [o].[Status] = N'Chờ thanh toán' AND [o].[HoldExpiryTime] <= GETDATE()
2026-05-25 16:23:08.025 +07:00 [INF] Executed DbCommand (6ms) [Parameters=[@__maxSellingDate_0='?' (DbType = DateTime2), @__now_1='?' (DbType = DateTime2)], CommandType='"Text"', CommandTimeout='30']
SELECT [s].[ShowtimeID], [s].[EndTime], [s].[MovieID], [s].[RoomID], [s].[ShowtimeCode], [s].[StartTime], [s].[Status]
FROM [Showtimes] AS [s]
WHERE [s].[Status] IN (N'Đã lên lịch', N'Sap chieu') AND CONVERT(date, [s].[StartTime]) <= @__maxSellingDate_0 AND [s].[StartTime] > @__now_1
2026-05-25 16:23:08.030 +07:00 [INF] Executed DbCommand (4ms) [Parameters=[@__now_0='?' (DbType = DateTime2)], CommandType='"Text"', CommandTimeout='30']
SELECT [s].[ShowtimeID], [s].[EndTime], [s].[MovieID], [s].[RoomID], [s].[ShowtimeCode], [s].[StartTime], [s].[Status]
FROM [Showtimes] AS [s]
WHERE [s].[Status] IN (N'Đã lên lịch', N'Đang mở bán', N'Sap chieu') AND [s].[StartTime] <= @__now_0 AND [s].[EndTime] > @__now_0
2026-05-25 16:23:08.034 +07:00 [INF] Executed DbCommand (4ms) [Parameters=[@__now_0='?' (DbType = DateTime2)], CommandType='"Text"', CommandTimeout='30']
SELECT [s].[ShowtimeID], [s].[EndTime], [s].[MovieID], [s].[RoomID], [s].[ShowtimeCode], [s].[StartTime], [s].[Status]
FROM [Showtimes] AS [s]
WHERE [s].[Status] IN (N'Đã lên lịch', N'Đang mở bán', N'Đang chiếu', N'Sap chieu', N'Dang dien ra') AND [s].[EndTime] <= @__now_0
2026-05-25 16:23:08.039 +07:00 [INF] Executed DbCommand (2ms) [Parameters=[@__today_0='?' (DbType = Date)], CommandType='"Text"', CommandTimeout='30']
SELECT [m].[MovieID], [m].[Actors], [m].[Description], [m].[Director], [m].[Duration], [m].[Genre], [m].[MovieCode], [m].[Poster], [m].[ReleaseDate], [m].[Status], [m].[Title], [m].[Trailer]
FROM [Movies] AS [m]
WHERE [m].[Status] = N'Sap chieu' AND [m].[ReleaseDate] <= @__today_0
2026-05-25 16:24:08.052 +07:00 [INF] Executed DbCommand (4ms) [Parameters=[], CommandType='"Text"', CommandTimeout='30']
SELECT [o].[OrderID], [o].[CheckInTime], [o].[FinalAmount], [o].[HoldExpiryTime], [o].[OrderCode], [o].[PayOSTransID], [o].[PromoID], [o].[QrCode], [o].[ShowtimeID], [o].[Status], [o].[TotalAmount], [o].[UserID]
FROM [Orders] AS [o]
WHERE [o].[Status] = N'Chờ thanh toán' AND [o].[HoldExpiryTime] <= GETDATE()
2026-05-25 16:24:08.059 +07:00 [INF] Executed DbCommand (6ms) [Parameters=[@__maxSellingDate_0='?' (DbType = DateTime2), @__now_1='?' (DbType = DateTime2)], CommandType='"Text"', CommandTimeout='30']
SELECT [s].[ShowtimeID], [s].[EndTime], [s].[MovieID], [s].[RoomID], [s].[ShowtimeCode], [s].[StartTime], [s].[Status]
FROM [Showtimes] AS [s]
WHERE [s].[Status] IN (N'Đã lên lịch', N'Sap chieu') AND CONVERT(date, [s].[StartTime]) <= @__maxSellingDate_0 AND [s].[StartTime] > @__now_1
2026-05-25 16:24:08.064 +07:00 [INF] Executed DbCommand (4ms) [Parameters=[@__now_0='?' (DbType = DateTime2)], CommandType='"Text"', CommandTimeout='30']
SELECT [s].[ShowtimeID], [s].[EndTime], [s].[MovieID], [s].[RoomID], [s].[ShowtimeCode], [s].[StartTime], [s].[Status]
FROM [Showtimes] AS [s]
WHERE [s].[Status] IN (N'Đã lên lịch', N'Đang mở bán', N'Sap chieu') AND [s].[StartTime] <= @__now_0 AND [s].[EndTime] > @__now_0
2026-05-25 16:24:08.069 +07:00 [INF] Executed DbCommand (4ms) [Parameters=[@__now_0='?' (DbType = DateTime2)], CommandType='"Text"', CommandTimeout='30']
SELECT [s].[ShowtimeID], [s].[EndTime], [s].[MovieID], [s].[RoomID], [s].[ShowtimeCode], [s].[StartTime], [s].[Status]
FROM [Showtimes] AS [s]
WHERE [s].[Status] IN (N'Đã lên lịch', N'Đang mở bán', N'Đang chiếu', N'Sap chieu', N'Dang dien ra') AND [s].[EndTime] <= @__now_0
2026-05-25 16:24:08.074 +07:00 [INF] Executed DbCommand (3ms) [Parameters=[@__today_0='?' (DbType = Date)], CommandType='"Text"', CommandTimeout='30']
SELECT [m].[MovieID], [m].[Actors], [m].[Description], [m].[Director], [m].[Duration], [m].[Genre], [m].[MovieCode], [m].[Poster], [m].[ReleaseDate], [m].[Status], [m].[Title], [m].[Trailer]
FROM [Movies] AS [m]
WHERE [m].[Status] = N'Sap chieu' AND [m].[ReleaseDate] <= @__today_0
2026-05-25 16:25:08.081 +07:00 [INF] Executed DbCommand (3ms) [Parameters=[], CommandType='"Text"', CommandTimeout='30']
SELECT [o].[OrderID], [o].[CheckInTime], [o].[FinalAmount], [o].[HoldExpiryTime], [o].[OrderCode], [o].[PayOSTransID], [o].[PromoID], [o].[QrCode], [o].[ShowtimeID], [o].[Status], [o].[TotalAmount], [o].[UserID]
FROM [Orders] AS [o]
WHERE [o].[Status] = N'Chờ thanh toán' AND [o].[HoldExpiryTime] <= GETDATE()
2026-05-25 16:25:08.086 +07:00 [INF] Executed DbCommand (3ms) [Parameters=[@__maxSellingDate_0='?' (DbType = DateTime2), @__now_1='?' (DbType = DateTime2)], CommandType='"Text"', CommandTimeout='30']
SELECT [s].[ShowtimeID], [s].[EndTime], [s].[MovieID], [s].[RoomID], [s].[ShowtimeCode], [s].[StartTime], [s].[Status]
FROM [Showtimes] AS [s]
WHERE [s].[Status] IN (N'Đã lên lịch', N'Sap chieu') AND CONVERT(date, [s].[StartTime]) <= @__maxSellingDate_0 AND [s].[StartTime] > @__now_1
2026-05-25 16:25:08.089 +07:00 [INF] Executed DbCommand (2ms) [Parameters=[@__now_0='?' (DbType = DateTime2)], CommandType='"Text"', CommandTimeout='30']
SELECT [s].[ShowtimeID], [s].[EndTime], [s].[MovieID], [s].[RoomID], [s].[ShowtimeCode], [s].[StartTime], [s].[Status]
FROM [Showtimes] AS [s]
WHERE [s].[Status] IN (N'Đã lên lịch', N'Đang mở bán', N'Sap chieu') AND [s].[StartTime] <= @__now_0 AND [s].[EndTime] > @__now_0
2026-05-25 16:25:08.092 +07:00 [INF] Executed DbCommand (3ms) [Parameters=[@__now_0='?' (DbType = DateTime2)], CommandType='"Text"', CommandTimeout='30']
SELECT [s].[ShowtimeID], [s].[EndTime], [s].[MovieID], [s].[RoomID], [s].[ShowtimeCode], [s].[StartTime], [s].[Status]
FROM [Showtimes] AS [s]
WHERE [s].[Status] IN (N'Đã lên lịch', N'Đang mở bán', N'Đang chiếu', N'Sap chieu', N'Dang dien ra') AND [s].[EndTime] <= @__now_0
2026-05-25 16:25:08.096 +07:00 [INF] Executed DbCommand (2ms) [Parameters=[@__today_0='?' (DbType = Date)], CommandType='"Text"', CommandTimeout='30']
SELECT [m].[MovieID], [m].[Actors], [m].[Description], [m].[Director], [m].[Duration], [m].[Genre], [m].[MovieCode], [m].[Poster], [m].[ReleaseDate], [m].[Status], [m].[Title], [m].[Trailer]
FROM [Movies] AS [m]
WHERE [m].[Status] = N'Sap chieu' AND [m].[ReleaseDate] <= @__today_0
2026-05-25 16:26:08.117 +07:00 [INF] Executed DbCommand (4ms) [Parameters=[], CommandType='"Text"', CommandTimeout='30']
SELECT [o].[OrderID], [o].[CheckInTime], [o].[FinalAmount], [o].[HoldExpiryTime], [o].[OrderCode], [o].[PayOSTransID], [o].[PromoID], [o].[QrCode], [o].[ShowtimeID], [o].[Status], [o].[TotalAmount], [o].[UserID]
FROM [Orders] AS [o]
WHERE [o].[Status] = N'Chờ thanh toán' AND [o].[HoldExpiryTime] <= GETDATE()
2026-05-25 16:26:08.124 +07:00 [INF] Executed DbCommand (5ms) [Parameters=[@__maxSellingDate_0='?' (DbType = DateTime2), @__now_1='?' (DbType = DateTime2)], CommandType='"Text"', CommandTimeout='30']
SELECT [s].[ShowtimeID], [s].[EndTime], [s].[MovieID], [s].[RoomID], [s].[ShowtimeCode], [s].[StartTime], [s].[Status]
FROM [Showtimes] AS [s]
WHERE [s].[Status] IN (N'Đã lên lịch', N'Sap chieu') AND CONVERT(date, [s].[StartTime]) <= @__maxSellingDate_0 AND [s].[StartTime] > @__now_1
2026-05-25 16:26:08.127 +07:00 [INF] Executed DbCommand (3ms) [Parameters=[@__now_0='?' (DbType = DateTime2)], CommandType='"Text"', CommandTimeout='30']
SELECT [s].[ShowtimeID], [s].[EndTime], [s].[MovieID], [s].[RoomID], [s].[ShowtimeCode], [s].[StartTime], [s].[Status]
FROM [Showtimes] AS [s]
WHERE [s].[Status] IN (N'Đã lên lịch', N'Đang mở bán', N'Sap chieu') AND [s].[StartTime] <= @__now_0 AND [s].[EndTime] > @__now_0
2026-05-25 16:26:08.131 +07:00 [INF] Executed DbCommand (3ms) [Parameters=[@__now_0='?' (DbType = DateTime2)], CommandType='"Text"', CommandTimeout='30']
SELECT [s].[ShowtimeID], [s].[EndTime], [s].[MovieID], [s].[RoomID], [s].[ShowtimeCode], [s].[StartTime], [s].[Status]
FROM [Showtimes] AS [s]
WHERE [s].[Status] IN (N'Đã lên lịch', N'Đang mở bán', N'Đang chiếu', N'Sap chieu', N'Dang dien ra') AND [s].[EndTime] <= @__now_0
2026-05-25 16:26:08.137 +07:00 [INF] Executed DbCommand (4ms) [Parameters=[@__today_0='?' (DbType = Date)], CommandType='"Text"', CommandTimeout='30']
SELECT [m].[MovieID], [m].[Actors], [m].[Description], [m].[Director], [m].[Duration], [m].[Genre], [m].[MovieCode], [m].[Poster], [m].[ReleaseDate], [m].[Status], [m].[Title], [m].[Trailer]
FROM [Movies] AS [m]
WHERE [m].[Status] = N'Sap chieu' AND [m].[ReleaseDate] <= @__today_0
2026-05-25 16:27:08.156 +07:00 [INF] Executed DbCommand (4ms) [Parameters=[], CommandType='"Text"', CommandTimeout='30']
SELECT [o].[OrderID], [o].[CheckInTime], [o].[FinalAmount], [o].[HoldExpiryTime], [o].[OrderCode], [o].[PayOSTransID], [o].[PromoID], [o].[QrCode], [o].[ShowtimeID], [o].[Status], [o].[TotalAmount], [o].[UserID]
FROM [Orders] AS [o]
WHERE [o].[Status] = N'Chờ thanh toán' AND [o].[HoldExpiryTime] <= GETDATE()
2026-05-25 16:27:08.163 +07:00 [INF] Executed DbCommand (5ms) [Parameters=[@__maxSellingDate_0='?' (DbType = DateTime2), @__now_1='?' (DbType = DateTime2)], CommandType='"Text"', CommandTimeout='30']
SELECT [s].[ShowtimeID], [s].[EndTime], [s].[MovieID], [s].[RoomID], [s].[ShowtimeCode], [s].[StartTime], [s].[Status]
FROM [Showtimes] AS [s]
WHERE [s].[Status] IN (N'Đã lên lịch', N'Sap chieu') AND CONVERT(date, [s].[StartTime]) <= @__maxSellingDate_0 AND [s].[StartTime] > @__now_1
2026-05-25 16:27:08.168 +07:00 [INF] Executed DbCommand (4ms) [Parameters=[@__now_0='?' (DbType = DateTime2)], CommandType='"Text"', CommandTimeout='30']
SELECT [s].[ShowtimeID], [s].[EndTime], [s].[MovieID], [s].[RoomID], [s].[ShowtimeCode], [s].[StartTime], [s].[Status]
FROM [Showtimes] AS [s]
WHERE [s].[Status] IN (N'Đã lên lịch', N'Đang mở bán', N'Sap chieu') AND [s].[StartTime] <= @__now_0 AND [s].[EndTime] > @__now_0
2026-05-25 16:27:08.173 +07:00 [INF] Executed DbCommand (4ms) [Parameters=[@__now_0='?' (DbType = DateTime2)], CommandType='"Text"', CommandTimeout='30']
SELECT [s].[ShowtimeID], [s].[EndTime], [s].[MovieID], [s].[RoomID], [s].[ShowtimeCode], [s].[StartTime], [s].[Status]
FROM [Showtimes] AS [s]
WHERE [s].[Status] IN (N'Đã lên lịch', N'Đang mở bán', N'Đang chiếu', N'Sap chieu', N'Dang dien ra') AND [s].[EndTime] <= @__now_0
2026-05-25 16:27:08.179 +07:00 [INF] Executed DbCommand (4ms) [Parameters=[@__today_0='?' (DbType = Date)], CommandType='"Text"', CommandTimeout='30']
SELECT [m].[MovieID], [m].[Actors], [m].[Description], [m].[Director], [m].[Duration], [m].[Genre], [m].[MovieCode], [m].[Poster], [m].[ReleaseDate], [m].[Status], [m].[Title], [m].[Trailer]
FROM [Movies] AS [m]
WHERE [m].[Status] = N'Sap chieu' AND [m].[ReleaseDate] <= @__today_0
2026-05-25 16:28:08.199 +07:00 [INF] Executed DbCommand (5ms) [Parameters=[], CommandType='"Text"', CommandTimeout='30']
SELECT [o].[OrderID], [o].[CheckInTime], [o].[FinalAmount], [o].[HoldExpiryTime], [o].[OrderCode], [o].[PayOSTransID], [o].[PromoID], [o].[QrCode], [o].[ShowtimeID], [o].[Status], [o].[TotalAmount], [o].[UserID]
FROM [Orders] AS [o]
WHERE [o].[Status] = N'Chờ thanh toán' AND [o].[HoldExpiryTime] <= GETDATE()
2026-05-25 16:28:08.206 +07:00 [INF] Executed DbCommand (5ms) [Parameters=[@__maxSellingDate_0='?' (DbType = DateTime2), @__now_1='?' (DbType = DateTime2)], CommandType='"Text"', CommandTimeout='30']
SELECT [s].[ShowtimeID], [s].[EndTime], [s].[MovieID], [s].[RoomID], [s].[ShowtimeCode], [s].[StartTime], [s].[Status]
FROM [Showtimes] AS [s]
WHERE [s].[Status] IN (N'Đã lên lịch', N'Sap chieu') AND CONVERT(date, [s].[StartTime]) <= @__maxSellingDate_0 AND [s].[StartTime] > @__now_1
2026-05-25 16:28:08.211 +07:00 [INF] Executed DbCommand (4ms) [Parameters=[@__now_0='?' (DbType = DateTime2)], CommandType='"Text"', CommandTimeout='30']
SELECT [s].[ShowtimeID], [s].[EndTime], [s].[MovieID], [s].[RoomID], [s].[ShowtimeCode], [s].[StartTime], [s].[Status]
FROM [Showtimes] AS [s]
WHERE [s].[Status] IN (N'Đã lên lịch', N'Đang mở bán', N'Sap chieu') AND [s].[StartTime] <= @__now_0 AND [s].[EndTime] > @__now_0
2026-05-25 16:28:08.216 +07:00 [INF] Executed DbCommand (4ms) [Parameters=[@__now_0='?' (DbType = DateTime2)], CommandType='"Text"', CommandTimeout='30']
SELECT [s].[ShowtimeID], [s].[EndTime], [s].[MovieID], [s].[RoomID], [s].[ShowtimeCode], [s].[StartTime], [s].[Status]
FROM [Showtimes] AS [s]
WHERE [s].[Status] IN (N'Đã lên lịch', N'Đang mở bán', N'Đang chiếu', N'Sap chieu', N'Dang dien ra') AND [s].[EndTime] <= @__now_0
2026-05-25 16:28:08.221 +07:00 [INF] Executed DbCommand (3ms) [Parameters=[@__today_0='?' (DbType = Date)], CommandType='"Text"', CommandTimeout='30']
SELECT [m].[MovieID], [m].[Actors], [m].[Description], [m].[Director], [m].[Duration], [m].[Genre], [m].[MovieCode], [m].[Poster], [m].[ReleaseDate], [m].[Status], [m].[Title], [m].[Trailer]
FROM [Movies] AS [m]
WHERE [m].[Status] = N'Sap chieu' AND [m].[ReleaseDate] <= @__today_0
2026-05-25 16:29:08.233 +07:00 [INF] Executed DbCommand (5ms) [Parameters=[], CommandType='"Text"', CommandTimeout='30']
SELECT [o].[OrderID], [o].[CheckInTime], [o].[FinalAmount], [o].[HoldExpiryTime], [o].[OrderCode], [o].[PayOSTransID], [o].[PromoID], [o].[QrCode], [o].[ShowtimeID], [o].[Status], [o].[TotalAmount], [o].[UserID]
FROM [Orders] AS [o]
WHERE [o].[Status] = N'Chờ thanh toán' AND [o].[HoldExpiryTime] <= GETDATE()
2026-05-25 16:29:08.240 +07:00 [INF] Executed DbCommand (5ms) [Parameters=[@__maxSellingDate_0='?' (DbType = DateTime2), @__now_1='?' (DbType = DateTime2)], CommandType='"Text"', CommandTimeout='30']
SELECT [s].[ShowtimeID], [s].[EndTime], [s].[MovieID], [s].[RoomID], [s].[ShowtimeCode], [s].[StartTime], [s].[Status]
FROM [Showtimes] AS [s]
WHERE [s].[Status] IN (N'Đã lên lịch', N'Sap chieu') AND CONVERT(date, [s].[StartTime]) <= @__maxSellingDate_0 AND [s].[StartTime] > @__now_1
2026-05-25 16:29:08.243 +07:00 [INF] Executed DbCommand (3ms) [Parameters=[@__now_0='?' (DbType = DateTime2)], CommandType='"Text"', CommandTimeout='30']
SELECT [s].[ShowtimeID], [s].[EndTime], [s].[MovieID], [s].[RoomID], [s].[ShowtimeCode], [s].[StartTime], [s].[Status]
FROM [Showtimes] AS [s]
WHERE [s].[Status] IN (N'Đã lên lịch', N'Đang mở bán', N'Sap chieu') AND [s].[StartTime] <= @__now_0 AND [s].[EndTime] > @__now_0
2026-05-25 16:29:08.249 +07:00 [INF] Executed DbCommand (5ms) [Parameters=[@__now_0='?' (DbType = DateTime2)], CommandType='"Text"', CommandTimeout='30']
SELECT [s].[ShowtimeID], [s].[EndTime], [s].[MovieID], [s].[RoomID], [s].[ShowtimeCode], [s].[StartTime], [s].[Status]
FROM [Showtimes] AS [s]
WHERE [s].[Status] IN (N'Đã lên lịch', N'Đang mở bán', N'Đang chiếu', N'Sap chieu', N'Dang dien ra') AND [s].[EndTime] <= @__now_0
2026-05-25 16:29:08.256 +07:00 [INF] Executed DbCommand (6ms) [Parameters=[@__today_0='?' (DbType = Date)], CommandType='"Text"', CommandTimeout='30']
SELECT [m].[MovieID], [m].[Actors], [m].[Description], [m].[Director], [m].[Duration], [m].[Genre], [m].[MovieCode], [m].[Poster], [m].[ReleaseDate], [m].[Status], [m].[Title], [m].[Trailer]
FROM [Movies] AS [m]
WHERE [m].[Status] = N'Sap chieu' AND [m].[ReleaseDate] <= @__today_0
2026-05-25 16:30:08.266 +07:00 [INF] Executed DbCommand (4ms) [Parameters=[], CommandType='"Text"', CommandTimeout='30']
SELECT [o].[OrderID], [o].[CheckInTime], [o].[FinalAmount], [o].[HoldExpiryTime], [o].[OrderCode], [o].[PayOSTransID], [o].[PromoID], [o].[QrCode], [o].[ShowtimeID], [o].[Status], [o].[TotalAmount], [o].[UserID]
FROM [Orders] AS [o]
WHERE [o].[Status] = N'Chờ thanh toán' AND [o].[HoldExpiryTime] <= GETDATE()
2026-05-25 16:30:08.273 +07:00 [INF] Executed DbCommand (5ms) [Parameters=[@__maxSellingDate_0='?' (DbType = DateTime2), @__now_1='?' (DbType = DateTime2)], CommandType='"Text"', CommandTimeout='30']
SELECT [s].[ShowtimeID], [s].[EndTime], [s].[MovieID], [s].[RoomID], [s].[ShowtimeCode], [s].[StartTime], [s].[Status]
FROM [Showtimes] AS [s]
WHERE [s].[Status] IN (N'Đã lên lịch', N'Sap chieu') AND CONVERT(date, [s].[StartTime]) <= @__maxSellingDate_0 AND [s].[StartTime] > @__now_1
2026-05-25 16:30:08.277 +07:00 [INF] Executed DbCommand (4ms) [Parameters=[@__now_0='?' (DbType = DateTime2)], CommandType='"Text"', CommandTimeout='30']
SELECT [s].[ShowtimeID], [s].[EndTime], [s].[MovieID], [s].[RoomID], [s].[ShowtimeCode], [s].[StartTime], [s].[Status]
FROM [Showtimes] AS [s]
WHERE [s].[Status] IN (N'Đã lên lịch', N'Đang mở bán', N'Sap chieu') AND [s].[StartTime] <= @__now_0 AND [s].[EndTime] > @__now_0
2026-05-25 16:30:08.281 +07:00 [INF] Executed DbCommand (3ms) [Parameters=[@__now_0='?' (DbType = DateTime2)], CommandType='"Text"', CommandTimeout='30']
SELECT [s].[ShowtimeID], [s].[EndTime], [s].[MovieID], [s].[RoomID], [s].[ShowtimeCode], [s].[StartTime], [s].[Status]
FROM [Showtimes] AS [s]
WHERE [s].[Status] IN (N'Đã lên lịch', N'Đang mở bán', N'Đang chiếu', N'Sap chieu', N'Dang dien ra') AND [s].[EndTime] <= @__now_0
2026-05-25 16:30:08.285 +07:00 [INF] Executed DbCommand (3ms) [Parameters=[@__today_0='?' (DbType = Date)], CommandType='"Text"', CommandTimeout='30']
SELECT [m].[MovieID], [m].[Actors], [m].[Description], [m].[Director], [m].[Duration], [m].[Genre], [m].[MovieCode], [m].[Poster], [m].[ReleaseDate], [m].[Status], [m].[Title], [m].[Trailer]
FROM [Movies] AS [m]
WHERE [m].[Status] = N'Sap chieu' AND [m].[ReleaseDate] <= @__today_0
2026-05-25 16:31:08.307 +07:00 [INF] Executed DbCommand (4ms) [Parameters=[], CommandType='"Text"', CommandTimeout='30']
SELECT [o].[OrderID], [o].[CheckInTime], [o].[FinalAmount], [o].[HoldExpiryTime], [o].[OrderCode], [o].[PayOSTransID], [o].[PromoID], [o].[QrCode], [o].[ShowtimeID], [o].[Status], [o].[TotalAmount], [o].[UserID]
FROM [Orders] AS [o]
WHERE [o].[Status] = N'Chờ thanh toán' AND [o].[HoldExpiryTime] <= GETDATE()
2026-05-25 16:31:08.314 +07:00 [INF] Executed DbCommand (5ms) [Parameters=[@__maxSellingDate_0='?' (DbType = DateTime2), @__now_1='?' (DbType = DateTime2)], CommandType='"Text"', CommandTimeout='30']
SELECT [s].[ShowtimeID], [s].[EndTime], [s].[MovieID], [s].[RoomID], [s].[ShowtimeCode], [s].[StartTime], [s].[Status]
FROM [Showtimes] AS [s]
WHERE [s].[Status] IN (N'Đã lên lịch', N'Sap chieu') AND CONVERT(date, [s].[StartTime]) <= @__maxSellingDate_0 AND [s].[StartTime] > @__now_1
2026-05-25 16:31:08.320 +07:00 [INF] Executed DbCommand (5ms) [Parameters=[@__now_0='?' (DbType = DateTime2)], CommandType='"Text"', CommandTimeout='30']
SELECT [s].[ShowtimeID], [s].[EndTime], [s].[MovieID], [s].[RoomID], [s].[ShowtimeCode], [s].[StartTime], [s].[Status]
FROM [Showtimes] AS [s]
WHERE [s].[Status] IN (N'Đã lên lịch', N'Đang mở bán', N'Sap chieu') AND [s].[StartTime] <= @__now_0 AND [s].[EndTime] > @__now_0
2026-05-25 16:31:08.324 +07:00 [INF] Executed DbCommand (4ms) [Parameters=[@__now_0='?' (DbType = DateTime2)], CommandType='"Text"', CommandTimeout='30']
SELECT [s].[ShowtimeID], [s].[EndTime], [s].[MovieID], [s].[RoomID], [s].[ShowtimeCode], [s].[StartTime], [s].[Status]
FROM [Showtimes] AS [s]
WHERE [s].[Status] IN (N'Đã lên lịch', N'Đang mở bán', N'Đang chiếu', N'Sap chieu', N'Dang dien ra') AND [s].[EndTime] <= @__now_0
2026-05-25 16:31:08.330 +07:00 [INF] Executed DbCommand (4ms) [Parameters=[@__today_0='?' (DbType = Date)], CommandType='"Text"', CommandTimeout='30']
SELECT [m].[MovieID], [m].[Actors], [m].[Description], [m].[Director], [m].[Duration], [m].[Genre], [m].[MovieCode], [m].[Poster], [m].[ReleaseDate], [m].[Status], [m].[Title], [m].[Trailer]
FROM [Movies] AS [m]
WHERE [m].[Status] = N'Sap chieu' AND [m].[ReleaseDate] <= @__today_0
2026-05-25 16:32:08.346 +07:00 [INF] Executed DbCommand (4ms) [Parameters=[], CommandType='"Text"', CommandTimeout='30']
SELECT [o].[OrderID], [o].[CheckInTime], [o].[FinalAmount], [o].[HoldExpiryTime], [o].[OrderCode], [o].[PayOSTransID], [o].[PromoID], [o].[QrCode], [o].[ShowtimeID], [o].[Status], [o].[TotalAmount], [o].[UserID]
FROM [Orders] AS [o]
WHERE [o].[Status] = N'Chờ thanh toán' AND [o].[HoldExpiryTime] <= GETDATE()
2026-05-25 16:32:08.351 +07:00 [INF] Executed DbCommand (4ms) [Parameters=[@__maxSellingDate_0='?' (DbType = DateTime2), @__now_1='?' (DbType = DateTime2)], CommandType='"Text"', CommandTimeout='30']
SELECT [s].[ShowtimeID], [s].[EndTime], [s].[MovieID], [s].[RoomID], [s].[ShowtimeCode], [s].[StartTime], [s].[Status]
FROM [Showtimes] AS [s]
WHERE [s].[Status] IN (N'Đã lên lịch', N'Sap chieu') AND CONVERT(date, [s].[StartTime]) <= @__maxSellingDate_0 AND [s].[StartTime] > @__now_1
2026-05-25 16:32:08.355 +07:00 [INF] Executed DbCommand (3ms) [Parameters=[@__now_0='?' (DbType = DateTime2)], CommandType='"Text"', CommandTimeout='30']
SELECT [s].[ShowtimeID], [s].[EndTime], [s].[MovieID], [s].[RoomID], [s].[ShowtimeCode], [s].[StartTime], [s].[Status]
FROM [Showtimes] AS [s]
WHERE [s].[Status] IN (N'Đã lên lịch', N'Đang mở bán', N'Sap chieu') AND [s].[StartTime] <= @__now_0 AND [s].[EndTime] > @__now_0
2026-05-25 16:32:08.359 +07:00 [INF] Executed DbCommand (3ms) [Parameters=[@__now_0='?' (DbType = DateTime2)], CommandType='"Text"', CommandTimeout='30']
SELECT [s].[ShowtimeID], [s].[EndTime], [s].[MovieID], [s].[RoomID], [s].[ShowtimeCode], [s].[StartTime], [s].[Status]
FROM [Showtimes] AS [s]
WHERE [s].[Status] IN (N'Đã lên lịch', N'Đang mở bán', N'Đang chiếu', N'Sap chieu', N'Dang dien ra') AND [s].[EndTime] <= @__now_0
2026-05-25 16:32:08.362 +07:00 [INF] Executed DbCommand (2ms) [Parameters=[@__today_0='?' (DbType = Date)], CommandType='"Text"', CommandTimeout='30']
SELECT [m].[MovieID], [m].[Actors], [m].[Description], [m].[Director], [m].[Duration], [m].[Genre], [m].[MovieCode], [m].[Poster], [m].[ReleaseDate], [m].[Status], [m].[Title], [m].[Trailer]
FROM [Movies] AS [m]
WHERE [m].[Status] = N'Sap chieu' AND [m].[ReleaseDate] <= @__today_0
2026-05-25 16:33:08.372 +07:00 [INF] Executed DbCommand (3ms) [Parameters=[], CommandType='"Text"', CommandTimeout='30']
SELECT [o].[OrderID], [o].[CheckInTime], [o].[FinalAmount], [o].[HoldExpiryTime], [o].[OrderCode], [o].[PayOSTransID], [o].[PromoID], [o].[QrCode], [o].[ShowtimeID], [o].[Status], [o].[TotalAmount], [o].[UserID]
FROM [Orders] AS [o]
WHERE [o].[Status] = N'Chờ thanh toán' AND [o].[HoldExpiryTime] <= GETDATE()
2026-05-25 16:33:08.377 +07:00 [INF] Executed DbCommand (3ms) [Parameters=[@__maxSellingDate_0='?' (DbType = DateTime2), @__now_1='?' (DbType = DateTime2)], CommandType='"Text"', CommandTimeout='30']
SELECT [s].[ShowtimeID], [s].[EndTime], [s].[MovieID], [s].[RoomID], [s].[ShowtimeCode], [s].[StartTime], [s].[Status]
FROM [Showtimes] AS [s]
WHERE [s].[Status] IN (N'Đã lên lịch', N'Sap chieu') AND CONVERT(date, [s].[StartTime]) <= @__maxSellingDate_0 AND [s].[StartTime] > @__now_1
2026-05-25 16:33:08.379 +07:00 [INF] Executed DbCommand (2ms) [Parameters=[@__now_0='?' (DbType = DateTime2)], CommandType='"Text"', CommandTimeout='30']
SELECT [s].[ShowtimeID], [s].[EndTime], [s].[MovieID], [s].[RoomID], [s].[ShowtimeCode], [s].[StartTime], [s].[Status]
FROM [Showtimes] AS [s]
WHERE [s].[Status] IN (N'Đã lên lịch', N'Đang mở bán', N'Sap chieu') AND [s].[StartTime] <= @__now_0 AND [s].[EndTime] > @__now_0
2026-05-25 16:33:08.383 +07:00 [INF] Executed DbCommand (3ms) [Parameters=[@__now_0='?' (DbType = DateTime2)], CommandType='"Text"', CommandTimeout='30']
SELECT [s].[ShowtimeID], [s].[EndTime], [s].[MovieID], [s].[RoomID], [s].[ShowtimeCode], [s].[StartTime], [s].[Status]
FROM [Showtimes] AS [s]
WHERE [s].[Status] IN (N'Đã lên lịch', N'Đang mở bán', N'Đang chiếu', N'Sap chieu', N'Dang dien ra') AND [s].[EndTime] <= @__now_0
2026-05-25 16:33:08.386 +07:00 [INF] Executed DbCommand (2ms) [Parameters=[@__today_0='?' (DbType = Date)], CommandType='"Text"', CommandTimeout='30']
SELECT [m].[MovieID], [m].[Actors], [m].[Description], [m].[Director], [m].[Duration], [m].[Genre], [m].[MovieCode], [m].[Poster], [m].[ReleaseDate], [m].[Status], [m].[Title], [m].[Trailer]
FROM [Movies] AS [m]
WHERE [m].[Status] = N'Sap chieu' AND [m].[ReleaseDate] <= @__today_0
2026-05-25 16:34:08.406 +07:00 [INF] Executed DbCommand (5ms) [Parameters=[], CommandType='"Text"', CommandTimeout='30']
SELECT [o].[OrderID], [o].[CheckInTime], [o].[FinalAmount], [o].[HoldExpiryTime], [o].[OrderCode], [o].[PayOSTransID], [o].[PromoID], [o].[QrCode], [o].[ShowtimeID], [o].[Status], [o].[TotalAmount], [o].[UserID]
FROM [Orders] AS [o]
WHERE [o].[Status] = N'Chờ thanh toán' AND [o].[HoldExpiryTime] <= GETDATE()
2026-05-25 16:34:08.414 +07:00 [INF] Executed DbCommand (7ms) [Parameters=[@__maxSellingDate_0='?' (DbType = DateTime2), @__now_1='?' (DbType = DateTime2)], CommandType='"Text"', CommandTimeout='30']
SELECT [s].[ShowtimeID], [s].[EndTime], [s].[MovieID], [s].[RoomID], [s].[ShowtimeCode], [s].[StartTime], [s].[Status]
FROM [Showtimes] AS [s]
WHERE [s].[Status] IN (N'Đã lên lịch', N'Sap chieu') AND CONVERT(date, [s].[StartTime]) <= @__maxSellingDate_0 AND [s].[StartTime] > @__now_1
2026-05-25 16:34:08.419 +07:00 [INF] Executed DbCommand (4ms) [Parameters=[@__now_0='?' (DbType = DateTime2)], CommandType='"Text"', CommandTimeout='30']
SELECT [s].[ShowtimeID], [s].[EndTime], [s].[MovieID], [s].[RoomID], [s].[ShowtimeCode], [s].[StartTime], [s].[Status]
FROM [Showtimes] AS [s]
WHERE [s].[Status] IN (N'Đã lên lịch', N'Đang mở bán', N'Sap chieu') AND [s].[StartTime] <= @__now_0 AND [s].[EndTime] > @__now_0
2026-05-25 16:34:08.422 +07:00 [INF] Executed DbCommand (2ms) [Parameters=[@__now_0='?' (DbType = DateTime2)], CommandType='"Text"', CommandTimeout='30']
SELECT [s].[ShowtimeID], [s].[EndTime], [s].[MovieID], [s].[RoomID], [s].[ShowtimeCode], [s].[StartTime], [s].[Status]
FROM [Showtimes] AS [s]
WHERE [s].[Status] IN (N'Đã lên lịch', N'Đang mở bán', N'Đang chiếu', N'Sap chieu', N'Dang dien ra') AND [s].[EndTime] <= @__now_0
2026-05-25 16:34:08.426 +07:00 [INF] Executed DbCommand (2ms) [Parameters=[@__today_0='?' (DbType = Date)], CommandType='"Text"', CommandTimeout='30']
SELECT [m].[MovieID], [m].[Actors], [m].[Description], [m].[Director], [m].[Duration], [m].[Genre], [m].[MovieCode], [m].[Poster], [m].[ReleaseDate], [m].[Status], [m].[Title], [m].[Trailer]
FROM [Movies] AS [m]
WHERE [m].[Status] = N'Sap chieu' AND [m].[ReleaseDate] <= @__today_0
2026-05-25 16:35:08.437 +07:00 [INF] Executed DbCommand (5ms) [Parameters=[], CommandType='"Text"', CommandTimeout='30']
SELECT [o].[OrderID], [o].[CheckInTime], [o].[FinalAmount], [o].[HoldExpiryTime], [o].[OrderCode], [o].[PayOSTransID], [o].[PromoID], [o].[QrCode], [o].[ShowtimeID], [o].[Status], [o].[TotalAmount], [o].[UserID]
FROM [Orders] AS [o]
WHERE [o].[Status] = N'Chờ thanh toán' AND [o].[HoldExpiryTime] <= GETDATE()
2026-05-25 16:35:08.442 +07:00 [INF] Executed DbCommand (3ms) [Parameters=[@__maxSellingDate_0='?' (DbType = DateTime2), @__now_1='?' (DbType = DateTime2)], CommandType='"Text"', CommandTimeout='30']
SELECT [s].[ShowtimeID], [s].[EndTime], [s].[MovieID], [s].[RoomID], [s].[ShowtimeCode], [s].[StartTime], [s].[Status]
FROM [Showtimes] AS [s]
WHERE [s].[Status] IN (N'Đã lên lịch', N'Sap chieu') AND CONVERT(date, [s].[StartTime]) <= @__maxSellingDate_0 AND [s].[StartTime] > @__now_1
2026-05-25 16:35:08.444 +07:00 [INF] Executed DbCommand (2ms) [Parameters=[@__now_0='?' (DbType = DateTime2)], CommandType='"Text"', CommandTimeout='30']
SELECT [s].[ShowtimeID], [s].[EndTime], [s].[MovieID], [s].[RoomID], [s].[ShowtimeCode], [s].[StartTime], [s].[Status]
FROM [Showtimes] AS [s]
WHERE [s].[Status] IN (N'Đã lên lịch', N'Đang mở bán', N'Sap chieu') AND [s].[StartTime] <= @__now_0 AND [s].[EndTime] > @__now_0
2026-05-25 16:35:08.447 +07:00 [INF] Executed DbCommand (2ms) [Parameters=[@__now_0='?' (DbType = DateTime2)], CommandType='"Text"', CommandTimeout='30']
SELECT [s].[ShowtimeID], [s].[EndTime], [s].[MovieID], [s].[RoomID], [s].[ShowtimeCode], [s].[StartTime], [s].[Status]
FROM [Showtimes] AS [s]
WHERE [s].[Status] IN (N'Đã lên lịch', N'Đang mở bán', N'Đang chiếu', N'Sap chieu', N'Dang dien ra') AND [s].[EndTime] <= @__now_0
2026-05-25 16:35:08.452 +07:00 [INF] Executed DbCommand (2ms) [Parameters=[@__today_0='?' (DbType = Date)], CommandType='"Text"', CommandTimeout='30']
SELECT [m].[MovieID], [m].[Actors], [m].[Description], [m].[Director], [m].[Duration], [m].[Genre], [m].[MovieCode], [m].[Poster], [m].[ReleaseDate], [m].[Status], [m].[Title], [m].[Trailer]
FROM [Movies] AS [m]
WHERE [m].[Status] = N'Sap chieu' AND [m].[ReleaseDate] <= @__today_0
2026-05-25 16:36:08.469 +07:00 [INF] Executed DbCommand (3ms) [Parameters=[], CommandType='"Text"', CommandTimeout='30']
SELECT [o].[OrderID], [o].[CheckInTime], [o].[FinalAmount], [o].[HoldExpiryTime], [o].[OrderCode], [o].[PayOSTransID], [o].[PromoID], [o].[QrCode], [o].[ShowtimeID], [o].[Status], [o].[TotalAmount], [o].[UserID]
FROM [Orders] AS [o]
WHERE [o].[Status] = N'Chờ thanh toán' AND [o].[HoldExpiryTime] <= GETDATE()
2026-05-25 16:36:08.475 +07:00 [INF] Executed DbCommand (5ms) [Parameters=[@__maxSellingDate_0='?' (DbType = DateTime2), @__now_1='?' (DbType = DateTime2)], CommandType='"Text"', CommandTimeout='30']
SELECT [s].[ShowtimeID], [s].[EndTime], [s].[MovieID], [s].[RoomID], [s].[ShowtimeCode], [s].[StartTime], [s].[Status]
FROM [Showtimes] AS [s]
WHERE [s].[Status] IN (N'Đã lên lịch', N'Sap chieu') AND CONVERT(date, [s].[StartTime]) <= @__maxSellingDate_0 AND [s].[StartTime] > @__now_1
2026-05-25 16:36:08.480 +07:00 [INF] Executed DbCommand (4ms) [Parameters=[@__now_0='?' (DbType = DateTime2)], CommandType='"Text"', CommandTimeout='30']
SELECT [s].[ShowtimeID], [s].[EndTime], [s].[MovieID], [s].[RoomID], [s].[ShowtimeCode], [s].[StartTime], [s].[Status]
FROM [Showtimes] AS [s]
WHERE [s].[Status] IN (N'Đã lên lịch', N'Đang mở bán', N'Sap chieu') AND [s].[StartTime] <= @__now_0 AND [s].[EndTime] > @__now_0
2026-05-25 16:36:08.484 +07:00 [INF] Executed DbCommand (3ms) [Parameters=[@__now_0='?' (DbType = DateTime2)], CommandType='"Text"', CommandTimeout='30']
SELECT [s].[ShowtimeID], [s].[EndTime], [s].[MovieID], [s].[RoomID], [s].[ShowtimeCode], [s].[StartTime], [s].[Status]
FROM [Showtimes] AS [s]
WHERE [s].[Status] IN (N'Đã lên lịch', N'Đang mở bán', N'Đang chiếu', N'Sap chieu', N'Dang dien ra') AND [s].[EndTime] <= @__now_0
2026-05-25 16:36:08.489 +07:00 [INF] Executed DbCommand (3ms) [Parameters=[@__today_0='?' (DbType = Date)], CommandType='"Text"', CommandTimeout='30']
SELECT [m].[MovieID], [m].[Actors], [m].[Description], [m].[Director], [m].[Duration], [m].[Genre], [m].[MovieCode], [m].[Poster], [m].[ReleaseDate], [m].[Status], [m].[Title], [m].[Trailer]
FROM [Movies] AS [m]
WHERE [m].[Status] = N'Sap chieu' AND [m].[ReleaseDate] <= @__today_0
2026-05-25 16:37:08.499 +07:00 [INF] Executed DbCommand (3ms) [Parameters=[], CommandType='"Text"', CommandTimeout='30']
SELECT [o].[OrderID], [o].[CheckInTime], [o].[FinalAmount], [o].[HoldExpiryTime], [o].[OrderCode], [o].[PayOSTransID], [o].[PromoID], [o].[QrCode], [o].[ShowtimeID], [o].[Status], [o].[TotalAmount], [o].[UserID]
FROM [Orders] AS [o]
WHERE [o].[Status] = N'Chờ thanh toán' AND [o].[HoldExpiryTime] <= GETDATE()
2026-05-25 16:37:08.505 +07:00 [INF] Executed DbCommand (5ms) [Parameters=[@__maxSellingDate_0='?' (DbType = DateTime2), @__now_1='?' (DbType = DateTime2)], CommandType='"Text"', CommandTimeout='30']
SELECT [s].[ShowtimeID], [s].[EndTime], [s].[MovieID], [s].[RoomID], [s].[ShowtimeCode], [s].[StartTime], [s].[Status]
FROM [Showtimes] AS [s]
WHERE [s].[Status] IN (N'Đã lên lịch', N'Sap chieu') AND CONVERT(date, [s].[StartTime]) <= @__maxSellingDate_0 AND [s].[StartTime] > @__now_1
2026-05-25 16:37:08.509 +07:00 [INF] Executed DbCommand (3ms) [Parameters=[@__now_0='?' (DbType = DateTime2)], CommandType='"Text"', CommandTimeout='30']
SELECT [s].[ShowtimeID], [s].[EndTime], [s].[MovieID], [s].[RoomID], [s].[ShowtimeCode], [s].[StartTime], [s].[Status]
FROM [Showtimes] AS [s]
WHERE [s].[Status] IN (N'Đã lên lịch', N'Đang mở bán', N'Sap chieu') AND [s].[StartTime] <= @__now_0 AND [s].[EndTime] > @__now_0
2026-05-25 16:37:08.513 +07:00 [INF] Executed DbCommand (3ms) [Parameters=[@__now_0='?' (DbType = DateTime2)], CommandType='"Text"', CommandTimeout='30']
SELECT [s].[ShowtimeID], [s].[EndTime], [s].[MovieID], [s].[RoomID], [s].[ShowtimeCode], [s].[StartTime], [s].[Status]
FROM [Showtimes] AS [s]
WHERE [s].[Status] IN (N'Đã lên lịch', N'Đang mở bán', N'Đang chiếu', N'Sap chieu', N'Dang dien ra') AND [s].[EndTime] <= @__now_0
2026-05-25 16:37:08.517 +07:00 [INF] Executed DbCommand (3ms) [Parameters=[@__today_0='?' (DbType = Date)], CommandType='"Text"', CommandTimeout='30']
SELECT [m].[MovieID], [m].[Actors], [m].[Description], [m].[Director], [m].[Duration], [m].[Genre], [m].[MovieCode], [m].[Poster], [m].[ReleaseDate], [m].[Status], [m].[Title], [m].[Trailer]
FROM [Movies] AS [m]
WHERE [m].[Status] = N'Sap chieu' AND [m].[ReleaseDate] <= @__today_0
2026-05-25 16:38:08.536 +07:00 [INF] Executed DbCommand (3ms) [Parameters=[], CommandType='"Text"', CommandTimeout='30']
SELECT [o].[OrderID], [o].[CheckInTime], [o].[FinalAmount], [o].[HoldExpiryTime], [o].[OrderCode], [o].[PayOSTransID], [o].[PromoID], [o].[QrCode], [o].[ShowtimeID], [o].[Status], [o].[TotalAmount], [o].[UserID]
FROM [Orders] AS [o]
WHERE [o].[Status] = N'Chờ thanh toán' AND [o].[HoldExpiryTime] <= GETDATE()
2026-05-25 16:38:08.539 +07:00 [INF] Executed DbCommand (3ms) [Parameters=[@__maxSellingDate_0='?' (DbType = DateTime2), @__now_1='?' (DbType = DateTime2)], CommandType='"Text"', CommandTimeout='30']
SELECT [s].[ShowtimeID], [s].[EndTime], [s].[MovieID], [s].[RoomID], [s].[ShowtimeCode], [s].[StartTime], [s].[Status]
FROM [Showtimes] AS [s]
WHERE [s].[Status] IN (N'Đã lên lịch', N'Sap chieu') AND CONVERT(date, [s].[StartTime]) <= @__maxSellingDate_0 AND [s].[StartTime] > @__now_1
2026-05-25 16:38:08.543 +07:00 [INF] Executed DbCommand (3ms) [Parameters=[@__now_0='?' (DbType = DateTime2)], CommandType='"Text"', CommandTimeout='30']
SELECT [s].[ShowtimeID], [s].[EndTime], [s].[MovieID], [s].[RoomID], [s].[ShowtimeCode], [s].[StartTime], [s].[Status]
FROM [Showtimes] AS [s]
WHERE [s].[Status] IN (N'Đã lên lịch', N'Đang mở bán', N'Sap chieu') AND [s].[StartTime] <= @__now_0 AND [s].[EndTime] > @__now_0
2026-05-25 16:38:08.547 +07:00 [INF] Executed DbCommand (3ms) [Parameters=[@__now_0='?' (DbType = DateTime2)], CommandType='"Text"', CommandTimeout='30']
SELECT [s].[ShowtimeID], [s].[EndTime], [s].[MovieID], [s].[RoomID], [s].[ShowtimeCode], [s].[StartTime], [s].[Status]
FROM [Showtimes] AS [s]
WHERE [s].[Status] IN (N'Đã lên lịch', N'Đang mở bán', N'Đang chiếu', N'Sap chieu', N'Dang dien ra') AND [s].[EndTime] <= @__now_0
2026-05-25 16:38:08.549 +07:00 [INF] Executed DbCommand (2ms) [Parameters=[@__today_0='?' (DbType = Date)], CommandType='"Text"', CommandTimeout='30']
SELECT [m].[MovieID], [m].[Actors], [m].[Description], [m].[Director], [m].[Duration], [m].[Genre], [m].[MovieCode], [m].[Poster], [m].[ReleaseDate], [m].[Status], [m].[Title], [m].[Trailer]
FROM [Movies] AS [m]
WHERE [m].[Status] = N'Sap chieu' AND [m].[ReleaseDate] <= @__today_0
2026-05-25 16:39:08.559 +07:00 [INF] Executed DbCommand (2ms) [Parameters=[], CommandType='"Text"', CommandTimeout='30']
SELECT [o].[OrderID], [o].[CheckInTime], [o].[FinalAmount], [o].[HoldExpiryTime], [o].[OrderCode], [o].[PayOSTransID], [o].[PromoID], [o].[QrCode], [o].[ShowtimeID], [o].[Status], [o].[TotalAmount], [o].[UserID]
FROM [Orders] AS [o]
WHERE [o].[Status] = N'Chờ thanh toán' AND [o].[HoldExpiryTime] <= GETDATE()
2026-05-25 16:39:08.564 +07:00 [INF] Executed DbCommand (3ms) [Parameters=[@__maxSellingDate_0='?' (DbType = DateTime2), @__now_1='?' (DbType = DateTime2)], CommandType='"Text"', CommandTimeout='30']
SELECT [s].[ShowtimeID], [s].[EndTime], [s].[MovieID], [s].[RoomID], [s].[ShowtimeCode], [s].[StartTime], [s].[Status]
FROM [Showtimes] AS [s]
WHERE [s].[Status] IN (N'Đã lên lịch', N'Sap chieu') AND CONVERT(date, [s].[StartTime]) <= @__maxSellingDate_0 AND [s].[StartTime] > @__now_1
2026-05-25 16:39:08.566 +07:00 [INF] Executed DbCommand (2ms) [Parameters=[@__now_0='?' (DbType = DateTime2)], CommandType='"Text"', CommandTimeout='30']
SELECT [s].[ShowtimeID], [s].[EndTime], [s].[MovieID], [s].[RoomID], [s].[ShowtimeCode], [s].[StartTime], [s].[Status]
FROM [Showtimes] AS [s]
WHERE [s].[Status] IN (N'Đã lên lịch', N'Đang mở bán', N'Sap chieu') AND [s].[StartTime] <= @__now_0 AND [s].[EndTime] > @__now_0
2026-05-25 16:39:08.568 +07:00 [INF] Executed DbCommand (2ms) [Parameters=[@__now_0='?' (DbType = DateTime2)], CommandType='"Text"', CommandTimeout='30']
SELECT [s].[ShowtimeID], [s].[EndTime], [s].[MovieID], [s].[RoomID], [s].[ShowtimeCode], [s].[StartTime], [s].[Status]
FROM [Showtimes] AS [s]
WHERE [s].[Status] IN (N'Đã lên lịch', N'Đang mở bán', N'Đang chiếu', N'Sap chieu', N'Dang dien ra') AND [s].[EndTime] <= @__now_0
2026-05-25 16:39:08.571 +07:00 [INF] Executed DbCommand (3ms) [Parameters=[@__today_0='?' (DbType = Date)], CommandType='"Text"', CommandTimeout='30']
SELECT [m].[MovieID], [m].[Actors], [m].[Description], [m].[Director], [m].[Duration], [m].[Genre], [m].[MovieCode], [m].[Poster], [m].[ReleaseDate], [m].[Status], [m].[Title], [m].[Trailer]
FROM [Movies] AS [m]
WHERE [m].[Status] = N'Sap chieu' AND [m].[ReleaseDate] <= @__today_0
2026-05-25 16:40:08.588 +07:00 [INF] Executed DbCommand (5ms) [Parameters=[], CommandType='"Text"', CommandTimeout='30']
SELECT [o].[OrderID], [o].[CheckInTime], [o].[FinalAmount], [o].[HoldExpiryTime], [o].[OrderCode], [o].[PayOSTransID], [o].[PromoID], [o].[QrCode], [o].[ShowtimeID], [o].[Status], [o].[TotalAmount], [o].[UserID]
FROM [Orders] AS [o]
WHERE [o].[Status] = N'Chờ thanh toán' AND [o].[HoldExpiryTime] <= GETDATE()
2026-05-25 16:40:08.596 +07:00 [INF] Executed DbCommand (7ms) [Parameters=[@__maxSellingDate_0='?' (DbType = DateTime2), @__now_1='?' (DbType = DateTime2)], CommandType='"Text"', CommandTimeout='30']
SELECT [s].[ShowtimeID], [s].[EndTime], [s].[MovieID], [s].[RoomID], [s].[ShowtimeCode], [s].[StartTime], [s].[Status]
FROM [Showtimes] AS [s]
WHERE [s].[Status] IN (N'Đã lên lịch', N'Sap chieu') AND CONVERT(date, [s].[StartTime]) <= @__maxSellingDate_0 AND [s].[StartTime] > @__now_1
2026-05-25 16:40:08.598 +07:00 [INF] Executed DbCommand (2ms) [Parameters=[@__now_0='?' (DbType = DateTime2)], CommandType='"Text"', CommandTimeout='30']
SELECT [s].[ShowtimeID], [s].[EndTime], [s].[MovieID], [s].[RoomID], [s].[ShowtimeCode], [s].[StartTime], [s].[Status]
FROM [Showtimes] AS [s]
WHERE [s].[Status] IN (N'Đã lên lịch', N'Đang mở bán', N'Sap chieu') AND [s].[StartTime] <= @__now_0 AND [s].[EndTime] > @__now_0
2026-05-25 16:40:08.603 +07:00 [INF] Executed DbCommand (4ms) [Parameters=[@__now_0='?' (DbType = DateTime2)], CommandType='"Text"', CommandTimeout='30']
SELECT [s].[ShowtimeID], [s].[EndTime], [s].[MovieID], [s].[RoomID], [s].[ShowtimeCode], [s].[StartTime], [s].[Status]
FROM [Showtimes] AS [s]
WHERE [s].[Status] IN (N'Đã lên lịch', N'Đang mở bán', N'Đang chiếu', N'Sap chieu', N'Dang dien ra') AND [s].[EndTime] <= @__now_0
2026-05-25 16:40:08.606 +07:00 [INF] Executed DbCommand (3ms) [Parameters=[@__today_0='?' (DbType = Date)], CommandType='"Text"', CommandTimeout='30']
SELECT [m].[MovieID], [m].[Actors], [m].[Description], [m].[Director], [m].[Duration], [m].[Genre], [m].[MovieCode], [m].[Poster], [m].[ReleaseDate], [m].[Status], [m].[Title], [m].[Trailer]
FROM [Movies] AS [m]
WHERE [m].[Status] = N'Sap chieu' AND [m].[ReleaseDate] <= @__today_0
2026-05-25 16:41:08.615 +07:00 [INF] Executed DbCommand (4ms) [Parameters=[], CommandType='"Text"', CommandTimeout='30']
SELECT [o].[OrderID], [o].[CheckInTime], [o].[FinalAmount], [o].[HoldExpiryTime], [o].[OrderCode], [o].[PayOSTransID], [o].[PromoID], [o].[QrCode], [o].[ShowtimeID], [o].[Status], [o].[TotalAmount], [o].[UserID]
FROM [Orders] AS [o]
WHERE [o].[Status] = N'Chờ thanh toán' AND [o].[HoldExpiryTime] <= GETDATE()
2026-05-25 16:41:08.623 +07:00 [INF] Executed DbCommand (6ms) [Parameters=[@__maxSellingDate_0='?' (DbType = DateTime2), @__now_1='?' (DbType = DateTime2)], CommandType='"Text"', CommandTimeout='30']
SELECT [s].[ShowtimeID], [s].[EndTime], [s].[MovieID], [s].[RoomID], [s].[ShowtimeCode], [s].[StartTime], [s].[Status]
FROM [Showtimes] AS [s]
WHERE [s].[Status] IN (N'Đã lên lịch', N'Sap chieu') AND CONVERT(date, [s].[StartTime]) <= @__maxSellingDate_0 AND [s].[StartTime] > @__now_1
2026-05-25 16:41:08.626 +07:00 [INF] Executed DbCommand (2ms) [Parameters=[@__now_0='?' (DbType = DateTime2)], CommandType='"Text"', CommandTimeout='30']
SELECT [s].[ShowtimeID], [s].[EndTime], [s].[MovieID], [s].[RoomID], [s].[ShowtimeCode], [s].[StartTime], [s].[Status]
FROM [Showtimes] AS [s]
WHERE [s].[Status] IN (N'Đã lên lịch', N'Đang mở bán', N'Sap chieu') AND [s].[StartTime] <= @__now_0 AND [s].[EndTime] > @__now_0
2026-05-25 16:41:08.630 +07:00 [INF] Executed DbCommand (4ms) [Parameters=[@__now_0='?' (DbType = DateTime2)], CommandType='"Text"', CommandTimeout='30']
SELECT [s].[ShowtimeID], [s].[EndTime], [s].[MovieID], [s].[RoomID], [s].[ShowtimeCode], [s].[StartTime], [s].[Status]
FROM [Showtimes] AS [s]
WHERE [s].[Status] IN (N'Đã lên lịch', N'Đang mở bán', N'Đang chiếu', N'Sap chieu', N'Dang dien ra') AND [s].[EndTime] <= @__now_0
2026-05-25 16:41:08.633 +07:00 [INF] Executed DbCommand (2ms) [Parameters=[@__today_0='?' (DbType = Date)], CommandType='"Text"', CommandTimeout='30']
SELECT [m].[MovieID], [m].[Actors], [m].[Description], [m].[Director], [m].[Duration], [m].[Genre], [m].[MovieCode], [m].[Poster], [m].[ReleaseDate], [m].[Status], [m].[Title], [m].[Trailer]
FROM [Movies] AS [m]
WHERE [m].[Status] = N'Sap chieu' AND [m].[ReleaseDate] <= @__today_0
2026-05-25 16:42:08.648 +07:00 [INF] Executed DbCommand (4ms) [Parameters=[], CommandType='"Text"', CommandTimeout='30']
SELECT [o].[OrderID], [o].[CheckInTime], [o].[FinalAmount], [o].[HoldExpiryTime], [o].[OrderCode], [o].[PayOSTransID], [o].[PromoID], [o].[QrCode], [o].[ShowtimeID], [o].[Status], [o].[TotalAmount], [o].[UserID]
FROM [Orders] AS [o]
WHERE [o].[Status] = N'Chờ thanh toán' AND [o].[HoldExpiryTime] <= GETDATE()
2026-05-25 16:42:08.656 +07:00 [INF] Executed DbCommand (6ms) [Parameters=[@__maxSellingDate_0='?' (DbType = DateTime2), @__now_1='?' (DbType = DateTime2)], CommandType='"Text"', CommandTimeout='30']
SELECT [s].[ShowtimeID], [s].[EndTime], [s].[MovieID], [s].[RoomID], [s].[ShowtimeCode], [s].[StartTime], [s].[Status]
FROM [Showtimes] AS [s]
WHERE [s].[Status] IN (N'Đã lên lịch', N'Sap chieu') AND CONVERT(date, [s].[StartTime]) <= @__maxSellingDate_0 AND [s].[StartTime] > @__now_1
2026-05-25 16:42:08.662 +07:00 [INF] Executed DbCommand (5ms) [Parameters=[@__now_0='?' (DbType = DateTime2)], CommandType='"Text"', CommandTimeout='30']
SELECT [s].[ShowtimeID], [s].[EndTime], [s].[MovieID], [s].[RoomID], [s].[ShowtimeCode], [s].[StartTime], [s].[Status]
FROM [Showtimes] AS [s]
WHERE [s].[Status] IN (N'Đã lên lịch', N'Đang mở bán', N'Sap chieu') AND [s].[StartTime] <= @__now_0 AND [s].[EndTime] > @__now_0
2026-05-25 16:42:08.665 +07:00 [INF] Executed DbCommand (2ms) [Parameters=[@__now_0='?' (DbType = DateTime2)], CommandType='"Text"', CommandTimeout='30']
SELECT [s].[ShowtimeID], [s].[EndTime], [s].[MovieID], [s].[RoomID], [s].[ShowtimeCode], [s].[StartTime], [s].[Status]
FROM [Showtimes] AS [s]
WHERE [s].[Status] IN (N'Đã lên lịch', N'Đang mở bán', N'Đang chiếu', N'Sap chieu', N'Dang dien ra') AND [s].[EndTime] <= @__now_0
2026-05-25 16:42:08.668 +07:00 [INF] Executed DbCommand (2ms) [Parameters=[@__today_0='?' (DbType = Date)], CommandType='"Text"', CommandTimeout='30']
SELECT [m].[MovieID], [m].[Actors], [m].[Description], [m].[Director], [m].[Duration], [m].[Genre], [m].[MovieCode], [m].[Poster], [m].[ReleaseDate], [m].[Status], [m].[Title], [m].[Trailer]
FROM [Movies] AS [m]
WHERE [m].[Status] = N'Sap chieu' AND [m].[ReleaseDate] <= @__today_0
2026-05-25 16:43:08.682 +07:00 [INF] Executed DbCommand (2ms) [Parameters=[], CommandType='"Text"', CommandTimeout='30']
SELECT [o].[OrderID], [o].[CheckInTime], [o].[FinalAmount], [o].[HoldExpiryTime], [o].[OrderCode], [o].[PayOSTransID], [o].[PromoID], [o].[QrCode], [o].[ShowtimeID], [o].[Status], [o].[TotalAmount], [o].[UserID]
FROM [Orders] AS [o]
WHERE [o].[Status] = N'Chờ thanh toán' AND [o].[HoldExpiryTime] <= GETDATE()
2026-05-25 16:43:08.687 +07:00 [INF] Executed DbCommand (4ms) [Parameters=[@__maxSellingDate_0='?' (DbType = DateTime2), @__now_1='?' (DbType = DateTime2)], CommandType='"Text"', CommandTimeout='30']
SELECT [s].[ShowtimeID], [s].[EndTime], [s].[MovieID], [s].[RoomID], [s].[ShowtimeCode], [s].[StartTime], [s].[Status]
FROM [Showtimes] AS [s]
WHERE [s].[Status] IN (N'Đã lên lịch', N'Sap chieu') AND CONVERT(date, [s].[StartTime]) <= @__maxSellingDate_0 AND [s].[StartTime] > @__now_1
2026-05-25 16:43:08.690 +07:00 [INF] Executed DbCommand (3ms) [Parameters=[@__now_0='?' (DbType = DateTime2)], CommandType='"Text"', CommandTimeout='30']
SELECT [s].[ShowtimeID], [s].[EndTime], [s].[MovieID], [s].[RoomID], [s].[ShowtimeCode], [s].[StartTime], [s].[Status]
FROM [Showtimes] AS [s]
WHERE [s].[Status] IN (N'Đã lên lịch', N'Đang mở bán', N'Sap chieu') AND [s].[StartTime] <= @__now_0 AND [s].[EndTime] > @__now_0
2026-05-25 16:43:08.693 +07:00 [INF] Executed DbCommand (2ms) [Parameters=[@__now_0='?' (DbType = DateTime2)], CommandType='"Text"', CommandTimeout='30']
SELECT [s].[ShowtimeID], [s].[EndTime], [s].[MovieID], [s].[RoomID], [s].[ShowtimeCode], [s].[StartTime], [s].[Status]
FROM [Showtimes] AS [s]
WHERE [s].[Status] IN (N'Đã lên lịch', N'Đang mở bán', N'Đang chiếu', N'Sap chieu', N'Dang dien ra') AND [s].[EndTime] <= @__now_0
2026-05-25 16:43:08.697 +07:00 [INF] Executed DbCommand (3ms) [Parameters=[@__today_0='?' (DbType = Date)], CommandType='"Text"', CommandTimeout='30']
SELECT [m].[MovieID], [m].[Actors], [m].[Description], [m].[Director], [m].[Duration], [m].[Genre], [m].[MovieCode], [m].[Poster], [m].[ReleaseDate], [m].[Status], [m].[Title], [m].[Trailer]
FROM [Movies] AS [m]
WHERE [m].[Status] = N'Sap chieu' AND [m].[ReleaseDate] <= @__today_0
2026-05-25 16:44:08.715 +07:00 [INF] Executed DbCommand (5ms) [Parameters=[], CommandType='"Text"', CommandTimeout='30']
SELECT [o].[OrderID], [o].[CheckInTime], [o].[FinalAmount], [o].[HoldExpiryTime], [o].[OrderCode], [o].[PayOSTransID], [o].[PromoID], [o].[QrCode], [o].[ShowtimeID], [o].[Status], [o].[TotalAmount], [o].[UserID]
FROM [Orders] AS [o]
WHERE [o].[Status] = N'Chờ thanh toán' AND [o].[HoldExpiryTime] <= GETDATE()
2026-05-25 16:44:08.722 +07:00 [INF] Executed DbCommand (5ms) [Parameters=[@__maxSellingDate_0='?' (DbType = DateTime2), @__now_1='?' (DbType = DateTime2)], CommandType='"Text"', CommandTimeout='30']
SELECT [s].[ShowtimeID], [s].[EndTime], [s].[MovieID], [s].[RoomID], [s].[ShowtimeCode], [s].[StartTime], [s].[Status]
FROM [Showtimes] AS [s]
WHERE [s].[Status] IN (N'Đã lên lịch', N'Sap chieu') AND CONVERT(date, [s].[StartTime]) <= @__maxSellingDate_0 AND [s].[StartTime] > @__now_1
2026-05-25 16:44:08.728 +07:00 [INF] Executed DbCommand (5ms) [Parameters=[@__now_0='?' (DbType = DateTime2)], CommandType='"Text"', CommandTimeout='30']
SELECT [s].[ShowtimeID], [s].[EndTime], [s].[MovieID], [s].[RoomID], [s].[ShowtimeCode], [s].[StartTime], [s].[Status]
FROM [Showtimes] AS [s]
WHERE [s].[Status] IN (N'Đã lên lịch', N'Đang mở bán', N'Sap chieu') AND [s].[StartTime] <= @__now_0 AND [s].[EndTime] > @__now_0
2026-05-25 16:44:08.733 +07:00 [INF] Executed DbCommand (4ms) [Parameters=[@__now_0='?' (DbType = DateTime2)], CommandType='"Text"', CommandTimeout='30']
SELECT [s].[ShowtimeID], [s].[EndTime], [s].[MovieID], [s].[RoomID], [s].[ShowtimeCode], [s].[StartTime], [s].[Status]
FROM [Showtimes] AS [s]
WHERE [s].[Status] IN (N'Đã lên lịch', N'Đang mở bán', N'Đang chiếu', N'Sap chieu', N'Dang dien ra') AND [s].[EndTime] <= @__now_0
2026-05-25 16:44:08.739 +07:00 [INF] Executed DbCommand (5ms) [Parameters=[@__today_0='?' (DbType = Date)], CommandType='"Text"', CommandTimeout='30']
SELECT [m].[MovieID], [m].[Actors], [m].[Description], [m].[Director], [m].[Duration], [m].[Genre], [m].[MovieCode], [m].[Poster], [m].[ReleaseDate], [m].[Status], [m].[Title], [m].[Trailer]
FROM [Movies] AS [m]
WHERE [m].[Status] = N'Sap chieu' AND [m].[ReleaseDate] <= @__today_0
2026-05-25 16:45:08.751 +07:00 [INF] Executed DbCommand (5ms) [Parameters=[], CommandType='"Text"', CommandTimeout='30']
SELECT [o].[OrderID], [o].[CheckInTime], [o].[FinalAmount], [o].[HoldExpiryTime], [o].[OrderCode], [o].[PayOSTransID], [o].[PromoID], [o].[QrCode], [o].[ShowtimeID], [o].[Status], [o].[TotalAmount], [o].[UserID]
FROM [Orders] AS [o]
WHERE [o].[Status] = N'Chờ thanh toán' AND [o].[HoldExpiryTime] <= GETDATE()
2026-05-25 16:45:08.759 +07:00 [INF] Executed DbCommand (6ms) [Parameters=[@__maxSellingDate_0='?' (DbType = DateTime2), @__now_1='?' (DbType = DateTime2)], CommandType='"Text"', CommandTimeout='30']
SELECT [s].[ShowtimeID], [s].[EndTime], [s].[MovieID], [s].[RoomID], [s].[ShowtimeCode], [s].[StartTime], [s].[Status]
FROM [Showtimes] AS [s]
WHERE [s].[Status] IN (N'Đã lên lịch', N'Sap chieu') AND CONVERT(date, [s].[StartTime]) <= @__maxSellingDate_0 AND [s].[StartTime] > @__now_1
2026-05-25 16:45:08.764 +07:00 [INF] Executed DbCommand (4ms) [Parameters=[@__now_0='?' (DbType = DateTime2)], CommandType='"Text"', CommandTimeout='30']
SELECT [s].[ShowtimeID], [s].[EndTime], [s].[MovieID], [s].[RoomID], [s].[ShowtimeCode], [s].[StartTime], [s].[Status]
FROM [Showtimes] AS [s]
WHERE [s].[Status] IN (N'Đã lên lịch', N'Đang mở bán', N'Sap chieu') AND [s].[StartTime] <= @__now_0 AND [s].[EndTime] > @__now_0
2026-05-25 16:45:08.767 +07:00 [INF] Executed DbCommand (2ms) [Parameters=[@__now_0='?' (DbType = DateTime2)], CommandType='"Text"', CommandTimeout='30']
SELECT [s].[ShowtimeID], [s].[EndTime], [s].[MovieID], [s].[RoomID], [s].[ShowtimeCode], [s].[StartTime], [s].[Status]
FROM [Showtimes] AS [s]
WHERE [s].[Status] IN (N'Đã lên lịch', N'Đang mở bán', N'Đang chiếu', N'Sap chieu', N'Dang dien ra') AND [s].[EndTime] <= @__now_0
2026-05-25 16:45:08.770 +07:00 [INF] Executed DbCommand (2ms) [Parameters=[@__today_0='?' (DbType = Date)], CommandType='"Text"', CommandTimeout='30']
SELECT [m].[MovieID], [m].[Actors], [m].[Description], [m].[Director], [m].[Duration], [m].[Genre], [m].[MovieCode], [m].[Poster], [m].[ReleaseDate], [m].[Status], [m].[Title], [m].[Trailer]
FROM [Movies] AS [m]
WHERE [m].[Status] = N'Sap chieu' AND [m].[ReleaseDate] <= @__today_0
2026-05-25 16:46:08.788 +07:00 [INF] Executed DbCommand (4ms) [Parameters=[], CommandType='"Text"', CommandTimeout='30']
SELECT [o].[OrderID], [o].[CheckInTime], [o].[FinalAmount], [o].[HoldExpiryTime], [o].[OrderCode], [o].[PayOSTransID], [o].[PromoID], [o].[QrCode], [o].[ShowtimeID], [o].[Status], [o].[TotalAmount], [o].[UserID]
FROM [Orders] AS [o]
WHERE [o].[Status] = N'Chờ thanh toán' AND [o].[HoldExpiryTime] <= GETDATE()
2026-05-25 16:46:08.801 +07:00 [INF] Executed DbCommand (6ms) [Parameters=[@__maxSellingDate_0='?' (DbType = DateTime2), @__now_1='?' (DbType = DateTime2)], CommandType='"Text"', CommandTimeout='30']
SELECT [s].[ShowtimeID], [s].[EndTime], [s].[MovieID], [s].[RoomID], [s].[ShowtimeCode], [s].[StartTime], [s].[Status]
FROM [Showtimes] AS [s]
WHERE [s].[Status] IN (N'Đã lên lịch', N'Sap chieu') AND CONVERT(date, [s].[StartTime]) <= @__maxSellingDate_0 AND [s].[StartTime] > @__now_1
2026-05-25 16:46:08.805 +07:00 [INF] Executed DbCommand (3ms) [Parameters=[@__now_0='?' (DbType = DateTime2)], CommandType='"Text"', CommandTimeout='30']
SELECT [s].[ShowtimeID], [s].[EndTime], [s].[MovieID], [s].[RoomID], [s].[ShowtimeCode], [s].[StartTime], [s].[Status]
FROM [Showtimes] AS [s]
WHERE [s].[Status] IN (N'Đã lên lịch', N'Đang mở bán', N'Sap chieu') AND [s].[StartTime] <= @__now_0 AND [s].[EndTime] > @__now_0
2026-05-25 16:46:08.809 +07:00 [INF] Executed DbCommand (3ms) [Parameters=[@__now_0='?' (DbType = DateTime2)], CommandType='"Text"', CommandTimeout='30']
SELECT [s].[ShowtimeID], [s].[EndTime], [s].[MovieID], [s].[RoomID], [s].[ShowtimeCode], [s].[StartTime], [s].[Status]
FROM [Showtimes] AS [s]
WHERE [s].[Status] IN (N'Đã lên lịch', N'Đang mở bán', N'Đang chiếu', N'Sap chieu', N'Dang dien ra') AND [s].[EndTime] <= @__now_0
2026-05-25 16:46:08.813 +07:00 [INF] Executed DbCommand (2ms) [Parameters=[@__today_0='?' (DbType = Date)], CommandType='"Text"', CommandTimeout='30']
SELECT [m].[MovieID], [m].[Actors], [m].[Description], [m].[Director], [m].[Duration], [m].[Genre], [m].[MovieCode], [m].[Poster], [m].[ReleaseDate], [m].[Status], [m].[Title], [m].[Trailer]
FROM [Movies] AS [m]
WHERE [m].[Status] = N'Sap chieu' AND [m].[ReleaseDate] <= @__today_0
2026-05-25 16:47:08.821 +07:00 [INF] Executed DbCommand (3ms) [Parameters=[], CommandType='"Text"', CommandTimeout='30']
SELECT [o].[OrderID], [o].[CheckInTime], [o].[FinalAmount], [o].[HoldExpiryTime], [o].[OrderCode], [o].[PayOSTransID], [o].[PromoID], [o].[QrCode], [o].[ShowtimeID], [o].[Status], [o].[TotalAmount], [o].[UserID]
FROM [Orders] AS [o]
WHERE [o].[Status] = N'Chờ thanh toán' AND [o].[HoldExpiryTime] <= GETDATE()
2026-05-25 16:47:08.826 +07:00 [INF] Executed DbCommand (3ms) [Parameters=[@__maxSellingDate_0='?' (DbType = DateTime2), @__now_1='?' (DbType = DateTime2)], CommandType='"Text"', CommandTimeout='30']
SELECT [s].[ShowtimeID], [s].[EndTime], [s].[MovieID], [s].[RoomID], [s].[ShowtimeCode], [s].[StartTime], [s].[Status]
FROM [Showtimes] AS [s]
WHERE [s].[Status] IN (N'Đã lên lịch', N'Sap chieu') AND CONVERT(date, [s].[StartTime]) <= @__maxSellingDate_0 AND [s].[StartTime] > @__now_1
2026-05-25 16:47:08.830 +07:00 [INF] Executed DbCommand (3ms) [Parameters=[@__now_0='?' (DbType = DateTime2)], CommandType='"Text"', CommandTimeout='30']
SELECT [s].[ShowtimeID], [s].[EndTime], [s].[MovieID], [s].[RoomID], [s].[ShowtimeCode], [s].[StartTime], [s].[Status]
FROM [Showtimes] AS [s]
WHERE [s].[Status] IN (N'Đã lên lịch', N'Đang mở bán', N'Sap chieu') AND [s].[StartTime] <= @__now_0 AND [s].[EndTime] > @__now_0
2026-05-25 16:47:08.835 +07:00 [INF] Executed DbCommand (4ms) [Parameters=[@__now_0='?' (DbType = DateTime2)], CommandType='"Text"', CommandTimeout='30']
SELECT [s].[ShowtimeID], [s].[EndTime], [s].[MovieID], [s].[RoomID], [s].[ShowtimeCode], [s].[StartTime], [s].[Status]
FROM [Showtimes] AS [s]
WHERE [s].[Status] IN (N'Đã lên lịch', N'Đang mở bán', N'Đang chiếu', N'Sap chieu', N'Dang dien ra') AND [s].[EndTime] <= @__now_0
2026-05-25 16:47:08.840 +07:00 [INF] Executed DbCommand (4ms) [Parameters=[@__today_0='?' (DbType = Date)], CommandType='"Text"', CommandTimeout='30']
SELECT [m].[MovieID], [m].[Actors], [m].[Description], [m].[Director], [m].[Duration], [m].[Genre], [m].[MovieCode], [m].[Poster], [m].[ReleaseDate], [m].[Status], [m].[Title], [m].[Trailer]
FROM [Movies] AS [m]
WHERE [m].[Status] = N'Sap chieu' AND [m].[ReleaseDate] <= @__today_0
2026-05-25 16:48:08.850 +07:00 [INF] Executed DbCommand (4ms) [Parameters=[], CommandType='"Text"', CommandTimeout='30']
SELECT [o].[OrderID], [o].[CheckInTime], [o].[FinalAmount], [o].[HoldExpiryTime], [o].[OrderCode], [o].[PayOSTransID], [o].[PromoID], [o].[QrCode], [o].[ShowtimeID], [o].[Status], [o].[TotalAmount], [o].[UserID]
FROM [Orders] AS [o]
WHERE [o].[Status] = N'Chờ thanh toán' AND [o].[HoldExpiryTime] <= GETDATE()
2026-05-25 16:48:08.856 +07:00 [INF] Executed DbCommand (5ms) [Parameters=[@__maxSellingDate_0='?' (DbType = DateTime2), @__now_1='?' (DbType = DateTime2)], CommandType='"Text"', CommandTimeout='30']
SELECT [s].[ShowtimeID], [s].[EndTime], [s].[MovieID], [s].[RoomID], [s].[ShowtimeCode], [s].[StartTime], [s].[Status]
FROM [Showtimes] AS [s]
WHERE [s].[Status] IN (N'Đã lên lịch', N'Sap chieu') AND CONVERT(date, [s].[StartTime]) <= @__maxSellingDate_0 AND [s].[StartTime] > @__now_1
2026-05-25 16:48:08.859 +07:00 [INF] Executed DbCommand (3ms) [Parameters=[@__now_0='?' (DbType = DateTime2)], CommandType='"Text"', CommandTimeout='30']
SELECT [s].[ShowtimeID], [s].[EndTime], [s].[MovieID], [s].[RoomID], [s].[ShowtimeCode], [s].[StartTime], [s].[Status]
FROM [Showtimes] AS [s]
WHERE [s].[Status] IN (N'Đã lên lịch', N'Đang mở bán', N'Sap chieu') AND [s].[StartTime] <= @__now_0 AND [s].[EndTime] > @__now_0
2026-05-25 16:48:08.864 +07:00 [INF] Executed DbCommand (4ms) [Parameters=[@__now_0='?' (DbType = DateTime2)], CommandType='"Text"', CommandTimeout='30']
SELECT [s].[ShowtimeID], [s].[EndTime], [s].[MovieID], [s].[RoomID], [s].[ShowtimeCode], [s].[StartTime], [s].[Status]
FROM [Showtimes] AS [s]
WHERE [s].[Status] IN (N'Đã lên lịch', N'Đang mở bán', N'Đang chiếu', N'Sap chieu', N'Dang dien ra') AND [s].[EndTime] <= @__now_0
2026-05-25 16:48:08.868 +07:00 [INF] Executed DbCommand (2ms) [Parameters=[@__today_0='?' (DbType = Date)], CommandType='"Text"', CommandTimeout='30']
SELECT [m].[MovieID], [m].[Actors], [m].[Description], [m].[Director], [m].[Duration], [m].[Genre], [m].[MovieCode], [m].[Poster], [m].[ReleaseDate], [m].[Status], [m].[Title], [m].[Trailer]
FROM [Movies] AS [m]
WHERE [m].[Status] = N'Sap chieu' AND [m].[ReleaseDate] <= @__today_0
2026-05-25 16:49:08.888 +07:00 [INF] Executed DbCommand (3ms) [Parameters=[], CommandType='"Text"', CommandTimeout='30']
SELECT [o].[OrderID], [o].[CheckInTime], [o].[FinalAmount], [o].[HoldExpiryTime], [o].[OrderCode], [o].[PayOSTransID], [o].[PromoID], [o].[QrCode], [o].[ShowtimeID], [o].[Status], [o].[TotalAmount], [o].[UserID]
FROM [Orders] AS [o]
WHERE [o].[Status] = N'Chờ thanh toán' AND [o].[HoldExpiryTime] <= GETDATE()
2026-05-25 16:49:08.892 +07:00 [INF] Executed DbCommand (3ms) [Parameters=[@__maxSellingDate_0='?' (DbType = DateTime2), @__now_1='?' (DbType = DateTime2)], CommandType='"Text"', CommandTimeout='30']
SELECT [s].[ShowtimeID], [s].[EndTime], [s].[MovieID], [s].[RoomID], [s].[ShowtimeCode], [s].[StartTime], [s].[Status]
FROM [Showtimes] AS [s]
WHERE [s].[Status] IN (N'Đã lên lịch', N'Sap chieu') AND CONVERT(date, [s].[StartTime]) <= @__maxSellingDate_0 AND [s].[StartTime] > @__now_1
2026-05-25 16:49:08.896 +07:00 [INF] Executed DbCommand (3ms) [Parameters=[@__now_0='?' (DbType = DateTime2)], CommandType='"Text"', CommandTimeout='30']
SELECT [s].[ShowtimeID], [s].[EndTime], [s].[MovieID], [s].[RoomID], [s].[ShowtimeCode], [s].[StartTime], [s].[Status]
FROM [Showtimes] AS [s]
WHERE [s].[Status] IN (N'Đã lên lịch', N'Đang mở bán', N'Sap chieu') AND [s].[StartTime] <= @__now_0 AND [s].[EndTime] > @__now_0
2026-05-25 16:49:08.900 +07:00 [INF] Executed DbCommand (3ms) [Parameters=[@__now_0='?' (DbType = DateTime2)], CommandType='"Text"', CommandTimeout='30']
SELECT [s].[ShowtimeID], [s].[EndTime], [s].[MovieID], [s].[RoomID], [s].[ShowtimeCode], [s].[StartTime], [s].[Status]
FROM [Showtimes] AS [s]
WHERE [s].[Status] IN (N'Đã lên lịch', N'Đang mở bán', N'Đang chiếu', N'Sap chieu', N'Dang dien ra') AND [s].[EndTime] <= @__now_0
2026-05-25 16:49:08.903 +07:00 [INF] Executed DbCommand (2ms) [Parameters=[@__today_0='?' (DbType = Date)], CommandType='"Text"', CommandTimeout='30']
SELECT [m].[MovieID], [m].[Actors], [m].[Description], [m].[Director], [m].[Duration], [m].[Genre], [m].[MovieCode], [m].[Poster], [m].[ReleaseDate], [m].[Status], [m].[Title], [m].[Trailer]
FROM [Movies] AS [m]
WHERE [m].[Status] = N'Sap chieu' AND [m].[ReleaseDate] <= @__today_0
2026-05-25 16:50:08.913 +07:00 [INF] Executed DbCommand (4ms) [Parameters=[], CommandType='"Text"', CommandTimeout='30']
SELECT [o].[OrderID], [o].[CheckInTime], [o].[FinalAmount], [o].[HoldExpiryTime], [o].[OrderCode], [o].[PayOSTransID], [o].[PromoID], [o].[QrCode], [o].[ShowtimeID], [o].[Status], [o].[TotalAmount], [o].[UserID]
FROM [Orders] AS [o]
WHERE [o].[Status] = N'Chờ thanh toán' AND [o].[HoldExpiryTime] <= GETDATE()
2026-05-25 16:50:08.921 +07:00 [INF] Executed DbCommand (5ms) [Parameters=[@__maxSellingDate_0='?' (DbType = DateTime2), @__now_1='?' (DbType = DateTime2)], CommandType='"Text"', CommandTimeout='30']
SELECT [s].[ShowtimeID], [s].[EndTime], [s].[MovieID], [s].[RoomID], [s].[ShowtimeCode], [s].[StartTime], [s].[Status]
FROM [Showtimes] AS [s]
WHERE [s].[Status] IN (N'Đã lên lịch', N'Sap chieu') AND CONVERT(date, [s].[StartTime]) <= @__maxSellingDate_0 AND [s].[StartTime] > @__now_1
2026-05-25 16:50:08.925 +07:00 [INF] Executed DbCommand (3ms) [Parameters=[@__now_0='?' (DbType = DateTime2)], CommandType='"Text"', CommandTimeout='30']
SELECT [s].[ShowtimeID], [s].[EndTime], [s].[MovieID], [s].[RoomID], [s].[ShowtimeCode], [s].[StartTime], [s].[Status]
FROM [Showtimes] AS [s]
WHERE [s].[Status] IN (N'Đã lên lịch', N'Đang mở bán', N'Sap chieu') AND [s].[StartTime] <= @__now_0 AND [s].[EndTime] > @__now_0
2026-05-25 16:50:08.928 +07:00 [INF] Executed DbCommand (2ms) [Parameters=[@__now_0='?' (DbType = DateTime2)], CommandType='"Text"', CommandTimeout='30']
SELECT [s].[ShowtimeID], [s].[EndTime], [s].[MovieID], [s].[RoomID], [s].[ShowtimeCode], [s].[StartTime], [s].[Status]
FROM [Showtimes] AS [s]
WHERE [s].[Status] IN (N'Đã lên lịch', N'Đang mở bán', N'Đang chiếu', N'Sap chieu', N'Dang dien ra') AND [s].[EndTime] <= @__now_0
2026-05-25 16:50:08.931 +07:00 [INF] Executed DbCommand (2ms) [Parameters=[@__today_0='?' (DbType = Date)], CommandType='"Text"', CommandTimeout='30']
SELECT [m].[MovieID], [m].[Actors], [m].[Description], [m].[Director], [m].[Duration], [m].[Genre], [m].[MovieCode], [m].[Poster], [m].[ReleaseDate], [m].[Status], [m].[Title], [m].[Trailer]
FROM [Movies] AS [m]
WHERE [m].[Status] = N'Sap chieu' AND [m].[ReleaseDate] <= @__today_0
2026-05-25 16:51:08.951 +07:00 [INF] Executed DbCommand (4ms) [Parameters=[], CommandType='"Text"', CommandTimeout='30']
SELECT [o].[OrderID], [o].[CheckInTime], [o].[FinalAmount], [o].[HoldExpiryTime], [o].[OrderCode], [o].[PayOSTransID], [o].[PromoID], [o].[QrCode], [o].[ShowtimeID], [o].[Status], [o].[TotalAmount], [o].[UserID]
FROM [Orders] AS [o]
WHERE [o].[Status] = N'Chờ thanh toán' AND [o].[HoldExpiryTime] <= GETDATE()
2026-05-25 16:51:08.957 +07:00 [INF] Executed DbCommand (5ms) [Parameters=[@__maxSellingDate_0='?' (DbType = DateTime2), @__now_1='?' (DbType = DateTime2)], CommandType='"Text"', CommandTimeout='30']
SELECT [s].[ShowtimeID], [s].[EndTime], [s].[MovieID], [s].[RoomID], [s].[ShowtimeCode], [s].[StartTime], [s].[Status]
FROM [Showtimes] AS [s]
WHERE [s].[Status] IN (N'Đã lên lịch', N'Sap chieu') AND CONVERT(date, [s].[StartTime]) <= @__maxSellingDate_0 AND [s].[StartTime] > @__now_1
2026-05-25 16:51:08.962 +07:00 [INF] Executed DbCommand (5ms) [Parameters=[@__now_0='?' (DbType = DateTime2)], CommandType='"Text"', CommandTimeout='30']
SELECT [s].[ShowtimeID], [s].[EndTime], [s].[MovieID], [s].[RoomID], [s].[ShowtimeCode], [s].[StartTime], [s].[Status]
FROM [Showtimes] AS [s]
WHERE [s].[Status] IN (N'Đã lên lịch', N'Đang mở bán', N'Sap chieu') AND [s].[StartTime] <= @__now_0 AND [s].[EndTime] > @__now_0
2026-05-25 16:51:08.965 +07:00 [INF] Executed DbCommand (3ms) [Parameters=[@__now_0='?' (DbType = DateTime2)], CommandType='"Text"', CommandTimeout='30']
SELECT [s].[ShowtimeID], [s].[EndTime], [s].[MovieID], [s].[RoomID], [s].[ShowtimeCode], [s].[StartTime], [s].[Status]
FROM [Showtimes] AS [s]
WHERE [s].[Status] IN (N'Đã lên lịch', N'Đang mở bán', N'Đang chiếu', N'Sap chieu', N'Dang dien ra') AND [s].[EndTime] <= @__now_0
2026-05-25 16:51:08.968 +07:00 [INF] Executed DbCommand (2ms) [Parameters=[@__today_0='?' (DbType = Date)], CommandType='"Text"', CommandTimeout='30']
SELECT [m].[MovieID], [m].[Actors], [m].[Description], [m].[Director], [m].[Duration], [m].[Genre], [m].[MovieCode], [m].[Poster], [m].[ReleaseDate], [m].[Status], [m].[Title], [m].[Trailer]
FROM [Movies] AS [m]
WHERE [m].[Status] = N'Sap chieu' AND [m].[ReleaseDate] <= @__today_0
2026-05-25 16:52:08.976 +07:00 [INF] Executed DbCommand (2ms) [Parameters=[], CommandType='"Text"', CommandTimeout='30']
SELECT [o].[OrderID], [o].[CheckInTime], [o].[FinalAmount], [o].[HoldExpiryTime], [o].[OrderCode], [o].[PayOSTransID], [o].[PromoID], [o].[QrCode], [o].[ShowtimeID], [o].[Status], [o].[TotalAmount], [o].[UserID]
FROM [Orders] AS [o]
WHERE [o].[Status] = N'Chờ thanh toán' AND [o].[HoldExpiryTime] <= GETDATE()
2026-05-25 16:52:08.979 +07:00 [INF] Executed DbCommand (3ms) [Parameters=[@__maxSellingDate_0='?' (DbType = DateTime2), @__now_1='?' (DbType = DateTime2)], CommandType='"Text"', CommandTimeout='30']
SELECT [s].[ShowtimeID], [s].[EndTime], [s].[MovieID], [s].[RoomID], [s].[ShowtimeCode], [s].[StartTime], [s].[Status]
FROM [Showtimes] AS [s]
WHERE [s].[Status] IN (N'Đã lên lịch', N'Sap chieu') AND CONVERT(date, [s].[StartTime]) <= @__maxSellingDate_0 AND [s].[StartTime] > @__now_1
2026-05-25 16:52:08.982 +07:00 [INF] Executed DbCommand (2ms) [Parameters=[@__now_0='?' (DbType = DateTime2)], CommandType='"Text"', CommandTimeout='30']
SELECT [s].[ShowtimeID], [s].[EndTime], [s].[MovieID], [s].[RoomID], [s].[ShowtimeCode], [s].[StartTime], [s].[Status]
FROM [Showtimes] AS [s]
WHERE [s].[Status] IN (N'Đã lên lịch', N'Đang mở bán', N'Sap chieu') AND [s].[StartTime] <= @__now_0 AND [s].[EndTime] > @__now_0
2026-05-25 16:52:08.984 +07:00 [INF] Executed DbCommand (2ms) [Parameters=[@__now_0='?' (DbType = DateTime2)], CommandType='"Text"', CommandTimeout='30']
SELECT [s].[ShowtimeID], [s].[EndTime], [s].[MovieID], [s].[RoomID], [s].[ShowtimeCode], [s].[StartTime], [s].[Status]
FROM [Showtimes] AS [s]
WHERE [s].[Status] IN (N'Đã lên lịch', N'Đang mở bán', N'Đang chiếu', N'Sap chieu', N'Dang dien ra') AND [s].[EndTime] <= @__now_0
2026-05-25 16:52:08.987 +07:00 [INF] Executed DbCommand (2ms) [Parameters=[@__today_0='?' (DbType = Date)], CommandType='"Text"', CommandTimeout='30']
SELECT [m].[MovieID], [m].[Actors], [m].[Description], [m].[Director], [m].[Duration], [m].[Genre], [m].[MovieCode], [m].[Poster], [m].[ReleaseDate], [m].[Status], [m].[Title], [m].[Trailer]
FROM [Movies] AS [m]
WHERE [m].[Status] = N'Sap chieu' AND [m].[ReleaseDate] <= @__today_0
2026-05-25 16:53:08.999 +07:00 [INF] Executed DbCommand (4ms) [Parameters=[], CommandType='"Text"', CommandTimeout='30']
SELECT [o].[OrderID], [o].[CheckInTime], [o].[FinalAmount], [o].[HoldExpiryTime], [o].[OrderCode], [o].[PayOSTransID], [o].[PromoID], [o].[QrCode], [o].[ShowtimeID], [o].[Status], [o].[TotalAmount], [o].[UserID]
FROM [Orders] AS [o]
WHERE [o].[Status] = N'Chờ thanh toán' AND [o].[HoldExpiryTime] <= GETDATE()
2026-05-25 16:53:09.003 +07:00 [INF] Executed DbCommand (3ms) [Parameters=[@__maxSellingDate_0='?' (DbType = DateTime2), @__now_1='?' (DbType = DateTime2)], CommandType='"Text"', CommandTimeout='30']
SELECT [s].[ShowtimeID], [s].[EndTime], [s].[MovieID], [s].[RoomID], [s].[ShowtimeCode], [s].[StartTime], [s].[Status]
FROM [Showtimes] AS [s]
WHERE [s].[Status] IN (N'Đã lên lịch', N'Sap chieu') AND CONVERT(date, [s].[StartTime]) <= @__maxSellingDate_0 AND [s].[StartTime] > @__now_1
2026-05-25 16:53:09.010 +07:00 [INF] Executed DbCommand (5ms) [Parameters=[@__now_0='?' (DbType = DateTime2)], CommandType='"Text"', CommandTimeout='30']
SELECT [s].[ShowtimeID], [s].[EndTime], [s].[MovieID], [s].[RoomID], [s].[ShowtimeCode], [s].[StartTime], [s].[Status]
FROM [Showtimes] AS [s]
WHERE [s].[Status] IN (N'Đã lên lịch', N'Đang mở bán', N'Sap chieu') AND [s].[StartTime] <= @__now_0 AND [s].[EndTime] > @__now_0
2026-05-25 16:53:09.013 +07:00 [INF] Executed DbCommand (2ms) [Parameters=[@__now_0='?' (DbType = DateTime2)], CommandType='"Text"', CommandTimeout='30']
SELECT [s].[ShowtimeID], [s].[EndTime], [s].[MovieID], [s].[RoomID], [s].[ShowtimeCode], [s].[StartTime], [s].[Status]
FROM [Showtimes] AS [s]
WHERE [s].[Status] IN (N'Đã lên lịch', N'Đang mở bán', N'Đang chiếu', N'Sap chieu', N'Dang dien ra') AND [s].[EndTime] <= @__now_0
2026-05-25 16:53:09.017 +07:00 [INF] Executed DbCommand (3ms) [Parameters=[@__today_0='?' (DbType = Date)], CommandType='"Text"', CommandTimeout='30']
SELECT [m].[MovieID], [m].[Actors], [m].[Description], [m].[Director], [m].[Duration], [m].[Genre], [m].[MovieCode], [m].[Poster], [m].[ReleaseDate], [m].[Status], [m].[Title], [m].[Trailer]
FROM [Movies] AS [m]
WHERE [m].[Status] = N'Sap chieu' AND [m].[ReleaseDate] <= @__today_0
2026-05-25 16:54:09.035 +07:00 [INF] Executed DbCommand (5ms) [Parameters=[], CommandType='"Text"', CommandTimeout='30']
SELECT [o].[OrderID], [o].[CheckInTime], [o].[FinalAmount], [o].[HoldExpiryTime], [o].[OrderCode], [o].[PayOSTransID], [o].[PromoID], [o].[QrCode], [o].[ShowtimeID], [o].[Status], [o].[TotalAmount], [o].[UserID]
FROM [Orders] AS [o]
WHERE [o].[Status] = N'Chờ thanh toán' AND [o].[HoldExpiryTime] <= GETDATE()
2026-05-25 16:54:09.043 +07:00 [INF] Executed DbCommand (6ms) [Parameters=[@__maxSellingDate_0='?' (DbType = DateTime2), @__now_1='?' (DbType = DateTime2)], CommandType='"Text"', CommandTimeout='30']
SELECT [s].[ShowtimeID], [s].[EndTime], [s].[MovieID], [s].[RoomID], [s].[ShowtimeCode], [s].[StartTime], [s].[Status]
FROM [Showtimes] AS [s]
WHERE [s].[Status] IN (N'Đã lên lịch', N'Sap chieu') AND CONVERT(date, [s].[StartTime]) <= @__maxSellingDate_0 AND [s].[StartTime] > @__now_1
2026-05-25 16:54:09.047 +07:00 [INF] Executed DbCommand (4ms) [Parameters=[@__now_0='?' (DbType = DateTime2)], CommandType='"Text"', CommandTimeout='30']
SELECT [s].[ShowtimeID], [s].[EndTime], [s].[MovieID], [s].[RoomID], [s].[ShowtimeCode], [s].[StartTime], [s].[Status]
FROM [Showtimes] AS [s]
WHERE [s].[Status] IN (N'Đã lên lịch', N'Đang mở bán', N'Sap chieu') AND [s].[StartTime] <= @__now_0 AND [s].[EndTime] > @__now_0
2026-05-25 16:54:09.052 +07:00 [INF] Executed DbCommand (4ms) [Parameters=[@__now_0='?' (DbType = DateTime2)], CommandType='"Text"', CommandTimeout='30']
SELECT [s].[ShowtimeID], [s].[EndTime], [s].[MovieID], [s].[RoomID], [s].[ShowtimeCode], [s].[StartTime], [s].[Status]
FROM [Showtimes] AS [s]
WHERE [s].[Status] IN (N'Đã lên lịch', N'Đang mở bán', N'Đang chiếu', N'Sap chieu', N'Dang dien ra') AND [s].[EndTime] <= @__now_0
2026-05-25 16:54:09.059 +07:00 [INF] Executed DbCommand (4ms) [Parameters=[@__today_0='?' (DbType = Date)], CommandType='"Text"', CommandTimeout='30']
SELECT [m].[MovieID], [m].[Actors], [m].[Description], [m].[Director], [m].[Duration], [m].[Genre], [m].[MovieCode], [m].[Poster], [m].[ReleaseDate], [m].[Status], [m].[Title], [m].[Trailer]
FROM [Movies] AS [m]
WHERE [m].[Status] = N'Sap chieu' AND [m].[ReleaseDate] <= @__today_0
2026-05-25 16:55:09.077 +07:00 [INF] Executed DbCommand (4ms) [Parameters=[], CommandType='"Text"', CommandTimeout='30']
SELECT [o].[OrderID], [o].[CheckInTime], [o].[FinalAmount], [o].[HoldExpiryTime], [o].[OrderCode], [o].[PayOSTransID], [o].[PromoID], [o].[QrCode], [o].[ShowtimeID], [o].[Status], [o].[TotalAmount], [o].[UserID]
FROM [Orders] AS [o]
WHERE [o].[Status] = N'Chờ thanh toán' AND [o].[HoldExpiryTime] <= GETDATE()
2026-05-25 16:55:09.084 +07:00 [INF] Executed DbCommand (5ms) [Parameters=[@__maxSellingDate_0='?' (DbType = DateTime2), @__now_1='?' (DbType = DateTime2)], CommandType='"Text"', CommandTimeout='30']
SELECT [s].[ShowtimeID], [s].[EndTime], [s].[MovieID], [s].[RoomID], [s].[ShowtimeCode], [s].[StartTime], [s].[Status]
FROM [Showtimes] AS [s]
WHERE [s].[Status] IN (N'Đã lên lịch', N'Sap chieu') AND CONVERT(date, [s].[StartTime]) <= @__maxSellingDate_0 AND [s].[StartTime] > @__now_1
2026-05-25 16:55:09.088 +07:00 [INF] Executed DbCommand (4ms) [Parameters=[@__now_0='?' (DbType = DateTime2)], CommandType='"Text"', CommandTimeout='30']
SELECT [s].[ShowtimeID], [s].[EndTime], [s].[MovieID], [s].[RoomID], [s].[ShowtimeCode], [s].[StartTime], [s].[Status]
FROM [Showtimes] AS [s]
WHERE [s].[Status] IN (N'Đã lên lịch', N'Đang mở bán', N'Sap chieu') AND [s].[StartTime] <= @__now_0 AND [s].[EndTime] > @__now_0
2026-05-25 16:55:09.093 +07:00 [INF] Executed DbCommand (3ms) [Parameters=[@__now_0='?' (DbType = DateTime2)], CommandType='"Text"', CommandTimeout='30']
SELECT [s].[ShowtimeID], [s].[EndTime], [s].[MovieID], [s].[RoomID], [s].[ShowtimeCode], [s].[StartTime], [s].[Status]
FROM [Showtimes] AS [s]
WHERE [s].[Status] IN (N'Đã lên lịch', N'Đang mở bán', N'Đang chiếu', N'Sap chieu', N'Dang dien ra') AND [s].[EndTime] <= @__now_0
2026-05-25 16:55:09.096 +07:00 [INF] Executed DbCommand (2ms) [Parameters=[@__today_0='?' (DbType = Date)], CommandType='"Text"', CommandTimeout='30']
SELECT [m].[MovieID], [m].[Actors], [m].[Description], [m].[Director], [m].[Duration], [m].[Genre], [m].[MovieCode], [m].[Poster], [m].[ReleaseDate], [m].[Status], [m].[Title], [m].[Trailer]
FROM [Movies] AS [m]
WHERE [m].[Status] = N'Sap chieu' AND [m].[ReleaseDate] <= @__today_0
2026-05-25 16:56:09.106 +07:00 [INF] Executed DbCommand (4ms) [Parameters=[], CommandType='"Text"', CommandTimeout='30']
SELECT [o].[OrderID], [o].[CheckInTime], [o].[FinalAmount], [o].[HoldExpiryTime], [o].[OrderCode], [o].[PayOSTransID], [o].[PromoID], [o].[QrCode], [o].[ShowtimeID], [o].[Status], [o].[TotalAmount], [o].[UserID]
FROM [Orders] AS [o]
WHERE [o].[Status] = N'Chờ thanh toán' AND [o].[HoldExpiryTime] <= GETDATE()
2026-05-25 16:56:09.114 +07:00 [INF] Executed DbCommand (6ms) [Parameters=[@__maxSellingDate_0='?' (DbType = DateTime2), @__now_1='?' (DbType = DateTime2)], CommandType='"Text"', CommandTimeout='30']
SELECT [s].[ShowtimeID], [s].[EndTime], [s].[MovieID], [s].[RoomID], [s].[ShowtimeCode], [s].[StartTime], [s].[Status]
FROM [Showtimes] AS [s]
WHERE [s].[Status] IN (N'Đã lên lịch', N'Sap chieu') AND CONVERT(date, [s].[StartTime]) <= @__maxSellingDate_0 AND [s].[StartTime] > @__now_1
2026-05-25 16:56:09.119 +07:00 [INF] Executed DbCommand (4ms) [Parameters=[@__now_0='?' (DbType = DateTime2)], CommandType='"Text"', CommandTimeout='30']
SELECT [s].[ShowtimeID], [s].[EndTime], [s].[MovieID], [s].[RoomID], [s].[ShowtimeCode], [s].[StartTime], [s].[Status]
FROM [Showtimes] AS [s]
WHERE [s].[Status] IN (N'Đã lên lịch', N'Đang mở bán', N'Sap chieu') AND [s].[StartTime] <= @__now_0 AND [s].[EndTime] > @__now_0
2026-05-25 16:56:09.122 +07:00 [INF] Executed DbCommand (3ms) [Parameters=[@__now_0='?' (DbType = DateTime2)], CommandType='"Text"', CommandTimeout='30']
SELECT [s].[ShowtimeID], [s].[EndTime], [s].[MovieID], [s].[RoomID], [s].[ShowtimeCode], [s].[StartTime], [s].[Status]
FROM [Showtimes] AS [s]
WHERE [s].[Status] IN (N'Đã lên lịch', N'Đang mở bán', N'Đang chiếu', N'Sap chieu', N'Dang dien ra') AND [s].[EndTime] <= @__now_0
2026-05-25 16:56:09.128 +07:00 [INF] Executed DbCommand (4ms) [Parameters=[@__today_0='?' (DbType = Date)], CommandType='"Text"', CommandTimeout='30']
SELECT [m].[MovieID], [m].[Actors], [m].[Description], [m].[Director], [m].[Duration], [m].[Genre], [m].[MovieCode], [m].[Poster], [m].[ReleaseDate], [m].[Status], [m].[Title], [m].[Trailer]
FROM [Movies] AS [m]
WHERE [m].[Status] = N'Sap chieu' AND [m].[ReleaseDate] <= @__today_0
2026-05-25 16:57:09.136 +07:00 [INF] Executed DbCommand (3ms) [Parameters=[], CommandType='"Text"', CommandTimeout='30']
SELECT [o].[OrderID], [o].[CheckInTime], [o].[FinalAmount], [o].[HoldExpiryTime], [o].[OrderCode], [o].[PayOSTransID], [o].[PromoID], [o].[QrCode], [o].[ShowtimeID], [o].[Status], [o].[TotalAmount], [o].[UserID]
FROM [Orders] AS [o]
WHERE [o].[Status] = N'Chờ thanh toán' AND [o].[HoldExpiryTime] <= GETDATE()
2026-05-25 16:57:09.140 +07:00 [INF] Executed DbCommand (3ms) [Parameters=[@__maxSellingDate_0='?' (DbType = DateTime2), @__now_1='?' (DbType = DateTime2)], CommandType='"Text"', CommandTimeout='30']
SELECT [s].[ShowtimeID], [s].[EndTime], [s].[MovieID], [s].[RoomID], [s].[ShowtimeCode], [s].[StartTime], [s].[Status]
FROM [Showtimes] AS [s]
WHERE [s].[Status] IN (N'Đã lên lịch', N'Sap chieu') AND CONVERT(date, [s].[StartTime]) <= @__maxSellingDate_0 AND [s].[StartTime] > @__now_1
2026-05-25 16:57:09.143 +07:00 [INF] Executed DbCommand (2ms) [Parameters=[@__now_0='?' (DbType = DateTime2)], CommandType='"Text"', CommandTimeout='30']
SELECT [s].[ShowtimeID], [s].[EndTime], [s].[MovieID], [s].[RoomID], [s].[ShowtimeCode], [s].[StartTime], [s].[Status]
FROM [Showtimes] AS [s]
WHERE [s].[Status] IN (N'Đã lên lịch', N'Đang mở bán', N'Sap chieu') AND [s].[StartTime] <= @__now_0 AND [s].[EndTime] > @__now_0
2026-05-25 16:57:09.145 +07:00 [INF] Executed DbCommand (2ms) [Parameters=[@__now_0='?' (DbType = DateTime2)], CommandType='"Text"', CommandTimeout='30']
SELECT [s].[ShowtimeID], [s].[EndTime], [s].[MovieID], [s].[RoomID], [s].[ShowtimeCode], [s].[StartTime], [s].[Status]
FROM [Showtimes] AS [s]
WHERE [s].[Status] IN (N'Đã lên lịch', N'Đang mở bán', N'Đang chiếu', N'Sap chieu', N'Dang dien ra') AND [s].[EndTime] <= @__now_0
2026-05-25 16:57:09.148 +07:00 [INF] Executed DbCommand (2ms) [Parameters=[@__today_0='?' (DbType = Date)], CommandType='"Text"', CommandTimeout='30']
SELECT [m].[MovieID], [m].[Actors], [m].[Description], [m].[Director], [m].[Duration], [m].[Genre], [m].[MovieCode], [m].[Poster], [m].[ReleaseDate], [m].[Status], [m].[Title], [m].[Trailer]
FROM [Movies] AS [m]
WHERE [m].[Status] = N'Sap chieu' AND [m].[ReleaseDate] <= @__today_0
2026-05-25 16:58:09.156 +07:00 [INF] Executed DbCommand (3ms) [Parameters=[], CommandType='"Text"', CommandTimeout='30']
SELECT [o].[OrderID], [o].[CheckInTime], [o].[FinalAmount], [o].[HoldExpiryTime], [o].[OrderCode], [o].[PayOSTransID], [o].[PromoID], [o].[QrCode], [o].[ShowtimeID], [o].[Status], [o].[TotalAmount], [o].[UserID]
FROM [Orders] AS [o]
WHERE [o].[Status] = N'Chờ thanh toán' AND [o].[HoldExpiryTime] <= GETDATE()
2026-05-25 16:58:09.163 +07:00 [INF] Executed DbCommand (5ms) [Parameters=[@__maxSellingDate_0='?' (DbType = DateTime2), @__now_1='?' (DbType = DateTime2)], CommandType='"Text"', CommandTimeout='30']
SELECT [s].[ShowtimeID], [s].[EndTime], [s].[MovieID], [s].[RoomID], [s].[ShowtimeCode], [s].[StartTime], [s].[Status]
FROM [Showtimes] AS [s]
WHERE [s].[Status] IN (N'Đã lên lịch', N'Sap chieu') AND CONVERT(date, [s].[StartTime]) <= @__maxSellingDate_0 AND [s].[StartTime] > @__now_1
2026-05-25 16:58:09.169 +07:00 [INF] Executed DbCommand (5ms) [Parameters=[@__now_0='?' (DbType = DateTime2)], CommandType='"Text"', CommandTimeout='30']
SELECT [s].[ShowtimeID], [s].[EndTime], [s].[MovieID], [s].[RoomID], [s].[ShowtimeCode], [s].[StartTime], [s].[Status]
FROM [Showtimes] AS [s]
WHERE [s].[Status] IN (N'Đã lên lịch', N'Đang mở bán', N'Sap chieu') AND [s].[StartTime] <= @__now_0 AND [s].[EndTime] > @__now_0
2026-05-25 16:58:09.171 +07:00 [INF] Executed DbCommand (2ms) [Parameters=[@__now_0='?' (DbType = DateTime2)], CommandType='"Text"', CommandTimeout='30']
SELECT [s].[ShowtimeID], [s].[EndTime], [s].[MovieID], [s].[RoomID], [s].[ShowtimeCode], [s].[StartTime], [s].[Status]
FROM [Showtimes] AS [s]
WHERE [s].[Status] IN (N'Đã lên lịch', N'Đang mở bán', N'Đang chiếu', N'Sap chieu', N'Dang dien ra') AND [s].[EndTime] <= @__now_0
2026-05-25 16:58:09.175 +07:00 [INF] Executed DbCommand (3ms) [Parameters=[@__today_0='?' (DbType = Date)], CommandType='"Text"', CommandTimeout='30']
SELECT [m].[MovieID], [m].[Actors], [m].[Description], [m].[Director], [m].[Duration], [m].[Genre], [m].[MovieCode], [m].[Poster], [m].[ReleaseDate], [m].[Status], [m].[Title], [m].[Trailer]
FROM [Movies] AS [m]
WHERE [m].[Status] = N'Sap chieu' AND [m].[ReleaseDate] <= @__today_0
2026-05-25 16:59:09.204 +07:00 [INF] Executed DbCommand (11ms) [Parameters=[], CommandType='"Text"', CommandTimeout='30']
SELECT [o].[OrderID], [o].[CheckInTime], [o].[FinalAmount], [o].[HoldExpiryTime], [o].[OrderCode], [o].[PayOSTransID], [o].[PromoID], [o].[QrCode], [o].[ShowtimeID], [o].[Status], [o].[TotalAmount], [o].[UserID]
FROM [Orders] AS [o]
WHERE [o].[Status] = N'Chờ thanh toán' AND [o].[HoldExpiryTime] <= GETDATE()
2026-05-25 16:59:09.209 +07:00 [INF] Executed DbCommand (4ms) [Parameters=[@__maxSellingDate_0='?' (DbType = DateTime2), @__now_1='?' (DbType = DateTime2)], CommandType='"Text"', CommandTimeout='30']
SELECT [s].[ShowtimeID], [s].[EndTime], [s].[MovieID], [s].[RoomID], [s].[ShowtimeCode], [s].[StartTime], [s].[Status]
FROM [Showtimes] AS [s]
WHERE [s].[Status] IN (N'Đã lên lịch', N'Sap chieu') AND CONVERT(date, [s].[StartTime]) <= @__maxSellingDate_0 AND [s].[StartTime] > @__now_1
2026-05-25 16:59:09.213 +07:00 [INF] Executed DbCommand (4ms) [Parameters=[@__now_0='?' (DbType = DateTime2)], CommandType='"Text"', CommandTimeout='30']
SELECT [s].[ShowtimeID], [s].[EndTime], [s].[MovieID], [s].[RoomID], [s].[ShowtimeCode], [s].[StartTime], [s].[Status]
FROM [Showtimes] AS [s]
WHERE [s].[Status] IN (N'Đã lên lịch', N'Đang mở bán', N'Sap chieu') AND [s].[StartTime] <= @__now_0 AND [s].[EndTime] > @__now_0
2026-05-25 16:59:09.217 +07:00 [INF] Executed DbCommand (3ms) [Parameters=[@__now_0='?' (DbType = DateTime2)], CommandType='"Text"', CommandTimeout='30']
SELECT [s].[ShowtimeID], [s].[EndTime], [s].[MovieID], [s].[RoomID], [s].[ShowtimeCode], [s].[StartTime], [s].[Status]
FROM [Showtimes] AS [s]
WHERE [s].[Status] IN (N'Đã lên lịch', N'Đang mở bán', N'Đang chiếu', N'Sap chieu', N'Dang dien ra') AND [s].[EndTime] <= @__now_0
2026-05-25 16:59:09.221 +07:00 [INF] Executed DbCommand (3ms) [Parameters=[@__today_0='?' (DbType = Date)], CommandType='"Text"', CommandTimeout='30']
SELECT [m].[MovieID], [m].[Actors], [m].[Description], [m].[Director], [m].[Duration], [m].[Genre], [m].[MovieCode], [m].[Poster], [m].[ReleaseDate], [m].[Status], [m].[Title], [m].[Trailer]
FROM [Movies] AS [m]
WHERE [m].[Status] = N'Sap chieu' AND [m].[ReleaseDate] <= @__today_0
2026-05-25 17:00:09.238 +07:00 [INF] Executed DbCommand (2ms) [Parameters=[], CommandType='"Text"', CommandTimeout='30']
SELECT [o].[OrderID], [o].[CheckInTime], [o].[FinalAmount], [o].[HoldExpiryTime], [o].[OrderCode], [o].[PayOSTransID], [o].[PromoID], [o].[QrCode], [o].[ShowtimeID], [o].[Status], [o].[TotalAmount], [o].[UserID]
FROM [Orders] AS [o]
WHERE [o].[Status] = N'Chờ thanh toán' AND [o].[HoldExpiryTime] <= GETDATE()
2026-05-25 17:00:09.242 +07:00 [INF] Executed DbCommand (2ms) [Parameters=[@__maxSellingDate_0='?' (DbType = DateTime2), @__now_1='?' (DbType = DateTime2)], CommandType='"Text"', CommandTimeout='30']
SELECT [s].[ShowtimeID], [s].[EndTime], [s].[MovieID], [s].[RoomID], [s].[ShowtimeCode], [s].[StartTime], [s].[Status]
FROM [Showtimes] AS [s]
WHERE [s].[Status] IN (N'Đã lên lịch', N'Sap chieu') AND CONVERT(date, [s].[StartTime]) <= @__maxSellingDate_0 AND [s].[StartTime] > @__now_1
2026-05-25 17:00:09.244 +07:00 [INF] Executed DbCommand (2ms) [Parameters=[@__now_0='?' (DbType = DateTime2)], CommandType='"Text"', CommandTimeout='30']
SELECT [s].[ShowtimeID], [s].[EndTime], [s].[MovieID], [s].[RoomID], [s].[ShowtimeCode], [s].[StartTime], [s].[Status]
FROM [Showtimes] AS [s]
WHERE [s].[Status] IN (N'Đã lên lịch', N'Đang mở bán', N'Sap chieu') AND [s].[StartTime] <= @__now_0 AND [s].[EndTime] > @__now_0
2026-05-25 17:00:09.248 +07:00 [INF] Executed DbCommand (4ms) [Parameters=[@__now_0='?' (DbType = DateTime2)], CommandType='"Text"', CommandTimeout='30']
SELECT [s].[ShowtimeID], [s].[EndTime], [s].[MovieID], [s].[RoomID], [s].[ShowtimeCode], [s].[StartTime], [s].[Status]
FROM [Showtimes] AS [s]
WHERE [s].[Status] IN (N'Đã lên lịch', N'Đang mở bán', N'Đang chiếu', N'Sap chieu', N'Dang dien ra') AND [s].[EndTime] <= @__now_0
2026-05-25 17:00:09.252 +07:00 [INF] Executed DbCommand (2ms) [Parameters=[@__today_0='?' (DbType = Date)], CommandType='"Text"', CommandTimeout='30']
SELECT [m].[MovieID], [m].[Actors], [m].[Description], [m].[Director], [m].[Duration], [m].[Genre], [m].[MovieCode], [m].[Poster], [m].[ReleaseDate], [m].[Status], [m].[Title], [m].[Trailer]
FROM [Movies] AS [m]
WHERE [m].[Status] = N'Sap chieu' AND [m].[ReleaseDate] <= @__today_0
2026-05-25 17:01:09.259 +07:00 [INF] Executed DbCommand (4ms) [Parameters=[], CommandType='"Text"', CommandTimeout='30']
SELECT [o].[OrderID], [o].[CheckInTime], [o].[FinalAmount], [o].[HoldExpiryTime], [o].[OrderCode], [o].[PayOSTransID], [o].[PromoID], [o].[QrCode], [o].[ShowtimeID], [o].[Status], [o].[TotalAmount], [o].[UserID]
FROM [Orders] AS [o]
WHERE [o].[Status] = N'Chờ thanh toán' AND [o].[HoldExpiryTime] <= GETDATE()
2026-05-25 17:01:09.264 +07:00 [INF] Executed DbCommand (4ms) [Parameters=[@__maxSellingDate_0='?' (DbType = DateTime2), @__now_1='?' (DbType = DateTime2)], CommandType='"Text"', CommandTimeout='30']
SELECT [s].[ShowtimeID], [s].[EndTime], [s].[MovieID], [s].[RoomID], [s].[ShowtimeCode], [s].[StartTime], [s].[Status]
FROM [Showtimes] AS [s]
WHERE [s].[Status] IN (N'Đã lên lịch', N'Sap chieu') AND CONVERT(date, [s].[StartTime]) <= @__maxSellingDate_0 AND [s].[StartTime] > @__now_1
2026-05-25 17:01:09.267 +07:00 [INF] Executed DbCommand (3ms) [Parameters=[@__now_0='?' (DbType = DateTime2)], CommandType='"Text"', CommandTimeout='30']
SELECT [s].[ShowtimeID], [s].[EndTime], [s].[MovieID], [s].[RoomID], [s].[ShowtimeCode], [s].[StartTime], [s].[Status]
FROM [Showtimes] AS [s]
WHERE [s].[Status] IN (N'Đã lên lịch', N'Đang mở bán', N'Sap chieu') AND [s].[StartTime] <= @__now_0 AND [s].[EndTime] > @__now_0
2026-05-25 17:01:09.273 +07:00 [INF] Executed DbCommand (5ms) [Parameters=[@__now_0='?' (DbType = DateTime2)], CommandType='"Text"', CommandTimeout='30']
SELECT [s].[ShowtimeID], [s].[EndTime], [s].[MovieID], [s].[RoomID], [s].[ShowtimeCode], [s].[StartTime], [s].[Status]
FROM [Showtimes] AS [s]
WHERE [s].[Status] IN (N'Đã lên lịch', N'Đang mở bán', N'Đang chiếu', N'Sap chieu', N'Dang dien ra') AND [s].[EndTime] <= @__now_0
2026-05-25 17:01:09.277 +07:00 [INF] Executed DbCommand (3ms) [Parameters=[@__today_0='?' (DbType = Date)], CommandType='"Text"', CommandTimeout='30']
SELECT [m].[MovieID], [m].[Actors], [m].[Description], [m].[Director], [m].[Duration], [m].[Genre], [m].[MovieCode], [m].[Poster], [m].[ReleaseDate], [m].[Status], [m].[Title], [m].[Trailer]
FROM [Movies] AS [m]
WHERE [m].[Status] = N'Sap chieu' AND [m].[ReleaseDate] <= @__today_0
2026-05-25 17:02:09.297 +07:00 [INF] Executed DbCommand (4ms) [Parameters=[], CommandType='"Text"', CommandTimeout='30']
SELECT [o].[OrderID], [o].[CheckInTime], [o].[FinalAmount], [o].[HoldExpiryTime], [o].[OrderCode], [o].[PayOSTransID], [o].[PromoID], [o].[QrCode], [o].[ShowtimeID], [o].[Status], [o].[TotalAmount], [o].[UserID]
FROM [Orders] AS [o]
WHERE [o].[Status] = N'Chờ thanh toán' AND [o].[HoldExpiryTime] <= GETDATE()
2026-05-25 17:02:09.306 +07:00 [INF] Executed DbCommand (6ms) [Parameters=[@__maxSellingDate_0='?' (DbType = DateTime2), @__now_1='?' (DbType = DateTime2)], CommandType='"Text"', CommandTimeout='30']
SELECT [s].[ShowtimeID], [s].[EndTime], [s].[MovieID], [s].[RoomID], [s].[ShowtimeCode], [s].[StartTime], [s].[Status]
FROM [Showtimes] AS [s]
WHERE [s].[Status] IN (N'Đã lên lịch', N'Sap chieu') AND CONVERT(date, [s].[StartTime]) <= @__maxSellingDate_0 AND [s].[StartTime] > @__now_1
2026-05-25 17:02:09.310 +07:00 [INF] Executed DbCommand (3ms) [Parameters=[@__now_0='?' (DbType = DateTime2)], CommandType='"Text"', CommandTimeout='30']
SELECT [s].[ShowtimeID], [s].[EndTime], [s].[MovieID], [s].[RoomID], [s].[ShowtimeCode], [s].[StartTime], [s].[Status]
FROM [Showtimes] AS [s]
WHERE [s].[Status] IN (N'Đã lên lịch', N'Đang mở bán', N'Sap chieu') AND [s].[StartTime] <= @__now_0 AND [s].[EndTime] > @__now_0
2026-05-25 17:02:09.314 +07:00 [INF] Executed DbCommand (4ms) [Parameters=[@__now_0='?' (DbType = DateTime2)], CommandType='"Text"', CommandTimeout='30']
SELECT [s].[ShowtimeID], [s].[EndTime], [s].[MovieID], [s].[RoomID], [s].[ShowtimeCode], [s].[StartTime], [s].[Status]
FROM [Showtimes] AS [s]
WHERE [s].[Status] IN (N'Đã lên lịch', N'Đang mở bán', N'Đang chiếu', N'Sap chieu', N'Dang dien ra') AND [s].[EndTime] <= @__now_0
2026-05-25 17:02:09.320 +07:00 [INF] Executed DbCommand (4ms) [Parameters=[@__today_0='?' (DbType = Date)], CommandType='"Text"', CommandTimeout='30']
SELECT [m].[MovieID], [m].[Actors], [m].[Description], [m].[Director], [m].[Duration], [m].[Genre], [m].[MovieCode], [m].[Poster], [m].[ReleaseDate], [m].[Status], [m].[Title], [m].[Trailer]
FROM [Movies] AS [m]
WHERE [m].[Status] = N'Sap chieu' AND [m].[ReleaseDate] <= @__today_0
2026-05-25 17:03:09.341 +07:00 [INF] Executed DbCommand (4ms) [Parameters=[], CommandType='"Text"', CommandTimeout='30']
SELECT [o].[OrderID], [o].[CheckInTime], [o].[FinalAmount], [o].[HoldExpiryTime], [o].[OrderCode], [o].[PayOSTransID], [o].[PromoID], [o].[QrCode], [o].[ShowtimeID], [o].[Status], [o].[TotalAmount], [o].[UserID]
FROM [Orders] AS [o]
WHERE [o].[Status] = N'Chờ thanh toán' AND [o].[HoldExpiryTime] <= GETDATE()
2026-05-25 17:03:09.348 +07:00 [INF] Executed DbCommand (5ms) [Parameters=[@__maxSellingDate_0='?' (DbType = DateTime2), @__now_1='?' (DbType = DateTime2)], CommandType='"Text"', CommandTimeout='30']
SELECT [s].[ShowtimeID], [s].[EndTime], [s].[MovieID], [s].[RoomID], [s].[ShowtimeCode], [s].[StartTime], [s].[Status]
FROM [Showtimes] AS [s]
WHERE [s].[Status] IN (N'Đã lên lịch', N'Sap chieu') AND CONVERT(date, [s].[StartTime]) <= @__maxSellingDate_0 AND [s].[StartTime] > @__now_1
2026-05-25 17:03:09.353 +07:00 [INF] Executed DbCommand (4ms) [Parameters=[@__now_0='?' (DbType = DateTime2)], CommandType='"Text"', CommandTimeout='30']
SELECT [s].[ShowtimeID], [s].[EndTime], [s].[MovieID], [s].[RoomID], [s].[ShowtimeCode], [s].[StartTime], [s].[Status]
FROM [Showtimes] AS [s]
WHERE [s].[Status] IN (N'Đã lên lịch', N'Đang mở bán', N'Sap chieu') AND [s].[StartTime] <= @__now_0 AND [s].[EndTime] > @__now_0
2026-05-25 17:03:09.355 +07:00 [INF] Executed DbCommand (2ms) [Parameters=[@__now_0='?' (DbType = DateTime2)], CommandType='"Text"', CommandTimeout='30']
SELECT [s].[ShowtimeID], [s].[EndTime], [s].[MovieID], [s].[RoomID], [s].[ShowtimeCode], [s].[StartTime], [s].[Status]
FROM [Showtimes] AS [s]
WHERE [s].[Status] IN (N'Đã lên lịch', N'Đang mở bán', N'Đang chiếu', N'Sap chieu', N'Dang dien ra') AND [s].[EndTime] <= @__now_0
2026-05-25 17:03:09.360 +07:00 [INF] Executed DbCommand (4ms) [Parameters=[@__today_0='?' (DbType = Date)], CommandType='"Text"', CommandTimeout='30']
SELECT [m].[MovieID], [m].[Actors], [m].[Description], [m].[Director], [m].[Duration], [m].[Genre], [m].[MovieCode], [m].[Poster], [m].[ReleaseDate], [m].[Status], [m].[Title], [m].[Trailer]
FROM [Movies] AS [m]
WHERE [m].[Status] = N'Sap chieu' AND [m].[ReleaseDate] <= @__today_0
2026-05-25 17:04:09.379 +07:00 [INF] Executed DbCommand (4ms) [Parameters=[], CommandType='"Text"', CommandTimeout='30']
SELECT [o].[OrderID], [o].[CheckInTime], [o].[FinalAmount], [o].[HoldExpiryTime], [o].[OrderCode], [o].[PayOSTransID], [o].[PromoID], [o].[QrCode], [o].[ShowtimeID], [o].[Status], [o].[TotalAmount], [o].[UserID]
FROM [Orders] AS [o]
WHERE [o].[Status] = N'Chờ thanh toán' AND [o].[HoldExpiryTime] <= GETDATE()
2026-05-25 17:04:09.386 +07:00 [INF] Executed DbCommand (6ms) [Parameters=[@__maxSellingDate_0='?' (DbType = DateTime2), @__now_1='?' (DbType = DateTime2)], CommandType='"Text"', CommandTimeout='30']
SELECT [s].[ShowtimeID], [s].[EndTime], [s].[MovieID], [s].[RoomID], [s].[ShowtimeCode], [s].[StartTime], [s].[Status]
FROM [Showtimes] AS [s]
WHERE [s].[Status] IN (N'Đã lên lịch', N'Sap chieu') AND CONVERT(date, [s].[StartTime]) <= @__maxSellingDate_0 AND [s].[StartTime] > @__now_1
2026-05-25 17:04:09.388 +07:00 [INF] Executed DbCommand (2ms) [Parameters=[@__now_0='?' (DbType = DateTime2)], CommandType='"Text"', CommandTimeout='30']
SELECT [s].[ShowtimeID], [s].[EndTime], [s].[MovieID], [s].[RoomID], [s].[ShowtimeCode], [s].[StartTime], [s].[Status]
FROM [Showtimes] AS [s]
WHERE [s].[Status] IN (N'Đã lên lịch', N'Đang mở bán', N'Sap chieu') AND [s].[StartTime] <= @__now_0 AND [s].[EndTime] > @__now_0
2026-05-25 17:04:09.393 +07:00 [INF] Executed DbCommand (4ms) [Parameters=[@__now_0='?' (DbType = DateTime2)], CommandType='"Text"', CommandTimeout='30']
SELECT [s].[ShowtimeID], [s].[EndTime], [s].[MovieID], [s].[RoomID], [s].[ShowtimeCode], [s].[StartTime], [s].[Status]
FROM [Showtimes] AS [s]
WHERE [s].[Status] IN (N'Đã lên lịch', N'Đang mở bán', N'Đang chiếu', N'Sap chieu', N'Dang dien ra') AND [s].[EndTime] <= @__now_0
2026-05-25 17:04:09.396 +07:00 [INF] Executed DbCommand (2ms) [Parameters=[@__today_0='?' (DbType = Date)], CommandType='"Text"', CommandTimeout='30']
SELECT [m].[MovieID], [m].[Actors], [m].[Description], [m].[Director], [m].[Duration], [m].[Genre], [m].[MovieCode], [m].[Poster], [m].[ReleaseDate], [m].[Status], [m].[Title], [m].[Trailer]
FROM [Movies] AS [m]
WHERE [m].[Status] = N'Sap chieu' AND [m].[ReleaseDate] <= @__today_0
2026-05-25 17:05:09.417 +07:00 [INF] Executed DbCommand (5ms) [Parameters=[], CommandType='"Text"', CommandTimeout='30']
SELECT [o].[OrderID], [o].[CheckInTime], [o].[FinalAmount], [o].[HoldExpiryTime], [o].[OrderCode], [o].[PayOSTransID], [o].[PromoID], [o].[QrCode], [o].[ShowtimeID], [o].[Status], [o].[TotalAmount], [o].[UserID]
FROM [Orders] AS [o]
WHERE [o].[Status] = N'Chờ thanh toán' AND [o].[HoldExpiryTime] <= GETDATE()
2026-05-25 17:05:09.425 +07:00 [INF] Executed DbCommand (6ms) [Parameters=[@__maxSellingDate_0='?' (DbType = DateTime2), @__now_1='?' (DbType = DateTime2)], CommandType='"Text"', CommandTimeout='30']
SELECT [s].[ShowtimeID], [s].[EndTime], [s].[MovieID], [s].[RoomID], [s].[ShowtimeCode], [s].[StartTime], [s].[Status]
FROM [Showtimes] AS [s]
WHERE [s].[Status] IN (N'Đã lên lịch', N'Sap chieu') AND CONVERT(date, [s].[StartTime]) <= @__maxSellingDate_0 AND [s].[StartTime] > @__now_1
2026-05-25 17:05:09.428 +07:00 [INF] Executed DbCommand (2ms) [Parameters=[@__now_0='?' (DbType = DateTime2)], CommandType='"Text"', CommandTimeout='30']
SELECT [s].[ShowtimeID], [s].[EndTime], [s].[MovieID], [s].[RoomID], [s].[ShowtimeCode], [s].[StartTime], [s].[Status]
FROM [Showtimes] AS [s]
WHERE [s].[Status] IN (N'Đã lên lịch', N'Đang mở bán', N'Sap chieu') AND [s].[StartTime] <= @__now_0 AND [s].[EndTime] > @__now_0
2026-05-25 17:05:09.432 +07:00 [INF] Executed DbCommand (4ms) [Parameters=[@__now_0='?' (DbType = DateTime2)], CommandType='"Text"', CommandTimeout='30']
SELECT [s].[ShowtimeID], [s].[EndTime], [s].[MovieID], [s].[RoomID], [s].[ShowtimeCode], [s].[StartTime], [s].[Status]
FROM [Showtimes] AS [s]
WHERE [s].[Status] IN (N'Đã lên lịch', N'Đang mở bán', N'Đang chiếu', N'Sap chieu', N'Dang dien ra') AND [s].[EndTime] <= @__now_0
2026-05-25 17:05:09.435 +07:00 [INF] Executed DbCommand (2ms) [Parameters=[@__today_0='?' (DbType = Date)], CommandType='"Text"', CommandTimeout='30']
SELECT [m].[MovieID], [m].[Actors], [m].[Description], [m].[Director], [m].[Duration], [m].[Genre], [m].[MovieCode], [m].[Poster], [m].[ReleaseDate], [m].[Status], [m].[Title], [m].[Trailer]
FROM [Movies] AS [m]
WHERE [m].[Status] = N'Sap chieu' AND [m].[ReleaseDate] <= @__today_0
2026-05-25 17:06:09.450 +07:00 [INF] Executed DbCommand (4ms) [Parameters=[], CommandType='"Text"', CommandTimeout='30']
SELECT [o].[OrderID], [o].[CheckInTime], [o].[FinalAmount], [o].[HoldExpiryTime], [o].[OrderCode], [o].[PayOSTransID], [o].[PromoID], [o].[QrCode], [o].[ShowtimeID], [o].[Status], [o].[TotalAmount], [o].[UserID]
FROM [Orders] AS [o]
WHERE [o].[Status] = N'Chờ thanh toán' AND [o].[HoldExpiryTime] <= GETDATE()
2026-05-25 17:06:09.456 +07:00 [INF] Executed DbCommand (5ms) [Parameters=[@__maxSellingDate_0='?' (DbType = DateTime2), @__now_1='?' (DbType = DateTime2)], CommandType='"Text"', CommandTimeout='30']
SELECT [s].[ShowtimeID], [s].[EndTime], [s].[MovieID], [s].[RoomID], [s].[ShowtimeCode], [s].[StartTime], [s].[Status]
FROM [Showtimes] AS [s]
WHERE [s].[Status] IN (N'Đã lên lịch', N'Sap chieu') AND CONVERT(date, [s].[StartTime]) <= @__maxSellingDate_0 AND [s].[StartTime] > @__now_1
2026-05-25 17:06:09.462 +07:00 [INF] Executed DbCommand (5ms) [Parameters=[@__now_0='?' (DbType = DateTime2)], CommandType='"Text"', CommandTimeout='30']
SELECT [s].[ShowtimeID], [s].[EndTime], [s].[MovieID], [s].[RoomID], [s].[ShowtimeCode], [s].[StartTime], [s].[Status]
FROM [Showtimes] AS [s]
WHERE [s].[Status] IN (N'Đã lên lịch', N'Đang mở bán', N'Sap chieu') AND [s].[StartTime] <= @__now_0 AND [s].[EndTime] > @__now_0
2026-05-25 17:06:09.467 +07:00 [INF] Executed DbCommand (4ms) [Parameters=[@__now_0='?' (DbType = DateTime2)], CommandType='"Text"', CommandTimeout='30']
SELECT [s].[ShowtimeID], [s].[EndTime], [s].[MovieID], [s].[RoomID], [s].[ShowtimeCode], [s].[StartTime], [s].[Status]
FROM [Showtimes] AS [s]
WHERE [s].[Status] IN (N'Đã lên lịch', N'Đang mở bán', N'Đang chiếu', N'Sap chieu', N'Dang dien ra') AND [s].[EndTime] <= @__now_0
2026-05-25 17:06:09.472 +07:00 [INF] Executed DbCommand (3ms) [Parameters=[@__today_0='?' (DbType = Date)], CommandType='"Text"', CommandTimeout='30']
SELECT [m].[MovieID], [m].[Actors], [m].[Description], [m].[Director], [m].[Duration], [m].[Genre], [m].[MovieCode], [m].[Poster], [m].[ReleaseDate], [m].[Status], [m].[Title], [m].[Trailer]
FROM [Movies] AS [m]
WHERE [m].[Status] = N'Sap chieu' AND [m].[ReleaseDate] <= @__today_0
2026-05-25 17:07:09.479 +07:00 [INF] Executed DbCommand (3ms) [Parameters=[], CommandType='"Text"', CommandTimeout='30']
SELECT [o].[OrderID], [o].[CheckInTime], [o].[FinalAmount], [o].[HoldExpiryTime], [o].[OrderCode], [o].[PayOSTransID], [o].[PromoID], [o].[QrCode], [o].[ShowtimeID], [o].[Status], [o].[TotalAmount], [o].[UserID]
FROM [Orders] AS [o]
WHERE [o].[Status] = N'Chờ thanh toán' AND [o].[HoldExpiryTime] <= GETDATE()
2026-05-25 17:07:09.484 +07:00 [INF] Executed DbCommand (4ms) [Parameters=[@__maxSellingDate_0='?' (DbType = DateTime2), @__now_1='?' (DbType = DateTime2)], CommandType='"Text"', CommandTimeout='30']
SELECT [s].[ShowtimeID], [s].[EndTime], [s].[MovieID], [s].[RoomID], [s].[ShowtimeCode], [s].[StartTime], [s].[Status]
FROM [Showtimes] AS [s]
WHERE [s].[Status] IN (N'Đã lên lịch', N'Sap chieu') AND CONVERT(date, [s].[StartTime]) <= @__maxSellingDate_0 AND [s].[StartTime] > @__now_1
2026-05-25 17:07:09.488 +07:00 [INF] Executed DbCommand (4ms) [Parameters=[@__now_0='?' (DbType = DateTime2)], CommandType='"Text"', CommandTimeout='30']
SELECT [s].[ShowtimeID], [s].[EndTime], [s].[MovieID], [s].[RoomID], [s].[ShowtimeCode], [s].[StartTime], [s].[Status]
FROM [Showtimes] AS [s]
WHERE [s].[Status] IN (N'Đã lên lịch', N'Đang mở bán', N'Sap chieu') AND [s].[StartTime] <= @__now_0 AND [s].[EndTime] > @__now_0
2026-05-25 17:07:09.492 +07:00 [INF] Executed DbCommand (3ms) [Parameters=[@__now_0='?' (DbType = DateTime2)], CommandType='"Text"', CommandTimeout='30']
SELECT [s].[ShowtimeID], [s].[EndTime], [s].[MovieID], [s].[RoomID], [s].[ShowtimeCode], [s].[StartTime], [s].[Status]
FROM [Showtimes] AS [s]
WHERE [s].[Status] IN (N'Đã lên lịch', N'Đang mở bán', N'Đang chiếu', N'Sap chieu', N'Dang dien ra') AND [s].[EndTime] <= @__now_0
2026-05-25 17:07:09.496 +07:00 [INF] Executed DbCommand (3ms) [Parameters=[@__today_0='?' (DbType = Date)], CommandType='"Text"', CommandTimeout='30']
SELECT [m].[MovieID], [m].[Actors], [m].[Description], [m].[Director], [m].[Duration], [m].[Genre], [m].[MovieCode], [m].[Poster], [m].[ReleaseDate], [m].[Status], [m].[Title], [m].[Trailer]
FROM [Movies] AS [m]
WHERE [m].[Status] = N'Sap chieu' AND [m].[ReleaseDate] <= @__today_0
2026-05-25 17:08:09.510 +07:00 [INF] Executed DbCommand (2ms) [Parameters=[], CommandType='"Text"', CommandTimeout='30']
SELECT [o].[OrderID], [o].[CheckInTime], [o].[FinalAmount], [o].[HoldExpiryTime], [o].[OrderCode], [o].[PayOSTransID], [o].[PromoID], [o].[QrCode], [o].[ShowtimeID], [o].[Status], [o].[TotalAmount], [o].[UserID]
FROM [Orders] AS [o]
WHERE [o].[Status] = N'Chờ thanh toán' AND [o].[HoldExpiryTime] <= GETDATE()
2026-05-25 17:08:09.514 +07:00 [INF] Executed DbCommand (3ms) [Parameters=[@__maxSellingDate_0='?' (DbType = DateTime2), @__now_1='?' (DbType = DateTime2)], CommandType='"Text"', CommandTimeout='30']
SELECT [s].[ShowtimeID], [s].[EndTime], [s].[MovieID], [s].[RoomID], [s].[ShowtimeCode], [s].[StartTime], [s].[Status]
FROM [Showtimes] AS [s]
WHERE [s].[Status] IN (N'Đã lên lịch', N'Sap chieu') AND CONVERT(date, [s].[StartTime]) <= @__maxSellingDate_0 AND [s].[StartTime] > @__now_1
2026-05-25 17:08:09.516 +07:00 [INF] Executed DbCommand (2ms) [Parameters=[@__now_0='?' (DbType = DateTime2)], CommandType='"Text"', CommandTimeout='30']
SELECT [s].[ShowtimeID], [s].[EndTime], [s].[MovieID], [s].[RoomID], [s].[ShowtimeCode], [s].[StartTime], [s].[Status]
FROM [Showtimes] AS [s]
WHERE [s].[Status] IN (N'Đã lên lịch', N'Đang mở bán', N'Sap chieu') AND [s].[StartTime] <= @__now_0 AND [s].[EndTime] > @__now_0
2026-05-25 17:08:09.518 +07:00 [INF] Executed DbCommand (1ms) [Parameters=[@__now_0='?' (DbType = DateTime2)], CommandType='"Text"', CommandTimeout='30']
SELECT [s].[ShowtimeID], [s].[EndTime], [s].[MovieID], [s].[RoomID], [s].[ShowtimeCode], [s].[StartTime], [s].[Status]
FROM [Showtimes] AS [s]
WHERE [s].[Status] IN (N'Đã lên lịch', N'Đang mở bán', N'Đang chiếu', N'Sap chieu', N'Dang dien ra') AND [s].[EndTime] <= @__now_0
2026-05-25 17:08:09.521 +07:00 [INF] Executed DbCommand (3ms) [Parameters=[@__today_0='?' (DbType = Date)], CommandType='"Text"', CommandTimeout='30']
SELECT [m].[MovieID], [m].[Actors], [m].[Description], [m].[Director], [m].[Duration], [m].[Genre], [m].[MovieCode], [m].[Poster], [m].[ReleaseDate], [m].[Status], [m].[Title], [m].[Trailer]
FROM [Movies] AS [m]
WHERE [m].[Status] = N'Sap chieu' AND [m].[ReleaseDate] <= @__today_0
2026-05-25 17:09:09.541 +07:00 [INF] Executed DbCommand (5ms) [Parameters=[], CommandType='"Text"', CommandTimeout='30']
SELECT [o].[OrderID], [o].[CheckInTime], [o].[FinalAmount], [o].[HoldExpiryTime], [o].[OrderCode], [o].[PayOSTransID], [o].[PromoID], [o].[QrCode], [o].[ShowtimeID], [o].[Status], [o].[TotalAmount], [o].[UserID]
FROM [Orders] AS [o]
WHERE [o].[Status] = N'Chờ thanh toán' AND [o].[HoldExpiryTime] <= GETDATE()
2026-05-25 17:09:09.548 +07:00 [INF] Executed DbCommand (6ms) [Parameters=[@__maxSellingDate_0='?' (DbType = DateTime2), @__now_1='?' (DbType = DateTime2)], CommandType='"Text"', CommandTimeout='30']
SELECT [s].[ShowtimeID], [s].[EndTime], [s].[MovieID], [s].[RoomID], [s].[ShowtimeCode], [s].[StartTime], [s].[Status]
FROM [Showtimes] AS [s]
WHERE [s].[Status] IN (N'Đã lên lịch', N'Sap chieu') AND CONVERT(date, [s].[StartTime]) <= @__maxSellingDate_0 AND [s].[StartTime] > @__now_1
2026-05-25 17:09:09.552 +07:00 [INF] Executed DbCommand (4ms) [Parameters=[@__now_0='?' (DbType = DateTime2)], CommandType='"Text"', CommandTimeout='30']
SELECT [s].[ShowtimeID], [s].[EndTime], [s].[MovieID], [s].[RoomID], [s].[ShowtimeCode], [s].[StartTime], [s].[Status]
FROM [Showtimes] AS [s]
WHERE [s].[Status] IN (N'Đã lên lịch', N'Đang mở bán', N'Sap chieu') AND [s].[StartTime] <= @__now_0 AND [s].[EndTime] > @__now_0
2026-05-25 17:09:09.557 +07:00 [INF] Executed DbCommand (3ms) [Parameters=[@__now_0='?' (DbType = DateTime2)], CommandType='"Text"', CommandTimeout='30']
SELECT [s].[ShowtimeID], [s].[EndTime], [s].[MovieID], [s].[RoomID], [s].[ShowtimeCode], [s].[StartTime], [s].[Status]
FROM [Showtimes] AS [s]
WHERE [s].[Status] IN (N'Đã lên lịch', N'Đang mở bán', N'Đang chiếu', N'Sap chieu', N'Dang dien ra') AND [s].[EndTime] <= @__now_0
2026-05-25 17:09:09.561 +07:00 [INF] Executed DbCommand (2ms) [Parameters=[@__today_0='?' (DbType = Date)], CommandType='"Text"', CommandTimeout='30']
SELECT [m].[MovieID], [m].[Actors], [m].[Description], [m].[Director], [m].[Duration], [m].[Genre], [m].[MovieCode], [m].[Poster], [m].[ReleaseDate], [m].[Status], [m].[Title], [m].[Trailer]
FROM [Movies] AS [m]
WHERE [m].[Status] = N'Sap chieu' AND [m].[ReleaseDate] <= @__today_0
2026-05-25 17:10:09.565 +07:00 [INF] Executed DbCommand (3ms) [Parameters=[], CommandType='"Text"', CommandTimeout='30']
SELECT [o].[OrderID], [o].[CheckInTime], [o].[FinalAmount], [o].[HoldExpiryTime], [o].[OrderCode], [o].[PayOSTransID], [o].[PromoID], [o].[QrCode], [o].[ShowtimeID], [o].[Status], [o].[TotalAmount], [o].[UserID]
FROM [Orders] AS [o]
WHERE [o].[Status] = N'Chờ thanh toán' AND [o].[HoldExpiryTime] <= GETDATE()
2026-05-25 17:10:09.571 +07:00 [INF] Executed DbCommand (4ms) [Parameters=[@__maxSellingDate_0='?' (DbType = DateTime2), @__now_1='?' (DbType = DateTime2)], CommandType='"Text"', CommandTimeout='30']
SELECT [s].[ShowtimeID], [s].[EndTime], [s].[MovieID], [s].[RoomID], [s].[ShowtimeCode], [s].[StartTime], [s].[Status]
FROM [Showtimes] AS [s]
WHERE [s].[Status] IN (N'Đã lên lịch', N'Sap chieu') AND CONVERT(date, [s].[StartTime]) <= @__maxSellingDate_0 AND [s].[StartTime] > @__now_1
2026-05-25 17:10:09.575 +07:00 [INF] Executed DbCommand (4ms) [Parameters=[@__now_0='?' (DbType = DateTime2)], CommandType='"Text"', CommandTimeout='30']
SELECT [s].[ShowtimeID], [s].[EndTime], [s].[MovieID], [s].[RoomID], [s].[ShowtimeCode], [s].[StartTime], [s].[Status]
FROM [Showtimes] AS [s]
WHERE [s].[Status] IN (N'Đã lên lịch', N'Đang mở bán', N'Sap chieu') AND [s].[StartTime] <= @__now_0 AND [s].[EndTime] > @__now_0
2026-05-25 17:10:09.578 +07:00 [INF] Executed DbCommand (3ms) [Parameters=[@__now_0='?' (DbType = DateTime2)], CommandType='"Text"', CommandTimeout='30']
SELECT [s].[ShowtimeID], [s].[EndTime], [s].[MovieID], [s].[RoomID], [s].[ShowtimeCode], [s].[StartTime], [s].[Status]
FROM [Showtimes] AS [s]
WHERE [s].[Status] IN (N'Đã lên lịch', N'Đang mở bán', N'Đang chiếu', N'Sap chieu', N'Dang dien ra') AND [s].[EndTime] <= @__now_0
2026-05-25 17:10:09.583 +07:00 [INF] Executed DbCommand (4ms) [Parameters=[@__today_0='?' (DbType = Date)], CommandType='"Text"', CommandTimeout='30']
SELECT [m].[MovieID], [m].[Actors], [m].[Description], [m].[Director], [m].[Duration], [m].[Genre], [m].[MovieCode], [m].[Poster], [m].[ReleaseDate], [m].[Status], [m].[Title], [m].[Trailer]
FROM [Movies] AS [m]
WHERE [m].[Status] = N'Sap chieu' AND [m].[ReleaseDate] <= @__today_0
2026-05-25 17:11:09.602 +07:00 [INF] Executed DbCommand (4ms) [Parameters=[], CommandType='"Text"', CommandTimeout='30']
SELECT [o].[OrderID], [o].[CheckInTime], [o].[FinalAmount], [o].[HoldExpiryTime], [o].[OrderCode], [o].[PayOSTransID], [o].[PromoID], [o].[QrCode], [o].[ShowtimeID], [o].[Status], [o].[TotalAmount], [o].[UserID]
FROM [Orders] AS [o]
WHERE [o].[Status] = N'Chờ thanh toán' AND [o].[HoldExpiryTime] <= GETDATE()
2026-05-25 17:11:09.609 +07:00 [INF] Executed DbCommand (5ms) [Parameters=[@__maxSellingDate_0='?' (DbType = DateTime2), @__now_1='?' (DbType = DateTime2)], CommandType='"Text"', CommandTimeout='30']
SELECT [s].[ShowtimeID], [s].[EndTime], [s].[MovieID], [s].[RoomID], [s].[ShowtimeCode], [s].[StartTime], [s].[Status]
FROM [Showtimes] AS [s]
WHERE [s].[Status] IN (N'Đã lên lịch', N'Sap chieu') AND CONVERT(date, [s].[StartTime]) <= @__maxSellingDate_0 AND [s].[StartTime] > @__now_1
2026-05-25 17:11:09.613 +07:00 [INF] Executed DbCommand (3ms) [Parameters=[@__now_0='?' (DbType = DateTime2)], CommandType='"Text"', CommandTimeout='30']
SELECT [s].[ShowtimeID], [s].[EndTime], [s].[MovieID], [s].[RoomID], [s].[ShowtimeCode], [s].[StartTime], [s].[Status]
FROM [Showtimes] AS [s]
WHERE [s].[Status] IN (N'Đã lên lịch', N'Đang mở bán', N'Sap chieu') AND [s].[StartTime] <= @__now_0 AND [s].[EndTime] > @__now_0
2026-05-25 17:11:09.618 +07:00 [INF] Executed DbCommand (5ms) [Parameters=[@__now_0='?' (DbType = DateTime2)], CommandType='"Text"', CommandTimeout='30']
SELECT [s].[ShowtimeID], [s].[EndTime], [s].[MovieID], [s].[RoomID], [s].[ShowtimeCode], [s].[StartTime], [s].[Status]
FROM [Showtimes] AS [s]
WHERE [s].[Status] IN (N'Đã lên lịch', N'Đang mở bán', N'Đang chiếu', N'Sap chieu', N'Dang dien ra') AND [s].[EndTime] <= @__now_0
2026-05-25 17:11:09.622 +07:00 [INF] Executed DbCommand (2ms) [Parameters=[@__today_0='?' (DbType = Date)], CommandType='"Text"', CommandTimeout='30']
SELECT [m].[MovieID], [m].[Actors], [m].[Description], [m].[Director], [m].[Duration], [m].[Genre], [m].[MovieCode], [m].[Poster], [m].[ReleaseDate], [m].[Status], [m].[Title], [m].[Trailer]
FROM [Movies] AS [m]
WHERE [m].[Status] = N'Sap chieu' AND [m].[ReleaseDate] <= @__today_0
2026-05-25 17:12:09.642 +07:00 [INF] Executed DbCommand (4ms) [Parameters=[], CommandType='"Text"', CommandTimeout='30']
SELECT [o].[OrderID], [o].[CheckInTime], [o].[FinalAmount], [o].[HoldExpiryTime], [o].[OrderCode], [o].[PayOSTransID], [o].[PromoID], [o].[QrCode], [o].[ShowtimeID], [o].[Status], [o].[TotalAmount], [o].[UserID]
FROM [Orders] AS [o]
WHERE [o].[Status] = N'Chờ thanh toán' AND [o].[HoldExpiryTime] <= GETDATE()
2026-05-25 17:12:09.650 +07:00 [INF] Executed DbCommand (6ms) [Parameters=[@__maxSellingDate_0='?' (DbType = DateTime2), @__now_1='?' (DbType = DateTime2)], CommandType='"Text"', CommandTimeout='30']
SELECT [s].[ShowtimeID], [s].[EndTime], [s].[MovieID], [s].[RoomID], [s].[ShowtimeCode], [s].[StartTime], [s].[Status]
FROM [Showtimes] AS [s]
WHERE [s].[Status] IN (N'Đã lên lịch', N'Sap chieu') AND CONVERT(date, [s].[StartTime]) <= @__maxSellingDate_0 AND [s].[StartTime] > @__now_1
2026-05-25 17:12:09.653 +07:00 [INF] Executed DbCommand (3ms) [Parameters=[@__now_0='?' (DbType = DateTime2)], CommandType='"Text"', CommandTimeout='30']
SELECT [s].[ShowtimeID], [s].[EndTime], [s].[MovieID], [s].[RoomID], [s].[ShowtimeCode], [s].[StartTime], [s].[Status]
FROM [Showtimes] AS [s]
WHERE [s].[Status] IN (N'Đã lên lịch', N'Đang mở bán', N'Sap chieu') AND [s].[StartTime] <= @__now_0 AND [s].[EndTime] > @__now_0
2026-05-25 17:12:09.658 +07:00 [INF] Executed DbCommand (4ms) [Parameters=[@__now_0='?' (DbType = DateTime2)], CommandType='"Text"', CommandTimeout='30']
SELECT [s].[ShowtimeID], [s].[EndTime], [s].[MovieID], [s].[RoomID], [s].[ShowtimeCode], [s].[StartTime], [s].[Status]
FROM [Showtimes] AS [s]
WHERE [s].[Status] IN (N'Đã lên lịch', N'Đang mở bán', N'Đang chiếu', N'Sap chieu', N'Dang dien ra') AND [s].[EndTime] <= @__now_0
2026-05-25 17:12:09.662 +07:00 [INF] Executed DbCommand (2ms) [Parameters=[@__today_0='?' (DbType = Date)], CommandType='"Text"', CommandTimeout='30']
SELECT [m].[MovieID], [m].[Actors], [m].[Description], [m].[Director], [m].[Duration], [m].[Genre], [m].[MovieCode], [m].[Poster], [m].[ReleaseDate], [m].[Status], [m].[Title], [m].[Trailer]
FROM [Movies] AS [m]
WHERE [m].[Status] = N'Sap chieu' AND [m].[ReleaseDate] <= @__today_0
2026-05-25 17:13:09.667 +07:00 [INF] Executed DbCommand (4ms) [Parameters=[], CommandType='"Text"', CommandTimeout='30']
SELECT [o].[OrderID], [o].[CheckInTime], [o].[FinalAmount], [o].[HoldExpiryTime], [o].[OrderCode], [o].[PayOSTransID], [o].[PromoID], [o].[QrCode], [o].[ShowtimeID], [o].[Status], [o].[TotalAmount], [o].[UserID]
FROM [Orders] AS [o]
WHERE [o].[Status] = N'Chờ thanh toán' AND [o].[HoldExpiryTime] <= GETDATE()
2026-05-25 17:13:09.674 +07:00 [INF] Executed DbCommand (5ms) [Parameters=[@__maxSellingDate_0='?' (DbType = DateTime2), @__now_1='?' (DbType = DateTime2)], CommandType='"Text"', CommandTimeout='30']
SELECT [s].[ShowtimeID], [s].[EndTime], [s].[MovieID], [s].[RoomID], [s].[ShowtimeCode], [s].[StartTime], [s].[Status]
FROM [Showtimes] AS [s]
WHERE [s].[Status] IN (N'Đã lên lịch', N'Sap chieu') AND CONVERT(date, [s].[StartTime]) <= @__maxSellingDate_0 AND [s].[StartTime] > @__now_1
2026-05-25 17:13:09.679 +07:00 [INF] Executed DbCommand (4ms) [Parameters=[@__now_0='?' (DbType = DateTime2)], CommandType='"Text"', CommandTimeout='30']
SELECT [s].[ShowtimeID], [s].[EndTime], [s].[MovieID], [s].[RoomID], [s].[ShowtimeCode], [s].[StartTime], [s].[Status]
FROM [Showtimes] AS [s]
WHERE [s].[Status] IN (N'Đã lên lịch', N'Đang mở bán', N'Sap chieu') AND [s].[StartTime] <= @__now_0 AND [s].[EndTime] > @__now_0
2026-05-25 17:13:09.682 +07:00 [INF] Executed DbCommand (3ms) [Parameters=[@__now_0='?' (DbType = DateTime2)], CommandType='"Text"', CommandTimeout='30']
SELECT [s].[ShowtimeID], [s].[EndTime], [s].[MovieID], [s].[RoomID], [s].[ShowtimeCode], [s].[StartTime], [s].[Status]
FROM [Showtimes] AS [s]
WHERE [s].[Status] IN (N'Đã lên lịch', N'Đang mở bán', N'Đang chiếu', N'Sap chieu', N'Dang dien ra') AND [s].[EndTime] <= @__now_0
2026-05-25 17:13:09.685 +07:00 [INF] Executed DbCommand (2ms) [Parameters=[@__today_0='?' (DbType = Date)], CommandType='"Text"', CommandTimeout='30']
SELECT [m].[MovieID], [m].[Actors], [m].[Description], [m].[Director], [m].[Duration], [m].[Genre], [m].[MovieCode], [m].[Poster], [m].[ReleaseDate], [m].[Status], [m].[Title], [m].[Trailer]
FROM [Movies] AS [m]
WHERE [m].[Status] = N'Sap chieu' AND [m].[ReleaseDate] <= @__today_0
2026-05-25 17:14:09.697 +07:00 [INF] Executed DbCommand (2ms) [Parameters=[], CommandType='"Text"', CommandTimeout='30']
SELECT [o].[OrderID], [o].[CheckInTime], [o].[FinalAmount], [o].[HoldExpiryTime], [o].[OrderCode], [o].[PayOSTransID], [o].[PromoID], [o].[QrCode], [o].[ShowtimeID], [o].[Status], [o].[TotalAmount], [o].[UserID]
FROM [Orders] AS [o]
WHERE [o].[Status] = N'Chờ thanh toán' AND [o].[HoldExpiryTime] <= GETDATE()
2026-05-25 17:14:09.700 +07:00 [INF] Executed DbCommand (3ms) [Parameters=[@__maxSellingDate_0='?' (DbType = DateTime2), @__now_1='?' (DbType = DateTime2)], CommandType='"Text"', CommandTimeout='30']
SELECT [s].[ShowtimeID], [s].[EndTime], [s].[MovieID], [s].[RoomID], [s].[ShowtimeCode], [s].[StartTime], [s].[Status]
FROM [Showtimes] AS [s]
WHERE [s].[Status] IN (N'Đã lên lịch', N'Sap chieu') AND CONVERT(date, [s].[StartTime]) <= @__maxSellingDate_0 AND [s].[StartTime] > @__now_1
2026-05-25 17:14:09.703 +07:00 [INF] Executed DbCommand (2ms) [Parameters=[@__now_0='?' (DbType = DateTime2)], CommandType='"Text"', CommandTimeout='30']
SELECT [s].[ShowtimeID], [s].[EndTime], [s].[MovieID], [s].[RoomID], [s].[ShowtimeCode], [s].[StartTime], [s].[Status]
FROM [Showtimes] AS [s]
WHERE [s].[Status] IN (N'Đã lên lịch', N'Đang mở bán', N'Sap chieu') AND [s].[StartTime] <= @__now_0 AND [s].[EndTime] > @__now_0
2026-05-25 17:14:09.707 +07:00 [INF] Executed DbCommand (3ms) [Parameters=[@__now_0='?' (DbType = DateTime2)], CommandType='"Text"', CommandTimeout='30']
SELECT [s].[ShowtimeID], [s].[EndTime], [s].[MovieID], [s].[RoomID], [s].[ShowtimeCode], [s].[StartTime], [s].[Status]
FROM [Showtimes] AS [s]
WHERE [s].[Status] IN (N'Đã lên lịch', N'Đang mở bán', N'Đang chiếu', N'Sap chieu', N'Dang dien ra') AND [s].[EndTime] <= @__now_0
2026-05-25 17:14:09.710 +07:00 [INF] Executed DbCommand (3ms) [Parameters=[@__today_0='?' (DbType = Date)], CommandType='"Text"', CommandTimeout='30']
SELECT [m].[MovieID], [m].[Actors], [m].[Description], [m].[Director], [m].[Duration], [m].[Genre], [m].[MovieCode], [m].[Poster], [m].[ReleaseDate], [m].[Status], [m].[Title], [m].[Trailer]
FROM [Movies] AS [m]
WHERE [m].[Status] = N'Sap chieu' AND [m].[ReleaseDate] <= @__today_0
2026-05-25 17:15:09.719 +07:00 [INF] Executed DbCommand (3ms) [Parameters=[], CommandType='"Text"', CommandTimeout='30']
SELECT [o].[OrderID], [o].[CheckInTime], [o].[FinalAmount], [o].[HoldExpiryTime], [o].[OrderCode], [o].[PayOSTransID], [o].[PromoID], [o].[QrCode], [o].[ShowtimeID], [o].[Status], [o].[TotalAmount], [o].[UserID]
FROM [Orders] AS [o]
WHERE [o].[Status] = N'Chờ thanh toán' AND [o].[HoldExpiryTime] <= GETDATE()
2026-05-25 17:15:09.722 +07:00 [INF] Executed DbCommand (2ms) [Parameters=[@__maxSellingDate_0='?' (DbType = DateTime2), @__now_1='?' (DbType = DateTime2)], CommandType='"Text"', CommandTimeout='30']
SELECT [s].[ShowtimeID], [s].[EndTime], [s].[MovieID], [s].[RoomID], [s].[ShowtimeCode], [s].[StartTime], [s].[Status]
FROM [Showtimes] AS [s]
WHERE [s].[Status] IN (N'Đã lên lịch', N'Sap chieu') AND CONVERT(date, [s].[StartTime]) <= @__maxSellingDate_0 AND [s].[StartTime] > @__now_1
2026-05-25 17:15:09.724 +07:00 [INF] Executed DbCommand (2ms) [Parameters=[@__now_0='?' (DbType = DateTime2)], CommandType='"Text"', CommandTimeout='30']
SELECT [s].[ShowtimeID], [s].[EndTime], [s].[MovieID], [s].[RoomID], [s].[ShowtimeCode], [s].[StartTime], [s].[Status]
FROM [Showtimes] AS [s]
WHERE [s].[Status] IN (N'Đã lên lịch', N'Đang mở bán', N'Sap chieu') AND [s].[StartTime] <= @__now_0 AND [s].[EndTime] > @__now_0
2026-05-25 17:15:09.726 +07:00 [INF] Executed DbCommand (2ms) [Parameters=[@__now_0='?' (DbType = DateTime2)], CommandType='"Text"', CommandTimeout='30']
SELECT [s].[ShowtimeID], [s].[EndTime], [s].[MovieID], [s].[RoomID], [s].[ShowtimeCode], [s].[StartTime], [s].[Status]
FROM [Showtimes] AS [s]
WHERE [s].[Status] IN (N'Đã lên lịch', N'Đang mở bán', N'Đang chiếu', N'Sap chieu', N'Dang dien ra') AND [s].[EndTime] <= @__now_0
2026-05-25 17:15:09.730 +07:00 [INF] Executed DbCommand (3ms) [Parameters=[@__today_0='?' (DbType = Date)], CommandType='"Text"', CommandTimeout='30']
SELECT [m].[MovieID], [m].[Actors], [m].[Description], [m].[Director], [m].[Duration], [m].[Genre], [m].[MovieCode], [m].[Poster], [m].[ReleaseDate], [m].[Status], [m].[Title], [m].[Trailer]
FROM [Movies] AS [m]
WHERE [m].[Status] = N'Sap chieu' AND [m].[ReleaseDate] <= @__today_0
2026-05-25 17:16:09.750 +07:00 [INF] Executed DbCommand (4ms) [Parameters=[], CommandType='"Text"', CommandTimeout='30']
SELECT [o].[OrderID], [o].[CheckInTime], [o].[FinalAmount], [o].[HoldExpiryTime], [o].[OrderCode], [o].[PayOSTransID], [o].[PromoID], [o].[QrCode], [o].[ShowtimeID], [o].[Status], [o].[TotalAmount], [o].[UserID]
FROM [Orders] AS [o]
WHERE [o].[Status] = N'Chờ thanh toán' AND [o].[HoldExpiryTime] <= GETDATE()
2026-05-25 17:16:09.758 +07:00 [INF] Executed DbCommand (4ms) [Parameters=[@__maxSellingDate_0='?' (DbType = DateTime2), @__now_1='?' (DbType = DateTime2)], CommandType='"Text"', CommandTimeout='30']
SELECT [s].[ShowtimeID], [s].[EndTime], [s].[MovieID], [s].[RoomID], [s].[ShowtimeCode], [s].[StartTime], [s].[Status]
FROM [Showtimes] AS [s]
WHERE [s].[Status] IN (N'Đã lên lịch', N'Sap chieu') AND CONVERT(date, [s].[StartTime]) <= @__maxSellingDate_0 AND [s].[StartTime] > @__now_1
2026-05-25 17:16:09.763 +07:00 [INF] Executed DbCommand (4ms) [Parameters=[@__now_0='?' (DbType = DateTime2)], CommandType='"Text"', CommandTimeout='30']
SELECT [s].[ShowtimeID], [s].[EndTime], [s].[MovieID], [s].[RoomID], [s].[ShowtimeCode], [s].[StartTime], [s].[Status]
FROM [Showtimes] AS [s]
WHERE [s].[Status] IN (N'Đã lên lịch', N'Đang mở bán', N'Sap chieu') AND [s].[StartTime] <= @__now_0 AND [s].[EndTime] > @__now_0
2026-05-25 17:16:09.766 +07:00 [INF] Executed DbCommand (3ms) [Parameters=[@__now_0='?' (DbType = DateTime2)], CommandType='"Text"', CommandTimeout='30']
SELECT [s].[ShowtimeID], [s].[EndTime], [s].[MovieID], [s].[RoomID], [s].[ShowtimeCode], [s].[StartTime], [s].[Status]
FROM [Showtimes] AS [s]
WHERE [s].[Status] IN (N'Đã lên lịch', N'Đang mở bán', N'Đang chiếu', N'Sap chieu', N'Dang dien ra') AND [s].[EndTime] <= @__now_0
2026-05-25 17:16:09.768 +07:00 [INF] Executed DbCommand (2ms) [Parameters=[@__today_0='?' (DbType = Date)], CommandType='"Text"', CommandTimeout='30']
SELECT [m].[MovieID], [m].[Actors], [m].[Description], [m].[Director], [m].[Duration], [m].[Genre], [m].[MovieCode], [m].[Poster], [m].[ReleaseDate], [m].[Status], [m].[Title], [m].[Trailer]
FROM [Movies] AS [m]
WHERE [m].[Status] = N'Sap chieu' AND [m].[ReleaseDate] <= @__today_0
2026-05-25 17:17:09.784 +07:00 [INF] Executed DbCommand (3ms) [Parameters=[], CommandType='"Text"', CommandTimeout='30']
SELECT [o].[OrderID], [o].[CheckInTime], [o].[FinalAmount], [o].[HoldExpiryTime], [o].[OrderCode], [o].[PayOSTransID], [o].[PromoID], [o].[QrCode], [o].[ShowtimeID], [o].[Status], [o].[TotalAmount], [o].[UserID]
FROM [Orders] AS [o]
WHERE [o].[Status] = N'Chờ thanh toán' AND [o].[HoldExpiryTime] <= GETDATE()
2026-05-25 17:17:09.790 +07:00 [INF] Executed DbCommand (5ms) [Parameters=[@__maxSellingDate_0='?' (DbType = DateTime2), @__now_1='?' (DbType = DateTime2)], CommandType='"Text"', CommandTimeout='30']
SELECT [s].[ShowtimeID], [s].[EndTime], [s].[MovieID], [s].[RoomID], [s].[ShowtimeCode], [s].[StartTime], [s].[Status]
FROM [Showtimes] AS [s]
WHERE [s].[Status] IN (N'Đã lên lịch', N'Sap chieu') AND CONVERT(date, [s].[StartTime]) <= @__maxSellingDate_0 AND [s].[StartTime] > @__now_1
2026-05-25 17:17:09.793 +07:00 [INF] Executed DbCommand (2ms) [Parameters=[@__now_0='?' (DbType = DateTime2)], CommandType='"Text"', CommandTimeout='30']
SELECT [s].[ShowtimeID], [s].[EndTime], [s].[MovieID], [s].[RoomID], [s].[ShowtimeCode], [s].[StartTime], [s].[Status]
FROM [Showtimes] AS [s]
WHERE [s].[Status] IN (N'Đã lên lịch', N'Đang mở bán', N'Sap chieu') AND [s].[StartTime] <= @__now_0 AND [s].[EndTime] > @__now_0
2026-05-25 17:17:09.795 +07:00 [INF] Executed DbCommand (2ms) [Parameters=[@__now_0='?' (DbType = DateTime2)], CommandType='"Text"', CommandTimeout='30']
SELECT [s].[ShowtimeID], [s].[EndTime], [s].[MovieID], [s].[RoomID], [s].[ShowtimeCode], [s].[StartTime], [s].[Status]
FROM [Showtimes] AS [s]
WHERE [s].[Status] IN (N'Đã lên lịch', N'Đang mở bán', N'Đang chiếu', N'Sap chieu', N'Dang dien ra') AND [s].[EndTime] <= @__now_0
2026-05-25 17:17:09.801 +07:00 [INF] Executed DbCommand (5ms) [Parameters=[@__today_0='?' (DbType = Date)], CommandType='"Text"', CommandTimeout='30']
SELECT [m].[MovieID], [m].[Actors], [m].[Description], [m].[Director], [m].[Duration], [m].[Genre], [m].[MovieCode], [m].[Poster], [m].[ReleaseDate], [m].[Status], [m].[Title], [m].[Trailer]
FROM [Movies] AS [m]
WHERE [m].[Status] = N'Sap chieu' AND [m].[ReleaseDate] <= @__today_0
2026-05-25 17:18:09.809 +07:00 [INF] Executed DbCommand (5ms) [Parameters=[], CommandType='"Text"', CommandTimeout='30']
SELECT [o].[OrderID], [o].[CheckInTime], [o].[FinalAmount], [o].[HoldExpiryTime], [o].[OrderCode], [o].[PayOSTransID], [o].[PromoID], [o].[QrCode], [o].[ShowtimeID], [o].[Status], [o].[TotalAmount], [o].[UserID]
FROM [Orders] AS [o]
WHERE [o].[Status] = N'Chờ thanh toán' AND [o].[HoldExpiryTime] <= GETDATE()
2026-05-25 17:18:09.814 +07:00 [INF] Executed DbCommand (4ms) [Parameters=[@__maxSellingDate_0='?' (DbType = DateTime2), @__now_1='?' (DbType = DateTime2)], CommandType='"Text"', CommandTimeout='30']
SELECT [s].[ShowtimeID], [s].[EndTime], [s].[MovieID], [s].[RoomID], [s].[ShowtimeCode], [s].[StartTime], [s].[Status]
FROM [Showtimes] AS [s]
WHERE [s].[Status] IN (N'Đã lên lịch', N'Sap chieu') AND CONVERT(date, [s].[StartTime]) <= @__maxSellingDate_0 AND [s].[StartTime] > @__now_1
2026-05-25 17:18:09.817 +07:00 [INF] Executed DbCommand (2ms) [Parameters=[@__now_0='?' (DbType = DateTime2)], CommandType='"Text"', CommandTimeout='30']
SELECT [s].[ShowtimeID], [s].[EndTime], [s].[MovieID], [s].[RoomID], [s].[ShowtimeCode], [s].[StartTime], [s].[Status]
FROM [Showtimes] AS [s]
WHERE [s].[Status] IN (N'Đã lên lịch', N'Đang mở bán', N'Sap chieu') AND [s].[StartTime] <= @__now_0 AND [s].[EndTime] > @__now_0
2026-05-25 17:18:09.821 +07:00 [INF] Executed DbCommand (3ms) [Parameters=[@__now_0='?' (DbType = DateTime2)], CommandType='"Text"', CommandTimeout='30']
SELECT [s].[ShowtimeID], [s].[EndTime], [s].[MovieID], [s].[RoomID], [s].[ShowtimeCode], [s].[StartTime], [s].[Status]
FROM [Showtimes] AS [s]
WHERE [s].[Status] IN (N'Đã lên lịch', N'Đang mở bán', N'Đang chiếu', N'Sap chieu', N'Dang dien ra') AND [s].[EndTime] <= @__now_0
2026-05-25 17:18:09.827 +07:00 [INF] Executed DbCommand (5ms) [Parameters=[@__today_0='?' (DbType = Date)], CommandType='"Text"', CommandTimeout='30']
SELECT [m].[MovieID], [m].[Actors], [m].[Description], [m].[Director], [m].[Duration], [m].[Genre], [m].[MovieCode], [m].[Poster], [m].[ReleaseDate], [m].[Status], [m].[Title], [m].[Trailer]
FROM [Movies] AS [m]
WHERE [m].[Status] = N'Sap chieu' AND [m].[ReleaseDate] <= @__today_0
2026-05-25 17:19:09.839 +07:00 [INF] Executed DbCommand (5ms) [Parameters=[], CommandType='"Text"', CommandTimeout='30']
SELECT [o].[OrderID], [o].[CheckInTime], [o].[FinalAmount], [o].[HoldExpiryTime], [o].[OrderCode], [o].[PayOSTransID], [o].[PromoID], [o].[QrCode], [o].[ShowtimeID], [o].[Status], [o].[TotalAmount], [o].[UserID]
FROM [Orders] AS [o]
WHERE [o].[Status] = N'Chờ thanh toán' AND [o].[HoldExpiryTime] <= GETDATE()
2026-05-25 17:19:09.847 +07:00 [INF] Executed DbCommand (6ms) [Parameters=[@__maxSellingDate_0='?' (DbType = DateTime2), @__now_1='?' (DbType = DateTime2)], CommandType='"Text"', CommandTimeout='30']
SELECT [s].[ShowtimeID], [s].[EndTime], [s].[MovieID], [s].[RoomID], [s].[ShowtimeCode], [s].[StartTime], [s].[Status]
FROM [Showtimes] AS [s]
WHERE [s].[Status] IN (N'Đã lên lịch', N'Sap chieu') AND CONVERT(date, [s].[StartTime]) <= @__maxSellingDate_0 AND [s].[StartTime] > @__now_1
2026-05-25 17:19:09.851 +07:00 [INF] Executed DbCommand (3ms) [Parameters=[@__now_0='?' (DbType = DateTime2)], CommandType='"Text"', CommandTimeout='30']
SELECT [s].[ShowtimeID], [s].[EndTime], [s].[MovieID], [s].[RoomID], [s].[ShowtimeCode], [s].[StartTime], [s].[Status]
FROM [Showtimes] AS [s]
WHERE [s].[Status] IN (N'Đã lên lịch', N'Đang mở bán', N'Sap chieu') AND [s].[StartTime] <= @__now_0 AND [s].[EndTime] > @__now_0
2026-05-25 17:19:09.855 +07:00 [INF] Executed DbCommand (3ms) [Parameters=[@__now_0='?' (DbType = DateTime2)], CommandType='"Text"', CommandTimeout='30']
SELECT [s].[ShowtimeID], [s].[EndTime], [s].[MovieID], [s].[RoomID], [s].[ShowtimeCode], [s].[StartTime], [s].[Status]
FROM [Showtimes] AS [s]
WHERE [s].[Status] IN (N'Đã lên lịch', N'Đang mở bán', N'Đang chiếu', N'Sap chieu', N'Dang dien ra') AND [s].[EndTime] <= @__now_0
2026-05-25 17:19:09.860 +07:00 [INF] Executed DbCommand (4ms) [Parameters=[@__today_0='?' (DbType = Date)], CommandType='"Text"', CommandTimeout='30']
SELECT [m].[MovieID], [m].[Actors], [m].[Description], [m].[Director], [m].[Duration], [m].[Genre], [m].[MovieCode], [m].[Poster], [m].[ReleaseDate], [m].[Status], [m].[Title], [m].[Trailer]
FROM [Movies] AS [m]
WHERE [m].[Status] = N'Sap chieu' AND [m].[ReleaseDate] <= @__today_0
2026-05-25 17:20:09.878 +07:00 [INF] Executed DbCommand (4ms) [Parameters=[], CommandType='"Text"', CommandTimeout='30']
SELECT [o].[OrderID], [o].[CheckInTime], [o].[FinalAmount], [o].[HoldExpiryTime], [o].[OrderCode], [o].[PayOSTransID], [o].[PromoID], [o].[QrCode], [o].[ShowtimeID], [o].[Status], [o].[TotalAmount], [o].[UserID]
FROM [Orders] AS [o]
WHERE [o].[Status] = N'Chờ thanh toán' AND [o].[HoldExpiryTime] <= GETDATE()
2026-05-25 17:20:09.885 +07:00 [INF] Executed DbCommand (5ms) [Parameters=[@__maxSellingDate_0='?' (DbType = DateTime2), @__now_1='?' (DbType = DateTime2)], CommandType='"Text"', CommandTimeout='30']
SELECT [s].[ShowtimeID], [s].[EndTime], [s].[MovieID], [s].[RoomID], [s].[ShowtimeCode], [s].[StartTime], [s].[Status]
FROM [Showtimes] AS [s]
WHERE [s].[Status] IN (N'Đã lên lịch', N'Sap chieu') AND CONVERT(date, [s].[StartTime]) <= @__maxSellingDate_0 AND [s].[StartTime] > @__now_1
2026-05-25 17:20:09.890 +07:00 [INF] Executed DbCommand (4ms) [Parameters=[@__now_0='?' (DbType = DateTime2)], CommandType='"Text"', CommandTimeout='30']
SELECT [s].[ShowtimeID], [s].[EndTime], [s].[MovieID], [s].[RoomID], [s].[ShowtimeCode], [s].[StartTime], [s].[Status]
FROM [Showtimes] AS [s]
WHERE [s].[Status] IN (N'Đã lên lịch', N'Đang mở bán', N'Sap chieu') AND [s].[StartTime] <= @__now_0 AND [s].[EndTime] > @__now_0
2026-05-25 17:20:09.894 +07:00 [INF] Executed DbCommand (4ms) [Parameters=[@__now_0='?' (DbType = DateTime2)], CommandType='"Text"', CommandTimeout='30']
SELECT [s].[ShowtimeID], [s].[EndTime], [s].[MovieID], [s].[RoomID], [s].[ShowtimeCode], [s].[StartTime], [s].[Status]
FROM [Showtimes] AS [s]
WHERE [s].[Status] IN (N'Đã lên lịch', N'Đang mở bán', N'Đang chiếu', N'Sap chieu', N'Dang dien ra') AND [s].[EndTime] <= @__now_0
2026-05-25 17:20:09.899 +07:00 [INF] Executed DbCommand (3ms) [Parameters=[@__today_0='?' (DbType = Date)], CommandType='"Text"', CommandTimeout='30']
SELECT [m].[MovieID], [m].[Actors], [m].[Description], [m].[Director], [m].[Duration], [m].[Genre], [m].[MovieCode], [m].[Poster], [m].[ReleaseDate], [m].[Status], [m].[Title], [m].[Trailer]
FROM [Movies] AS [m]
WHERE [m].[Status] = N'Sap chieu' AND [m].[ReleaseDate] <= @__today_0
2026-05-25 17:21:09.928 +07:00 [INF] Executed DbCommand (4ms) [Parameters=[], CommandType='"Text"', CommandTimeout='30']
SELECT [o].[OrderID], [o].[CheckInTime], [o].[FinalAmount], [o].[HoldExpiryTime], [o].[OrderCode], [o].[PayOSTransID], [o].[PromoID], [o].[QrCode], [o].[ShowtimeID], [o].[Status], [o].[TotalAmount], [o].[UserID]
FROM [Orders] AS [o]
WHERE [o].[Status] = N'Chờ thanh toán' AND [o].[HoldExpiryTime] <= GETDATE()
2026-05-25 17:21:09.935 +07:00 [INF] Executed DbCommand (5ms) [Parameters=[@__maxSellingDate_0='?' (DbType = DateTime2), @__now_1='?' (DbType = DateTime2)], CommandType='"Text"', CommandTimeout='30']
SELECT [s].[ShowtimeID], [s].[EndTime], [s].[MovieID], [s].[RoomID], [s].[ShowtimeCode], [s].[StartTime], [s].[Status]
FROM [Showtimes] AS [s]
WHERE [s].[Status] IN (N'Đã lên lịch', N'Sap chieu') AND CONVERT(date, [s].[StartTime]) <= @__maxSellingDate_0 AND [s].[StartTime] > @__now_1
2026-05-25 17:21:09.939 +07:00 [INF] Executed DbCommand (4ms) [Parameters=[@__now_0='?' (DbType = DateTime2)], CommandType='"Text"', CommandTimeout='30']
SELECT [s].[ShowtimeID], [s].[EndTime], [s].[MovieID], [s].[RoomID], [s].[ShowtimeCode], [s].[StartTime], [s].[Status]
FROM [Showtimes] AS [s]
WHERE [s].[Status] IN (N'Đã lên lịch', N'Đang mở bán', N'Sap chieu') AND [s].[StartTime] <= @__now_0 AND [s].[EndTime] > @__now_0
2026-05-25 17:21:09.944 +07:00 [INF] Executed DbCommand (4ms) [Parameters=[@__now_0='?' (DbType = DateTime2)], CommandType='"Text"', CommandTimeout='30']
SELECT [s].[ShowtimeID], [s].[EndTime], [s].[MovieID], [s].[RoomID], [s].[ShowtimeCode], [s].[StartTime], [s].[Status]
FROM [Showtimes] AS [s]
WHERE [s].[Status] IN (N'Đã lên lịch', N'Đang mở bán', N'Đang chiếu', N'Sap chieu', N'Dang dien ra') AND [s].[EndTime] <= @__now_0
2026-05-25 17:21:09.949 +07:00 [INF] Executed DbCommand (4ms) [Parameters=[@__today_0='?' (DbType = Date)], CommandType='"Text"', CommandTimeout='30']
SELECT [m].[MovieID], [m].[Actors], [m].[Description], [m].[Director], [m].[Duration], [m].[Genre], [m].[MovieCode], [m].[Poster], [m].[ReleaseDate], [m].[Status], [m].[Title], [m].[Trailer]
FROM [Movies] AS [m]
WHERE [m].[Status] = N'Sap chieu' AND [m].[ReleaseDate] <= @__today_0
2026-05-25 17:22:09.965 +07:00 [INF] Executed DbCommand (4ms) [Parameters=[], CommandType='"Text"', CommandTimeout='30']
SELECT [o].[OrderID], [o].[CheckInTime], [o].[FinalAmount], [o].[HoldExpiryTime], [o].[OrderCode], [o].[PayOSTransID], [o].[PromoID], [o].[QrCode], [o].[ShowtimeID], [o].[Status], [o].[TotalAmount], [o].[UserID]
FROM [Orders] AS [o]
WHERE [o].[Status] = N'Chờ thanh toán' AND [o].[HoldExpiryTime] <= GETDATE()
2026-05-25 17:22:09.972 +07:00 [INF] Executed DbCommand (5ms) [Parameters=[@__maxSellingDate_0='?' (DbType = DateTime2), @__now_1='?' (DbType = DateTime2)], CommandType='"Text"', CommandTimeout='30']
SELECT [s].[ShowtimeID], [s].[EndTime], [s].[MovieID], [s].[RoomID], [s].[ShowtimeCode], [s].[StartTime], [s].[Status]
FROM [Showtimes] AS [s]
WHERE [s].[Status] IN (N'Đã lên lịch', N'Sap chieu') AND CONVERT(date, [s].[StartTime]) <= @__maxSellingDate_0 AND [s].[StartTime] > @__now_1
2026-05-25 17:22:09.978 +07:00 [INF] Executed DbCommand (5ms) [Parameters=[@__now_0='?' (DbType = DateTime2)], CommandType='"Text"', CommandTimeout='30']
SELECT [s].[ShowtimeID], [s].[EndTime], [s].[MovieID], [s].[RoomID], [s].[ShowtimeCode], [s].[StartTime], [s].[Status]
FROM [Showtimes] AS [s]
WHERE [s].[Status] IN (N'Đã lên lịch', N'Đang mở bán', N'Sap chieu') AND [s].[StartTime] <= @__now_0 AND [s].[EndTime] > @__now_0
2026-05-25 17:22:09.982 +07:00 [INF] Executed DbCommand (4ms) [Parameters=[@__now_0='?' (DbType = DateTime2)], CommandType='"Text"', CommandTimeout='30']
SELECT [s].[ShowtimeID], [s].[EndTime], [s].[MovieID], [s].[RoomID], [s].[ShowtimeCode], [s].[StartTime], [s].[Status]
FROM [Showtimes] AS [s]
WHERE [s].[Status] IN (N'Đã lên lịch', N'Đang mở bán', N'Đang chiếu', N'Sap chieu', N'Dang dien ra') AND [s].[EndTime] <= @__now_0
2026-05-25 17:22:09.986 +07:00 [INF] Executed DbCommand (2ms) [Parameters=[@__today_0='?' (DbType = Date)], CommandType='"Text"', CommandTimeout='30']
SELECT [m].[MovieID], [m].[Actors], [m].[Description], [m].[Director], [m].[Duration], [m].[Genre], [m].[MovieCode], [m].[Poster], [m].[ReleaseDate], [m].[Status], [m].[Title], [m].[Trailer]
FROM [Movies] AS [m]
WHERE [m].[Status] = N'Sap chieu' AND [m].[ReleaseDate] <= @__today_0
2026-05-25 17:23:09.996 +07:00 [INF] Executed DbCommand (2ms) [Parameters=[], CommandType='"Text"', CommandTimeout='30']
SELECT [o].[OrderID], [o].[CheckInTime], [o].[FinalAmount], [o].[HoldExpiryTime], [o].[OrderCode], [o].[PayOSTransID], [o].[PromoID], [o].[QrCode], [o].[ShowtimeID], [o].[Status], [o].[TotalAmount], [o].[UserID]
FROM [Orders] AS [o]
WHERE [o].[Status] = N'Chờ thanh toán' AND [o].[HoldExpiryTime] <= GETDATE()
2026-05-25 17:23:10.000 +07:00 [INF] Executed DbCommand (3ms) [Parameters=[@__maxSellingDate_0='?' (DbType = DateTime2), @__now_1='?' (DbType = DateTime2)], CommandType='"Text"', CommandTimeout='30']
SELECT [s].[ShowtimeID], [s].[EndTime], [s].[MovieID], [s].[RoomID], [s].[ShowtimeCode], [s].[StartTime], [s].[Status]
FROM [Showtimes] AS [s]
WHERE [s].[Status] IN (N'Đã lên lịch', N'Sap chieu') AND CONVERT(date, [s].[StartTime]) <= @__maxSellingDate_0 AND [s].[StartTime] > @__now_1
2026-05-25 17:23:10.003 +07:00 [INF] Executed DbCommand (3ms) [Parameters=[@__now_0='?' (DbType = DateTime2)], CommandType='"Text"', CommandTimeout='30']
SELECT [s].[ShowtimeID], [s].[EndTime], [s].[MovieID], [s].[RoomID], [s].[ShowtimeCode], [s].[StartTime], [s].[Status]
FROM [Showtimes] AS [s]
WHERE [s].[Status] IN (N'Đã lên lịch', N'Đang mở bán', N'Sap chieu') AND [s].[StartTime] <= @__now_0 AND [s].[EndTime] > @__now_0
2026-05-25 17:23:10.005 +07:00 [INF] Executed DbCommand (2ms) [Parameters=[@__now_0='?' (DbType = DateTime2)], CommandType='"Text"', CommandTimeout='30']
SELECT [s].[ShowtimeID], [s].[EndTime], [s].[MovieID], [s].[RoomID], [s].[ShowtimeCode], [s].[StartTime], [s].[Status]
FROM [Showtimes] AS [s]
WHERE [s].[Status] IN (N'Đã lên lịch', N'Đang mở bán', N'Đang chiếu', N'Sap chieu', N'Dang dien ra') AND [s].[EndTime] <= @__now_0
2026-05-25 17:23:10.008 +07:00 [INF] Executed DbCommand (2ms) [Parameters=[@__today_0='?' (DbType = Date)], CommandType='"Text"', CommandTimeout='30']
SELECT [m].[MovieID], [m].[Actors], [m].[Description], [m].[Director], [m].[Duration], [m].[Genre], [m].[MovieCode], [m].[Poster], [m].[ReleaseDate], [m].[Status], [m].[Title], [m].[Trailer]
FROM [Movies] AS [m]
WHERE [m].[Status] = N'Sap chieu' AND [m].[ReleaseDate] <= @__today_0
2026-05-25 17:24:10.027 +07:00 [INF] Executed DbCommand (3ms) [Parameters=[], CommandType='"Text"', CommandTimeout='30']
SELECT [o].[OrderID], [o].[CheckInTime], [o].[FinalAmount], [o].[HoldExpiryTime], [o].[OrderCode], [o].[PayOSTransID], [o].[PromoID], [o].[QrCode], [o].[ShowtimeID], [o].[Status], [o].[TotalAmount], [o].[UserID]
FROM [Orders] AS [o]
WHERE [o].[Status] = N'Chờ thanh toán' AND [o].[HoldExpiryTime] <= GETDATE()
2026-05-25 17:24:10.032 +07:00 [INF] Executed DbCommand (4ms) [Parameters=[@__maxSellingDate_0='?' (DbType = DateTime2), @__now_1='?' (DbType = DateTime2)], CommandType='"Text"', CommandTimeout='30']
SELECT [s].[ShowtimeID], [s].[EndTime], [s].[MovieID], [s].[RoomID], [s].[ShowtimeCode], [s].[StartTime], [s].[Status]
FROM [Showtimes] AS [s]
WHERE [s].[Status] IN (N'Đã lên lịch', N'Sap chieu') AND CONVERT(date, [s].[StartTime]) <= @__maxSellingDate_0 AND [s].[StartTime] > @__now_1
2026-05-25 17:24:10.035 +07:00 [INF] Executed DbCommand (3ms) [Parameters=[@__now_0='?' (DbType = DateTime2)], CommandType='"Text"', CommandTimeout='30']
SELECT [s].[ShowtimeID], [s].[EndTime], [s].[MovieID], [s].[RoomID], [s].[ShowtimeCode], [s].[StartTime], [s].[Status]
FROM [Showtimes] AS [s]
WHERE [s].[Status] IN (N'Đã lên lịch', N'Đang mở bán', N'Sap chieu') AND [s].[StartTime] <= @__now_0 AND [s].[EndTime] > @__now_0
2026-05-25 17:24:10.039 +07:00 [INF] Executed DbCommand (3ms) [Parameters=[@__now_0='?' (DbType = DateTime2)], CommandType='"Text"', CommandTimeout='30']
SELECT [s].[ShowtimeID], [s].[EndTime], [s].[MovieID], [s].[RoomID], [s].[ShowtimeCode], [s].[StartTime], [s].[Status]
FROM [Showtimes] AS [s]
WHERE [s].[Status] IN (N'Đã lên lịch', N'Đang mở bán', N'Đang chiếu', N'Sap chieu', N'Dang dien ra') AND [s].[EndTime] <= @__now_0
2026-05-25 17:24:10.043 +07:00 [INF] Executed DbCommand (3ms) [Parameters=[@__today_0='?' (DbType = Date)], CommandType='"Text"', CommandTimeout='30']
SELECT [m].[MovieID], [m].[Actors], [m].[Description], [m].[Director], [m].[Duration], [m].[Genre], [m].[MovieCode], [m].[Poster], [m].[ReleaseDate], [m].[Status], [m].[Title], [m].[Trailer]
FROM [Movies] AS [m]
WHERE [m].[Status] = N'Sap chieu' AND [m].[ReleaseDate] <= @__today_0
2026-05-25 17:25:10.050 +07:00 [INF] Executed DbCommand (4ms) [Parameters=[], CommandType='"Text"', CommandTimeout='30']
SELECT [o].[OrderID], [o].[CheckInTime], [o].[FinalAmount], [o].[HoldExpiryTime], [o].[OrderCode], [o].[PayOSTransID], [o].[PromoID], [o].[QrCode], [o].[ShowtimeID], [o].[Status], [o].[TotalAmount], [o].[UserID]
FROM [Orders] AS [o]
WHERE [o].[Status] = N'Chờ thanh toán' AND [o].[HoldExpiryTime] <= GETDATE()
2026-05-25 17:25:10.057 +07:00 [INF] Executed DbCommand (5ms) [Parameters=[@__maxSellingDate_0='?' (DbType = DateTime2), @__now_1='?' (DbType = DateTime2)], CommandType='"Text"', CommandTimeout='30']
SELECT [s].[ShowtimeID], [s].[EndTime], [s].[MovieID], [s].[RoomID], [s].[ShowtimeCode], [s].[StartTime], [s].[Status]
FROM [Showtimes] AS [s]
WHERE [s].[Status] IN (N'Đã lên lịch', N'Sap chieu') AND CONVERT(date, [s].[StartTime]) <= @__maxSellingDate_0 AND [s].[StartTime] > @__now_1
2026-05-25 17:25:10.062 +07:00 [INF] Executed DbCommand (4ms) [Parameters=[@__now_0='?' (DbType = DateTime2)], CommandType='"Text"', CommandTimeout='30']
SELECT [s].[ShowtimeID], [s].[EndTime], [s].[MovieID], [s].[RoomID], [s].[ShowtimeCode], [s].[StartTime], [s].[Status]
FROM [Showtimes] AS [s]
WHERE [s].[Status] IN (N'Đã lên lịch', N'Đang mở bán', N'Sap chieu') AND [s].[StartTime] <= @__now_0 AND [s].[EndTime] > @__now_0
2026-05-25 17:25:10.067 +07:00 [INF] Executed DbCommand (4ms) [Parameters=[@__now_0='?' (DbType = DateTime2)], CommandType='"Text"', CommandTimeout='30']
SELECT [s].[ShowtimeID], [s].[EndTime], [s].[MovieID], [s].[RoomID], [s].[ShowtimeCode], [s].[StartTime], [s].[Status]
FROM [Showtimes] AS [s]
WHERE [s].[Status] IN (N'Đã lên lịch', N'Đang mở bán', N'Đang chiếu', N'Sap chieu', N'Dang dien ra') AND [s].[EndTime] <= @__now_0
2026-05-25 17:25:10.072 +07:00 [INF] Executed DbCommand (3ms) [Parameters=[@__today_0='?' (DbType = Date)], CommandType='"Text"', CommandTimeout='30']
SELECT [m].[MovieID], [m].[Actors], [m].[Description], [m].[Director], [m].[Duration], [m].[Genre], [m].[MovieCode], [m].[Poster], [m].[ReleaseDate], [m].[Status], [m].[Title], [m].[Trailer]
FROM [Movies] AS [m]
WHERE [m].[Status] = N'Sap chieu' AND [m].[ReleaseDate] <= @__today_0
2026-05-25 17:26:10.085 +07:00 [INF] Executed DbCommand (4ms) [Parameters=[], CommandType='"Text"', CommandTimeout='30']
SELECT [o].[OrderID], [o].[CheckInTime], [o].[FinalAmount], [o].[HoldExpiryTime], [o].[OrderCode], [o].[PayOSTransID], [o].[PromoID], [o].[QrCode], [o].[ShowtimeID], [o].[Status], [o].[TotalAmount], [o].[UserID]
FROM [Orders] AS [o]
WHERE [o].[Status] = N'Chờ thanh toán' AND [o].[HoldExpiryTime] <= GETDATE()
2026-05-25 17:26:10.092 +07:00 [INF] Executed DbCommand (5ms) [Parameters=[@__maxSellingDate_0='?' (DbType = DateTime2), @__now_1='?' (DbType = DateTime2)], CommandType='"Text"', CommandTimeout='30']
SELECT [s].[ShowtimeID], [s].[EndTime], [s].[MovieID], [s].[RoomID], [s].[ShowtimeCode], [s].[StartTime], [s].[Status]
FROM [Showtimes] AS [s]
WHERE [s].[Status] IN (N'Đã lên lịch', N'Sap chieu') AND CONVERT(date, [s].[StartTime]) <= @__maxSellingDate_0 AND [s].[StartTime] > @__now_1
2026-05-25 17:26:10.097 +07:00 [INF] Executed DbCommand (4ms) [Parameters=[@__now_0='?' (DbType = DateTime2)], CommandType='"Text"', CommandTimeout='30']
SELECT [s].[ShowtimeID], [s].[EndTime], [s].[MovieID], [s].[RoomID], [s].[ShowtimeCode], [s].[StartTime], [s].[Status]
FROM [Showtimes] AS [s]
WHERE [s].[Status] IN (N'Đã lên lịch', N'Đang mở bán', N'Sap chieu') AND [s].[StartTime] <= @__now_0 AND [s].[EndTime] > @__now_0
2026-05-25 17:26:10.102 +07:00 [INF] Executed DbCommand (4ms) [Parameters=[@__now_0='?' (DbType = DateTime2)], CommandType='"Text"', CommandTimeout='30']
SELECT [s].[ShowtimeID], [s].[EndTime], [s].[MovieID], [s].[RoomID], [s].[ShowtimeCode], [s].[StartTime], [s].[Status]
FROM [Showtimes] AS [s]
WHERE [s].[Status] IN (N'Đã lên lịch', N'Đang mở bán', N'Đang chiếu', N'Sap chieu', N'Dang dien ra') AND [s].[EndTime] <= @__now_0
2026-05-25 17:26:10.105 +07:00 [INF] Executed DbCommand (2ms) [Parameters=[@__today_0='?' (DbType = Date)], CommandType='"Text"', CommandTimeout='30']
SELECT [m].[MovieID], [m].[Actors], [m].[Description], [m].[Director], [m].[Duration], [m].[Genre], [m].[MovieCode], [m].[Poster], [m].[ReleaseDate], [m].[Status], [m].[Title], [m].[Trailer]
FROM [Movies] AS [m]
WHERE [m].[Status] = N'Sap chieu' AND [m].[ReleaseDate] <= @__today_0
2026-05-25 17:27:10.124 +07:00 [INF] Executed DbCommand (6ms) [Parameters=[], CommandType='"Text"', CommandTimeout='30']
SELECT [o].[OrderID], [o].[CheckInTime], [o].[FinalAmount], [o].[HoldExpiryTime], [o].[OrderCode], [o].[PayOSTransID], [o].[PromoID], [o].[QrCode], [o].[ShowtimeID], [o].[Status], [o].[TotalAmount], [o].[UserID]
FROM [Orders] AS [o]
WHERE [o].[Status] = N'Chờ thanh toán' AND [o].[HoldExpiryTime] <= GETDATE()
2026-05-25 17:27:10.133 +07:00 [INF] Executed DbCommand (6ms) [Parameters=[@__maxSellingDate_0='?' (DbType = DateTime2), @__now_1='?' (DbType = DateTime2)], CommandType='"Text"', CommandTimeout='30']
SELECT [s].[ShowtimeID], [s].[EndTime], [s].[MovieID], [s].[RoomID], [s].[ShowtimeCode], [s].[StartTime], [s].[Status]
FROM [Showtimes] AS [s]
WHERE [s].[Status] IN (N'Đã lên lịch', N'Sap chieu') AND CONVERT(date, [s].[StartTime]) <= @__maxSellingDate_0 AND [s].[StartTime] > @__now_1
2026-05-25 17:27:10.136 +07:00 [INF] Executed DbCommand (3ms) [Parameters=[@__now_0='?' (DbType = DateTime2)], CommandType='"Text"', CommandTimeout='30']
SELECT [s].[ShowtimeID], [s].[EndTime], [s].[MovieID], [s].[RoomID], [s].[ShowtimeCode], [s].[StartTime], [s].[Status]
FROM [Showtimes] AS [s]
WHERE [s].[Status] IN (N'Đã lên lịch', N'Đang mở bán', N'Sap chieu') AND [s].[StartTime] <= @__now_0 AND [s].[EndTime] > @__now_0
2026-05-25 17:27:10.139 +07:00 [INF] Executed DbCommand (3ms) [Parameters=[@__now_0='?' (DbType = DateTime2)], CommandType='"Text"', CommandTimeout='30']
SELECT [s].[ShowtimeID], [s].[EndTime], [s].[MovieID], [s].[RoomID], [s].[ShowtimeCode], [s].[StartTime], [s].[Status]
FROM [Showtimes] AS [s]
WHERE [s].[Status] IN (N'Đã lên lịch', N'Đang mở bán', N'Đang chiếu', N'Sap chieu', N'Dang dien ra') AND [s].[EndTime] <= @__now_0
2026-05-25 17:27:10.143 +07:00 [INF] Executed DbCommand (2ms) [Parameters=[@__today_0='?' (DbType = Date)], CommandType='"Text"', CommandTimeout='30']
SELECT [m].[MovieID], [m].[Actors], [m].[Description], [m].[Director], [m].[Duration], [m].[Genre], [m].[MovieCode], [m].[Poster], [m].[ReleaseDate], [m].[Status], [m].[Title], [m].[Trailer]
FROM [Movies] AS [m]
WHERE [m].[Status] = N'Sap chieu' AND [m].[ReleaseDate] <= @__today_0
2026-05-25 17:28:10.156 +07:00 [INF] Executed DbCommand (5ms) [Parameters=[], CommandType='"Text"', CommandTimeout='30']
SELECT [o].[OrderID], [o].[CheckInTime], [o].[FinalAmount], [o].[HoldExpiryTime], [o].[OrderCode], [o].[PayOSTransID], [o].[PromoID], [o].[QrCode], [o].[ShowtimeID], [o].[Status], [o].[TotalAmount], [o].[UserID]
FROM [Orders] AS [o]
WHERE [o].[Status] = N'Chờ thanh toán' AND [o].[HoldExpiryTime] <= GETDATE()
2026-05-25 17:28:10.164 +07:00 [INF] Executed DbCommand (7ms) [Parameters=[@__maxSellingDate_0='?' (DbType = DateTime2), @__now_1='?' (DbType = DateTime2)], CommandType='"Text"', CommandTimeout='30']
SELECT [s].[ShowtimeID], [s].[EndTime], [s].[MovieID], [s].[RoomID], [s].[ShowtimeCode], [s].[StartTime], [s].[Status]
FROM [Showtimes] AS [s]
WHERE [s].[Status] IN (N'Đã lên lịch', N'Sap chieu') AND CONVERT(date, [s].[StartTime]) <= @__maxSellingDate_0 AND [s].[StartTime] > @__now_1
2026-05-25 17:28:10.169 +07:00 [INF] Executed DbCommand (4ms) [Parameters=[@__now_0='?' (DbType = DateTime2)], CommandType='"Text"', CommandTimeout='30']
SELECT [s].[ShowtimeID], [s].[EndTime], [s].[MovieID], [s].[RoomID], [s].[ShowtimeCode], [s].[StartTime], [s].[Status]
FROM [Showtimes] AS [s]
WHERE [s].[Status] IN (N'Đã lên lịch', N'Đang mở bán', N'Sap chieu') AND [s].[StartTime] <= @__now_0 AND [s].[EndTime] > @__now_0
2026-05-25 17:28:10.173 +07:00 [INF] Executed DbCommand (3ms) [Parameters=[@__now_0='?' (DbType = DateTime2)], CommandType='"Text"', CommandTimeout='30']
SELECT [s].[ShowtimeID], [s].[EndTime], [s].[MovieID], [s].[RoomID], [s].[ShowtimeCode], [s].[StartTime], [s].[Status]
FROM [Showtimes] AS [s]
WHERE [s].[Status] IN (N'Đã lên lịch', N'Đang mở bán', N'Đang chiếu', N'Sap chieu', N'Dang dien ra') AND [s].[EndTime] <= @__now_0
2026-05-25 17:28:10.176 +07:00 [INF] Executed DbCommand (2ms) [Parameters=[@__today_0='?' (DbType = Date)], CommandType='"Text"', CommandTimeout='30']
SELECT [m].[MovieID], [m].[Actors], [m].[Description], [m].[Director], [m].[Duration], [m].[Genre], [m].[MovieCode], [m].[Poster], [m].[ReleaseDate], [m].[Status], [m].[Title], [m].[Trailer]
FROM [Movies] AS [m]
WHERE [m].[Status] = N'Sap chieu' AND [m].[ReleaseDate] <= @__today_0
2026-05-25 17:29:10.185 +07:00 [INF] Executed DbCommand (3ms) [Parameters=[], CommandType='"Text"', CommandTimeout='30']
SELECT [o].[OrderID], [o].[CheckInTime], [o].[FinalAmount], [o].[HoldExpiryTime], [o].[OrderCode], [o].[PayOSTransID], [o].[PromoID], [o].[QrCode], [o].[ShowtimeID], [o].[Status], [o].[TotalAmount], [o].[UserID]
FROM [Orders] AS [o]
WHERE [o].[Status] = N'Chờ thanh toán' AND [o].[HoldExpiryTime] <= GETDATE()
2026-05-25 17:29:10.190 +07:00 [INF] Executed DbCommand (3ms) [Parameters=[@__maxSellingDate_0='?' (DbType = DateTime2), @__now_1='?' (DbType = DateTime2)], CommandType='"Text"', CommandTimeout='30']
SELECT [s].[ShowtimeID], [s].[EndTime], [s].[MovieID], [s].[RoomID], [s].[ShowtimeCode], [s].[StartTime], [s].[Status]
FROM [Showtimes] AS [s]
WHERE [s].[Status] IN (N'Đã lên lịch', N'Sap chieu') AND CONVERT(date, [s].[StartTime]) <= @__maxSellingDate_0 AND [s].[StartTime] > @__now_1
2026-05-25 17:29:10.193 +07:00 [INF] Executed DbCommand (2ms) [Parameters=[@__now_0='?' (DbType = DateTime2)], CommandType='"Text"', CommandTimeout='30']
SELECT [s].[ShowtimeID], [s].[EndTime], [s].[MovieID], [s].[RoomID], [s].[ShowtimeCode], [s].[StartTime], [s].[Status]
FROM [Showtimes] AS [s]
WHERE [s].[Status] IN (N'Đã lên lịch', N'Đang mở bán', N'Sap chieu') AND [s].[StartTime] <= @__now_0 AND [s].[EndTime] > @__now_0
2026-05-25 17:29:10.197 +07:00 [INF] Executed DbCommand (3ms) [Parameters=[@__now_0='?' (DbType = DateTime2)], CommandType='"Text"', CommandTimeout='30']
SELECT [s].[ShowtimeID], [s].[EndTime], [s].[MovieID], [s].[RoomID], [s].[ShowtimeCode], [s].[StartTime], [s].[Status]
FROM [Showtimes] AS [s]
WHERE [s].[Status] IN (N'Đã lên lịch', N'Đang mở bán', N'Đang chiếu', N'Sap chieu', N'Dang dien ra') AND [s].[EndTime] <= @__now_0
2026-05-25 17:29:10.199 +07:00 [INF] Executed DbCommand (2ms) [Parameters=[@__today_0='?' (DbType = Date)], CommandType='"Text"', CommandTimeout='30']
SELECT [m].[MovieID], [m].[Actors], [m].[Description], [m].[Director], [m].[Duration], [m].[Genre], [m].[MovieCode], [m].[Poster], [m].[ReleaseDate], [m].[Status], [m].[Title], [m].[Trailer]
FROM [Movies] AS [m]
WHERE [m].[Status] = N'Sap chieu' AND [m].[ReleaseDate] <= @__today_0
2026-05-25 17:30:10.221 +07:00 [INF] Executed DbCommand (4ms) [Parameters=[], CommandType='"Text"', CommandTimeout='30']
SELECT [o].[OrderID], [o].[CheckInTime], [o].[FinalAmount], [o].[HoldExpiryTime], [o].[OrderCode], [o].[PayOSTransID], [o].[PromoID], [o].[QrCode], [o].[ShowtimeID], [o].[Status], [o].[TotalAmount], [o].[UserID]
FROM [Orders] AS [o]
WHERE [o].[Status] = N'Chờ thanh toán' AND [o].[HoldExpiryTime] <= GETDATE()
2026-05-25 17:30:10.228 +07:00 [INF] Executed DbCommand (5ms) [Parameters=[@__maxSellingDate_0='?' (DbType = DateTime2), @__now_1='?' (DbType = DateTime2)], CommandType='"Text"', CommandTimeout='30']
SELECT [s].[ShowtimeID], [s].[EndTime], [s].[MovieID], [s].[RoomID], [s].[ShowtimeCode], [s].[StartTime], [s].[Status]
FROM [Showtimes] AS [s]
WHERE [s].[Status] IN (N'Đã lên lịch', N'Sap chieu') AND CONVERT(date, [s].[StartTime]) <= @__maxSellingDate_0 AND [s].[StartTime] > @__now_1
2026-05-25 17:30:10.232 +07:00 [INF] Executed DbCommand (3ms) [Parameters=[@__now_0='?' (DbType = DateTime2)], CommandType='"Text"', CommandTimeout='30']
SELECT [s].[ShowtimeID], [s].[EndTime], [s].[MovieID], [s].[RoomID], [s].[ShowtimeCode], [s].[StartTime], [s].[Status]
FROM [Showtimes] AS [s]
WHERE [s].[Status] IN (N'Đã lên lịch', N'Đang mở bán', N'Sap chieu') AND [s].[StartTime] <= @__now_0 AND [s].[EndTime] > @__now_0
2026-05-25 17:30:10.235 +07:00 [INF] Executed DbCommand (3ms) [Parameters=[@__now_0='?' (DbType = DateTime2)], CommandType='"Text"', CommandTimeout='30']
SELECT [s].[ShowtimeID], [s].[EndTime], [s].[MovieID], [s].[RoomID], [s].[ShowtimeCode], [s].[StartTime], [s].[Status]
FROM [Showtimes] AS [s]
WHERE [s].[Status] IN (N'Đã lên lịch', N'Đang mở bán', N'Đang chiếu', N'Sap chieu', N'Dang dien ra') AND [s].[EndTime] <= @__now_0
2026-05-25 17:30:10.241 +07:00 [INF] Executed DbCommand (4ms) [Parameters=[@__today_0='?' (DbType = Date)], CommandType='"Text"', CommandTimeout='30']
SELECT [m].[MovieID], [m].[Actors], [m].[Description], [m].[Director], [m].[Duration], [m].[Genre], [m].[MovieCode], [m].[Poster], [m].[ReleaseDate], [m].[Status], [m].[Title], [m].[Trailer]
FROM [Movies] AS [m]
WHERE [m].[Status] = N'Sap chieu' AND [m].[ReleaseDate] <= @__today_0
